Using labeled GT subset for supervised loss: 1429/5716 (25%); keeping full images/text for EPI+LV on unlabeled samples.
LViT
transformer head num: 4
transformer layers num: 4
transformer expand ratio: 4

========= Epoch [1/81] =========
QaTa_Covid19_LViT_25pct_labels
Training with batch size : 16
[SemiSup] subset_ratio=0.2500 labeled_name_count=1429
   [Train] Epoch: [1][20/358]  Loss:0.660 (Avg 0.6437) IoU:0.262 (Avg 0.1891) Dice:0.3777 (Avg 0.2928) LR 1.00e-03   (AvgTime 1.2)   
   [Train] sup_loss:0.607018 lv_loss:0.262571 epi_loss:0.000000 total_loss:0.659532 pseudo_update_count:468265
   [Train] Epoch: [1][40/358]  Loss:0.649 (Avg 0.6233) IoU:0.186 (Avg 0.2246) Dice:0.2920 (Avg 0.3363) LR 1.00e-03   (AvgTime 1.1)   
   [Train] sup_loss:0.603183 lv_loss:0.228306 epi_loss:0.000000 total_loss:0.648844 pseudo_update_count:473664
   [Train] Epoch: [1][60/358]  Loss:0.628 (Avg 0.6050) IoU:0.277 (Avg 0.2362) Dice:0.4079 (Avg 0.3503) LR 1.00e-03   (AvgTime 1.1)   
   [Train] sup_loss:0.595581 lv_loss:0.161219 epi_loss:0.000000 total_loss:0.627825 pseudo_update_count:587092
   [Train] Epoch: [1][80/358]  Loss:0.474 (Avg 0.5851) IoU:0.292 (Avg 0.2520) Dice:0.4240 (Avg 0.3687) LR 1.00e-03   (AvgTime 1.1)   
   [Train] sup_loss:0.439652 lv_loss:0.171677 epi_loss:0.000000 total_loss:0.473987 pseudo_update_count:584424
   [Train] Epoch: [1][100/358]  Loss:0.530 (Avg 0.5635) IoU:0.313 (Avg 0.2701) Dice:0.4366 (Avg 0.3894) LR 1.00e-03   (AvgTime 1.1)   
   [Train] sup_loss:0.498423 lv_loss:0.155424 epi_loss:0.000000 total_loss:0.529508 pseudo_update_count:386522
   [Train] Epoch: [1][120/358]  Loss:0.672 (Avg 0.5484) IoU:0.247 (Avg 0.2833) Dice:0.3683 (Avg 0.4039) LR 1.00e-03   (AvgTime 1.1)   
   [Train] sup_loss:0.648465 lv_loss:0.119613 epi_loss:0.000000 total_loss:0.672387 pseudo_update_count:739492
   [Train] Epoch: [1][140/358]  Loss:0.588 (Avg 0.5423) IoU:0.319 (Avg 0.2894) Dice:0.4498 (Avg 0.4110) LR 1.00e-03   (AvgTime 1.1)   
   [Train] sup_loss:0.558903 lv_loss:0.143941 epi_loss:0.000000 total_loss:0.587691 pseudo_update_count:525721
   [Train] Epoch: [1][160/358]  Loss:0.374 (Avg 0.5354) IoU:0.455 (Avg 0.2918) Dice:0.6087 (Avg 0.4138) LR 1.00e-03   (AvgTime 1.1)   
   [Train] sup_loss:0.343849 lv_loss:0.150074 epi_loss:0.000000 total_loss:0.373864 pseudo_update_count:637888
   [Train] Epoch: [1][180/358]  Loss:0.484 (Avg 0.5306) IoU:0.349 (Avg 0.2976) Dice:0.4752 (Avg 0.4204) LR 1.00e-03   (AvgTime 1.1)   
   [Train] sup_loss:0.457593 lv_loss:0.132859 epi_loss:0.000000 total_loss:0.484165 pseudo_update_count:539189
   [Train] Epoch: [1][200/358]  Loss:0.434 (Avg 0.5243) IoU:0.347 (Avg 0.3031) Dice:0.4637 (Avg 0.4270) LR 1.00e-03   (AvgTime 1.1)   
   [Train] sup_loss:0.406927 lv_loss:0.136636 epi_loss:0.000000 total_loss:0.434254 pseudo_update_count:539581
   [Train] Epoch: [1][220/358]  Loss:0.397 (Avg 0.5210) IoU:0.382 (Avg 0.3077) Dice:0.5262 (Avg 0.4323) LR 1.00e-03   (AvgTime 1.1)   
   [Train] sup_loss:0.372721 lv_loss:0.123458 epi_loss:0.000000 total_loss:0.397413 pseudo_update_count:733657
   [Train] Epoch: [1][240/358]  Loss:0.410 (Avg 0.5153) IoU:0.410 (Avg 0.3094) Dice:0.5575 (Avg 0.4343) LR 1.00e-03   (AvgTime 1.1)   
   [Train] sup_loss:0.375613 lv_loss:0.170472 epi_loss:0.000000 total_loss:0.409708 pseudo_update_count:536600
   [Train] Epoch: [1][260/358]  Loss:0.395 (Avg 0.5124) IoU:0.304 (Avg 0.3103) Dice:0.4137 (Avg 0.4352) LR 1.00e-03   (AvgTime 1.1)   
   [Train] sup_loss:0.365469 lv_loss:0.147851 epi_loss:0.000000 total_loss:0.395039 pseudo_update_count:490153
   [Train] Epoch: [1][280/358]  Loss:0.730 (Avg 0.5070) IoU:0.329 (Avg 0.3136) Dice:0.4409 (Avg 0.4388) LR 1.00e-03   (AvgTime 1.1)   
   [Train] sup_loss:0.709782 lv_loss:0.103043 epi_loss:0.000000 total_loss:0.730390 pseudo_update_count:592205
   [Train] Epoch: [1][300/358]  Loss:0.460 (Avg 0.5037) IoU:0.456 (Avg 0.3170) Dice:0.6061 (Avg 0.4428) LR 1.00e-03   (AvgTime 1.1)   
   [Train] sup_loss:0.429871 lv_loss:0.150253 epi_loss:0.000000 total_loss:0.459921 pseudo_update_count:530144
   [Train] Epoch: [1][320/358]  Loss:0.319 (Avg 0.4995) IoU:0.504 (Avg 0.3207) Dice:0.6383 (Avg 0.4466) LR 1.00e-03   (AvgTime 1.1)   
   [Train] sup_loss:0.292694 lv_loss:0.129685 epi_loss:0.000000 total_loss:0.318631 pseudo_update_count:633552
   [Train] Epoch: [1][340/358]  Loss:0.917 (Avg 0.4994) IoU:0.321 (Avg 0.3212) Dice:0.4342 (Avg 0.4472) LR 1.00e-03   (AvgTime 1.1)   
   [Train] sup_loss:0.886785 lv_loss:0.151191 epi_loss:0.000000 total_loss:0.917024 pseudo_update_count:729917
[Train-Epoch-Metrics] epoch=1 sup_loss:0.470029 lv_loss:0.155874 epi_loss:0.000000 total_loss:0.501204 pseudo_update_count:208491507 labeled_seen:1429 unlabeled_seen:4287 Dice:0.445509 IoU:0.319965
Validation
   [Val] Epoch: [1][20/90]  Loss:0.475 (Avg 0.4798) IoU:0.341 (Avg 0.3049) Dice:0.4696 (Avg 0.4314) (AvgTime 0.5)   
   [Val] sup_loss:0.475151 lv_loss:0.000000 epi_loss:0.000000 total_loss:0.475151 pseudo_update_count:0
   [Val] Epoch: [1][40/90]  Loss:0.449 (Avg 0.4773) IoU:0.311 (Avg 0.3113) Dice:0.4533 (Avg 0.4385) (AvgTime 0.5)   
   [Val] sup_loss:0.449249 lv_loss:0.000000 epi_loss:0.000000 total_loss:0.449249 pseudo_update_count:0
   [Val] Epoch: [1][60/90]  Loss:0.437 (Avg 0.4786) IoU:0.356 (Avg 0.3097) Dice:0.4978 (Avg 0.4364) (AvgTime 0.5)   
   [Val] sup_loss:0.436720 lv_loss:0.000000 epi_loss:0.000000 total_loss:0.436720 pseudo_update_count:0
   [Val] Epoch: [1][80/90]  Loss:0.447 (Avg 0.4802) IoU:0.312 (Avg 0.3061) Dice:0.4519 (Avg 0.4317) (AvgTime 0.5)   
   [Val] sup_loss:0.447110 lv_loss:0.000000 epi_loss:0.000000 total_loss:0.447110 pseudo_update_count:0
[Val-Epoch-Metrics] epoch=1 sup_loss:0.481624 lv_loss:0.000000 epi_loss:0.000000 total_loss:0.481624 pseudo_update_count:0 labeled_seen:1429 unlabeled_seen:0 Dice:0.430548 IoU:0.305081
	 Saving best model, mean dice increased from: 0.0000 to 0.4305
	 Saving to QaTa-Covid19/LViT/QaTa_Covid19_LViT_25pct_labels/models/
	 early_stopping_count: 0/100000

========= Epoch [2/81] =========
QaTa_Covid19_LViT_25pct_labels
Training with batch size : 16
[SemiSup] subset_ratio=0.2500 labeled_name_count=1429
   [Train] Epoch: [2][20/358]  Loss:0.460 (Avg 0.5084) IoU:0.399 (Avg 0.3246) Dice:0.5236 (Avg 0.4483) LR 9.78e-04   (AvgTime 1.3)   
   [Train] sup_loss:0.433556 lv_loss:0.130772 epi_loss:0.000009 total_loss:0.459711 pseudo_update_count:681756
   [Train] Epoch: [2][40/358]  Loss:0.517 (Avg 0.4977) IoU:0.337 (Avg 0.3331) Dice:0.4636 (Avg 0.4586) LR 9.78e-04   (AvgTime 1.2)   
   [Train] sup_loss:0.488822 lv_loss:0.142937 epi_loss:0.000012 total_loss:0.517410 pseudo_update_count:388884
   [Train] Epoch: [2][60/358]  Loss:0.434 (Avg 0.4889) IoU:0.462 (Avg 0.3446) Dice:0.6038 (Avg 0.4718) LR 9.78e-04   (AvgTime 1.2)   
   [Train] sup_loss:0.411229 lv_loss:0.115179 epi_loss:0.000009 total_loss:0.434265 pseudo_update_count:439278
   [Train] Epoch: [2][80/358]  Loss:0.500 (Avg 0.4660) IoU:0.417 (Avg 0.3525) Dice:0.5404 (Avg 0.4800) LR 9.78e-04   (AvgTime 1.2)   
   [Train] sup_loss:0.476525 lv_loss:0.118534 epi_loss:0.000008 total_loss:0.500232 pseudo_update_count:441060
   [Train] Epoch: [2][100/358]  Loss:0.429 (Avg 0.4707) IoU:0.410 (Avg 0.3554) Dice:0.5476 (Avg 0.4833) LR 9.78e-04   (AvgTime 1.2)   
   [Train] sup_loss:0.398375 lv_loss:0.154444 epi_loss:0.000013 total_loss:0.429264 pseudo_update_count:533598
   [Train] Epoch: [2][120/358]  Loss:0.599 (Avg 0.4666) IoU:0.385 (Avg 0.3579) Dice:0.5164 (Avg 0.4866) LR 9.78e-04   (AvgTime 1.2)   
   [Train] sup_loss:0.575424 lv_loss:0.117990 epi_loss:0.000014 total_loss:0.599023 pseudo_update_count:638097
   [Train] Epoch: [2][140/358]  Loss:0.554 (Avg 0.4617) IoU:0.383 (Avg 0.3567) Dice:0.5091 (Avg 0.4851) LR 9.78e-04   (AvgTime 1.2)   
   [Train] sup_loss:0.531316 lv_loss:0.110919 epi_loss:0.000016 total_loss:0.553500 pseudo_update_count:537988
   [Train] Epoch: [2][160/358]  Loss:0.377 (Avg 0.4572) IoU:0.451 (Avg 0.3593) Dice:0.5832 (Avg 0.4880) LR 9.78e-04   (AvgTime 1.2)   
   [Train] sup_loss:0.353467 lv_loss:0.116875 epi_loss:0.000007 total_loss:0.376842 pseudo_update_count:489815
   [Train] Epoch: [2][180/358]  Loss:0.223 (Avg 0.4480) IoU:0.427 (Avg 0.3627) Dice:0.5659 (Avg 0.4914) LR 9.78e-04   (AvgTime 1.2)   
   [Train] sup_loss:0.200714 lv_loss:0.109932 epi_loss:0.000010 total_loss:0.222701 pseudo_update_count:690322
   [Train] Epoch: [2][200/358]  Loss:0.464 (Avg 0.4447) IoU:0.379 (Avg 0.3657) Dice:0.5127 (Avg 0.4945) LR 9.78e-04   (AvgTime 1.2)   
   [Train] sup_loss:0.443202 lv_loss:0.102901 epi_loss:0.000011 total_loss:0.463783 pseudo_update_count:443200
   [Train] Epoch: [2][220/358]  Loss:0.552 (Avg 0.4468) IoU:0.308 (Avg 0.3652) Dice:0.4375 (Avg 0.4937) LR 9.78e-04   (AvgTime 1.2)   
   [Train] sup_loss:0.532434 lv_loss:0.095353 epi_loss:0.000013 total_loss:0.551505 pseudo_update_count:640405
   [Train] Epoch: [2][240/358]  Loss:0.391 (Avg 0.4431) IoU:0.332 (Avg 0.3669) Dice:0.4561 (Avg 0.4953) LR 9.78e-04   (AvgTime 1.2)   
   [Train] sup_loss:0.365667 lv_loss:0.129093 epi_loss:0.000011 total_loss:0.391486 pseudo_update_count:633349
   [Train] Epoch: [2][260/358]  Loss:0.438 (Avg 0.4418) IoU:0.329 (Avg 0.3673) Dice:0.4429 (Avg 0.4957) LR 9.78e-04   (AvgTime 1.2)   
   [Train] sup_loss:0.413905 lv_loss:0.119252 epi_loss:0.000011 total_loss:0.437756 pseudo_update_count:535531
   [Train] Epoch: [2][280/358]  Loss:0.462 (Avg 0.4386) IoU:0.351 (Avg 0.3691) Dice:0.4839 (Avg 0.4973) LR 9.78e-04   (AvgTime 1.2)   
   [Train] sup_loss:0.438730 lv_loss:0.114803 epi_loss:0.000013 total_loss:0.461691 pseudo_update_count:634903
   [Train] Epoch: [2][300/358]  Loss:0.462 (Avg 0.4377) IoU:0.357 (Avg 0.3716) Dice:0.4903 (Avg 0.5000) LR 9.78e-04   (AvgTime 1.2)   
   [Train] sup_loss:0.439883 lv_loss:0.112534 epi_loss:0.000011 total_loss:0.462390 pseudo_update_count:583709
   [Train] Epoch: [2][320/358]  Loss:0.491 (Avg 0.4344) IoU:0.306 (Avg 0.3742) Dice:0.4123 (Avg 0.5029) LR 9.78e-04   (AvgTime 1.2)   
   [Train] sup_loss:0.471140 lv_loss:0.098363 epi_loss:0.000013 total_loss:0.490813 pseudo_update_count:590252
   [Train] Epoch: [2][340/358]  Loss:0.338 (Avg 0.4306) IoU:0.415 (Avg 0.3765) Dice:0.5561 (Avg 0.5053) LR 9.78e-04   (AvgTime 1.2)   
   [Train] sup_loss:0.319748 lv_loss:0.093081 epi_loss:0.000010 total_loss:0.338365 pseudo_update_count:541434
[Train-Epoch-Metrics] epoch=2 sup_loss:0.405535 lv_loss:0.113928 epi_loss:0.000011 total_loss:0.428321 pseudo_update_count:210196685 labeled_seen:1429 unlabeled_seen:4287 Dice:0.506639 IoU:0.377770
Validation
   [Val] Epoch: [2][20/90]  Loss:0.465 (Avg 0.4462) IoU:0.345 (Avg 0.3778) Dice:0.4562 (Avg 0.5023) (AvgTime 0.5)   
   [Val] sup_loss:0.465393 lv_loss:0.000000 epi_loss:0.000000 total_loss:0.465393 pseudo_update_count:0
   [Val] Epoch: [2][40/90]  Loss:0.422 (Avg 0.4460) IoU:0.423 (Avg 0.3778) Dice:0.5623 (Avg 0.5049) (AvgTime 0.5)   
   [Val] sup_loss:0.421667 lv_loss:0.000000 epi_loss:0.000000 total_loss:0.421667 pseudo_update_count:0
   [Val] Epoch: [2][60/90]  Loss:0.485 (Avg 0.4515) IoU:0.384 (Avg 0.3710) Dice:0.4994 (Avg 0.4989) (AvgTime 0.5)   
   [Val] sup_loss:0.484923 lv_loss:0.000000 epi_loss:0.000000 total_loss:0.484923 pseudo_update_count:0
   [Val] Epoch: [2][80/90]  Loss:0.516 (Avg 0.4503) IoU:0.318 (Avg 0.3736) Dice:0.4452 (Avg 0.5020) (AvgTime 0.5)   
   [Val] sup_loss:0.515798 lv_loss:0.000000 epi_loss:0.000000 total_loss:0.515798 pseudo_update_count:0
[Val-Epoch-Metrics] epoch=2 sup_loss:0.449464 lv_loss:0.000000 epi_loss:0.000000 total_loss:0.449464 pseudo_update_count:0 labeled_seen:1429 unlabeled_seen:0 Dice:0.502145 IoU:0.373699
	 Saving best model, mean dice increased from: 0.4305 to 0.5021
	 Saving to QaTa-Covid19/LViT/QaTa_Covid19_LViT_25pct_labels/models/
	 early_stopping_count: 0/100000

========= Epoch [3/81] =========
QaTa_Covid19_LViT_25pct_labels
Training with batch size : 16
[SemiSup] subset_ratio=0.2500 labeled_name_count=1429
   [Train] Epoch: [3][20/358]  Loss:0.337 (Avg 0.4243) IoU:0.448 (Avg 0.4049) Dice:0.5822 (Avg 0.5397) LR 9.14e-04   (AvgTime 1.2)   
   [Train] sup_loss:0.315502 lv_loss:0.107712 epi_loss:0.000010 total_loss:0.337045 pseudo_update_count:539037
   [Train] Epoch: [3][40/358]  Loss:0.453 (Avg 0.4028) IoU:0.304 (Avg 0.4035) Dice:0.4243 (Avg 0.5351) LR 9.14e-04   (AvgTime 1.2)   
   [Train] sup_loss:0.432238 lv_loss:0.103784 epi_loss:0.000013 total_loss:0.452996 pseudo_update_count:639722
   [Train] Epoch: [3][60/358]  Loss:0.568 (Avg 0.4160) IoU:0.358 (Avg 0.3914) Dice:0.4840 (Avg 0.5242) LR 9.14e-04   (AvgTime 1.2)   
   [Train] sup_loss:0.547851 lv_loss:0.102977 epi_loss:0.000010 total_loss:0.568447 pseudo_update_count:541806
   [Train] Epoch: [3][80/358]  Loss:0.344 (Avg 0.4271) IoU:0.402 (Avg 0.3891) Dice:0.5519 (Avg 0.5237) LR 9.14e-04   (AvgTime 1.2)   
   [Train] sup_loss:0.318035 lv_loss:0.127470 epi_loss:0.000012 total_loss:0.343529 pseudo_update_count:636384
   [Train] Epoch: [3][100/358]  Loss:0.495 (Avg 0.4283) IoU:0.347 (Avg 0.3899) Dice:0.4769 (Avg 0.5230) LR 9.14e-04   (AvgTime 1.2)   
   [Train] sup_loss:0.472773 lv_loss:0.111752 epi_loss:0.000008 total_loss:0.495124 pseudo_update_count:492841
   [Train] Epoch: [3][120/358]  Loss:0.437 (Avg 0.4273) IoU:0.317 (Avg 0.3896) Dice:0.4461 (Avg 0.5220) LR 9.14e-04   (AvgTime 1.2)   
   [Train] sup_loss:0.415398 lv_loss:0.109242 epi_loss:0.000010 total_loss:0.437247 pseudo_update_count:689966
   [Train] Epoch: [3][140/358]  Loss:0.394 (Avg 0.4189) IoU:0.396 (Avg 0.3918) Dice:0.5413 (Avg 0.5242) LR 9.14e-04   (AvgTime 1.2)   
   [Train] sup_loss:0.375891 lv_loss:0.091413 epi_loss:0.000008 total_loss:0.394174 pseudo_update_count:543827
   [Train] Epoch: [3][160/358]  Loss:0.326 (Avg 0.4173) IoU:0.395 (Avg 0.3936) Dice:0.5256 (Avg 0.5264) LR 9.14e-04   (AvgTime 1.2)   
   [Train] sup_loss:0.306077 lv_loss:0.099370 epi_loss:0.000010 total_loss:0.325952 pseudo_update_count:690506
   [Train] Epoch: [3][180/358]  Loss:0.445 (Avg 0.4106) IoU:0.372 (Avg 0.3929) Dice:0.4847 (Avg 0.5253) LR 9.14e-04   (AvgTime 1.2)   
   [Train] sup_loss:0.427138 lv_loss:0.090061 epi_loss:0.000011 total_loss:0.445151 pseudo_update_count:592129
   [Train] Epoch: [3][200/358]  Loss:0.246 (Avg 0.4020) IoU:0.328 (Avg 0.3966) Dice:0.4458 (Avg 0.5290) LR 9.14e-04   (AvgTime 1.2)   
   [Train] sup_loss:0.230472 lv_loss:0.078888 epi_loss:0.000009 total_loss:0.246250 pseudo_update_count:742342
   [Train] Epoch: [3][220/358]  Loss:0.398 (Avg 0.4076) IoU:0.390 (Avg 0.3972) Dice:0.5341 (Avg 0.5296) LR 9.14e-04   (AvgTime 1.2)   
   [Train] sup_loss:0.372488 lv_loss:0.125095 epi_loss:0.000013 total_loss:0.397507 pseudo_update_count:686140
   [Train] Epoch: [3][240/358]  Loss:0.370 (Avg 0.4076) IoU:0.472 (Avg 0.3994) Dice:0.6118 (Avg 0.5317) LR 9.14e-04   (AvgTime 1.2)   
   [Train] sup_loss:0.346961 lv_loss:0.115434 epi_loss:0.000010 total_loss:0.370048 pseudo_update_count:538991
   [Train] Epoch: [3][260/358]  Loss:0.451 (Avg 0.4064) IoU:0.366 (Avg 0.4010) Dice:0.5046 (Avg 0.5336) LR 9.14e-04   (AvgTime 1.2)   
   [Train] sup_loss:0.428039 lv_loss:0.116496 epi_loss:0.000012 total_loss:0.451339 pseudo_update_count:488755
   [Train] Epoch: [3][280/358]  Loss:0.422 (Avg 0.4086) IoU:0.422 (Avg 0.3992) Dice:0.5611 (Avg 0.5318) LR 9.14e-04   (AvgTime 1.2)   
   [Train] sup_loss:0.397261 lv_loss:0.125849 epi_loss:0.000009 total_loss:0.422431 pseudo_update_count:585552
   [Train] Epoch: [3][300/358]  Loss:0.411 (Avg 0.4075) IoU:0.351 (Avg 0.4008) Dice:0.4890 (Avg 0.5333) LR 9.14e-04   (AvgTime 1.2)   
   [Train] sup_loss:0.391101 lv_loss:0.100311 epi_loss:0.000014 total_loss:0.411163 pseudo_update_count:491758
   [Train] Epoch: [3][320/358]  Loss:0.385 (Avg 0.4075) IoU:0.406 (Avg 0.4010) Dice:0.5447 (Avg 0.5334) LR 9.14e-04   (AvgTime 1.2)   
   [Train] sup_loss:0.366820 lv_loss:0.090618 epi_loss:0.000012 total_loss:0.384944 pseudo_update_count:493650
   [Train] Epoch: [3][340/358]  Loss:0.410 (Avg 0.4067) IoU:0.452 (Avg 0.4011) Dice:0.5925 (Avg 0.5336) LR 9.14e-04   (AvgTime 1.2)   
   [Train] sup_loss:0.388507 lv_loss:0.105947 epi_loss:0.000011 total_loss:0.409697 pseudo_update_count:492255
[Train-Epoch-Metrics] epoch=3 sup_loss:0.384901 lv_loss:0.105592 epi_loss:0.000010 total_loss:0.406020 pseudo_update_count:210689540 labeled_seen:1429 unlabeled_seen:4287 Dice:0.533069 IoU:0.400793
Validation
   [Val] Epoch: [3][20/90]  Loss:0.431 (Avg 0.4135) IoU:0.297 (Avg 0.3386) Dice:0.4143 (Avg 0.4679) (AvgTime 0.5)   
   [Val] sup_loss:0.430579 lv_loss:0.000000 epi_loss:0.000000 total_loss:0.430579 pseudo_update_count:0
   [Val] Epoch: [3][40/90]  Loss:0.440 (Avg 0.4084) IoU:0.330 (Avg 0.3460) Dice:0.4692 (Avg 0.4746) (AvgTime 0.5)   
   [Val] sup_loss:0.439962 lv_loss:0.000000 epi_loss:0.000000 total_loss:0.439962 pseudo_update_count:0
   [Val] Epoch: [3][60/90]  Loss:0.470 (Avg 0.4055) IoU:0.241 (Avg 0.3488) Dice:0.3671 (Avg 0.4784) (AvgTime 0.5)   
   [Val] sup_loss:0.470113 lv_loss:0.000000 epi_loss:0.000000 total_loss:0.470113 pseudo_update_count:0
   [Val] Epoch: [3][80/90]  Loss:0.418 (Avg 0.4099) IoU:0.285 (Avg 0.3411) Dice:0.4113 (Avg 0.4699) (AvgTime 0.5)   
   [Val] sup_loss:0.418306 lv_loss:0.000000 epi_loss:0.000000 total_loss:0.418306 pseudo_update_count:0
[Val-Epoch-Metrics] epoch=3 sup_loss:0.410837 lv_loss:0.000000 epi_loss:0.000000 total_loss:0.410837 pseudo_update_count:0 labeled_seen:1429 unlabeled_seen:0 Dice:0.468409 IoU:0.339526
	 Mean dice:0.4684 does not increase, the best is still: 0.5021 in epoch 2
	 early_stopping_count: 1/100000

========= Epoch [4/81] =========
QaTa_Covid19_LViT_25pct_labels
Training with batch size : 16
[SemiSup] subset_ratio=0.2500 labeled_name_count=1429
   [Train] Epoch: [4][20/358]  Loss:0.020 (Avg 0.3316) IoU:0.335 (Avg 0.4061) Dice:0.4785 (Avg 0.5368) LR 8.15e-04   (AvgTime 1.2)   
   [Train] sup_loss:0.000000 lv_loss:0.101255 epi_loss:0.000011 total_loss:0.020252 pseudo_update_count:787041
   [Train] Epoch: [4][40/358]  Loss:0.019 (Avg 0.3545) IoU:0.356 (Avg 0.4012) Dice:0.4818 (Avg 0.5326) LR 8.15e-04   (AvgTime 1.2)   
   [Train] sup_loss:0.000000 lv_loss:0.097351 epi_loss:0.000012 total_loss:0.019471 pseudo_update_count:789630
   [Train] Epoch: [4][60/358]  Loss:0.367 (Avg 0.3793) IoU:0.439 (Avg 0.4076) Dice:0.5666 (Avg 0.5399) LR 8.15e-04   (AvgTime 1.2)   
   [Train] sup_loss:0.345268 lv_loss:0.108770 epi_loss:0.000008 total_loss:0.367022 pseudo_update_count:442222
   [Train] Epoch: [4][80/358]  Loss:0.337 (Avg 0.3933) IoU:0.485 (Avg 0.3980) Dice:0.6184 (Avg 0.5288) LR 8.15e-04   (AvgTime 1.2)   
   [Train] sup_loss:0.316387 lv_loss:0.103512 epi_loss:0.000012 total_loss:0.337090 pseudo_update_count:640583
   [Train] Epoch: [4][100/358]  Loss:0.716 (Avg 0.3872) IoU:0.306 (Avg 0.3988) Dice:0.4307 (Avg 0.5299) LR 8.15e-04   (AvgTime 1.2)   
   [Train] sup_loss:0.694681 lv_loss:0.104806 epi_loss:0.000010 total_loss:0.715643 pseudo_update_count:688203
   [Train] Epoch: [4][120/358]  Loss:0.426 (Avg 0.3893) IoU:0.396 (Avg 0.3970) Dice:0.5421 (Avg 0.5294) LR 8.15e-04   (AvgTime 1.2)   
   [Train] sup_loss:0.401531 lv_loss:0.122709 epi_loss:0.000012 total_loss:0.426074 pseudo_update_count:538229
   [Train] Epoch: [4][140/358]  Loss:0.381 (Avg 0.3879) IoU:0.335 (Avg 0.3956) Dice:0.4641 (Avg 0.5277) LR 8.15e-04   (AvgTime 1.2)   
   [Train] sup_loss:0.363729 lv_loss:0.087717 epi_loss:0.000010 total_loss:0.381273 pseudo_update_count:445242
   [Train] Epoch: [4][160/358]  Loss:0.409 (Avg 0.3895) IoU:0.419 (Avg 0.3950) Dice:0.5468 (Avg 0.5271) LR 8.15e-04   (AvgTime 1.2)   
   [Train] sup_loss:0.390208 lv_loss:0.094238 epi_loss:0.000013 total_loss:0.409056 pseudo_update_count:443795
   [Train] Epoch: [4][180/358]  Loss:0.471 (Avg 0.3878) IoU:0.431 (Avg 0.3981) Dice:0.5639 (Avg 0.5302) LR 8.15e-04   (AvgTime 1.2)   
   [Train] sup_loss:0.449984 lv_loss:0.107207 epi_loss:0.000013 total_loss:0.471426 pseudo_update_count:637473
   [Train] Epoch: [4][200/358]  Loss:0.275 (Avg 0.3838) IoU:0.552 (Avg 0.4023) Dice:0.6804 (Avg 0.5349) LR 8.15e-04   (AvgTime 1.2)   
   [Train] sup_loss:0.255160 lv_loss:0.098606 epi_loss:0.000012 total_loss:0.274882 pseudo_update_count:493332
   [Train] Epoch: [4][220/358]  Loss:0.366 (Avg 0.3809) IoU:0.442 (Avg 0.4056) Dice:0.5840 (Avg 0.5384) LR 8.15e-04   (AvgTime 1.2)   
   [Train] sup_loss:0.349184 lv_loss:0.081895 epi_loss:0.000009 total_loss:0.365563 pseudo_update_count:493678
   [Train] Epoch: [4][240/358]  Loss:0.444 (Avg 0.3780) IoU:0.468 (Avg 0.4055) Dice:0.5920 (Avg 0.5384) LR 8.15e-04   (AvgTime 1.2)   
   [Train] sup_loss:0.425528 lv_loss:0.093310 epi_loss:0.000011 total_loss:0.444191 pseudo_update_count:592320
   [Train] Epoch: [4][260/358]  Loss:0.295 (Avg 0.3781) IoU:0.448 (Avg 0.4088) Dice:0.5824 (Avg 0.5417) LR 8.15e-04   (AvgTime 1.2)   
   [Train] sup_loss:0.276952 lv_loss:0.091117 epi_loss:0.000013 total_loss:0.295176 pseudo_update_count:689523
   [Train] Epoch: [4][280/358]  Loss:0.421 (Avg 0.3770) IoU:0.442 (Avg 0.4106) Dice:0.5863 (Avg 0.5436) LR 8.15e-04   (AvgTime 1.2)   
   [Train] sup_loss:0.404578 lv_loss:0.081977 epi_loss:0.000006 total_loss:0.420974 pseudo_update_count:692204
   [Train] Epoch: [4][300/358]  Loss:0.313 (Avg 0.3766) IoU:0.531 (Avg 0.4126) Dice:0.6825 (Avg 0.5457) LR 8.15e-04   (AvgTime 1.2)   
   [Train] sup_loss:0.296824 lv_loss:0.080096 epi_loss:0.000011 total_loss:0.312844 pseudo_update_count:592735
   [Train] Epoch: [4][320/358]  Loss:0.410 (Avg 0.3768) IoU:0.427 (Avg 0.4138) Dice:0.5584 (Avg 0.5470) LR 8.15e-04   (AvgTime 1.2)   
   [Train] sup_loss:0.393866 lv_loss:0.079552 epi_loss:0.000009 total_loss:0.409777 pseudo_update_count:542612
   [Train] Epoch: [4][340/358]  Loss:0.638 (Avg 0.3767) IoU:0.502 (Avg 0.4155) Dice:0.6210 (Avg 0.5487) LR 8.15e-04   (AvgTime 1.2)   
   [Train] sup_loss:0.620669 lv_loss:0.087602 epi_loss:0.000013 total_loss:0.638190 pseudo_update_count:691584
[Train-Epoch-Metrics] epoch=4 sup_loss:0.357303 lv_loss:0.097402 epi_loss:0.000011 total_loss:0.376784 pseudo_update_count:211257277 labeled_seen:1429 unlabeled_seen:4287 Dice:0.549444 IoU:0.416207
Validation
   [Val] Epoch: [4][20/90]  Loss:0.573 (Avg 0.5246) IoU:0.301 (Avg 0.3122) Dice:0.4381 (Avg 0.4264) (AvgTime 0.5)   
   [Val] sup_loss:0.573303 lv_loss:0.000000 epi_loss:0.000000 total_loss:0.573303 pseudo_update_count:0
   [Val] Epoch: [4][40/90]  Loss:0.615 (Avg 0.5135) IoU:0.252 (Avg 0.3236) Dice:0.3448 (Avg 0.4396) (AvgTime 0.5)   
   [Val] sup_loss:0.614812 lv_loss:0.000000 epi_loss:0.000000 total_loss:0.614812 pseudo_update_count:0
   [Val] Epoch: [4][60/90]  Loss:0.419 (Avg 0.5097) IoU:0.414 (Avg 0.3255) Dice:0.5465 (Avg 0.4422) (AvgTime 0.5)   
   [Val] sup_loss:0.419021 lv_loss:0.000000 epi_loss:0.000000 total_loss:0.419021 pseudo_update_count:0
   [Val] Epoch: [4][80/90]  Loss:0.475 (Avg 0.5123) IoU:0.300 (Avg 0.3213) Dice:0.4351 (Avg 0.4379) (AvgTime 0.5)   
   [Val] sup_loss:0.475061 lv_loss:0.000000 epi_loss:0.000000 total_loss:0.475061 pseudo_update_count:0
[Val-Epoch-Metrics] epoch=4 sup_loss:0.510888 lv_loss:0.000000 epi_loss:0.000000 total_loss:0.510888 pseudo_update_count:0 labeled_seen:1429 unlabeled_seen:0 Dice:0.436691 IoU:0.320402
	 Mean dice:0.4367 does not increase, the best is still: 0.5021 in epoch 2
	 early_stopping_count: 2/100000

========= Epoch [5/81] =========
QaTa_Covid19_LViT_25pct_labels
Training with batch size : 16
[SemiSup] subset_ratio=0.2500 labeled_name_count=1429
   [Train] Epoch: [5][20/358]  Loss:0.356 (Avg 0.3376) IoU:0.358 (Avg 0.4174) Dice:0.4867 (Avg 0.5522) LR 6.89e-04   (AvgTime 1.2)   
   [Train] sup_loss:0.334238 lv_loss:0.110514 epi_loss:0.000012 total_loss:0.356342 pseudo_update_count:687620
   [Train] Epoch: [5][40/358]  Loss:0.235 (Avg 0.3509) IoU:0.515 (Avg 0.4257) Dice:0.6646 (Avg 0.5605) LR 6.89e-04   (AvgTime 1.2)   
   [Train] sup_loss:0.217535 lv_loss:0.087470 epi_loss:0.000010 total_loss:0.235029 pseudo_update_count:742043
   [Train] Epoch: [5][60/358]  Loss:0.316 (Avg 0.3409) IoU:0.446 (Avg 0.4375) Dice:0.5864 (Avg 0.5732) LR 6.89e-04   (AvgTime 1.2)   
   [Train] sup_loss:0.299420 lv_loss:0.081690 epi_loss:0.000009 total_loss:0.315759 pseudo_update_count:543618
   [Train] Epoch: [5][80/358]  Loss:0.441 (Avg 0.3511) IoU:0.386 (Avg 0.4335) Dice:0.5192 (Avg 0.5677) LR 6.89e-04   (AvgTime 1.2)   
   [Train] sup_loss:0.425476 lv_loss:0.077799 epi_loss:0.000008 total_loss:0.441036 pseudo_update_count:643466
   [Train] Epoch: [5][100/358]  Loss:0.306 (Avg 0.3514) IoU:0.532 (Avg 0.4349) Dice:0.6640 (Avg 0.5682) LR 6.89e-04   (AvgTime 1.2)   
   [Train] sup_loss:0.288929 lv_loss:0.085191 epi_loss:0.000015 total_loss:0.305968 pseudo_update_count:495001
   [Train] Epoch: [5][120/358]  Loss:0.435 (Avg 0.3454) IoU:0.428 (Avg 0.4365) Dice:0.5685 (Avg 0.5703) LR 6.89e-04   (AvgTime 1.2)   
   [Train] sup_loss:0.419785 lv_loss:0.076733 epi_loss:0.000009 total_loss:0.435132 pseudo_update_count:693068
   [Train] Epoch: [5][140/358]  Loss:0.513 (Avg 0.3427) IoU:0.515 (Avg 0.4412) Dice:0.6472 (Avg 0.5742) LR 6.89e-04   (AvgTime 1.2)   
   [Train] sup_loss:0.497306 lv_loss:0.077920 epi_loss:0.000007 total_loss:0.512891 pseudo_update_count:544251
   [Train] Epoch: [5][160/358]  Loss:0.290 (Avg 0.3418) IoU:0.439 (Avg 0.4391) Dice:0.5679 (Avg 0.5723) LR 6.89e-04   (AvgTime 1.2)   
   [Train] sup_loss:0.273360 lv_loss:0.084677 epi_loss:0.000008 total_loss:0.290296 pseudo_update_count:594663
   [Train] Epoch: [5][180/358]  Loss:0.368 (Avg 0.3422) IoU:0.449 (Avg 0.4409) Dice:0.5790 (Avg 0.5739) LR 6.89e-04   (AvgTime 1.2)   
   [Train] sup_loss:0.352466 lv_loss:0.077286 epi_loss:0.000009 total_loss:0.367923 pseudo_update_count:644513
   [Train] Epoch: [5][200/358]  Loss:0.298 (Avg 0.3455) IoU:0.485 (Avg 0.4414) Dice:0.6115 (Avg 0.5742) LR 6.89e-04   (AvgTime 1.2)   
   [Train] sup_loss:0.280096 lv_loss:0.089510 epi_loss:0.000011 total_loss:0.297999 pseudo_update_count:691959
   [Train] Epoch: [5][220/358]  Loss:0.395 (Avg 0.3428) IoU:0.505 (Avg 0.4425) Dice:0.6460 (Avg 0.5754) LR 6.89e-04   (AvgTime 1.2)   
   [Train] sup_loss:0.378118 lv_loss:0.083486 epi_loss:0.000009 total_loss:0.394816 pseudo_update_count:691204
   [Train] Epoch: [5][240/358]  Loss:0.304 (Avg 0.3421) IoU:0.455 (Avg 0.4441) Dice:0.6003 (Avg 0.5769) LR 6.89e-04   (AvgTime 1.2)   
   [Train] sup_loss:0.289025 lv_loss:0.072758 epi_loss:0.000010 total_loss:0.303577 pseudo_update_count:643612
   [Train] Epoch: [5][260/358]  Loss:0.298 (Avg 0.3408) IoU:0.494 (Avg 0.4452) Dice:0.6229 (Avg 0.5786) LR 6.89e-04   (AvgTime 1.2)   
   [Train] sup_loss:0.281836 lv_loss:0.081278 epi_loss:0.000012 total_loss:0.298092 pseudo_update_count:693299
   [Train] Epoch: [5][280/358]  Loss:0.408 (Avg 0.3406) IoU:0.588 (Avg 0.4480) Dice:0.7184 (Avg 0.5809) LR 6.89e-04   (AvgTime 1.2)   
   [Train] sup_loss:0.392221 lv_loss:0.078783 epi_loss:0.000012 total_loss:0.407978 pseudo_update_count:495011
   [Train] Epoch: [5][300/358]  Loss:0.302 (Avg 0.3409) IoU:0.472 (Avg 0.4490) Dice:0.6175 (Avg 0.5820) LR 6.89e-04   (AvgTime 1.2)   
   [Train] sup_loss:0.285593 lv_loss:0.082484 epi_loss:0.000011 total_loss:0.302090 pseudo_update_count:692351
   [Train] Epoch: [5][320/358]  Loss:0.294 (Avg 0.3441) IoU:0.447 (Avg 0.4485) Dice:0.5796 (Avg 0.5816) LR 6.89e-04   (AvgTime 1.2)   
   [Train] sup_loss:0.273608 lv_loss:0.100587 epi_loss:0.000013 total_loss:0.293726 pseudo_update_count:643787
   [Train] Epoch: [5][340/358]  Loss:0.323 (Avg 0.3442) IoU:0.435 (Avg 0.4488) Dice:0.5764 (Avg 0.5821) LR 6.89e-04   (AvgTime 1.2)   
   [Train] sup_loss:0.300187 lv_loss:0.115937 epi_loss:0.000013 total_loss:0.323375 pseudo_update_count:343626
[Train-Epoch-Metrics] epoch=5 sup_loss:0.326873 lv_loss:0.084979 epi_loss:0.000011 total_loss:0.343869 pseudo_update_count:211957162 labeled_seen:1429 unlabeled_seen:4287 Dice:0.582680 IoU:0.449378
Validation
   [Val] Epoch: [5][20/90]  Loss:0.530 (Avg 0.4997) IoU:0.285 (Avg 0.3339) Dice:0.4089 (Avg 0.4630) (AvgTime 0.5)   
   [Val] sup_loss:0.530436 lv_loss:0.000000 epi_loss:0.000000 total_loss:0.530436 pseudo_update_count:0
   [Val] Epoch: [5][40/90]  Loss:0.539 (Avg 0.4928) IoU:0.294 (Avg 0.3386) Dice:0.4147 (Avg 0.4658) (AvgTime 0.5)   
   [Val] sup_loss:0.538666 lv_loss:0.000000 epi_loss:0.000000 total_loss:0.538666 pseudo_update_count:0
   [Val] Epoch: [5][60/90]  Loss:0.537 (Avg 0.4967) IoU:0.245 (Avg 0.3323) Dice:0.3589 (Avg 0.4582) (AvgTime 0.5)   
   [Val] sup_loss:0.536525 lv_loss:0.000000 epi_loss:0.000000 total_loss:0.536525 pseudo_update_count:0
   [Val] Epoch: [5][80/90]  Loss:0.498 (Avg 0.4949) IoU:0.299 (Avg 0.3329) Dice:0.4146 (Avg 0.4584) (AvgTime 0.5)   
   [Val] sup_loss:0.497574 lv_loss:0.000000 epi_loss:0.000000 total_loss:0.497574 pseudo_update_count:0
[Val-Epoch-Metrics] epoch=5 sup_loss:0.495845 lv_loss:0.000000 epi_loss:0.000000 total_loss:0.495845 pseudo_update_count:0 labeled_seen:1429 unlabeled_seen:0 Dice:0.456565 IoU:0.331591
	 Mean dice:0.4566 does not increase, the best is still: 0.5021 in epoch 2
	 early_stopping_count: 3/100000

========= Epoch [6/81] =========
QaTa_Covid19_LViT_25pct_labels
Training with batch size : 16
[SemiSup] subset_ratio=0.2500 labeled_name_count=1429
   [Train] Epoch: [6][20/358]  Loss:0.414 (Avg 0.3208) IoU:0.389 (Avg 0.4660) Dice:0.5094 (Avg 0.5999) LR 5.50e-04   (AvgTime 1.2)   
   [Train] sup_loss:0.398041 lv_loss:0.077870 epi_loss:0.000012 total_loss:0.413616 pseudo_update_count:644256
   [Train] Epoch: [6][40/358]  Loss:0.385 (Avg 0.3358) IoU:0.371 (Avg 0.4599) Dice:0.4853 (Avg 0.5914) LR 5.50e-04   (AvgTime 1.2)   
   [Train] sup_loss:0.368844 lv_loss:0.081188 epi_loss:0.000009 total_loss:0.385082 pseudo_update_count:395576
   [Train] Epoch: [6][60/358]  Loss:0.362 (Avg 0.3278) IoU:0.443 (Avg 0.4653) Dice:0.5826 (Avg 0.5983) LR 5.50e-04   (AvgTime 1.2)   
   [Train] sup_loss:0.348680 lv_loss:0.068453 epi_loss:0.000011 total_loss:0.362371 pseudo_update_count:595891
   [Train] Epoch: [6][80/358]  Loss:0.493 (Avg 0.3273) IoU:0.406 (Avg 0.4695) Dice:0.5269 (Avg 0.6028) LR 5.50e-04   (AvgTime 1.2)   
   [Train] sup_loss:0.477116 lv_loss:0.078572 epi_loss:0.000008 total_loss:0.492830 pseudo_update_count:694124
   [Train] Epoch: [6][100/358]  Loss:0.278 (Avg 0.3257) IoU:0.515 (Avg 0.4683) Dice:0.6674 (Avg 0.6020) LR 5.50e-04   (AvgTime 1.2)   
   [Train] sup_loss:0.262529 lv_loss:0.077944 epi_loss:0.000017 total_loss:0.278119 pseudo_update_count:543789
   [Train] Epoch: [6][120/358]  Loss:0.289 (Avg 0.3245) IoU:0.433 (Avg 0.4660) Dice:0.5641 (Avg 0.5994) LR 5.50e-04   (AvgTime 1.2)   
   [Train] sup_loss:0.273205 lv_loss:0.076693 epi_loss:0.000013 total_loss:0.288544 pseudo_update_count:593964
   [Train] Epoch: [6][140/358]  Loss:0.326 (Avg 0.3273) IoU:0.489 (Avg 0.4668) Dice:0.6234 (Avg 0.6001) LR 5.50e-04   (AvgTime 1.2)   
   [Train] sup_loss:0.310607 lv_loss:0.077883 epi_loss:0.000011 total_loss:0.326184 pseudo_update_count:594494
   [Train] Epoch: [6][160/358]  Loss:0.369 (Avg 0.3234) IoU:0.480 (Avg 0.4672) Dice:0.6033 (Avg 0.6005) LR 5.50e-04   (AvgTime 1.2)   
   [Train] sup_loss:0.355513 lv_loss:0.068503 epi_loss:0.000012 total_loss:0.369214 pseudo_update_count:693730
   [Train] Epoch: [6][180/358]  Loss:0.259 (Avg 0.3225) IoU:0.454 (Avg 0.4668) Dice:0.5814 (Avg 0.6001) LR 5.50e-04   (AvgTime 1.2)   
   [Train] sup_loss:0.245997 lv_loss:0.063981 epi_loss:0.000008 total_loss:0.258793 pseudo_update_count:596182
   [Train] Epoch: [6][200/358]  Loss:0.271 (Avg 0.3183) IoU:0.535 (Avg 0.4686) Dice:0.6743 (Avg 0.6017) LR 5.50e-04   (AvgTime 1.2)   
   [Train] sup_loss:0.254890 lv_loss:0.082957 epi_loss:0.000010 total_loss:0.271482 pseudo_update_count:592590
   [Train] Epoch: [6][220/358]  Loss:0.244 (Avg 0.3157) IoU:0.420 (Avg 0.4690) Dice:0.5381 (Avg 0.6020) LR 5.50e-04   (AvgTime 1.2)   
   [Train] sup_loss:0.228784 lv_loss:0.077796 epi_loss:0.000008 total_loss:0.244344 pseudo_update_count:742966
   [Train] Epoch: [6][240/358]  Loss:0.334 (Avg 0.3131) IoU:0.504 (Avg 0.4707) Dice:0.6262 (Avg 0.6034) LR 5.50e-04   (AvgTime 1.2)   
   [Train] sup_loss:0.320469 lv_loss:0.065385 epi_loss:0.000011 total_loss:0.333547 pseudo_update_count:545642
   [Train] Epoch: [6][260/358]  Loss:0.425 (Avg 0.3149) IoU:0.406 (Avg 0.4695) Dice:0.5539 (Avg 0.6023) LR 5.50e-04   (AvgTime 1.2)   
   [Train] sup_loss:0.409699 lv_loss:0.075451 epi_loss:0.000014 total_loss:0.424790 pseudo_update_count:643049
   [Train] Epoch: [6][280/358]  Loss:0.346 (Avg 0.3159) IoU:0.521 (Avg 0.4697) Dice:0.6429 (Avg 0.6027) LR 5.50e-04   (AvgTime 1.2)   
   [Train] sup_loss:0.331475 lv_loss:0.074123 epi_loss:0.000011 total_loss:0.346301 pseudo_update_count:494034
   [Train] Epoch: [6][300/358]  Loss:0.280 (Avg 0.3153) IoU:0.488 (Avg 0.4689) Dice:0.6373 (Avg 0.6019) LR 5.50e-04   (AvgTime 1.2)   
   [Train] sup_loss:0.264221 lv_loss:0.078955 epi_loss:0.000012 total_loss:0.280013 pseudo_update_count:642970
   [Train] Epoch: [6][320/358]  Loss:0.354 (Avg 0.3155) IoU:0.500 (Avg 0.4693) Dice:0.6394 (Avg 0.6025) LR 5.50e-04   (AvgTime 1.2)   
   [Train] sup_loss:0.338428 lv_loss:0.079369 epi_loss:0.000016 total_loss:0.354302 pseudo_update_count:545624
   [Train] Epoch: [6][340/358]  Loss:0.299 (Avg 0.3153) IoU:0.459 (Avg 0.4695) Dice:0.5841 (Avg 0.6025) LR 5.50e-04   (AvgTime 1.2)   
   [Train] sup_loss:0.282938 lv_loss:0.077979 epi_loss:0.000013 total_loss:0.298534 pseudo_update_count:495948
[Train-Epoch-Metrics] epoch=6 sup_loss:0.303017 lv_loss:0.075364 epi_loss:0.000011 total_loss:0.318090 pseudo_update_count:212350899 labeled_seen:1429 unlabeled_seen:4287 Dice:0.602205 IoU:0.469221
Validation
   [Val] Epoch: [6][20/90]  Loss:0.306 (Avg 0.3010) IoU:0.517 (Avg 0.4905) Dice:0.6572 (Avg 0.6249) (AvgTime 0.5)   
   [Val] sup_loss:0.306438 lv_loss:0.000000 epi_loss:0.000000 total_loss:0.306438 pseudo_update_count:0
   [Val] Epoch: [6][40/90]  Loss:0.243 (Avg 0.2987) IoU:0.609 (Avg 0.4936) Dice:0.7221 (Avg 0.6246) (AvgTime 0.5)   
   [Val] sup_loss:0.243122 lv_loss:0.000000 epi_loss:0.000000 total_loss:0.243122 pseudo_update_count:0
   [Val] Epoch: [6][60/90]  Loss:0.298 (Avg 0.2940) IoU:0.497 (Avg 0.5026) Dice:0.6385 (Avg 0.6330) (AvgTime 0.5)   
   [Val] sup_loss:0.298316 lv_loss:0.000000 epi_loss:0.000000 total_loss:0.298316 pseudo_update_count:0
   [Val] Epoch: [6][80/90]  Loss:0.288 (Avg 0.2906) IoU:0.481 (Avg 0.5073) Dice:0.6183 (Avg 0.6376) (AvgTime 0.5)   
   [Val] sup_loss:0.287551 lv_loss:0.000000 epi_loss:0.000000 total_loss:0.287551 pseudo_update_count:0
[Val-Epoch-Metrics] epoch=6 sup_loss:0.287004 lv_loss:0.000000 epi_loss:0.000000 total_loss:0.287004 pseudo_update_count:0 labeled_seen:1429 unlabeled_seen:0 Dice:0.642070 IoU:0.511863
	 Saving best model, mean dice increased from: 0.5021 to 0.6421
	 Saving to QaTa-Covid19/LViT/QaTa_Covid19_LViT_25pct_labels/models/
	 early_stopping_count: 0/100000

========= Epoch [7/81] =========
QaTa_Covid19_LViT_25pct_labels
Training with batch size : 16
[SemiSup] subset_ratio=0.2500 labeled_name_count=1429
   [Train] Epoch: [7][20/358]  Loss:0.365 (Avg 0.3374) IoU:0.467 (Avg 0.4615) Dice:0.5999 (Avg 0.5948) LR 4.11e-04   (AvgTime 1.2)   
   [Train] sup_loss:0.346694 lv_loss:0.091502 epi_loss:0.000009 total_loss:0.364995 pseudo_update_count:593696
   [Train] Epoch: [7][40/358]  Loss:0.269 (Avg 0.3259) IoU:0.573 (Avg 0.4744) Dice:0.6967 (Avg 0.6069) LR 4.11e-04   (AvgTime 1.2)   
   [Train] sup_loss:0.252448 lv_loss:0.083134 epi_loss:0.000007 total_loss:0.269075 pseudo_update_count:544758
   [Train] Epoch: [7][60/358]  Loss:0.283 (Avg 0.3138) IoU:0.612 (Avg 0.4856) Dice:0.7472 (Avg 0.6192) LR 4.11e-04   (AvgTime 1.2)   
   [Train] sup_loss:0.266789 lv_loss:0.078727 epi_loss:0.000013 total_loss:0.282536 pseudo_update_count:545082
   [Train] Epoch: [7][80/358]  Loss:0.201 (Avg 0.3095) IoU:0.472 (Avg 0.4858) Dice:0.6012 (Avg 0.6177) LR 4.11e-04   (AvgTime 1.2)   
   [Train] sup_loss:0.185555 lv_loss:0.078607 epi_loss:0.000008 total_loss:0.201277 pseudo_update_count:544757
   [Train] Epoch: [7][100/358]  Loss:0.224 (Avg 0.3086) IoU:0.576 (Avg 0.4851) Dice:0.7050 (Avg 0.6175) LR 4.11e-04   (AvgTime 1.2)   
   [Train] sup_loss:0.209470 lv_loss:0.072096 epi_loss:0.000010 total_loss:0.223890 pseudo_update_count:694519
   [Train] Epoch: [7][120/358]  Loss:0.388 (Avg 0.3132) IoU:0.571 (Avg 0.4846) Dice:0.7005 (Avg 0.6169) LR 4.11e-04   (AvgTime 1.2)   
   [Train] sup_loss:0.373674 lv_loss:0.073715 epi_loss:0.000015 total_loss:0.388418 pseudo_update_count:495324
   [Train] Epoch: [7][140/358]  Loss:0.176 (Avg 0.3096) IoU:0.599 (Avg 0.4833) Dice:0.7130 (Avg 0.6155) LR 4.11e-04   (AvgTime 1.2)   
   [Train] sup_loss:0.161542 lv_loss:0.072541 epi_loss:0.000009 total_loss:0.176050 pseudo_update_count:645275
   [Train] Epoch: [7][160/358]  Loss:0.362 (Avg 0.3112) IoU:0.549 (Avg 0.4833) Dice:0.6720 (Avg 0.6155) LR 4.11e-04   (AvgTime 1.2)   
   [Train] sup_loss:0.347539 lv_loss:0.074079 epi_loss:0.000016 total_loss:0.362356 pseudo_update_count:595402
   [Train] Epoch: [7][180/358]  Loss:0.202 (Avg 0.3094) IoU:0.493 (Avg 0.4824) Dice:0.6356 (Avg 0.6147) LR 4.11e-04   (AvgTime 1.2)   
   [Train] sup_loss:0.189979 lv_loss:0.062552 epi_loss:0.000009 total_loss:0.202490 pseudo_update_count:546425
   [Train] Epoch: [7][200/358]  Loss:0.294 (Avg 0.3093) IoU:0.448 (Avg 0.4810) Dice:0.5963 (Avg 0.6134) LR 4.11e-04   (AvgTime 1.2)   
   [Train] sup_loss:0.280220 lv_loss:0.070773 epi_loss:0.000011 total_loss:0.294375 pseudo_update_count:644393
   [Train] Epoch: [7][220/358]  Loss:0.210 (Avg 0.3084) IoU:0.539 (Avg 0.4833) Dice:0.6691 (Avg 0.6158) LR 4.11e-04   (AvgTime 1.2)   
   [Train] sup_loss:0.196989 lv_loss:0.067548 epi_loss:0.000011 total_loss:0.210499 pseudo_update_count:646222
   [Train] Epoch: [7][240/358]  Loss:0.319 (Avg 0.3071) IoU:0.506 (Avg 0.4851) Dice:0.6410 (Avg 0.6176) LR 4.11e-04   (AvgTime 1.2)   
   [Train] sup_loss:0.305554 lv_loss:0.064872 epi_loss:0.000011 total_loss:0.318529 pseudo_update_count:546467
   [Train] Epoch: [7][260/358]  Loss:0.425 (Avg 0.3078) IoU:0.458 (Avg 0.4839) Dice:0.5897 (Avg 0.6164) LR 4.11e-04   (AvgTime 1.2)   
   [Train] sup_loss:0.410719 lv_loss:0.071496 epi_loss:0.000007 total_loss:0.425019 pseudo_update_count:644395
   [Train] Epoch: [7][280/358]  Loss:0.383 (Avg 0.3078) IoU:0.488 (Avg 0.4845) Dice:0.6122 (Avg 0.6169) LR 4.11e-04   (AvgTime 1.2)   
   [Train] sup_loss:0.370753 lv_loss:0.063660 epi_loss:0.000012 total_loss:0.383485 pseudo_update_count:546508
   [Train] Epoch: [7][300/358]  Loss:0.243 (Avg 0.3070) IoU:0.586 (Avg 0.4855) Dice:0.7119 (Avg 0.6177) LR 4.11e-04   (AvgTime 1.2)   
   [Train] sup_loss:0.226234 lv_loss:0.081486 epi_loss:0.000011 total_loss:0.242532 pseudo_update_count:346773
   [Train] Epoch: [7][320/358]  Loss:0.425 (Avg 0.3083) IoU:0.436 (Avg 0.4839) Dice:0.5825 (Avg 0.6160) LR 4.11e-04   (AvgTime 1.2)   
   [Train] sup_loss:0.412320 lv_loss:0.063123 epi_loss:0.000011 total_loss:0.424946 pseudo_update_count:496872
   [Train] Epoch: [7][340/358]  Loss:0.268 (Avg 0.3063) IoU:0.591 (Avg 0.4849) Dice:0.7291 (Avg 0.6170) LR 4.11e-04   (AvgTime 1.2)   
   [Train] sup_loss:0.257463 lv_loss:0.054542 epi_loss:0.000010 total_loss:0.268371 pseudo_update_count:497434
[Train-Epoch-Metrics] epoch=7 sup_loss:0.292215 lv_loss:0.071012 epi_loss:0.000010 total_loss:0.306418 pseudo_update_count:212529670 labeled_seen:1429 unlabeled_seen:4287 Dice:0.617138 IoU:0.485050
Validation
   [Val] Epoch: [7][20/90]  Loss:0.269 (Avg 0.2963) IoU:0.576 (Avg 0.5003) Dice:0.6998 (Avg 0.6334) (AvgTime 0.5)   
   [Val] sup_loss:0.269101 lv_loss:0.000000 epi_loss:0.000000 total_loss:0.269101 pseudo_update_count:0
   [Val] Epoch: [7][40/90]  Loss:0.308 (Avg 0.2877) IoU:0.435 (Avg 0.5080) Dice:0.5547 (Avg 0.6392) (AvgTime 0.5)   
   [Val] sup_loss:0.307739 lv_loss:0.000000 epi_loss:0.000000 total_loss:0.307739 pseudo_update_count:0
   [Val] Epoch: [7][60/90]  Loss:0.357 (Avg 0.2903) IoU:0.353 (Avg 0.5051) Dice:0.4777 (Avg 0.6355) (AvgTime 0.5)   
   [Val] sup_loss:0.356807 lv_loss:0.000000 epi_loss:0.000000 total_loss:0.356807 pseudo_update_count:0
   [Val] Epoch: [7][80/90]  Loss:0.377 (Avg 0.2899) IoU:0.399 (Avg 0.5079) Dice:0.5345 (Avg 0.6383) (AvgTime 0.5)   
   [Val] sup_loss:0.376760 lv_loss:0.000000 epi_loss:0.000000 total_loss:0.376760 pseudo_update_count:0
[Val-Epoch-Metrics] epoch=7 sup_loss:0.288307 lv_loss:0.000000 epi_loss:0.000000 total_loss:0.288307 pseudo_update_count:0 labeled_seen:1429 unlabeled_seen:0 Dice:0.640833 IoU:0.510485
	 Mean dice:0.6408 does not increase, the best is still: 0.6421 in epoch 6
	 early_stopping_count: 1/100000

========= Epoch [8/81] =========
QaTa_Covid19_LViT_25pct_labels
Training with batch size : 16
[SemiSup] subset_ratio=0.2500 labeled_name_count=1429
   [Train] Epoch: [8][20/358]  Loss:0.288 (Avg 0.3212) IoU:0.498 (Avg 0.4827) Dice:0.6429 (Avg 0.6163) LR 2.85e-04   (AvgTime 1.2)   
   [Train] sup_loss:0.276128 lv_loss:0.060040 epi_loss:0.000012 total_loss:0.288137 pseudo_update_count:496826
   [Train] Epoch: [8][40/358]  Loss:0.413 (Avg 0.3158) IoU:0.518 (Avg 0.4910) Dice:0.6605 (Avg 0.6260) LR 2.85e-04   (AvgTime 1.2)   
   [Train] sup_loss:0.400260 lv_loss:0.063444 epi_loss:0.000014 total_loss:0.412949 pseudo_update_count:645783
   [Train] Epoch: [8][60/358]  Loss:0.158 (Avg 0.2960) IoU:0.473 (Avg 0.5019) Dice:0.6048 (Avg 0.6361) LR 2.85e-04   (AvgTime 1.2)   
   [Train] sup_loss:0.143754 lv_loss:0.071567 epi_loss:0.000011 total_loss:0.158068 pseudo_update_count:595414
   [Train] Epoch: [8][80/358]  Loss:0.420 (Avg 0.2943) IoU:0.420 (Avg 0.5011) Dice:0.5433 (Avg 0.6350) LR 2.85e-04   (AvgTime 1.2)   
   [Train] sup_loss:0.407390 lv_loss:0.061723 epi_loss:0.000008 total_loss:0.419735 pseudo_update_count:695771
   [Train] Epoch: [8][100/358]  Loss:0.425 (Avg 0.3028) IoU:0.493 (Avg 0.5009) Dice:0.6341 (Avg 0.6342) LR 2.85e-04   (AvgTime 1.2)   
   [Train] sup_loss:0.412460 lv_loss:0.064839 epi_loss:0.000013 total_loss:0.425428 pseudo_update_count:446815
   [Train] Epoch: [8][120/358]  Loss:0.479 (Avg 0.3043) IoU:0.472 (Avg 0.4982) Dice:0.5795 (Avg 0.6309) LR 2.85e-04   (AvgTime 1.2)   
   [Train] sup_loss:0.464322 lv_loss:0.071136 epi_loss:0.000013 total_loss:0.478550 pseudo_update_count:346887
   [Train] Epoch: [8][140/358]  Loss:0.198 (Avg 0.3008) IoU:0.520 (Avg 0.4985) Dice:0.6436 (Avg 0.6307) LR 2.85e-04   (AvgTime 1.2)   
   [Train] sup_loss:0.183136 lv_loss:0.071896 epi_loss:0.000008 total_loss:0.197516 pseudo_update_count:594929
   [Train] Epoch: [8][160/358]  Loss:0.316 (Avg 0.3020) IoU:0.534 (Avg 0.4987) Dice:0.6646 (Avg 0.6307) LR 2.85e-04   (AvgTime 1.2)   
   [Train] sup_loss:0.305321 lv_loss:0.055793 epi_loss:0.000012 total_loss:0.316480 pseudo_update_count:497716
   [Train] Epoch: [8][180/358]  Loss:0.367 (Avg 0.2997) IoU:0.400 (Avg 0.5001) Dice:0.5460 (Avg 0.6321) LR 2.85e-04   (AvgTime 1.2)   
   [Train] sup_loss:0.353744 lv_loss:0.068084 epi_loss:0.000010 total_loss:0.367361 pseudo_update_count:596513
   [Train] Epoch: [8][200/358]  Loss:0.199 (Avg 0.2960) IoU:0.474 (Avg 0.5005) Dice:0.6063 (Avg 0.6324) LR 2.85e-04   (AvgTime 1.2)   
   [Train] sup_loss:0.185933 lv_loss:0.065398 epi_loss:0.000010 total_loss:0.199013 pseudo_update_count:595773
   [Train] Epoch: [8][220/358]  Loss:0.537 (Avg 0.2988) IoU:0.456 (Avg 0.4990) Dice:0.5768 (Avg 0.6310) LR 2.85e-04   (AvgTime 1.2)   
   [Train] sup_loss:0.524914 lv_loss:0.060205 epi_loss:0.000012 total_loss:0.536955 pseudo_update_count:596352
   [Train] Epoch: [8][240/358]  Loss:0.274 (Avg 0.2994) IoU:0.477 (Avg 0.5000) Dice:0.5957 (Avg 0.6317) LR 2.85e-04   (AvgTime 1.2)   
   [Train] sup_loss:0.261607 lv_loss:0.061296 epi_loss:0.000010 total_loss:0.273867 pseudo_update_count:646077
   [Train] Epoch: [8][260/358]  Loss:0.196 (Avg 0.2967) IoU:0.517 (Avg 0.5007) Dice:0.6427 (Avg 0.6326) LR 2.85e-04   (AvgTime 1.2)   
   [Train] sup_loss:0.180475 lv_loss:0.077064 epi_loss:0.000011 total_loss:0.195889 pseudo_update_count:593795
   [Train] Epoch: [8][280/358]  Loss:0.398 (Avg 0.2973) IoU:0.402 (Avg 0.4995) Dice:0.5283 (Avg 0.6317) LR 2.85e-04   (AvgTime 1.2)   
   [Train] sup_loss:0.387224 lv_loss:0.051675 epi_loss:0.000008 total_loss:0.397559 pseudo_update_count:647156
   [Train] Epoch: [8][300/358]  Loss:0.276 (Avg 0.2972) IoU:0.539 (Avg 0.5010) Dice:0.6839 (Avg 0.6330) LR 2.85e-04   (AvgTime 1.2)   
   [Train] sup_loss:0.263041 lv_loss:0.062359 epi_loss:0.000010 total_loss:0.275513 pseudo_update_count:645677
   [Train] Epoch: [8][320/358]  Loss:0.132 (Avg 0.2963) IoU:0.582 (Avg 0.5017) Dice:0.6951 (Avg 0.6336) LR 2.85e-04   (AvgTime 1.2)   
   [Train] sup_loss:0.119204 lv_loss:0.064828 epi_loss:0.000010 total_loss:0.132170 pseudo_update_count:595559
   [Train] Epoch: [8][340/358]  Loss:0.365 (Avg 0.2963) IoU:0.373 (Avg 0.4996) Dice:0.5152 (Avg 0.6316) LR 2.85e-04   (AvgTime 1.2)   
   [Train] sup_loss:0.350053 lv_loss:0.073610 epi_loss:0.000013 total_loss:0.364776 pseudo_update_count:595470
[Train-Epoch-Metrics] epoch=8 sup_loss:0.282529 lv_loss:0.065797 epi_loss:0.000011 total_loss:0.295689 pseudo_update_count:212773616 labeled_seen:1429 unlabeled_seen:4287 Dice:0.632454 IoU:0.500855
Validation
   [Val] Epoch: [8][20/90]  Loss:0.273 (Avg 0.2852) IoU:0.533 (Avg 0.5037) Dice:0.6593 (Avg 0.6302) (AvgTime 0.5)   
   [Val] sup_loss:0.272975 lv_loss:0.000000 epi_loss:0.000000 total_loss:0.272975 pseudo_update_count:0
   [Val] Epoch: [8][40/90]  Loss:0.314 (Avg 0.2856) IoU:0.480 (Avg 0.4990) Dice:0.6218 (Avg 0.6260) (AvgTime 0.5)   
   [Val] sup_loss:0.314066 lv_loss:0.000000 epi_loss:0.000000 total_loss:0.314066 pseudo_update_count:0
   [Val] Epoch: [8][60/90]  Loss:0.296 (Avg 0.2864) IoU:0.494 (Avg 0.5030) Dice:0.6203 (Avg 0.6302) (AvgTime 0.5)   
   [Val] sup_loss:0.296059 lv_loss:0.000000 epi_loss:0.000000 total_loss:0.296059 pseudo_update_count:0
   [Val] Epoch: [8][80/90]  Loss:0.289 (Avg 0.2866) IoU:0.499 (Avg 0.5036) Dice:0.6385 (Avg 0.6314) (AvgTime 0.5)   
   [Val] sup_loss:0.289360 lv_loss:0.000000 epi_loss:0.000000 total_loss:0.289360 pseudo_update_count:0
[Val-Epoch-Metrics] epoch=8 sup_loss:0.288956 lv_loss:0.000000 epi_loss:0.000000 total_loss:0.288956 pseudo_update_count:0 labeled_seen:1429 unlabeled_seen:0 Dice:0.629374 IoU:0.501619
	 Mean dice:0.6294 does not increase, the best is still: 0.6421 in epoch 6
	 early_stopping_count: 2/100000

========= Epoch [9/81] =========
QaTa_Covid19_LViT_25pct_labels
Training with batch size : 16
[SemiSup] subset_ratio=0.2500 labeled_name_count=1429
   [Train] Epoch: [9][20/358]  Loss:0.351 (Avg 0.2774) IoU:0.335 (Avg 0.4876) Dice:0.4667 (Avg 0.6183) LR 1.86e-04   (AvgTime 1.2)   
   [Train] sup_loss:0.338798 lv_loss:0.062220 epi_loss:0.000008 total_loss:0.351242 pseudo_update_count:546972
   [Train] Epoch: [9][40/358]  Loss:0.242 (Avg 0.2892) IoU:0.489 (Avg 0.5019) Dice:0.6252 (Avg 0.6341) LR 1.86e-04   (AvgTime 1.2)   
   [Train] sup_loss:0.228181 lv_loss:0.070589 epi_loss:0.000008 total_loss:0.242299 pseudo_update_count:396607
   [Train] Epoch: [9][60/358]  Loss:0.355 (Avg 0.2887) IoU:0.478 (Avg 0.5134) Dice:0.6181 (Avg 0.6457) LR 1.86e-04   (AvgTime 1.2)   
   [Train] sup_loss:0.340639 lv_loss:0.074186 epi_loss:0.000008 total_loss:0.355476 pseudo_update_count:594318
   [Train] Epoch: [9][80/358]  Loss:0.287 (Avg 0.2941) IoU:0.518 (Avg 0.5100) Dice:0.6459 (Avg 0.6418) LR 1.86e-04   (AvgTime 1.2)   
   [Train] sup_loss:0.272592 lv_loss:0.071300 epi_loss:0.000010 total_loss:0.286852 pseudo_update_count:544857
   [Train] Epoch: [9][100/358]  Loss:0.301 (Avg 0.2897) IoU:0.591 (Avg 0.5131) Dice:0.7115 (Avg 0.6446) LR 1.86e-04   (AvgTime 1.2)   
   [Train] sup_loss:0.288710 lv_loss:0.060270 epi_loss:0.000011 total_loss:0.300764 pseudo_update_count:497375
   [Train] Epoch: [9][120/358]  Loss:0.245 (Avg 0.2901) IoU:0.621 (Avg 0.5094) Dice:0.7375 (Avg 0.6412) LR 1.86e-04   (AvgTime 1.2)   
   [Train] sup_loss:0.229437 lv_loss:0.076560 epi_loss:0.000012 total_loss:0.244750 pseudo_update_count:594281
   [Train] Epoch: [9][140/358]  Loss:0.307 (Avg 0.2885) IoU:0.523 (Avg 0.5112) Dice:0.6621 (Avg 0.6429) LR 1.86e-04   (AvgTime 1.2)   
   [Train] sup_loss:0.293626 lv_loss:0.064968 epi_loss:0.000009 total_loss:0.306620 pseudo_update_count:496407
   [Train] Epoch: [9][160/358]  Loss:0.308 (Avg 0.2907) IoU:0.467 (Avg 0.5092) Dice:0.6023 (Avg 0.6409) LR 1.86e-04   (AvgTime 1.2)   
   [Train] sup_loss:0.296547 lv_loss:0.058120 epi_loss:0.000014 total_loss:0.308172 pseudo_update_count:646590
   [Train] Epoch: [9][180/358]  Loss:0.255 (Avg 0.2880) IoU:0.480 (Avg 0.5087) Dice:0.6106 (Avg 0.6404) LR 1.86e-04   (AvgTime 1.2)   
   [Train] sup_loss:0.243180 lv_loss:0.060181 epi_loss:0.000011 total_loss:0.255217 pseudo_update_count:745023
   [Train] Epoch: [9][200/358]  Loss:0.164 (Avg 0.2867) IoU:0.622 (Avg 0.5084) Dice:0.7578 (Avg 0.6401) LR 1.86e-04   (AvgTime 1.2)   
   [Train] sup_loss:0.152463 lv_loss:0.059367 epi_loss:0.000011 total_loss:0.164337 pseudo_update_count:694875
   [Train] Epoch: [9][220/358]  Loss:0.266 (Avg 0.2885) IoU:0.519 (Avg 0.5079) Dice:0.6480 (Avg 0.6393) LR 1.86e-04   (AvgTime 1.2)   
   [Train] sup_loss:0.254934 lv_loss:0.057092 epi_loss:0.000008 total_loss:0.266353 pseudo_update_count:596916
   [Train] Epoch: [9][240/358]  Loss:0.339 (Avg 0.2882) IoU:0.584 (Avg 0.5096) Dice:0.7175 (Avg 0.6410) LR 1.86e-04   (AvgTime 1.2)   
   [Train] sup_loss:0.325865 lv_loss:0.065187 epi_loss:0.000010 total_loss:0.338903 pseudo_update_count:694611
   [Train] Epoch: [9][260/358]  Loss:0.222 (Avg 0.2869) IoU:0.637 (Avg 0.5093) Dice:0.7626 (Avg 0.6405) LR 1.86e-04   (AvgTime 1.2)   
   [Train] sup_loss:0.207669 lv_loss:0.070126 epi_loss:0.000011 total_loss:0.221694 pseudo_update_count:693438
   [Train] Epoch: [9][280/358]  Loss:0.233 (Avg 0.2847) IoU:0.541 (Avg 0.5111) Dice:0.6634 (Avg 0.6421) LR 1.86e-04   (AvgTime 1.2)   
   [Train] sup_loss:0.220625 lv_loss:0.060452 epi_loss:0.000013 total_loss:0.232716 pseudo_update_count:446496
   [Train] Epoch: [9][300/358]  Loss:0.243 (Avg 0.2828) IoU:0.570 (Avg 0.5120) Dice:0.6826 (Avg 0.6427) LR 1.86e-04   (AvgTime 1.2)   
   [Train] sup_loss:0.231368 lv_loss:0.060463 epi_loss:0.000012 total_loss:0.243461 pseudo_update_count:646311
   [Train] Epoch: [9][320/358]  Loss:0.286 (Avg 0.2847) IoU:0.525 (Avg 0.5112) Dice:0.6488 (Avg 0.6422) LR 1.86e-04   (AvgTime 1.2)   
   [Train] sup_loss:0.272382 lv_loss:0.067480 epi_loss:0.000011 total_loss:0.285879 pseudo_update_count:446050
   [Train] Epoch: [9][340/358]  Loss:0.312 (Avg 0.2846) IoU:0.525 (Avg 0.5109) Dice:0.6588 (Avg 0.6418) LR 1.86e-04   (AvgTime 1.2)   
   [Train] sup_loss:0.298522 lv_loss:0.065121 epi_loss:0.000010 total_loss:0.311547 pseudo_update_count:496167
[Train-Epoch-Metrics] epoch=9 sup_loss:0.270679 lv_loss:0.063731 epi_loss:0.000010 total_loss:0.283426 pseudo_update_count:212876025 labeled_seen:1429 unlabeled_seen:4287 Dice:0.642713 IoU:0.511885
Validation
   [Val] Epoch: [9][20/90]  Loss:0.264 (Avg 0.2732) IoU:0.528 (Avg 0.5194) Dice:0.6458 (Avg 0.6451) (AvgTime 0.5)   
   [Val] sup_loss:0.263698 lv_loss:0.000000 epi_loss:0.000000 total_loss:0.263698 pseudo_update_count:0
   [Val] Epoch: [9][40/90]  Loss:0.344 (Avg 0.2778) IoU:0.437 (Avg 0.5153) Dice:0.5748 (Avg 0.6410) (AvgTime 0.5)   
   [Val] sup_loss:0.343985 lv_loss:0.000000 epi_loss:0.000000 total_loss:0.343985 pseudo_update_count:0
   [Val] Epoch: [9][60/90]  Loss:0.320 (Avg 0.2832) IoU:0.460 (Avg 0.5119) Dice:0.5931 (Avg 0.6381) (AvgTime 0.5)   
   [Val] sup_loss:0.319941 lv_loss:0.000000 epi_loss:0.000000 total_loss:0.319941 pseudo_update_count:0
   [Val] Epoch: [9][80/90]  Loss:0.325 (Avg 0.2796) IoU:0.458 (Avg 0.5160) Dice:0.5875 (Avg 0.6421) (AvgTime 0.5)   
   [Val] sup_loss:0.325047 lv_loss:0.000000 epi_loss:0.000000 total_loss:0.325047 pseudo_update_count:0
[Val-Epoch-Metrics] epoch=9 sup_loss:0.279314 lv_loss:0.000000 epi_loss:0.000000 total_loss:0.279314 pseudo_update_count:0 labeled_seen:1429 unlabeled_seen:0 Dice:0.641145 IoU:0.514864
	 Mean dice:0.6411 does not increase, the best is still: 0.6421 in epoch 6
	 early_stopping_count: 3/100000

========= Epoch [10/81] =========
QaTa_Covid19_LViT_25pct_labels
Training with batch size : 16
[SemiSup] subset_ratio=0.2500 labeled_name_count=1429
   [Train] Epoch: [10][20/358]  Loss:0.287 (Avg 0.2907) IoU:0.432 (Avg 0.4863) Dice:0.5717 (Avg 0.6179) LR 1.22e-04   (AvgTime 1.2)   
   [Train] sup_loss:0.275042 lv_loss:0.059244 epi_loss:0.000008 total_loss:0.286891 pseudo_update_count:645269
   [Train] Epoch: [10][40/358]  Loss:0.283 (Avg 0.2778) IoU:0.394 (Avg 0.4933) Dice:0.5389 (Avg 0.6249) LR 1.22e-04   (AvgTime 1.2)   
   [Train] sup_loss:0.270938 lv_loss:0.062668 epi_loss:0.000010 total_loss:0.283472 pseudo_update_count:645483
   [Train] Epoch: [10][60/358]  Loss:0.335 (Avg 0.2768) IoU:0.604 (Avg 0.5037) Dice:0.7363 (Avg 0.6357) LR 1.22e-04   (AvgTime 1.2)   
   [Train] sup_loss:0.322942 lv_loss:0.058988 epi_loss:0.000015 total_loss:0.334741 pseudo_update_count:546512
   [Train] Epoch: [10][80/358]  Loss:0.203 (Avg 0.2751) IoU:0.571 (Avg 0.5108) Dice:0.6897 (Avg 0.6428) LR 1.22e-04   (AvgTime 1.2)   
   [Train] sup_loss:0.190424 lv_loss:0.061396 epi_loss:0.000011 total_loss:0.202703 pseudo_update_count:596330
   [Train] Epoch: [10][100/358]  Loss:0.301 (Avg 0.2765) IoU:0.505 (Avg 0.5118) Dice:0.6118 (Avg 0.6428) LR 1.22e-04   (AvgTime 1.2)   
   [Train] sup_loss:0.287461 lv_loss:0.068984 epi_loss:0.000013 total_loss:0.301258 pseudo_update_count:494807
   [Train] Epoch: [10][120/358]  Loss:0.242 (Avg 0.2732) IoU:0.523 (Avg 0.5122) Dice:0.6665 (Avg 0.6436) LR 1.22e-04   (AvgTime 1.2)   
   [Train] sup_loss:0.229626 lv_loss:0.063805 epi_loss:0.000016 total_loss:0.242388 pseudo_update_count:496522
   [Train] Epoch: [10][140/358]  Loss:0.462 (Avg 0.2713) IoU:0.386 (Avg 0.5159) Dice:0.5063 (Avg 0.6471) LR 1.22e-04   (AvgTime 1.2)   
   [Train] sup_loss:0.450980 lv_loss:0.052826 epi_loss:0.000008 total_loss:0.461545 pseudo_update_count:596696
   [Train] Epoch: [10][160/358]  Loss:0.246 (Avg 0.2712) IoU:0.496 (Avg 0.5160) Dice:0.6259 (Avg 0.6477) LR 1.22e-04   (AvgTime 1.2)   
   [Train] sup_loss:0.232276 lv_loss:0.067229 epi_loss:0.000012 total_loss:0.245723 pseudo_update_count:495831
   [Train] Epoch: [10][180/358]  Loss:0.268 (Avg 0.2748) IoU:0.489 (Avg 0.5137) Dice:0.6177 (Avg 0.6457) LR 1.22e-04   (AvgTime 1.2)   
   [Train] sup_loss:0.254442 lv_loss:0.067344 epi_loss:0.000007 total_loss:0.267911 pseudo_update_count:645045
   [Train] Epoch: [10][200/358]  Loss:0.295 (Avg 0.2742) IoU:0.428 (Avg 0.5125) Dice:0.5478 (Avg 0.6439) LR 1.22e-04   (AvgTime 1.2)   
   [Train] sup_loss:0.283112 lv_loss:0.061306 epi_loss:0.000012 total_loss:0.295374 pseudo_update_count:546841
   [Train] Epoch: [10][220/358]  Loss:0.245 (Avg 0.2741) IoU:0.573 (Avg 0.5121) Dice:0.7020 (Avg 0.6428) LR 1.22e-04   (AvgTime 1.2)   
   [Train] sup_loss:0.232357 lv_loss:0.065285 epi_loss:0.000010 total_loss:0.245415 pseudo_update_count:645675
   [Train] Epoch: [10][240/358]  Loss:0.193 (Avg 0.2726) IoU:0.552 (Avg 0.5141) Dice:0.6735 (Avg 0.6446) LR 1.22e-04   (AvgTime 1.2)   
   [Train] sup_loss:0.180301 lv_loss:0.062927 epi_loss:0.000009 total_loss:0.192887 pseudo_update_count:745713
   [Train] Epoch: [10][260/358]  Loss:0.272 (Avg 0.2719) IoU:0.452 (Avg 0.5147) Dice:0.5954 (Avg 0.6452) LR 1.22e-04   (AvgTime 1.2)   
   [Train] sup_loss:0.259826 lv_loss:0.060199 epi_loss:0.000010 total_loss:0.271866 pseudo_update_count:596320
   [Train] Epoch: [10][280/358]  Loss:0.217 (Avg 0.2718) IoU:0.679 (Avg 0.5145) Dice:0.7964 (Avg 0.6451) LR 1.22e-04   (AvgTime 1.2)   
   [Train] sup_loss:0.206008 lv_loss:0.055003 epi_loss:0.000011 total_loss:0.217009 pseudo_update_count:647042
   [Train] Epoch: [10][300/358]  Loss:0.223 (Avg 0.2714) IoU:0.545 (Avg 0.5162) Dice:0.6778 (Avg 0.6466) LR 1.22e-04   (AvgTime 1.2)   
   [Train] sup_loss:0.211415 lv_loss:0.057876 epi_loss:0.000008 total_loss:0.222990 pseudo_update_count:646233
   [Train] Epoch: [10][320/358]  Loss:0.253 (Avg 0.2723) IoU:0.438 (Avg 0.5173) Dice:0.5654 (Avg 0.6478) LR 1.22e-04   (AvgTime 1.2)   
   [Train] sup_loss:0.240532 lv_loss:0.060712 epi_loss:0.000008 total_loss:0.252675 pseudo_update_count:645853
   [Train] Epoch: [10][340/358]  Loss:0.430 (Avg 0.2716) IoU:0.526 (Avg 0.5173) Dice:0.6575 (Avg 0.6478) LR 1.22e-04   (AvgTime 1.2)   
   [Train] sup_loss:0.418065 lv_loss:0.060969 epi_loss:0.000012 total_loss:0.430259 pseudo_update_count:596552
[Train-Epoch-Metrics] epoch=10 sup_loss:0.261682 lv_loss:0.060505 epi_loss:0.000010 total_loss:0.273783 pseudo_update_count:212972767 labeled_seen:1429 unlabeled_seen:4287 Dice:0.647563 IoU:0.516760
Validation
   [Val] Epoch: [10][20/90]  Loss:0.235 (Avg 0.2586) IoU:0.553 (Avg 0.5403) Dice:0.6840 (Avg 0.6695) (AvgTime 0.5)   
   [Val] sup_loss:0.235365 lv_loss:0.000000 epi_loss:0.000000 total_loss:0.235365 pseudo_update_count:0
   [Val] Epoch: [10][40/90]  Loss:0.254 (Avg 0.2569) IoU:0.519 (Avg 0.5370) Dice:0.6498 (Avg 0.6656) (AvgTime 0.5)   
   [Val] sup_loss:0.254288 lv_loss:0.000000 epi_loss:0.000000 total_loss:0.254288 pseudo_update_count:0
   [Val] Epoch: [10][60/90]  Loss:0.326 (Avg 0.2629) IoU:0.430 (Avg 0.5315) Dice:0.5404 (Avg 0.6586) (AvgTime 0.5)   
   [Val] sup_loss:0.325900 lv_loss:0.000000 epi_loss:0.000000 total_loss:0.325900 pseudo_update_count:0
   [Val] Epoch: [10][80/90]  Loss:0.278 (Avg 0.2639) IoU:0.512 (Avg 0.5264) Dice:0.6246 (Avg 0.6536) (AvgTime 0.5)   
   [Val] sup_loss:0.277620 lv_loss:0.000000 epi_loss:0.000000 total_loss:0.277620 pseudo_update_count:0
[Val-Epoch-Metrics] epoch=10 sup_loss:0.264910 lv_loss:0.000000 epi_loss:0.000000 total_loss:0.264910 pseudo_update_count:0 labeled_seen:1429 unlabeled_seen:0 Dice:0.652737 IoU:0.524891
	 Saving best model, mean dice increased from: 0.6421 to 0.6527
	 Saving to QaTa-Covid19/LViT/QaTa_Covid19_LViT_25pct_labels/models/
	 early_stopping_count: 0/100000

========= Epoch [11/81] =========
QaTa_Covid19_LViT_25pct_labels
Training with batch size : 16
[SemiSup] subset_ratio=0.2500 labeled_name_count=1429
   [Train] Epoch: [11][20/358]  Loss:0.464 (Avg 0.3645) IoU:0.385 (Avg 0.4099) Dice:0.5096 (Avg 0.5350) LR 1.00e-03   (AvgTime 1.2)   
   [Train] sup_loss:0.443853 lv_loss:0.101636 epi_loss:0.000010 total_loss:0.464181 pseudo_update_count:693160
   [Train] Epoch: [11][40/358]  Loss:0.378 (Avg 0.3419) IoU:0.447 (Avg 0.4221) Dice:0.5838 (Avg 0.5506) LR 1.00e-03   (AvgTime 1.2)   
   [Train] sup_loss:0.364854 lv_loss:0.064488 epi_loss:0.000010 total_loss:0.377753 pseudo_update_count:694363
   [Train] Epoch: [11][60/358]  Loss:0.431 (Avg 0.3541) IoU:0.501 (Avg 0.4359) Dice:0.6340 (Avg 0.5662) LR 1.00e-03   (AvgTime 1.2)   
   [Train] sup_loss:0.415563 lv_loss:0.076246 epi_loss:0.000010 total_loss:0.430813 pseudo_update_count:544415
   [Train] Epoch: [11][80/358]  Loss:0.448 (Avg 0.3585) IoU:0.407 (Avg 0.4352) Dice:0.5368 (Avg 0.5670) LR 1.00e-03   (AvgTime 1.2)   
   [Train] sup_loss:0.430669 lv_loss:0.085396 epi_loss:0.000010 total_loss:0.447749 pseudo_update_count:642229
   [Train] Epoch: [11][100/358]  Loss:0.277 (Avg 0.3586) IoU:0.509 (Avg 0.4383) Dice:0.6445 (Avg 0.5706) LR 1.00e-03   (AvgTime 1.2)   
   [Train] sup_loss:0.260508 lv_loss:0.082384 epi_loss:0.000011 total_loss:0.276985 pseudo_update_count:495728
   [Train] Epoch: [11][120/358]  Loss:0.322 (Avg 0.3544) IoU:0.421 (Avg 0.4410) Dice:0.5644 (Avg 0.5739) LR 1.00e-03   (AvgTime 1.2)   
   [Train] sup_loss:0.305716 lv_loss:0.083711 epi_loss:0.000011 total_loss:0.322459 pseudo_update_count:694460
   [Train] Epoch: [11][140/358]  Loss:0.233 (Avg 0.3501) IoU:0.522 (Avg 0.4448) Dice:0.6431 (Avg 0.5773) LR 1.00e-03   (AvgTime 1.2)   
   [Train] sup_loss:0.216262 lv_loss:0.086005 epi_loss:0.000010 total_loss:0.233463 pseudo_update_count:594295
   [Train] Epoch: [11][160/358]  Loss:0.355 (Avg 0.3619) IoU:0.333 (Avg 0.4370) Dice:0.4742 (Avg 0.5699) LR 1.00e-03   (AvgTime 1.2)   
   [Train] sup_loss:0.330884 lv_loss:0.120630 epi_loss:0.000009 total_loss:0.355011 pseudo_update_count:591016
   [Train] Epoch: [11][180/358]  Loss:0.331 (Avg 0.3608) IoU:0.420 (Avg 0.4349) Dice:0.5561 (Avg 0.5679) LR 1.00e-03   (AvgTime 1.2)   
   [Train] sup_loss:0.315200 lv_loss:0.080438 epi_loss:0.000011 total_loss:0.331289 pseudo_update_count:643346
   [Train] Epoch: [11][200/358]  Loss:0.280 (Avg 0.3565) IoU:0.497 (Avg 0.4371) Dice:0.6254 (Avg 0.5699) LR 1.00e-03   (AvgTime 1.2)   
   [Train] sup_loss:0.263404 lv_loss:0.080951 epi_loss:0.000009 total_loss:0.279594 pseudo_update_count:544893
   [Train] Epoch: [11][220/358]  Loss:0.254 (Avg 0.3576) IoU:0.416 (Avg 0.4370) Dice:0.5603 (Avg 0.5697) LR 1.00e-03   (AvgTime 1.2)   
   [Train] sup_loss:0.234349 lv_loss:0.098918 epi_loss:0.000014 total_loss:0.254134 pseudo_update_count:690753
   [Train] Epoch: [11][240/358]  Loss:0.360 (Avg 0.3584) IoU:0.417 (Avg 0.4362) Dice:0.5599 (Avg 0.5690) LR 1.00e-03   (AvgTime 1.2)   
   [Train] sup_loss:0.340646 lv_loss:0.096577 epi_loss:0.000010 total_loss:0.359962 pseudo_update_count:592572
   [Train] Epoch: [11][260/358]  Loss:0.304 (Avg 0.3567) IoU:0.621 (Avg 0.4388) Dice:0.7482 (Avg 0.5718) LR 1.00e-03   (AvgTime 1.2)   
   [Train] sup_loss:0.288247 lv_loss:0.078430 epi_loss:0.000010 total_loss:0.303933 pseudo_update_count:594942
   [Train] Epoch: [11][280/358]  Loss:0.260 (Avg 0.3540) IoU:0.517 (Avg 0.4410) Dice:0.6581 (Avg 0.5739) LR 1.00e-03   (AvgTime 1.2)   
   [Train] sup_loss:0.245793 lv_loss:0.073137 epi_loss:0.000012 total_loss:0.260422 pseudo_update_count:644556
   [Train] Epoch: [11][300/358]  Loss:0.339 (Avg 0.3533) IoU:0.499 (Avg 0.4430) Dice:0.6270 (Avg 0.5759) LR 1.00e-03   (AvgTime 1.2)   
   [Train] sup_loss:0.325699 lv_loss:0.068400 epi_loss:0.000009 total_loss:0.339379 pseudo_update_count:595845
   [Train] Epoch: [11][320/358]  Loss:0.311 (Avg 0.3500) IoU:0.410 (Avg 0.4452) Dice:0.5347 (Avg 0.5781) LR 1.00e-03   (AvgTime 1.2)   
   [Train] sup_loss:0.295945 lv_loss:0.074922 epi_loss:0.000009 total_loss:0.310930 pseudo_update_count:545538
   [Train] Epoch: [11][340/358]  Loss:0.324 (Avg 0.3496) IoU:0.471 (Avg 0.4465) Dice:0.6119 (Avg 0.5794) LR 1.00e-03   (AvgTime 1.2)   
   [Train] sup_loss:0.307109 lv_loss:0.082067 epi_loss:0.000011 total_loss:0.323523 pseudo_update_count:543504
[Train-Epoch-Metrics] epoch=11 sup_loss:0.331100 lv_loss:0.084150 epi_loss:0.000011 total_loss:0.347931 pseudo_update_count:212114884 labeled_seen:1429 unlabeled_seen:4287 Dice:0.581529 IoU:0.448715
Validation
   [Val] Epoch: [11][20/90]  Loss:0.322 (Avg 0.3319) IoU:0.484 (Avg 0.4878) Dice:0.6161 (Avg 0.6207) (AvgTime 0.5)   
   [Val] sup_loss:0.322373 lv_loss:0.000000 epi_loss:0.000000 total_loss:0.322373 pseudo_update_count:0
   [Val] Epoch: [11][40/90]  Loss:0.262 (Avg 0.3405) IoU:0.564 (Avg 0.4807) Dice:0.6661 (Avg 0.6101) (AvgTime 0.5)   
   [Val] sup_loss:0.261567 lv_loss:0.000000 epi_loss:0.000000 total_loss:0.261567 pseudo_update_count:0
   [Val] Epoch: [11][60/90]  Loss:0.367 (Avg 0.3411) IoU:0.412 (Avg 0.4753) Dice:0.5447 (Avg 0.6051) (AvgTime 0.5)   
   [Val] sup_loss:0.366728 lv_loss:0.000000 epi_loss:0.000000 total_loss:0.366728 pseudo_update_count:0
   [Val] Epoch: [11][80/90]  Loss:0.390 (Avg 0.3432) IoU:0.397 (Avg 0.4732) Dice:0.5374 (Avg 0.6033) (AvgTime 0.5)   
   [Val] sup_loss:0.389946 lv_loss:0.000000 epi_loss:0.000000 total_loss:0.389946 pseudo_update_count:0
[Val-Epoch-Metrics] epoch=11 sup_loss:0.342346 lv_loss:0.000000 epi_loss:0.000000 total_loss:0.342346 pseudo_update_count:0 labeled_seen:1429 unlabeled_seen:0 Dice:0.605197 IoU:0.475448
	 Mean dice:0.6052 does not increase, the best is still: 0.6527 in epoch 10
	 early_stopping_count: 1/100000

========= Epoch [12/81] =========
QaTa_Covid19_LViT_25pct_labels
Training with batch size : 16
[SemiSup] subset_ratio=0.2500 labeled_name_count=1429
   [Train] Epoch: [12][20/358]  Loss:0.447 (Avg 0.3366) IoU:0.388 (Avg 0.4865) Dice:0.5086 (Avg 0.6157) LR 9.78e-04   (AvgTime 1.2)   
   [Train] sup_loss:0.433040 lv_loss:0.070367 epi_loss:0.000012 total_loss:0.447114 pseudo_update_count:545444
   [Train] Epoch: [12][40/358]  Loss:0.261 (Avg 0.3447) IoU:0.551 (Avg 0.4598) Dice:0.6900 (Avg 0.5908) LR 9.78e-04   (AvgTime 1.2)   
   [Train] sup_loss:0.244643 lv_loss:0.083842 epi_loss:0.000013 total_loss:0.261412 pseudo_update_count:593056
   [Train] Epoch: [12][60/358]  Loss:0.334 (Avg 0.3350) IoU:0.465 (Avg 0.4675) Dice:0.6063 (Avg 0.5992) LR 9.78e-04   (AvgTime 1.2)   
   [Train] sup_loss:0.319242 lv_loss:0.073337 epi_loss:0.000012 total_loss:0.333910 pseudo_update_count:545289
   [Train] Epoch: [12][80/358]  Loss:0.447 (Avg 0.3369) IoU:0.462 (Avg 0.4664) Dice:0.5946 (Avg 0.5990) LR 9.78e-04   (AvgTime 1.2)   
   [Train] sup_loss:0.431806 lv_loss:0.077678 epi_loss:0.000010 total_loss:0.447342 pseudo_update_count:494836
   [Train] Epoch: [12][100/358]  Loss:0.253 (Avg 0.3473) IoU:0.468 (Avg 0.4562) Dice:0.6024 (Avg 0.5881) LR 9.78e-04   (AvgTime 1.2)   
   [Train] sup_loss:0.236921 lv_loss:0.081793 epi_loss:0.000013 total_loss:0.253280 pseudo_update_count:643318
   [Train] Epoch: [12][120/358]  Loss:0.416 (Avg 0.3415) IoU:0.493 (Avg 0.4544) Dice:0.6279 (Avg 0.5859) LR 9.78e-04   (AvgTime 1.2)   
   [Train] sup_loss:0.400647 lv_loss:0.074519 epi_loss:0.000011 total_loss:0.415552 pseudo_update_count:642941
   [Train] Epoch: [12][140/358]  Loss:0.318 (Avg 0.3310) IoU:0.494 (Avg 0.4575) Dice:0.6330 (Avg 0.5893) LR 9.78e-04   (AvgTime 1.2)   
   [Train] sup_loss:0.305183 lv_loss:0.061675 epi_loss:0.000011 total_loss:0.317519 pseudo_update_count:596035
   [Train] Epoch: [12][160/358]  Loss:0.404 (Avg 0.3299) IoU:0.479 (Avg 0.4574) Dice:0.6082 (Avg 0.5891) LR 9.78e-04   (AvgTime 1.2)   
   [Train] sup_loss:0.390476 lv_loss:0.066341 epi_loss:0.000011 total_loss:0.403745 pseudo_update_count:496068
   [Train] Epoch: [12][180/358]  Loss:0.297 (Avg 0.3274) IoU:0.537 (Avg 0.4594) Dice:0.6806 (Avg 0.5918) LR 9.78e-04   (AvgTime 1.2)   
   [Train] sup_loss:0.283018 lv_loss:0.067450 epi_loss:0.000011 total_loss:0.296508 pseudo_update_count:545693
   [Train] Epoch: [12][200/358]  Loss:0.324 (Avg 0.3293) IoU:0.309 (Avg 0.4612) Dice:0.4369 (Avg 0.5935) LR 9.78e-04   (AvgTime 1.2)   
   [Train] sup_loss:0.308321 lv_loss:0.078118 epi_loss:0.000007 total_loss:0.323945 pseudo_update_count:643669
   [Train] Epoch: [12][220/358]  Loss:0.431 (Avg 0.3239) IoU:0.333 (Avg 0.4615) Dice:0.4642 (Avg 0.5938) LR 9.78e-04   (AvgTime 1.2)   
   [Train] sup_loss:0.413095 lv_loss:0.087360 epi_loss:0.000012 total_loss:0.430568 pseudo_update_count:690350
   [Train] Epoch: [12][240/358]  Loss:0.284 (Avg 0.3213) IoU:0.373 (Avg 0.4638) Dice:0.4847 (Avg 0.5959) LR 9.78e-04   (AvgTime 1.2)   
   [Train] sup_loss:0.271724 lv_loss:0.063023 epi_loss:0.000010 total_loss:0.284329 pseudo_update_count:545851
   [Train] Epoch: [12][260/358]  Loss:0.429 (Avg 0.3184) IoU:0.456 (Avg 0.4664) Dice:0.5947 (Avg 0.5989) LR 9.78e-04   (AvgTime 1.2)   
   [Train] sup_loss:0.415541 lv_loss:0.066647 epi_loss:0.000013 total_loss:0.428871 pseudo_update_count:694597
   [Train] Epoch: [12][280/358]  Loss:0.363 (Avg 0.3161) IoU:0.528 (Avg 0.4682) Dice:0.6701 (Avg 0.6006) LR 9.78e-04   (AvgTime 1.2)   
   [Train] sup_loss:0.349552 lv_loss:0.065396 epi_loss:0.000011 total_loss:0.362632 pseudo_update_count:347559
   [Train] Epoch: [12][300/358]  Loss:0.208 (Avg 0.3153) IoU:0.458 (Avg 0.4698) Dice:0.6032 (Avg 0.6023) LR 9.78e-04   (AvgTime 1.2)   
   [Train] sup_loss:0.193431 lv_loss:0.071187 epi_loss:0.000010 total_loss:0.207669 pseudo_update_count:645457
   [Train] Epoch: [12][320/358]  Loss:0.382 (Avg 0.3148) IoU:0.413 (Avg 0.4710) Dice:0.5419 (Avg 0.6032) LR 9.78e-04   (AvgTime 1.2)   
   [Train] sup_loss:0.366317 lv_loss:0.076976 epi_loss:0.000010 total_loss:0.381713 pseudo_update_count:643792
   [Train] Epoch: [12][340/358]  Loss:0.307 (Avg 0.3125) IoU:0.446 (Avg 0.4713) Dice:0.5892 (Avg 0.6038) LR 9.78e-04   (AvgTime 1.2)   
   [Train] sup_loss:0.290492 lv_loss:0.080172 epi_loss:0.000008 total_loss:0.306527 pseudo_update_count:544535
[Train-Epoch-Metrics] epoch=12 sup_loss:0.296927 lv_loss:0.071670 epi_loss:0.000011 total_loss:0.311261 pseudo_update_count:212490048 labeled_seen:1429 unlabeled_seen:4287 Dice:0.604256 IoU:0.471720
Validation
   [Val] Epoch: [12][20/90]  Loss:0.302 (Avg 0.3341) IoU:0.501 (Avg 0.4296) Dice:0.6395 (Avg 0.5671) (AvgTime 0.5)   
   [Val] sup_loss:0.301667 lv_loss:0.000000 epi_loss:0.000000 total_loss:0.301667 pseudo_update_count:0
   [Val] Epoch: [12][40/90]  Loss:0.282 (Avg 0.3331) IoU:0.485 (Avg 0.4322) Dice:0.6211 (Avg 0.5693) (AvgTime 0.5)   
   [Val] sup_loss:0.281679 lv_loss:0.000000 epi_loss:0.000000 total_loss:0.281679 pseudo_update_count:0
   [Val] Epoch: [12][60/90]  Loss:0.320 (Avg 0.3334) IoU:0.427 (Avg 0.4295) Dice:0.5797 (Avg 0.5675) (AvgTime 0.5)   
   [Val] sup_loss:0.319747 lv_loss:0.000000 epi_loss:0.000000 total_loss:0.319747 pseudo_update_count:0
   [Val] Epoch: [12][80/90]  Loss:0.266 (Avg 0.3366) IoU:0.505 (Avg 0.4311) Dice:0.6440 (Avg 0.5680) (AvgTime 0.5)   
   [Val] sup_loss:0.265958 lv_loss:0.000000 epi_loss:0.000000 total_loss:0.265958 pseudo_update_count:0
[Val-Epoch-Metrics] epoch=12 sup_loss:0.335507 lv_loss:0.000000 epi_loss:0.000000 total_loss:0.335507 pseudo_update_count:0 labeled_seen:1429 unlabeled_seen:0 Dice:0.568425 IoU:0.431440
	 Mean dice:0.5684 does not increase, the best is still: 0.6527 in epoch 10
	 early_stopping_count: 2/100000

========= Epoch [13/81] =========
QaTa_Covid19_LViT_25pct_labels
Training with batch size : 16
[SemiSup] subset_ratio=0.2500 labeled_name_count=1429
   [Train] Epoch: [13][20/358]  Loss:0.280 (Avg 0.3207) IoU:0.464 (Avg 0.4744) Dice:0.6075 (Avg 0.6071) LR 9.14e-04   (AvgTime 1.2)   
   [Train] sup_loss:0.264721 lv_loss:0.074437 epi_loss:0.000013 total_loss:0.279609 pseudo_update_count:593945
   [Train] Epoch: [13][40/358]  Loss:0.289 (Avg 0.3004) IoU:0.551 (Avg 0.4862) Dice:0.6624 (Avg 0.6204) LR 9.14e-04   (AvgTime 1.2)   
   [Train] sup_loss:0.276878 lv_loss:0.059067 epi_loss:0.000010 total_loss:0.288692 pseudo_update_count:497082
   [Train] Epoch: [13][60/358]  Loss:0.189 (Avg 0.3023) IoU:0.364 (Avg 0.4862) Dice:0.4801 (Avg 0.6199) LR 9.14e-04   (AvgTime 1.2)   
   [Train] sup_loss:0.174357 lv_loss:0.074347 epi_loss:0.000009 total_loss:0.189227 pseudo_update_count:644677
   [Train] Epoch: [13][80/358]  Loss:0.410 (Avg 0.3143) IoU:0.601 (Avg 0.4839) Dice:0.7241 (Avg 0.6172) LR 9.14e-04   (AvgTime 1.2)   
   [Train] sup_loss:0.396005 lv_loss:0.069309 epi_loss:0.000008 total_loss:0.409867 pseudo_update_count:496745
   [Train] Epoch: [13][100/358]  Loss:0.289 (Avg 0.3121) IoU:0.474 (Avg 0.4803) Dice:0.6081 (Avg 0.6129) LR 9.14e-04   (AvgTime 1.2)   
   [Train] sup_loss:0.274733 lv_loss:0.072325 epi_loss:0.000012 total_loss:0.289198 pseudo_update_count:743531
   [Train] Epoch: [13][120/358]  Loss:0.242 (Avg 0.3127) IoU:0.475 (Avg 0.4847) Dice:0.6114 (Avg 0.6164) LR 9.14e-04   (AvgTime 1.2)   
   [Train] sup_loss:0.227019 lv_loss:0.073728 epi_loss:0.000013 total_loss:0.241766 pseudo_update_count:495546
   [Train] Epoch: [13][140/358]  Loss:0.377 (Avg 0.3148) IoU:0.444 (Avg 0.4816) Dice:0.5971 (Avg 0.6133) LR 9.14e-04   (AvgTime 1.2)   
   [Train] sup_loss:0.363620 lv_loss:0.066295 epi_loss:0.000008 total_loss:0.376879 pseudo_update_count:595852
   [Train] Epoch: [13][160/358]  Loss:0.242 (Avg 0.3138) IoU:0.555 (Avg 0.4835) Dice:0.6920 (Avg 0.6154) LR 9.14e-04   (AvgTime 1.2)   
   [Train] sup_loss:0.227534 lv_loss:0.070139 epi_loss:0.000011 total_loss:0.241563 pseudo_update_count:744458
   [Train] Epoch: [13][180/358]  Loss:0.403 (Avg 0.3118) IoU:0.420 (Avg 0.4820) Dice:0.5545 (Avg 0.6135) LR 9.14e-04   (AvgTime 1.2)   
   [Train] sup_loss:0.389948 lv_loss:0.063674 epi_loss:0.000010 total_loss:0.402684 pseudo_update_count:645231
   [Train] Epoch: [13][200/358]  Loss:0.260 (Avg 0.3077) IoU:0.430 (Avg 0.4827) Dice:0.5636 (Avg 0.6141) LR 9.14e-04   (AvgTime 1.2)   
   [Train] sup_loss:0.246213 lv_loss:0.067091 epi_loss:0.000011 total_loss:0.259631 pseudo_update_count:694469
   [Train] Epoch: [13][220/358]  Loss:0.235 (Avg 0.3093) IoU:0.551 (Avg 0.4824) Dice:0.6785 (Avg 0.6133) LR 9.14e-04   (AvgTime 1.2)   
   [Train] sup_loss:0.221751 lv_loss:0.067854 epi_loss:0.000013 total_loss:0.235323 pseudo_update_count:644916
   [Train] Epoch: [13][240/358]  Loss:0.298 (Avg 0.3088) IoU:0.370 (Avg 0.4815) Dice:0.4909 (Avg 0.6123) LR 9.14e-04   (AvgTime 1.2)   
   [Train] sup_loss:0.283578 lv_loss:0.071035 epi_loss:0.000009 total_loss:0.297785 pseudo_update_count:643492
   [Train] Epoch: [13][260/358]  Loss:0.337 (Avg 0.3082) IoU:0.380 (Avg 0.4825) Dice:0.5383 (Avg 0.6134) LR 9.14e-04   (AvgTime 1.2)   
   [Train] sup_loss:0.322239 lv_loss:0.074437 epi_loss:0.000011 total_loss:0.337127 pseudo_update_count:594651
   [Train] Epoch: [13][280/358]  Loss:0.461 (Avg 0.3074) IoU:0.373 (Avg 0.4840) Dice:0.4918 (Avg 0.6150) LR 9.14e-04   (AvgTime 1.2)   
   [Train] sup_loss:0.448310 lv_loss:0.061412 epi_loss:0.000012 total_loss:0.460592 pseudo_update_count:594851
   [Train] Epoch: [13][300/358]  Loss:0.407 (Avg 0.3061) IoU:0.483 (Avg 0.4858) Dice:0.6185 (Avg 0.6168) LR 9.14e-04   (AvgTime 1.2)   
   [Train] sup_loss:0.393889 lv_loss:0.064871 epi_loss:0.000009 total_loss:0.406864 pseudo_update_count:594248
   [Train] Epoch: [13][320/358]  Loss:0.294 (Avg 0.3059) IoU:0.422 (Avg 0.4866) Dice:0.5461 (Avg 0.6176) LR 9.14e-04   (AvgTime 1.2)   
   [Train] sup_loss:0.281285 lv_loss:0.062175 epi_loss:0.000009 total_loss:0.293720 pseudo_update_count:496944
   [Train] Epoch: [13][340/358]  Loss:0.418 (Avg 0.3050) IoU:0.416 (Avg 0.4870) Dice:0.5528 (Avg 0.6183) LR 9.14e-04   (AvgTime 1.2)   
   [Train] sup_loss:0.402620 lv_loss:0.078532 epi_loss:0.000015 total_loss:0.418327 pseudo_update_count:545298
[Train-Epoch-Metrics] epoch=13 sup_loss:0.291273 lv_loss:0.069310 epi_loss:0.000011 total_loss:0.305136 pseudo_update_count:212635358 labeled_seen:1429 unlabeled_seen:4287 Dice:0.619241 IoU:0.488218
Validation
   [Val] Epoch: [13][20/90]  Loss:0.270 (Avg 0.3109) IoU:0.506 (Avg 0.4635) Dice:0.6416 (Avg 0.5917) (AvgTime 0.6)   
   [Val] sup_loss:0.270359 lv_loss:0.000000 epi_loss:0.000000 total_loss:0.270359 pseudo_update_count:0
   [Val] Epoch: [13][40/90]  Loss:0.306 (Avg 0.3079) IoU:0.474 (Avg 0.4730) Dice:0.6213 (Avg 0.6026) (AvgTime 0.5)   
   [Val] sup_loss:0.305807 lv_loss:0.000000 epi_loss:0.000000 total_loss:0.305807 pseudo_update_count:0
   [Val] Epoch: [13][60/90]  Loss:0.226 (Avg 0.3031) IoU:0.600 (Avg 0.4795) Dice:0.7127 (Avg 0.6072) (AvgTime 0.5)   
   [Val] sup_loss:0.226059 lv_loss:0.000000 epi_loss:0.000000 total_loss:0.226059 pseudo_update_count:0
   [Val] Epoch: [13][80/90]  Loss:0.257 (Avg 0.3061) IoU:0.572 (Avg 0.4773) Dice:0.6861 (Avg 0.6049) (AvgTime 0.5)   
   [Val] sup_loss:0.256695 lv_loss:0.000000 epi_loss:0.000000 total_loss:0.256695 pseudo_update_count:0
[Val-Epoch-Metrics] epoch=13 sup_loss:0.305495 lv_loss:0.000000 epi_loss:0.000000 total_loss:0.305495 pseudo_update_count:0 labeled_seen:1429 unlabeled_seen:0 Dice:0.605623 IoU:0.477922
	 Mean dice:0.6056 does not increase, the best is still: 0.6527 in epoch 10
	 early_stopping_count: 3/100000

========= Epoch [14/81] =========
QaTa_Covid19_LViT_25pct_labels
Training with batch size : 16
[SemiSup] subset_ratio=0.2500 labeled_name_count=1429
   [Train] Epoch: [14][20/358]  Loss:0.395 (Avg 0.2940) IoU:0.505 (Avg 0.4957) Dice:0.6421 (Avg 0.6272) LR 8.15e-04   (AvgTime 1.2)   
   [Train] sup_loss:0.380225 lv_loss:0.074859 epi_loss:0.000011 total_loss:0.395197 pseudo_update_count:544963
   [Train] Epoch: [14][40/358]  Loss:0.264 (Avg 0.2991) IoU:0.455 (Avg 0.4930) Dice:0.5986 (Avg 0.6245) LR 8.15e-04   (AvgTime 1.2)   
   [Train] sup_loss:0.250088 lv_loss:0.068894 epi_loss:0.000008 total_loss:0.263868 pseudo_update_count:694607
   [Train] Epoch: [14][60/358]  Loss:0.240 (Avg 0.2856) IoU:0.562 (Avg 0.4923) Dice:0.6934 (Avg 0.6238) LR 8.15e-04   (AvgTime 1.2)   
   [Train] sup_loss:0.228858 lv_loss:0.055186 epi_loss:0.000013 total_loss:0.239896 pseudo_update_count:496650
   [Train] Epoch: [14][80/358]  Loss:0.288 (Avg 0.2926) IoU:0.538 (Avg 0.4923) Dice:0.6793 (Avg 0.6241) LR 8.15e-04   (AvgTime 1.2)   
   [Train] sup_loss:0.274174 lv_loss:0.067292 epi_loss:0.000012 total_loss:0.287633 pseudo_update_count:546146
   [Train] Epoch: [14][100/358]  Loss:0.138 (Avg 0.2884) IoU:0.466 (Avg 0.4950) Dice:0.5934 (Avg 0.6269) LR 8.15e-04   (AvgTime 1.2)   
   [Train] sup_loss:0.125427 lv_loss:0.062207 epi_loss:0.000012 total_loss:0.137869 pseudo_update_count:696145
   [Train] Epoch: [14][120/358]  Loss:0.267 (Avg 0.2927) IoU:0.545 (Avg 0.4967) Dice:0.6804 (Avg 0.6281) LR 8.15e-04   (AvgTime 1.2)   
   [Train] sup_loss:0.254340 lv_loss:0.062897 epi_loss:0.000012 total_loss:0.266920 pseudo_update_count:645848
   [Train] Epoch: [14][140/358]  Loss:0.235 (Avg 0.2934) IoU:0.482 (Avg 0.4981) Dice:0.6122 (Avg 0.6302) LR 8.15e-04   (AvgTime 1.2)   
   [Train] sup_loss:0.221720 lv_loss:0.068077 epi_loss:0.000011 total_loss:0.235336 pseudo_update_count:544954
   [Train] Epoch: [14][160/358]  Loss:0.435 (Avg 0.2983) IoU:0.368 (Avg 0.4971) Dice:0.5137 (Avg 0.6291) LR 8.15e-04   (AvgTime 1.2)   
   [Train] sup_loss:0.420476 lv_loss:0.074657 epi_loss:0.000012 total_loss:0.435408 pseudo_update_count:741283
   [Train] Epoch: [14][180/358]  Loss:0.327 (Avg 0.3017) IoU:0.440 (Avg 0.4962) Dice:0.5704 (Avg 0.6280) LR 8.15e-04   (AvgTime 1.2)   
   [Train] sup_loss:0.311306 lv_loss:0.078716 epi_loss:0.000010 total_loss:0.327049 pseudo_update_count:494276
   [Train] Epoch: [14][200/358]  Loss:0.345 (Avg 0.3003) IoU:0.470 (Avg 0.4971) Dice:0.6034 (Avg 0.6289) LR 8.15e-04   (AvgTime 1.2)   
   [Train] sup_loss:0.332709 lv_loss:0.063857 epi_loss:0.000012 total_loss:0.345481 pseudo_update_count:595467
   [Train] Epoch: [14][220/358]  Loss:0.196 (Avg 0.2958) IoU:0.523 (Avg 0.4991) Dice:0.6333 (Avg 0.6306) LR 8.15e-04   (AvgTime 1.2)   
   [Train] sup_loss:0.184175 lv_loss:0.059090 epi_loss:0.000015 total_loss:0.195994 pseudo_update_count:497225
   [Train] Epoch: [14][240/358]  Loss:0.245 (Avg 0.2932) IoU:0.499 (Avg 0.5006) Dice:0.6085 (Avg 0.6318) LR 8.15e-04   (AvgTime 1.2)   
   [Train] sup_loss:0.232062 lv_loss:0.062266 epi_loss:0.000009 total_loss:0.244516 pseudo_update_count:646408
   [Train] Epoch: [14][260/358]  Loss:0.218 (Avg 0.2917) IoU:0.595 (Avg 0.5006) Dice:0.7253 (Avg 0.6321) LR 8.15e-04   (AvgTime 1.2)   
   [Train] sup_loss:0.205853 lv_loss:0.060229 epi_loss:0.000007 total_loss:0.217899 pseudo_update_count:496580
   [Train] Epoch: [14][280/358]  Loss:0.417 (Avg 0.2892) IoU:0.484 (Avg 0.5015) Dice:0.6293 (Avg 0.6324) LR 8.15e-04   (AvgTime 1.2)   
   [Train] sup_loss:0.404912 lv_loss:0.061905 epi_loss:0.000013 total_loss:0.417294 pseudo_update_count:645467
   [Train] Epoch: [14][300/358]  Loss:0.339 (Avg 0.2893) IoU:0.307 (Avg 0.5000) Dice:0.4341 (Avg 0.6311) LR 8.15e-04   (AvgTime 1.2)   
   [Train] sup_loss:0.327610 lv_loss:0.058093 epi_loss:0.000009 total_loss:0.339230 pseudo_update_count:646431
   [Train] Epoch: [14][320/358]  Loss:0.259 (Avg 0.2899) IoU:0.541 (Avg 0.5008) Dice:0.6759 (Avg 0.6320) LR 8.15e-04   (AvgTime 1.2)   
   [Train] sup_loss:0.247435 lv_loss:0.058993 epi_loss:0.000013 total_loss:0.259235 pseudo_update_count:596347
   [Train] Epoch: [14][340/358]  Loss:0.391 (Avg 0.2892) IoU:0.402 (Avg 0.5011) Dice:0.5252 (Avg 0.6322) LR 8.15e-04   (AvgTime 1.2)   
   [Train] sup_loss:0.378869 lv_loss:0.059682 epi_loss:0.000012 total_loss:0.390806 pseudo_update_count:397167
[Train-Epoch-Metrics] epoch=14 sup_loss:0.275133 lv_loss:0.065226 epi_loss:0.000011 total_loss:0.288179 pseudo_update_count:212768327 labeled_seen:1429 unlabeled_seen:4287 Dice:0.632000 IoU:0.500848
Validation
   [Val] Epoch: [14][20/90]  Loss:0.335 (Avg 0.3041) IoU:0.467 (Avg 0.5163) Dice:0.6041 (Avg 0.6442) (AvgTime 0.5)   
   [Val] sup_loss:0.335336 lv_loss:0.000000 epi_loss:0.000000 total_loss:0.335336 pseudo_update_count:0
   [Val] Epoch: [14][40/90]  Loss:0.252 (Avg 0.3149) IoU:0.591 (Avg 0.4968) Dice:0.7211 (Avg 0.6258) (AvgTime 0.5)   
   [Val] sup_loss:0.251889 lv_loss:0.000000 epi_loss:0.000000 total_loss:0.251889 pseudo_update_count:0
   [Val] Epoch: [14][60/90]  Loss:0.317 (Avg 0.3166) IoU:0.522 (Avg 0.5038) Dice:0.6454 (Avg 0.6336) (AvgTime 0.5)   
   [Val] sup_loss:0.316936 lv_loss:0.000000 epi_loss:0.000000 total_loss:0.316936 pseudo_update_count:0
   [Val] Epoch: [14][80/90]  Loss:0.244 (Avg 0.3133) IoU:0.576 (Avg 0.5069) Dice:0.7128 (Avg 0.6361) (AvgTime 0.5)   
   [Val] sup_loss:0.244245 lv_loss:0.000000 epi_loss:0.000000 total_loss:0.244245 pseudo_update_count:0
[Val-Epoch-Metrics] epoch=14 sup_loss:0.310501 lv_loss:0.000000 epi_loss:0.000000 total_loss:0.310501 pseudo_update_count:0 labeled_seen:1429 unlabeled_seen:0 Dice:0.639396 IoU:0.510143
	 Mean dice:0.6394 does not increase, the best is still: 0.6527 in epoch 10
	 early_stopping_count: 4/100000

========= Epoch [15/81] =========
QaTa_Covid19_LViT_25pct_labels
Training with batch size : 16
[SemiSup] subset_ratio=0.2500 labeled_name_count=1429
   [Train] Epoch: [15][20/358]  Loss:0.208 (Avg 0.2743) IoU:0.454 (Avg 0.5098) Dice:0.5853 (Avg 0.6378) LR 6.89e-04   (AvgTime 1.2)   
   [Train] sup_loss:0.194857 lv_loss:0.067293 epi_loss:0.000010 total_loss:0.208317 pseudo_update_count:645260
   [Train] Epoch: [15][40/358]  Loss:0.294 (Avg 0.2780) IoU:0.548 (Avg 0.5010) Dice:0.6891 (Avg 0.6278) LR 6.89e-04   (AvgTime 1.2)   
   [Train] sup_loss:0.280151 lv_loss:0.069032 epi_loss:0.000009 total_loss:0.293957 pseudo_update_count:644093
   [Train] Epoch: [15][60/358]  Loss:0.283 (Avg 0.2722) IoU:0.485 (Avg 0.5151) Dice:0.6228 (Avg 0.6430) LR 6.89e-04   (AvgTime 1.2)   
   [Train] sup_loss:0.271523 lv_loss:0.055823 epi_loss:0.000012 total_loss:0.282688 pseudo_update_count:398211
   [Train] Epoch: [15][80/358]  Loss:0.197 (Avg 0.2696) IoU:0.603 (Avg 0.5116) Dice:0.7369 (Avg 0.6402) LR 6.89e-04   (AvgTime 1.2)   
   [Train] sup_loss:0.186583 lv_loss:0.053981 epi_loss:0.000013 total_loss:0.197380 pseudo_update_count:547364
   [Train] Epoch: [15][100/358]  Loss:0.343 (Avg 0.2810) IoU:0.485 (Avg 0.5153) Dice:0.6227 (Avg 0.6438) LR 6.89e-04   (AvgTime 1.2)   
   [Train] sup_loss:0.328383 lv_loss:0.072614 epi_loss:0.000009 total_loss:0.342906 pseudo_update_count:494924
   [Train] Epoch: [15][120/358]  Loss:0.323 (Avg 0.2836) IoU:0.458 (Avg 0.5106) Dice:0.5872 (Avg 0.6392) LR 6.89e-04   (AvgTime 1.2)   
   [Train] sup_loss:0.306339 lv_loss:0.081038 epi_loss:0.000011 total_loss:0.322547 pseudo_update_count:594626
   [Train] Epoch: [15][140/358]  Loss:0.294 (Avg 0.2821) IoU:0.508 (Avg 0.5097) Dice:0.6521 (Avg 0.6384) LR 6.89e-04   (AvgTime 1.2)   
   [Train] sup_loss:0.280426 lv_loss:0.068551 epi_loss:0.000010 total_loss:0.294137 pseudo_update_count:595721
   [Train] Epoch: [15][160/358]  Loss:0.277 (Avg 0.2820) IoU:0.539 (Avg 0.5096) Dice:0.6841 (Avg 0.6388) LR 6.89e-04   (AvgTime 1.2)   
   [Train] sup_loss:0.263999 lv_loss:0.066201 epi_loss:0.000011 total_loss:0.277240 pseudo_update_count:496629
   [Train] Epoch: [15][180/358]  Loss:0.506 (Avg 0.2801) IoU:0.518 (Avg 0.5102) Dice:0.6453 (Avg 0.6391) LR 6.89e-04   (AvgTime 1.2)   
   [Train] sup_loss:0.494750 lv_loss:0.055303 epi_loss:0.000011 total_loss:0.505811 pseudo_update_count:696397
   [Train] Epoch: [15][200/358]  Loss:0.269 (Avg 0.2786) IoU:0.569 (Avg 0.5093) Dice:0.6885 (Avg 0.6388) LR 6.89e-04   (AvgTime 1.2)   
   [Train] sup_loss:0.257068 lv_loss:0.060324 epi_loss:0.000011 total_loss:0.269133 pseudo_update_count:546585
   [Train] Epoch: [15][220/358]  Loss:0.239 (Avg 0.2783) IoU:0.539 (Avg 0.5084) Dice:0.6627 (Avg 0.6381) LR 6.89e-04   (AvgTime 1.2)   
   [Train] sup_loss:0.226821 lv_loss:0.058554 epi_loss:0.000009 total_loss:0.238532 pseudo_update_count:496801
   [Train] Epoch: [15][240/358]  Loss:0.260 (Avg 0.2769) IoU:0.477 (Avg 0.5088) Dice:0.6133 (Avg 0.6389) LR 6.89e-04   (AvgTime 1.2)   
   [Train] sup_loss:0.247992 lv_loss:0.058198 epi_loss:0.000011 total_loss:0.259632 pseudo_update_count:646383
   [Train] Epoch: [15][260/358]  Loss:0.258 (Avg 0.2772) IoU:0.649 (Avg 0.5082) Dice:0.7757 (Avg 0.6384) LR 6.89e-04   (AvgTime 1.2)   
   [Train] sup_loss:0.246774 lv_loss:0.056463 epi_loss:0.000010 total_loss:0.258067 pseudo_update_count:646514
   [Train] Epoch: [15][280/358]  Loss:0.268 (Avg 0.2781) IoU:0.617 (Avg 0.5085) Dice:0.7415 (Avg 0.6386) LR 6.89e-04   (AvgTime 1.2)   
   [Train] sup_loss:0.255129 lv_loss:0.065113 epi_loss:0.000013 total_loss:0.268153 pseudo_update_count:595521
   [Train] Epoch: [15][300/358]  Loss:0.240 (Avg 0.2802) IoU:0.611 (Avg 0.5080) Dice:0.7383 (Avg 0.6379) LR 6.89e-04   (AvgTime 1.2)   
   [Train] sup_loss:0.225841 lv_loss:0.069036 epi_loss:0.000014 total_loss:0.239649 pseudo_update_count:545176
   [Train] Epoch: [15][320/358]  Loss:0.302 (Avg 0.2797) IoU:0.454 (Avg 0.5078) Dice:0.5823 (Avg 0.6379) LR 6.89e-04   (AvgTime 1.2)   
   [Train] sup_loss:0.287996 lv_loss:0.068390 epi_loss:0.000013 total_loss:0.301674 pseudo_update_count:495412
   [Train] Epoch: [15][340/358]  Loss:0.374 (Avg 0.2794) IoU:0.458 (Avg 0.5086) Dice:0.5993 (Avg 0.6387) LR 6.89e-04   (AvgTime 1.2)   
   [Train] sup_loss:0.364672 lv_loss:0.047099 epi_loss:0.000017 total_loss:0.374093 pseudo_update_count:498111
[Train-Epoch-Metrics] epoch=15 sup_loss:0.268705 lv_loss:0.062257 epi_loss:0.000011 total_loss:0.281157 pseudo_update_count:212896351 labeled_seen:1429 unlabeled_seen:4287 Dice:0.638162 IoU:0.508005
Validation
   [Val] Epoch: [15][20/90]  Loss:0.324 (Avg 0.2751) IoU:0.424 (Avg 0.5134) Dice:0.5501 (Avg 0.6424) (AvgTime 0.5)   
   [Val] sup_loss:0.323806 lv_loss:0.000000 epi_loss:0.000000 total_loss:0.323806 pseudo_update_count:0
   [Val] Epoch: [15][40/90]  Loss:0.320 (Avg 0.2830) IoU:0.441 (Avg 0.5119) Dice:0.5769 (Avg 0.6422) (AvgTime 0.5)   
   [Val] sup_loss:0.319751 lv_loss:0.000000 epi_loss:0.000000 total_loss:0.319751 pseudo_update_count:0
   [Val] Epoch: [15][60/90]  Loss:0.291 (Avg 0.2797) IoU:0.486 (Avg 0.5120) Dice:0.6142 (Avg 0.6421) (AvgTime 0.5)   
   [Val] sup_loss:0.291013 lv_loss:0.000000 epi_loss:0.000000 total_loss:0.291013 pseudo_update_count:0
   [Val] Epoch: [15][80/90]  Loss:0.291 (Avg 0.2799) IoU:0.505 (Avg 0.5117) Dice:0.6173 (Avg 0.6410) (AvgTime 0.5)   
   [Val] sup_loss:0.291129 lv_loss:0.000000 epi_loss:0.000000 total_loss:0.291129 pseudo_update_count:0
[Val-Epoch-Metrics] epoch=15 sup_loss:0.277886 lv_loss:0.000000 epi_loss:0.000000 total_loss:0.277886 pseudo_update_count:0 labeled_seen:1429 unlabeled_seen:0 Dice:0.643658 IoU:0.514061
	 Mean dice:0.6437 does not increase, the best is still: 0.6527 in epoch 10
	 early_stopping_count: 5/100000

========= Epoch [16/81] =========
QaTa_Covid19_LViT_25pct_labels
Training with batch size : 16
[SemiSup] subset_ratio=0.2500 labeled_name_count=1429
   [Train] Epoch: [16][20/358]  Loss:0.204 (Avg 0.2864) IoU:0.490 (Avg 0.5097) Dice:0.6236 (Avg 0.6375) LR 5.50e-04   (AvgTime 1.2)   
   [Train] sup_loss:0.191985 lv_loss:0.061656 epi_loss:0.000008 total_loss:0.204317 pseudo_update_count:695889
   [Train] Epoch: [16][40/358]  Loss:0.219 (Avg 0.2912) IoU:0.559 (Avg 0.5104) Dice:0.6938 (Avg 0.6382) LR 5.50e-04   (AvgTime 1.2)   
   [Train] sup_loss:0.206136 lv_loss:0.066655 epi_loss:0.000012 total_loss:0.219468 pseudo_update_count:596329
   [Train] Epoch: [16][60/358]  Loss:0.267 (Avg 0.2729) IoU:0.427 (Avg 0.5204) Dice:0.5719 (Avg 0.6485) LR 5.50e-04   (AvgTime 1.2)   
   [Train] sup_loss:0.254056 lv_loss:0.065210 epi_loss:0.000007 total_loss:0.267099 pseudo_update_count:446688
   [Train] Epoch: [16][80/358]  Loss:0.095 (Avg 0.2781) IoU:0.432 (Avg 0.5202) Dice:0.5564 (Avg 0.6487) LR 5.50e-04   (AvgTime 1.2)   
   [Train] sup_loss:0.082753 lv_loss:0.061514 epi_loss:0.000013 total_loss:0.095056 pseudo_update_count:745518
   [Train] Epoch: [16][100/358]  Loss:0.110 (Avg 0.2805) IoU:0.669 (Avg 0.5181) Dice:0.7958 (Avg 0.6470) LR 5.50e-04   (AvgTime 1.2)   
   [Train] sup_loss:0.096335 lv_loss:0.066756 epi_loss:0.000013 total_loss:0.109687 pseudo_update_count:745913
   [Train] Epoch: [16][120/358]  Loss:0.418 (Avg 0.2844) IoU:0.353 (Avg 0.5131) Dice:0.4660 (Avg 0.6424) LR 5.50e-04   (AvgTime 1.2)   
   [Train] sup_loss:0.404259 lv_loss:0.071164 epi_loss:0.000009 total_loss:0.418492 pseudo_update_count:644611
   [Train] Epoch: [16][140/358]  Loss:0.317 (Avg 0.2822) IoU:0.621 (Avg 0.5175) Dice:0.7430 (Avg 0.6468) LR 5.50e-04   (AvgTime 1.2)   
   [Train] sup_loss:0.305716 lv_loss:0.054190 epi_loss:0.000013 total_loss:0.316555 pseudo_update_count:547198
   [Train] Epoch: [16][160/358]  Loss:0.224 (Avg 0.2810) IoU:0.471 (Avg 0.5159) Dice:0.6025 (Avg 0.6454) LR 5.50e-04   (AvgTime 1.2)   
   [Train] sup_loss:0.212078 lv_loss:0.059803 epi_loss:0.000011 total_loss:0.224039 pseudo_update_count:447317
   [Train] Epoch: [16][180/358]  Loss:0.245 (Avg 0.2799) IoU:0.566 (Avg 0.5168) Dice:0.6943 (Avg 0.6462) LR 5.50e-04   (AvgTime 1.2)   
   [Train] sup_loss:0.233428 lv_loss:0.059265 epi_loss:0.000010 total_loss:0.245281 pseudo_update_count:546928
   [Train] Epoch: [16][200/358]  Loss:0.243 (Avg 0.2806) IoU:0.561 (Avg 0.5167) Dice:0.6812 (Avg 0.6460) LR 5.50e-04   (AvgTime 1.2)   
   [Train] sup_loss:0.231698 lv_loss:0.057462 epi_loss:0.000009 total_loss:0.243191 pseudo_update_count:497345
   [Train] Epoch: [16][220/358]  Loss:0.300 (Avg 0.2812) IoU:0.497 (Avg 0.5174) Dice:0.6322 (Avg 0.6468) LR 5.50e-04   (AvgTime 1.2)   
   [Train] sup_loss:0.284554 lv_loss:0.079085 epi_loss:0.000010 total_loss:0.300372 pseudo_update_count:445493
   [Train] Epoch: [16][240/358]  Loss:0.410 (Avg 0.2789) IoU:0.433 (Avg 0.5174) Dice:0.5631 (Avg 0.6469) LR 5.50e-04   (AvgTime 1.2)   
   [Train] sup_loss:0.396400 lv_loss:0.069852 epi_loss:0.000011 total_loss:0.410371 pseudo_update_count:595045
   [Train] Epoch: [16][260/358]  Loss:0.123 (Avg 0.2777) IoU:0.608 (Avg 0.5181) Dice:0.7417 (Avg 0.6480) LR 5.50e-04   (AvgTime 1.2)   
   [Train] sup_loss:0.109905 lv_loss:0.065286 epi_loss:0.000012 total_loss:0.122962 pseudo_update_count:645285
   [Train] Epoch: [16][280/358]  Loss:0.374 (Avg 0.2773) IoU:0.461 (Avg 0.5164) Dice:0.6016 (Avg 0.6463) LR 5.50e-04   (AvgTime 1.2)   
   [Train] sup_loss:0.362981 lv_loss:0.057135 epi_loss:0.000010 total_loss:0.374408 pseudo_update_count:745455
   [Train] Epoch: [16][300/358]  Loss:0.013 (Avg 0.2752) IoU:0.518 (Avg 0.5189) Dice:0.6522 (Avg 0.6486) LR 5.50e-04   (AvgTime 1.2)   
   [Train] sup_loss:0.000000 lv_loss:0.064059 epi_loss:0.000011 total_loss:0.012812 pseudo_update_count:792570
   [Train] Epoch: [16][320/358]  Loss:0.281 (Avg 0.2772) IoU:0.510 (Avg 0.5183) Dice:0.6445 (Avg 0.6480) LR 5.50e-04   (AvgTime 1.2)   
   [Train] sup_loss:0.267450 lv_loss:0.067672 epi_loss:0.000012 total_loss:0.280985 pseudo_update_count:396909
   [Train] Epoch: [16][340/358]  Loss:0.209 (Avg 0.2762) IoU:0.545 (Avg 0.5189) Dice:0.6651 (Avg 0.6487) LR 5.50e-04   (AvgTime 1.2)   
   [Train] sup_loss:0.198273 lv_loss:0.055199 epi_loss:0.000013 total_loss:0.209314 pseudo_update_count:496951
[Train-Epoch-Metrics] epoch=16 sup_loss:0.262375 lv_loss:0.061463 epi_loss:0.000011 total_loss:0.274668 pseudo_update_count:212960800 labeled_seen:1429 unlabeled_seen:4287 Dice:0.649355 IoU:0.519565
Validation
   [Val] Epoch: [16][20/90]  Loss:0.220 (Avg 0.2437) IoU:0.601 (Avg 0.5499) Dice:0.7227 (Avg 0.6771) (AvgTime 0.5)   
   [Val] sup_loss:0.219509 lv_loss:0.000000 epi_loss:0.000000 total_loss:0.219509 pseudo_update_count:0
   [Val] Epoch: [16][40/90]  Loss:0.238 (Avg 0.2474) IoU:0.567 (Avg 0.5513) Dice:0.6907 (Avg 0.6768) (AvgTime 0.5)   
   [Val] sup_loss:0.238337 lv_loss:0.000000 epi_loss:0.000000 total_loss:0.238337 pseudo_update_count:0
   [Val] Epoch: [16][60/90]  Loss:0.257 (Avg 0.2527) IoU:0.536 (Avg 0.5433) Dice:0.6543 (Avg 0.6696) (AvgTime 0.5)   
   [Val] sup_loss:0.257456 lv_loss:0.000000 epi_loss:0.000000 total_loss:0.257456 pseudo_update_count:0
   [Val] Epoch: [16][80/90]  Loss:0.300 (Avg 0.2514) IoU:0.579 (Avg 0.5477) Dice:0.7024 (Avg 0.6742) (AvgTime 0.5)   
   [Val] sup_loss:0.300021 lv_loss:0.000000 epi_loss:0.000000 total_loss:0.300021 pseudo_update_count:0
[Val-Epoch-Metrics] epoch=16 sup_loss:0.251678 lv_loss:0.000000 epi_loss:0.000000 total_loss:0.251678 pseudo_update_count:0 labeled_seen:1429 unlabeled_seen:0 Dice:0.673594 IoU:0.547713
	 Saving best model, mean dice increased from: 0.6527 to 0.6736
	 Saving to QaTa-Covid19/LViT/QaTa_Covid19_LViT_25pct_labels/models/
	 early_stopping_count: 0/100000

========= Epoch [17/81] =========
QaTa_Covid19_LViT_25pct_labels
Training with batch size : 16
[SemiSup] subset_ratio=0.2500 labeled_name_count=1429
   [Train] Epoch: [17][20/358]  Loss:0.304 (Avg 0.2595) IoU:0.578 (Avg 0.5247) Dice:0.7072 (Avg 0.6513) LR 4.11e-04   (AvgTime 1.2)   
   [Train] sup_loss:0.292858 lv_loss:0.055509 epi_loss:0.000009 total_loss:0.303960 pseudo_update_count:646675
   [Train] Epoch: [17][40/358]  Loss:0.280 (Avg 0.2639) IoU:0.469 (Avg 0.5373) Dice:0.5825 (Avg 0.6639) LR 4.11e-04   (AvgTime 1.2)   
   [Train] sup_loss:0.269759 lv_loss:0.052594 epi_loss:0.000008 total_loss:0.280278 pseudo_update_count:646543
   [Train] Epoch: [17][60/358]  Loss:0.207 (Avg 0.2606) IoU:0.649 (Avg 0.5403) Dice:0.7754 (Avg 0.6678) LR 4.11e-04   (AvgTime 1.2)   
   [Train] sup_loss:0.196654 lv_loss:0.051549 epi_loss:0.000014 total_loss:0.206964 pseudo_update_count:547320
   [Train] Epoch: [17][80/358]  Loss:0.223 (Avg 0.2591) IoU:0.473 (Avg 0.5366) Dice:0.6133 (Avg 0.6646) LR 4.11e-04   (AvgTime 1.2)   
   [Train] sup_loss:0.213258 lv_loss:0.048305 epi_loss:0.000007 total_loss:0.222920 pseudo_update_count:597438
   [Train] Epoch: [17][100/358]  Loss:0.218 (Avg 0.2569) IoU:0.566 (Avg 0.5388) Dice:0.6942 (Avg 0.6662) LR 4.11e-04   (AvgTime 1.2)   
   [Train] sup_loss:0.206582 lv_loss:0.055002 epi_loss:0.000012 total_loss:0.217583 pseudo_update_count:546691
   [Train] Epoch: [17][120/358]  Loss:0.459 (Avg 0.2602) IoU:0.517 (Avg 0.5337) Dice:0.6594 (Avg 0.6614) LR 4.11e-04   (AvgTime 1.2)   
   [Train] sup_loss:0.447813 lv_loss:0.057208 epi_loss:0.000012 total_loss:0.459255 pseudo_update_count:744944
   [Train] Epoch: [17][140/358]  Loss:0.244 (Avg 0.2588) IoU:0.581 (Avg 0.5336) Dice:0.6918 (Avg 0.6615) LR 4.11e-04   (AvgTime 1.2)   
   [Train] sup_loss:0.233281 lv_loss:0.054754 epi_loss:0.000013 total_loss:0.244233 pseudo_update_count:596330
   [Train] Epoch: [17][160/358]  Loss:0.302 (Avg 0.2605) IoU:0.594 (Avg 0.5326) Dice:0.7196 (Avg 0.6607) LR 4.11e-04   (AvgTime 1.2)   
   [Train] sup_loss:0.292452 lv_loss:0.049337 epi_loss:0.000017 total_loss:0.302320 pseudo_update_count:597466
   [Train] Epoch: [17][180/358]  Loss:0.339 (Avg 0.2625) IoU:0.574 (Avg 0.5297) Dice:0.7022 (Avg 0.6581) LR 4.11e-04   (AvgTime 1.2)   
   [Train] sup_loss:0.328372 lv_loss:0.052285 epi_loss:0.000013 total_loss:0.338830 pseudo_update_count:547378
   [Train] Epoch: [17][200/358]  Loss:0.176 (Avg 0.2666) IoU:0.601 (Avg 0.5305) Dice:0.7259 (Avg 0.6591) LR 4.11e-04   (AvgTime 1.2)   
   [Train] sup_loss:0.163567 lv_loss:0.062548 epi_loss:0.000009 total_loss:0.176077 pseudo_update_count:596323
   [Train] Epoch: [17][220/358]  Loss:0.169 (Avg 0.2660) IoU:0.515 (Avg 0.5300) Dice:0.6467 (Avg 0.6585) LR 4.11e-04   (AvgTime 1.2)   
   [Train] sup_loss:0.157396 lv_loss:0.060218 epi_loss:0.000008 total_loss:0.169440 pseudo_update_count:595965
   [Train] Epoch: [17][240/358]  Loss:0.170 (Avg 0.2675) IoU:0.487 (Avg 0.5296) Dice:0.6098 (Avg 0.6584) LR 4.11e-04   (AvgTime 1.2)   
   [Train] sup_loss:0.158769 lv_loss:0.056735 epi_loss:0.000013 total_loss:0.170117 pseudo_update_count:596816
   [Train] Epoch: [17][260/358]  Loss:0.299 (Avg 0.2664) IoU:0.442 (Avg 0.5282) Dice:0.5827 (Avg 0.6572) LR 4.11e-04   (AvgTime 1.2)   
   [Train] sup_loss:0.286174 lv_loss:0.064678 epi_loss:0.000010 total_loss:0.299110 pseudo_update_count:595629
   [Train] Epoch: [17][280/358]  Loss:0.188 (Avg 0.2680) IoU:0.655 (Avg 0.5274) Dice:0.7726 (Avg 0.6560) LR 4.11e-04   (AvgTime 1.2)   
   [Train] sup_loss:0.176304 lv_loss:0.058444 epi_loss:0.000011 total_loss:0.187994 pseudo_update_count:547067
   [Train] Epoch: [17][300/358]  Loss:0.192 (Avg 0.2680) IoU:0.627 (Avg 0.5275) Dice:0.7476 (Avg 0.6561) LR 4.11e-04   (AvgTime 1.2)   
   [Train] sup_loss:0.179336 lv_loss:0.063534 epi_loss:0.000005 total_loss:0.192043 pseudo_update_count:546277
   [Train] Epoch: [17][320/358]  Loss:0.195 (Avg 0.2666) IoU:0.574 (Avg 0.5287) Dice:0.7192 (Avg 0.6571) LR 4.11e-04   (AvgTime 1.2)   
   [Train] sup_loss:0.183505 lv_loss:0.055185 epi_loss:0.000011 total_loss:0.194542 pseudo_update_count:646618
   [Train] Epoch: [17][340/358]  Loss:0.224 (Avg 0.2651) IoU:0.539 (Avg 0.5290) Dice:0.6610 (Avg 0.6576) LR 4.11e-04   (AvgTime 1.2)   
   [Train] sup_loss:0.215988 lv_loss:0.042331 epi_loss:0.000010 total_loss:0.224455 pseudo_update_count:498728
[Train-Epoch-Metrics] epoch=17 sup_loss:0.254458 lv_loss:0.056449 epi_loss:0.000011 total_loss:0.265748 pseudo_update_count:213131709 labeled_seen:1429 unlabeled_seen:4287 Dice:0.657587 IoU:0.529116
Validation
   [Val] Epoch: [17][20/90]  Loss:0.256 (Avg 0.2631) IoU:0.552 (Avg 0.5200) Dice:0.6781 (Avg 0.6495) (AvgTime 0.5)   
   [Val] sup_loss:0.255781 lv_loss:0.000000 epi_loss:0.000000 total_loss:0.255781 pseudo_update_count:0
   [Val] Epoch: [17][40/90]  Loss:0.283 (Avg 0.2559) IoU:0.552 (Avg 0.5247) Dice:0.6699 (Avg 0.6534) (AvgTime 0.5)   
   [Val] sup_loss:0.282828 lv_loss:0.000000 epi_loss:0.000000 total_loss:0.282828 pseudo_update_count:0
   [Val] Epoch: [17][60/90]  Loss:0.276 (Avg 0.2573) IoU:0.527 (Avg 0.5254) Dice:0.6309 (Avg 0.6535) (AvgTime 0.5)   
   [Val] sup_loss:0.275796 lv_loss:0.000000 epi_loss:0.000000 total_loss:0.275796 pseudo_update_count:0
   [Val] Epoch: [17][80/90]  Loss:0.348 (Avg 0.2609) IoU:0.501 (Avg 0.5197) Dice:0.6389 (Avg 0.6478) (AvgTime 0.5)   
   [Val] sup_loss:0.347512 lv_loss:0.000000 epi_loss:0.000000 total_loss:0.347512 pseudo_update_count:0
[Val-Epoch-Metrics] epoch=17 sup_loss:0.258169 lv_loss:0.000000 epi_loss:0.000000 total_loss:0.258169 pseudo_update_count:0 labeled_seen:1429 unlabeled_seen:0 Dice:0.651372 IoU:0.523022
	 Mean dice:0.6514 does not increase, the best is still: 0.6736 in epoch 16
	 early_stopping_count: 1/100000

========= Epoch [18/81] =========
QaTa_Covid19_LViT_25pct_labels
Training with batch size : 16
[SemiSup] subset_ratio=0.2500 labeled_name_count=1429
   [Train] Epoch: [18][20/358]  Loss:0.233 (Avg 0.2856) IoU:0.571 (Avg 0.5106) Dice:0.6910 (Avg 0.6418) LR 2.85e-04   (AvgTime 1.2)   
   [Train] sup_loss:0.221285 lv_loss:0.059754 epi_loss:0.000018 total_loss:0.233237 pseudo_update_count:347981
   [Train] Epoch: [18][40/358]  Loss:0.290 (Avg 0.2938) IoU:0.534 (Avg 0.5308) Dice:0.6716 (Avg 0.6598) LR 2.85e-04   (AvgTime 1.2)   
   [Train] sup_loss:0.278305 lv_loss:0.059622 epi_loss:0.000010 total_loss:0.290230 pseudo_update_count:645137
   [Train] Epoch: [18][60/358]  Loss:0.203 (Avg 0.2746) IoU:0.494 (Avg 0.5298) Dice:0.6154 (Avg 0.6590) LR 2.85e-04   (AvgTime 1.2)   
   [Train] sup_loss:0.191222 lv_loss:0.057510 epi_loss:0.000014 total_loss:0.202725 pseudo_update_count:496651
   [Train] Epoch: [18][80/358]  Loss:0.166 (Avg 0.2636) IoU:0.630 (Avg 0.5405) Dice:0.7284 (Avg 0.6688) LR 2.85e-04   (AvgTime 1.2)   
   [Train] sup_loss:0.156027 lv_loss:0.049937 epi_loss:0.000009 total_loss:0.166015 pseudo_update_count:597751
   [Train] Epoch: [18][100/358]  Loss:0.233 (Avg 0.2660) IoU:0.428 (Avg 0.5382) Dice:0.5410 (Avg 0.6666) LR 2.85e-04   (AvgTime 1.2)   
   [Train] sup_loss:0.221589 lv_loss:0.054588 epi_loss:0.000010 total_loss:0.232507 pseudo_update_count:646867
   [Train] Epoch: [18][120/358]  Loss:0.147 (Avg 0.2710) IoU:0.594 (Avg 0.5351) Dice:0.7228 (Avg 0.6633) LR 2.85e-04   (AvgTime 1.2)   
   [Train] sup_loss:0.135231 lv_loss:0.057632 epi_loss:0.000011 total_loss:0.146758 pseudo_update_count:646379
   [Train] Epoch: [18][140/358]  Loss:0.190 (Avg 0.2648) IoU:0.526 (Avg 0.5358) Dice:0.6563 (Avg 0.6638) LR 2.85e-04   (AvgTime 1.2)   
   [Train] sup_loss:0.177440 lv_loss:0.062104 epi_loss:0.000008 total_loss:0.189861 pseudo_update_count:695067
   [Train] Epoch: [18][160/358]  Loss:0.194 (Avg 0.2649) IoU:0.605 (Avg 0.5396) Dice:0.7334 (Avg 0.6678) LR 2.85e-04   (AvgTime 1.2)   
   [Train] sup_loss:0.181241 lv_loss:0.063795 epi_loss:0.000012 total_loss:0.194001 pseudo_update_count:396962
   [Train] Epoch: [18][180/358]  Loss:0.294 (Avg 0.2600) IoU:0.581 (Avg 0.5400) Dice:0.7091 (Avg 0.6685) LR 2.85e-04   (AvgTime 1.2)   
   [Train] sup_loss:0.283924 lv_loss:0.051744 epi_loss:0.000011 total_loss:0.294273 pseudo_update_count:745334
   [Train] Epoch: [18][200/358]  Loss:0.127 (Avg 0.2593) IoU:0.615 (Avg 0.5409) Dice:0.7416 (Avg 0.6693) LR 2.85e-04   (AvgTime 1.2)   
   [Train] sup_loss:0.117763 lv_loss:0.047854 epi_loss:0.000010 total_loss:0.127334 pseudo_update_count:547802
   [Train] Epoch: [18][220/358]  Loss:0.425 (Avg 0.2602) IoU:0.635 (Avg 0.5427) Dice:0.7475 (Avg 0.6708) LR 2.85e-04   (AvgTime 1.2)   
   [Train] sup_loss:0.413756 lv_loss:0.056318 epi_loss:0.000013 total_loss:0.425020 pseudo_update_count:596399
   [Train] Epoch: [18][240/358]  Loss:0.288 (Avg 0.2589) IoU:0.482 (Avg 0.5417) Dice:0.6050 (Avg 0.6698) LR 2.85e-04   (AvgTime 1.2)   
   [Train] sup_loss:0.275185 lv_loss:0.061595 epi_loss:0.000011 total_loss:0.287505 pseudo_update_count:595721
   [Train] Epoch: [18][260/358]  Loss:0.237 (Avg 0.2584) IoU:0.632 (Avg 0.5414) Dice:0.7583 (Avg 0.6696) LR 2.85e-04   (AvgTime 1.2)   
   [Train] sup_loss:0.226655 lv_loss:0.051656 epi_loss:0.000014 total_loss:0.236987 pseudo_update_count:547861
   [Train] Epoch: [18][280/358]  Loss:0.114 (Avg 0.2574) IoU:0.680 (Avg 0.5416) Dice:0.7947 (Avg 0.6698) LR 2.85e-04   (AvgTime 1.2)   
   [Train] sup_loss:0.102261 lv_loss:0.056411 epi_loss:0.000010 total_loss:0.113544 pseudo_update_count:497154
   [Train] Epoch: [18][300/358]  Loss:0.267 (Avg 0.2569) IoU:0.558 (Avg 0.5426) Dice:0.6892 (Avg 0.6704) LR 2.85e-04   (AvgTime 1.2)   
   [Train] sup_loss:0.254671 lv_loss:0.060924 epi_loss:0.000012 total_loss:0.266856 pseudo_update_count:447202
   [Train] Epoch: [18][320/358]  Loss:0.231 (Avg 0.2579) IoU:0.525 (Avg 0.5430) Dice:0.6502 (Avg 0.6708) LR 2.85e-04   (AvgTime 1.2)   
   [Train] sup_loss:0.221193 lv_loss:0.050904 epi_loss:0.000010 total_loss:0.231374 pseudo_update_count:497345
   [Train] Epoch: [18][340/358]  Loss:0.236 (Avg 0.2599) IoU:0.507 (Avg 0.5411) Dice:0.6320 (Avg 0.6691) LR 2.85e-04   (AvgTime 1.2)   
   [Train] sup_loss:0.224159 lv_loss:0.058942 epi_loss:0.000014 total_loss:0.235948 pseudo_update_count:596261
[Train-Epoch-Metrics] epoch=18 sup_loss:0.249287 lv_loss:0.054545 epi_loss:0.000011 total_loss:0.260196 pseudo_update_count:213177245 labeled_seen:1429 unlabeled_seen:4287 Dice:0.668363 IoU:0.540366
Validation
   [Val] Epoch: [18][20/90]  Loss:0.251 (Avg 0.2602) IoU:0.516 (Avg 0.5156) Dice:0.6466 (Avg 0.6469) (AvgTime 0.5)   
   [Val] sup_loss:0.250941 lv_loss:0.000000 epi_loss:0.000000 total_loss:0.250941 pseudo_update_count:0
   [Val] Epoch: [18][40/90]  Loss:0.226 (Avg 0.2523) IoU:0.572 (Avg 0.5306) Dice:0.6993 (Avg 0.6594) (AvgTime 0.5)   
   [Val] sup_loss:0.226322 lv_loss:0.000000 epi_loss:0.000000 total_loss:0.226322 pseudo_update_count:0
   [Val] Epoch: [18][60/90]  Loss:0.267 (Avg 0.2514) IoU:0.524 (Avg 0.5329) Dice:0.6560 (Avg 0.6617) (AvgTime 0.5)   
   [Val] sup_loss:0.267247 lv_loss:0.000000 epi_loss:0.000000 total_loss:0.267247 pseudo_update_count:0
   [Val] Epoch: [18][80/90]  Loss:0.266 (Avg 0.2492) IoU:0.460 (Avg 0.5347) Dice:0.5764 (Avg 0.6636) (AvgTime 0.5)   
   [Val] sup_loss:0.265903 lv_loss:0.000000 epi_loss:0.000000 total_loss:0.265903 pseudo_update_count:0
[Val-Epoch-Metrics] epoch=18 sup_loss:0.250750 lv_loss:0.000000 epi_loss:0.000000 total_loss:0.250750 pseudo_update_count:0 labeled_seen:1429 unlabeled_seen:0 Dice:0.661604 IoU:0.532569
	 Mean dice:0.6616 does not increase, the best is still: 0.6736 in epoch 16
	 early_stopping_count: 2/100000

========= Epoch [19/81] =========
QaTa_Covid19_LViT_25pct_labels
Training with batch size : 16
[SemiSup] subset_ratio=0.2500 labeled_name_count=1429
   [Train] Epoch: [19][20/358]  Loss:0.237 (Avg 0.2662) IoU:0.553 (Avg 0.5434) Dice:0.6911 (Avg 0.6719) LR 1.86e-04   (AvgTime 1.2)   
   [Train] sup_loss:0.227089 lv_loss:0.050124 epi_loss:0.000014 total_loss:0.237115 pseudo_update_count:647424
   [Train] Epoch: [19][40/358]  Loss:0.231 (Avg 0.2623) IoU:0.617 (Avg 0.5402) Dice:0.7445 (Avg 0.6688) LR 1.86e-04   (AvgTime 1.2)   
   [Train] sup_loss:0.220153 lv_loss:0.055024 epi_loss:0.000009 total_loss:0.231158 pseudo_update_count:497595
   [Train] Epoch: [19][60/358]  Loss:0.299 (Avg 0.2519) IoU:0.386 (Avg 0.5396) Dice:0.5206 (Avg 0.6686) LR 1.86e-04   (AvgTime 1.2)   
   [Train] sup_loss:0.287522 lv_loss:0.057934 epi_loss:0.000011 total_loss:0.299109 pseudo_update_count:695276
   [Train] Epoch: [19][80/358]  Loss:0.149 (Avg 0.2492) IoU:0.544 (Avg 0.5394) Dice:0.6437 (Avg 0.6685) LR 1.86e-04   (AvgTime 1.2)   
   [Train] sup_loss:0.139537 lv_loss:0.049810 epi_loss:0.000007 total_loss:0.149499 pseudo_update_count:597626
   [Train] Epoch: [19][100/358]  Loss:0.332 (Avg 0.2471) IoU:0.539 (Avg 0.5428) Dice:0.6406 (Avg 0.6711) LR 1.86e-04   (AvgTime 1.2)   
   [Train] sup_loss:0.321317 lv_loss:0.053545 epi_loss:0.000013 total_loss:0.332027 pseudo_update_count:547403
   [Train] Epoch: [19][120/358]  Loss:0.296 (Avg 0.2493) IoU:0.524 (Avg 0.5400) Dice:0.6700 (Avg 0.6689) LR 1.86e-04   (AvgTime 1.2)   
   [Train] sup_loss:0.285777 lv_loss:0.050819 epi_loss:0.000014 total_loss:0.295941 pseudo_update_count:647501
   [Train] Epoch: [19][140/358]  Loss:0.256 (Avg 0.2526) IoU:0.589 (Avg 0.5382) Dice:0.7236 (Avg 0.6674) LR 1.86e-04   (AvgTime 1.2)   
   [Train] sup_loss:0.245167 lv_loss:0.053208 epi_loss:0.000012 total_loss:0.255810 pseudo_update_count:597121
   [Train] Epoch: [19][160/358]  Loss:0.201 (Avg 0.2522) IoU:0.519 (Avg 0.5395) Dice:0.6536 (Avg 0.6684) LR 1.86e-04   (AvgTime 1.2)   
   [Train] sup_loss:0.189864 lv_loss:0.056978 epi_loss:0.000006 total_loss:0.201260 pseudo_update_count:596750
   [Train] Epoch: [19][180/358]  Loss:0.343 (Avg 0.2534) IoU:0.553 (Avg 0.5392) Dice:0.6658 (Avg 0.6684) LR 1.86e-04   (AvgTime 1.2)   
   [Train] sup_loss:0.331981 lv_loss:0.052797 epi_loss:0.000013 total_loss:0.342541 pseudo_update_count:646112
   [Train] Epoch: [19][200/358]  Loss:0.384 (Avg 0.2531) IoU:0.521 (Avg 0.5404) Dice:0.6269 (Avg 0.6692) LR 1.86e-04   (AvgTime 1.2)   
   [Train] sup_loss:0.373105 lv_loss:0.053162 epi_loss:0.000013 total_loss:0.383738 pseudo_update_count:498188
   [Train] Epoch: [19][220/358]  Loss:0.274 (Avg 0.2537) IoU:0.581 (Avg 0.5393) Dice:0.7183 (Avg 0.6680) LR 1.86e-04   (AvgTime 1.2)   
   [Train] sup_loss:0.262250 lv_loss:0.056357 epi_loss:0.000009 total_loss:0.273522 pseudo_update_count:695605
   [Train] Epoch: [19][240/358]  Loss:0.390 (Avg 0.2540) IoU:0.546 (Avg 0.5396) Dice:0.6638 (Avg 0.6680) LR 1.86e-04   (AvgTime 1.2)   
   [Train] sup_loss:0.378680 lv_loss:0.054446 epi_loss:0.000015 total_loss:0.389570 pseudo_update_count:447977
   [Train] Epoch: [19][260/358]  Loss:0.211 (Avg 0.2542) IoU:0.458 (Avg 0.5412) Dice:0.5977 (Avg 0.6694) LR 1.86e-04   (AvgTime 1.2)   
   [Train] sup_loss:0.198809 lv_loss:0.060093 epi_loss:0.000011 total_loss:0.210828 pseudo_update_count:595204
   [Train] Epoch: [19][280/358]  Loss:0.273 (Avg 0.2519) IoU:0.649 (Avg 0.5437) Dice:0.7776 (Avg 0.6716) LR 1.86e-04   (AvgTime 1.2)   
   [Train] sup_loss:0.262430 lv_loss:0.051592 epi_loss:0.000014 total_loss:0.272749 pseudo_update_count:596576
   [Train] Epoch: [19][300/358]  Loss:0.267 (Avg 0.2524) IoU:0.383 (Avg 0.5433) Dice:0.5087 (Avg 0.6711) LR 1.86e-04   (AvgTime 1.2)   
   [Train] sup_loss:0.253980 lv_loss:0.063054 epi_loss:0.000011 total_loss:0.266592 pseudo_update_count:595685
   [Train] Epoch: [19][320/358]  Loss:0.180 (Avg 0.2510) IoU:0.496 (Avg 0.5446) Dice:0.6313 (Avg 0.6723) LR 1.86e-04   (AvgTime 1.2)   
   [Train] sup_loss:0.169765 lv_loss:0.049719 epi_loss:0.000012 total_loss:0.179709 pseudo_update_count:596991
   [Train] Epoch: [19][340/358]  Loss:0.257 (Avg 0.2511) IoU:0.544 (Avg 0.5446) Dice:0.6805 (Avg 0.6725) LR 1.86e-04   (AvgTime 1.2)   
   [Train] sup_loss:0.246364 lv_loss:0.052147 epi_loss:0.000009 total_loss:0.256794 pseudo_update_count:596584
[Train-Epoch-Metrics] epoch=19 sup_loss:0.239481 lv_loss:0.053886 epi_loss:0.000011 total_loss:0.250259 pseudo_update_count:213208429 labeled_seen:1429 unlabeled_seen:4287 Dice:0.673069 IoU:0.545142
Validation
   [Val] Epoch: [19][20/90]  Loss:0.274 (Avg 0.2329) IoU:0.515 (Avg 0.5546) Dice:0.6347 (Avg 0.6796) (AvgTime 0.6)   
   [Val] sup_loss:0.274181 lv_loss:0.000000 epi_loss:0.000000 total_loss:0.274181 pseudo_update_count:0
   [Val] Epoch: [19][40/90]  Loss:0.175 (Avg 0.2300) IoU:0.637 (Avg 0.5722) Dice:0.7550 (Avg 0.6954) (AvgTime 0.5)   
   [Val] sup_loss:0.174566 lv_loss:0.000000 epi_loss:0.000000 total_loss:0.174566 pseudo_update_count:0
   [Val] Epoch: [19][60/90]  Loss:0.238 (Avg 0.2318) IoU:0.549 (Avg 0.5664) Dice:0.6664 (Avg 0.6892) (AvgTime 0.5)   
   [Val] sup_loss:0.237552 lv_loss:0.000000 epi_loss:0.000000 total_loss:0.237552 pseudo_update_count:0
   [Val] Epoch: [19][80/90]  Loss:0.252 (Avg 0.2319) IoU:0.554 (Avg 0.5660) Dice:0.6596 (Avg 0.6887) (AvgTime 0.5)   
   [Val] sup_loss:0.251968 lv_loss:0.000000 epi_loss:0.000000 total_loss:0.251968 pseudo_update_count:0
[Val-Epoch-Metrics] epoch=19 sup_loss:0.231866 lv_loss:0.000000 epi_loss:0.000000 total_loss:0.231866 pseudo_update_count:0 labeled_seen:1429 unlabeled_seen:0 Dice:0.688652 IoU:0.565873
	 Saving best model, mean dice increased from: 0.6736 to 0.6887
	 Saving to QaTa-Covid19/LViT/QaTa_Covid19_LViT_25pct_labels/models/
	 early_stopping_count: 0/100000

========= Epoch [20/81] =========
QaTa_Covid19_LViT_25pct_labels
Training with batch size : 16
[SemiSup] subset_ratio=0.2500 labeled_name_count=1429
   [Train] Epoch: [20][20/358]  Loss:0.160 (Avg 0.2281) IoU:0.657 (Avg 0.5567) Dice:0.7698 (Avg 0.6850) LR 1.22e-04   (AvgTime 1.2)   
   [Train] sup_loss:0.151028 lv_loss:0.044756 epi_loss:0.000010 total_loss:0.159980 pseudo_update_count:697761
   [Train] Epoch: [20][40/358]  Loss:0.347 (Avg 0.2359) IoU:0.486 (Avg 0.5559) Dice:0.6211 (Avg 0.6831) LR 1.22e-04   (AvgTime 1.2)   
   [Train] sup_loss:0.337710 lv_loss:0.045612 epi_loss:0.000011 total_loss:0.346833 pseudo_update_count:547734
   [Train] Epoch: [20][60/358]  Loss:0.265 (Avg 0.2382) IoU:0.565 (Avg 0.5491) Dice:0.6968 (Avg 0.6762) LR 1.22e-04   (AvgTime 1.2)   
   [Train] sup_loss:0.254434 lv_loss:0.052996 epi_loss:0.000010 total_loss:0.265033 pseudo_update_count:546577
   [Train] Epoch: [20][80/358]  Loss:0.104 (Avg 0.2341) IoU:0.572 (Avg 0.5594) Dice:0.6861 (Avg 0.6850) LR 1.22e-04   (AvgTime 1.2)   
   [Train] sup_loss:0.093185 lv_loss:0.052262 epi_loss:0.000009 total_loss:0.103637 pseudo_update_count:646448
   [Train] Epoch: [20][100/358]  Loss:0.378 (Avg 0.2376) IoU:0.661 (Avg 0.5625) Dice:0.7746 (Avg 0.6866) LR 1.22e-04   (AvgTime 1.2)   
   [Train] sup_loss:0.368565 lv_loss:0.047253 epi_loss:0.000015 total_loss:0.378016 pseudo_update_count:647968
   [Train] Epoch: [20][120/358]  Loss:0.198 (Avg 0.2388) IoU:0.565 (Avg 0.5597) Dice:0.6995 (Avg 0.6843) LR 1.22e-04   (AvgTime 1.2)   
   [Train] sup_loss:0.188018 lv_loss:0.047650 epi_loss:0.000010 total_loss:0.197549 pseudo_update_count:597113
   [Train] Epoch: [20][140/358]  Loss:0.128 (Avg 0.2381) IoU:0.676 (Avg 0.5613) Dice:0.8001 (Avg 0.6865) LR 1.22e-04   (AvgTime 1.2)   
   [Train] sup_loss:0.117302 lv_loss:0.051509 epi_loss:0.000013 total_loss:0.127605 pseudo_update_count:696799
   [Train] Epoch: [20][160/358]  Loss:0.391 (Avg 0.2420) IoU:0.524 (Avg 0.5582) Dice:0.6535 (Avg 0.6842) LR 1.22e-04   (AvgTime 1.2)   
   [Train] sup_loss:0.381576 lv_loss:0.049252 epi_loss:0.000009 total_loss:0.391427 pseudo_update_count:695879
   [Train] Epoch: [20][180/358]  Loss:0.248 (Avg 0.2380) IoU:0.515 (Avg 0.5574) Dice:0.6416 (Avg 0.6835) LR 1.22e-04   (AvgTime 1.2)   
   [Train] sup_loss:0.237986 lv_loss:0.049770 epi_loss:0.000010 total_loss:0.247940 pseudo_update_count:696317
   [Train] Epoch: [20][200/358]  Loss:0.177 (Avg 0.2376) IoU:0.609 (Avg 0.5576) Dice:0.7420 (Avg 0.6839) LR 1.22e-04   (AvgTime 1.2)   
   [Train] sup_loss:0.166915 lv_loss:0.048481 epi_loss:0.000013 total_loss:0.176612 pseudo_update_count:647554
   [Train] Epoch: [20][220/358]  Loss:0.178 (Avg 0.2378) IoU:0.492 (Avg 0.5584) Dice:0.6105 (Avg 0.6846) LR 1.22e-04   (AvgTime 1.2)   
   [Train] sup_loss:0.167029 lv_loss:0.052858 epi_loss:0.000011 total_loss:0.177601 pseudo_update_count:447050
   [Train] Epoch: [20][240/358]  Loss:0.181 (Avg 0.2427) IoU:0.427 (Avg 0.5581) Dice:0.5566 (Avg 0.6842) LR 1.22e-04   (AvgTime 1.2)   
   [Train] sup_loss:0.170110 lv_loss:0.055937 epi_loss:0.000009 total_loss:0.181298 pseudo_update_count:596550
   [Train] Epoch: [20][260/358]  Loss:0.190 (Avg 0.2398) IoU:0.623 (Avg 0.5566) Dice:0.7435 (Avg 0.6828) LR 1.22e-04   (AvgTime 1.2)   
   [Train] sup_loss:0.179180 lv_loss:0.051845 epi_loss:0.000013 total_loss:0.189550 pseudo_update_count:597854
   [Train] Epoch: [20][280/358]  Loss:0.261 (Avg 0.2400) IoU:0.510 (Avg 0.5581) Dice:0.6414 (Avg 0.6843) LR 1.22e-04   (AvgTime 1.2)   
   [Train] sup_loss:0.250724 lv_loss:0.052643 epi_loss:0.000009 total_loss:0.261253 pseudo_update_count:745677
   [Train] Epoch: [20][300/358]  Loss:0.396 (Avg 0.2411) IoU:0.419 (Avg 0.5596) Dice:0.5412 (Avg 0.6855) LR 1.22e-04   (AvgTime 1.2)   
   [Train] sup_loss:0.385651 lv_loss:0.052118 epi_loss:0.000011 total_loss:0.396075 pseudo_update_count:696005
   [Train] Epoch: [20][320/358]  Loss:0.195 (Avg 0.2406) IoU:0.640 (Avg 0.5598) Dice:0.7564 (Avg 0.6858) LR 1.22e-04   (AvgTime 1.2)   
   [Train] sup_loss:0.184888 lv_loss:0.051215 epi_loss:0.000015 total_loss:0.195132 pseudo_update_count:447921
   [Train] Epoch: [20][340/358]  Loss:0.217 (Avg 0.2405) IoU:0.589 (Avg 0.5597) Dice:0.7214 (Avg 0.6856) LR 1.22e-04   (AvgTime 1.2)   
   [Train] sup_loss:0.206409 lv_loss:0.052070 epi_loss:0.000011 total_loss:0.216824 pseudo_update_count:547450
[Train-Epoch-Metrics] epoch=20 sup_loss:0.230541 lv_loss:0.050572 epi_loss:0.000011 total_loss:0.240656 pseudo_update_count:213318812 labeled_seen:1429 unlabeled_seen:4287 Dice:0.685120 IoU:0.559128
Validation
   [Val] Epoch: [20][20/90]  Loss:0.224 (Avg 0.2175) IoU:0.564 (Avg 0.6003) Dice:0.6847 (Avg 0.7226) (AvgTime 0.5)   
   [Val] sup_loss:0.223886 lv_loss:0.000000 epi_loss:0.000000 total_loss:0.223886 pseudo_update_count:0
   [Val] Epoch: [20][40/90]  Loss:0.343 (Avg 0.2249) IoU:0.574 (Avg 0.5935) Dice:0.6950 (Avg 0.7141) (AvgTime 0.5)   
   [Val] sup_loss:0.343217 lv_loss:0.000000 epi_loss:0.000000 total_loss:0.343217 pseudo_update_count:0
   [Val] Epoch: [20][60/90]  Loss:0.250 (Avg 0.2233) IoU:0.579 (Avg 0.5926) Dice:0.7070 (Avg 0.7120) (AvgTime 0.5)   
   [Val] sup_loss:0.249791 lv_loss:0.000000 epi_loss:0.000000 total_loss:0.249791 pseudo_update_count:0
   [Val] Epoch: [20][80/90]  Loss:0.215 (Avg 0.2218) IoU:0.599 (Avg 0.5948) Dice:0.7327 (Avg 0.7151) (AvgTime 0.5)   
   [Val] sup_loss:0.214883 lv_loss:0.000000 epi_loss:0.000000 total_loss:0.214883 pseudo_update_count:0
[Val-Epoch-Metrics] epoch=20 sup_loss:0.223042 lv_loss:0.000000 epi_loss:0.000000 total_loss:0.223042 pseudo_update_count:0 labeled_seen:1429 unlabeled_seen:0 Dice:0.712490 IoU:0.591994
	 Saving best model, mean dice increased from: 0.6887 to 0.7125
	 Saving to QaTa-Covid19/LViT/QaTa_Covid19_LViT_25pct_labels/models/
	 early_stopping_count: 0/100000

========= Epoch [21/81] =========
QaTa_Covid19_LViT_25pct_labels
Training with batch size : 16
[SemiSup] subset_ratio=0.2500 labeled_name_count=1429
   [Train] Epoch: [21][20/358]  Loss:0.195 (Avg 0.2549) IoU:0.484 (Avg 0.5221) Dice:0.6177 (Avg 0.6499) LR 1.00e-03   (AvgTime 1.2)   
   [Train] sup_loss:0.184935 lv_loss:0.052762 epi_loss:0.000012 total_loss:0.195488 pseudo_update_count:547509
   [Train] Epoch: [21][40/358]  Loss:0.405 (Avg 0.2808) IoU:0.479 (Avg 0.5362) Dice:0.6070 (Avg 0.6628) LR 1.00e-03   (AvgTime 1.2)   
   [Train] sup_loss:0.392858 lv_loss:0.058271 epi_loss:0.000011 total_loss:0.404513 pseudo_update_count:645459
   [Train] Epoch: [21][60/358]  Loss:0.254 (Avg 0.2779) IoU:0.431 (Avg 0.5224) Dice:0.5779 (Avg 0.6515) LR 1.00e-03   (AvgTime 1.2)   
   [Train] sup_loss:0.241769 lv_loss:0.059167 epi_loss:0.000011 total_loss:0.253603 pseudo_update_count:446557
   [Train] Epoch: [21][80/358]  Loss:0.306 (Avg 0.2884) IoU:0.447 (Avg 0.5183) Dice:0.5781 (Avg 0.6477) LR 1.00e-03   (AvgTime 1.2)   
   [Train] sup_loss:0.293850 lv_loss:0.059359 epi_loss:0.000008 total_loss:0.305722 pseudo_update_count:396991
   [Train] Epoch: [21][100/358]  Loss:0.209 (Avg 0.2811) IoU:0.604 (Avg 0.5170) Dice:0.7090 (Avg 0.6473) LR 1.00e-03   (AvgTime 1.2)   
   [Train] sup_loss:0.199625 lv_loss:0.047317 epi_loss:0.000009 total_loss:0.209089 pseudo_update_count:548277
   [Train] Epoch: [21][120/358]  Loss:0.275 (Avg 0.2821) IoU:0.464 (Avg 0.5151) Dice:0.5972 (Avg 0.6446) LR 1.00e-03   (AvgTime 1.2)   
   [Train] sup_loss:0.262918 lv_loss:0.061904 epi_loss:0.000014 total_loss:0.275299 pseudo_update_count:744781
   [Train] Epoch: [21][140/358]  Loss:0.227 (Avg 0.2813) IoU:0.503 (Avg 0.5138) Dice:0.6395 (Avg 0.6434) LR 1.00e-03   (AvgTime 1.2)   
   [Train] sup_loss:0.216475 lv_loss:0.050605 epi_loss:0.000011 total_loss:0.226596 pseudo_update_count:497865
   [Train] Epoch: [21][160/358]  Loss:0.263 (Avg 0.2771) IoU:0.474 (Avg 0.5174) Dice:0.5965 (Avg 0.6463) LR 1.00e-03   (AvgTime 1.2)   
   [Train] sup_loss:0.250769 lv_loss:0.060428 epi_loss:0.000011 total_loss:0.262855 pseudo_update_count:546230
   [Train] Epoch: [21][180/358]  Loss:0.309 (Avg 0.2765) IoU:0.510 (Avg 0.5144) Dice:0.6578 (Avg 0.6436) LR 1.00e-03   (AvgTime 1.2)   
   [Train] sup_loss:0.297502 lv_loss:0.055799 epi_loss:0.000011 total_loss:0.308662 pseudo_update_count:497035
   [Train] Epoch: [21][200/358]  Loss:0.258 (Avg 0.2768) IoU:0.542 (Avg 0.5149) Dice:0.6637 (Avg 0.6441) LR 1.00e-03   (AvgTime 1.2)   
   [Train] sup_loss:0.246318 lv_loss:0.056884 epi_loss:0.000015 total_loss:0.257695 pseudo_update_count:695296
   [Train] Epoch: [21][220/358]  Loss:0.287 (Avg 0.2756) IoU:0.570 (Avg 0.5152) Dice:0.7022 (Avg 0.6442) LR 1.00e-03   (AvgTime 1.2)   
   [Train] sup_loss:0.275108 lv_loss:0.059972 epi_loss:0.000014 total_loss:0.287103 pseudo_update_count:645997
   [Train] Epoch: [21][240/358]  Loss:0.235 (Avg 0.2768) IoU:0.464 (Avg 0.5163) Dice:0.5945 (Avg 0.6451) LR 1.00e-03   (AvgTime 1.2)   
   [Train] sup_loss:0.222835 lv_loss:0.062697 epi_loss:0.000012 total_loss:0.235375 pseudo_update_count:595379
   [Train] Epoch: [21][260/358]  Loss:0.225 (Avg 0.2755) IoU:0.445 (Avg 0.5172) Dice:0.5550 (Avg 0.6457) LR 1.00e-03   (AvgTime 1.2)   
   [Train] sup_loss:0.213831 lv_loss:0.053836 epi_loss:0.000013 total_loss:0.224599 pseudo_update_count:696152
   [Train] Epoch: [21][280/358]  Loss:0.255 (Avg 0.2726) IoU:0.467 (Avg 0.5186) Dice:0.5978 (Avg 0.6472) LR 1.00e-03   (AvgTime 1.2)   
   [Train] sup_loss:0.244806 lv_loss:0.051338 epi_loss:0.000009 total_loss:0.255074 pseudo_update_count:696186
   [Train] Epoch: [21][300/358]  Loss:0.146 (Avg 0.2700) IoU:0.640 (Avg 0.5201) Dice:0.7717 (Avg 0.6487) LR 1.00e-03   (AvgTime 1.2)   
   [Train] sup_loss:0.133412 lv_loss:0.061536 epi_loss:0.000010 total_loss:0.145720 pseudo_update_count:546179
   [Train] Epoch: [21][320/358]  Loss:0.337 (Avg 0.2706) IoU:0.475 (Avg 0.5196) Dice:0.6232 (Avg 0.6485) LR 1.00e-03   (AvgTime 1.2)   
   [Train] sup_loss:0.324962 lv_loss:0.062324 epi_loss:0.000016 total_loss:0.337428 pseudo_update_count:645592
   [Train] Epoch: [21][340/358]  Loss:0.238 (Avg 0.2718) IoU:0.542 (Avg 0.5195) Dice:0.6588 (Avg 0.6484) LR 1.00e-03   (AvgTime 1.2)   
   [Train] sup_loss:0.225167 lv_loss:0.063957 epi_loss:0.000014 total_loss:0.237959 pseudo_update_count:446311
[Train-Epoch-Metrics] epoch=21 sup_loss:0.260577 lv_loss:0.057047 epi_loss:0.000011 total_loss:0.271987 pseudo_update_count:213052106 labeled_seen:1429 unlabeled_seen:4287 Dice:0.648510 IoU:0.519506
Validation
   [Val] Epoch: [21][20/90]  Loss:0.327 (Avg 0.2951) IoU:0.489 (Avg 0.5287) Dice:0.6112 (Avg 0.6596) (AvgTime 0.5)   
   [Val] sup_loss:0.327328 lv_loss:0.000000 epi_loss:0.000000 total_loss:0.327328 pseudo_update_count:0
   [Val] Epoch: [21][40/90]  Loss:0.344 (Avg 0.2997) IoU:0.517 (Avg 0.5278) Dice:0.6568 (Avg 0.6609) (AvgTime 0.5)   
   [Val] sup_loss:0.344400 lv_loss:0.000000 epi_loss:0.000000 total_loss:0.344400 pseudo_update_count:0
   [Val] Epoch: [21][60/90]  Loss:0.306 (Avg 0.2966) IoU:0.477 (Avg 0.5268) Dice:0.6019 (Avg 0.6588) (AvgTime 0.5)   
   [Val] sup_loss:0.306346 lv_loss:0.000000 epi_loss:0.000000 total_loss:0.306346 pseudo_update_count:0
   [Val] Epoch: [21][80/90]  Loss:0.336 (Avg 0.3030) IoU:0.430 (Avg 0.5190) Dice:0.5757 (Avg 0.6509) (AvgTime 0.5)   
   [Val] sup_loss:0.336289 lv_loss:0.000000 epi_loss:0.000000 total_loss:0.336289 pseudo_update_count:0
[Val-Epoch-Metrics] epoch=21 sup_loss:0.300926 lv_loss:0.000000 epi_loss:0.000000 total_loss:0.300926 pseudo_update_count:0 labeled_seen:1429 unlabeled_seen:0 Dice:0.654230 IoU:0.522636
	 Mean dice:0.6542 does not increase, the best is still: 0.7125 in epoch 20
	 early_stopping_count: 1/100000

========= Epoch [22/81] =========
QaTa_Covid19_LViT_25pct_labels
Training with batch size : 16
[SemiSup] subset_ratio=0.2500 labeled_name_count=1429
   [Train] Epoch: [22][20/358]  Loss:0.401 (Avg 0.2950) IoU:0.500 (Avg 0.5301) Dice:0.6389 (Avg 0.6616) LR 9.78e-04   (AvgTime 1.2)   
   [Train] sup_loss:0.388742 lv_loss:0.061573 epi_loss:0.000012 total_loss:0.401057 pseudo_update_count:745389
   [Train] Epoch: [22][40/358]  Loss:0.137 (Avg 0.2898) IoU:0.574 (Avg 0.5220) Dice:0.7166 (Avg 0.6524) LR 9.78e-04   (AvgTime 1.2)   
   [Train] sup_loss:0.124497 lv_loss:0.062846 epi_loss:0.000007 total_loss:0.137066 pseudo_update_count:646189
   [Train] Epoch: [22][60/358]  Loss:0.352 (Avg 0.2943) IoU:0.494 (Avg 0.5157) Dice:0.6352 (Avg 0.6460) LR 9.78e-04   (AvgTime 1.2)   
   [Train] sup_loss:0.338983 lv_loss:0.064808 epi_loss:0.000015 total_loss:0.351945 pseudo_update_count:694696
   [Train] Epoch: [22][80/358]  Loss:0.298 (Avg 0.2981) IoU:0.480 (Avg 0.5055) Dice:0.6164 (Avg 0.6364) LR 9.78e-04   (AvgTime 1.2)   
   [Train] sup_loss:0.285147 lv_loss:0.065723 epi_loss:0.000009 total_loss:0.298292 pseudo_update_count:645048
   [Train] Epoch: [22][100/358]  Loss:0.217 (Avg 0.2902) IoU:0.662 (Avg 0.5080) Dice:0.7771 (Avg 0.6386) LR 9.78e-04   (AvgTime 1.2)   
   [Train] sup_loss:0.206426 lv_loss:0.053441 epi_loss:0.000015 total_loss:0.217115 pseudo_update_count:596359
   [Train] Epoch: [22][120/358]  Loss:0.290 (Avg 0.2867) IoU:0.575 (Avg 0.5127) Dice:0.6984 (Avg 0.6423) LR 9.78e-04   (AvgTime 1.2)   
   [Train] sup_loss:0.277849 lv_loss:0.063049 epi_loss:0.000016 total_loss:0.290460 pseudo_update_count:596155
   [Train] Epoch: [22][140/358]  Loss:0.313 (Avg 0.2830) IoU:0.392 (Avg 0.5147) Dice:0.5256 (Avg 0.6442) LR 9.78e-04   (AvgTime 1.2)   
   [Train] sup_loss:0.302366 lv_loss:0.053853 epi_loss:0.000010 total_loss:0.313137 pseudo_update_count:546631
   [Train] Epoch: [22][160/358]  Loss:0.260 (Avg 0.2844) IoU:0.533 (Avg 0.5163) Dice:0.6751 (Avg 0.6463) LR 9.78e-04   (AvgTime 1.2)   
   [Train] sup_loss:0.244638 lv_loss:0.075058 epi_loss:0.000014 total_loss:0.259650 pseudo_update_count:594124
   [Train] Epoch: [22][180/358]  Loss:0.275 (Avg 0.2826) IoU:0.531 (Avg 0.5172) Dice:0.6490 (Avg 0.6471) LR 9.78e-04   (AvgTime 1.2)   
   [Train] sup_loss:0.262779 lv_loss:0.060050 epi_loss:0.000011 total_loss:0.274790 pseudo_update_count:596738
   [Train] Epoch: [22][200/358]  Loss:0.533 (Avg 0.2822) IoU:0.490 (Avg 0.5201) Dice:0.6098 (Avg 0.6495) LR 9.78e-04   (AvgTime 1.2)   
   [Train] sup_loss:0.521042 lv_loss:0.062170 epi_loss:0.000014 total_loss:0.533476 pseudo_update_count:645602
   [Train] Epoch: [22][220/358]  Loss:0.361 (Avg 0.2837) IoU:0.509 (Avg 0.5191) Dice:0.6333 (Avg 0.6482) LR 9.78e-04   (AvgTime 1.2)   
   [Train] sup_loss:0.347669 lv_loss:0.068777 epi_loss:0.000009 total_loss:0.361425 pseudo_update_count:645260
   [Train] Epoch: [22][240/358]  Loss:0.371 (Avg 0.2815) IoU:0.571 (Avg 0.5203) Dice:0.7025 (Avg 0.6493) LR 9.78e-04   (AvgTime 1.2)   
   [Train] sup_loss:0.359851 lv_loss:0.056706 epi_loss:0.000009 total_loss:0.371193 pseudo_update_count:597283
   [Train] Epoch: [22][260/358]  Loss:0.179 (Avg 0.2789) IoU:0.580 (Avg 0.5220) Dice:0.7004 (Avg 0.6509) LR 9.78e-04   (AvgTime 1.2)   
   [Train] sup_loss:0.167426 lv_loss:0.056408 epi_loss:0.000008 total_loss:0.178708 pseudo_update_count:596049
   [Train] Epoch: [22][280/358]  Loss:0.269 (Avg 0.2772) IoU:0.485 (Avg 0.5226) Dice:0.6112 (Avg 0.6514) LR 9.78e-04   (AvgTime 1.2)   
   [Train] sup_loss:0.259212 lv_loss:0.048515 epi_loss:0.000010 total_loss:0.268915 pseudo_update_count:498265
   [Train] Epoch: [22][300/358]  Loss:0.215 (Avg 0.2758) IoU:0.495 (Avg 0.5243) Dice:0.6381 (Avg 0.6525) LR 9.78e-04   (AvgTime 1.2)   
   [Train] sup_loss:0.203654 lv_loss:0.056034 epi_loss:0.000010 total_loss:0.214861 pseudo_update_count:696261
   [Train] Epoch: [22][320/358]  Loss:0.161 (Avg 0.2738) IoU:0.456 (Avg 0.5251) Dice:0.5768 (Avg 0.6533) LR 9.78e-04   (AvgTime 1.2)   
   [Train] sup_loss:0.148578 lv_loss:0.060296 epi_loss:0.000009 total_loss:0.160638 pseudo_update_count:596546
   [Train] Epoch: [22][340/358]  Loss:0.551 (Avg 0.2748) IoU:0.471 (Avg 0.5245) Dice:0.5853 (Avg 0.6526) LR 9.78e-04   (AvgTime 1.2)   
   [Train] sup_loss:0.540635 lv_loss:0.051956 epi_loss:0.000011 total_loss:0.551027 pseudo_update_count:696450
[Train-Epoch-Metrics] epoch=22 sup_loss:0.261925 lv_loss:0.059488 epi_loss:0.000011 total_loss:0.273824 pseudo_update_count:213027599 labeled_seen:1429 unlabeled_seen:4287 Dice:0.653541 IoU:0.525316
Validation
   [Val] Epoch: [22][20/90]  Loss:0.295 (Avg 0.2638) IoU:0.512 (Avg 0.5533) Dice:0.6412 (Avg 0.6811) (AvgTime 0.5)   
   [Val] sup_loss:0.295359 lv_loss:0.000000 epi_loss:0.000000 total_loss:0.295359 pseudo_update_count:0
   [Val] Epoch: [22][40/90]  Loss:0.385 (Avg 0.2654) IoU:0.425 (Avg 0.5516) Dice:0.5541 (Avg 0.6780) (AvgTime 0.5)   
   [Val] sup_loss:0.384959 lv_loss:0.000000 epi_loss:0.000000 total_loss:0.384959 pseudo_update_count:0
   [Val] Epoch: [22][60/90]  Loss:0.225 (Avg 0.2609) IoU:0.610 (Avg 0.5539) Dice:0.7297 (Avg 0.6785) (AvgTime 0.5)   
   [Val] sup_loss:0.225429 lv_loss:0.000000 epi_loss:0.000000 total_loss:0.225429 pseudo_update_count:0
   [Val] Epoch: [22][80/90]  Loss:0.233 (Avg 0.2609) IoU:0.576 (Avg 0.5518) Dice:0.7100 (Avg 0.6770) (AvgTime 0.5)   
   [Val] sup_loss:0.232964 lv_loss:0.000000 epi_loss:0.000000 total_loss:0.232964 pseudo_update_count:0
[Val-Epoch-Metrics] epoch=22 sup_loss:0.262153 lv_loss:0.000000 epi_loss:0.000000 total_loss:0.262153 pseudo_update_count:0 labeled_seen:1429 unlabeled_seen:0 Dice:0.673959 IoU:0.549176
	 Mean dice:0.6740 does not increase, the best is still: 0.7125 in epoch 20
	 early_stopping_count: 2/100000

========= Epoch [23/81] =========
QaTa_Covid19_LViT_25pct_labels
Training with batch size : 16
[SemiSup] subset_ratio=0.2500 labeled_name_count=1429
   [Train] Epoch: [23][20/358]  Loss:0.207 (Avg 0.2506) IoU:0.555 (Avg 0.5550) Dice:0.6846 (Avg 0.6789) LR 9.14e-04   (AvgTime 1.2)   
   [Train] sup_loss:0.198431 lv_loss:0.044711 epi_loss:0.000009 total_loss:0.207374 pseudo_update_count:448668
   [Train] Epoch: [23][40/358]  Loss:0.311 (Avg 0.2499) IoU:0.507 (Avg 0.5504) Dice:0.6209 (Avg 0.6771) LR 9.14e-04   (AvgTime 1.2)   
   [Train] sup_loss:0.299884 lv_loss:0.054750 epi_loss:0.000009 total_loss:0.310835 pseudo_update_count:547307
   [Train] Epoch: [23][60/358]  Loss:0.216 (Avg 0.2463) IoU:0.571 (Avg 0.5457) Dice:0.6906 (Avg 0.6716) LR 9.14e-04   (AvgTime 1.2)   
   [Train] sup_loss:0.206103 lv_loss:0.051270 epi_loss:0.000011 total_loss:0.216358 pseudo_update_count:597247
   [Train] Epoch: [23][80/358]  Loss:0.167 (Avg 0.2437) IoU:0.610 (Avg 0.5448) Dice:0.7413 (Avg 0.6707) LR 9.14e-04   (AvgTime 1.2)   
   [Train] sup_loss:0.158711 lv_loss:0.043194 epi_loss:0.000012 total_loss:0.167351 pseudo_update_count:548192
   [Train] Epoch: [23][100/358]  Loss:0.192 (Avg 0.2489) IoU:0.542 (Avg 0.5423) Dice:0.6705 (Avg 0.6685) LR 9.14e-04   (AvgTime 1.2)   
   [Train] sup_loss:0.181184 lv_loss:0.051839 epi_loss:0.000012 total_loss:0.191552 pseudo_update_count:646411
   [Train] Epoch: [23][120/358]  Loss:0.328 (Avg 0.2583) IoU:0.422 (Avg 0.5391) Dice:0.5624 (Avg 0.6662) LR 9.14e-04   (AvgTime 1.2)   
   [Train] sup_loss:0.314924 lv_loss:0.066135 epi_loss:0.000011 total_loss:0.328151 pseudo_update_count:595861
   [Train] Epoch: [23][140/358]  Loss:0.416 (Avg 0.2652) IoU:0.472 (Avg 0.5331) Dice:0.5836 (Avg 0.6601) LR 9.14e-04   (AvgTime 1.2)   
   [Train] sup_loss:0.404263 lv_loss:0.059242 epi_loss:0.000009 total_loss:0.416111 pseudo_update_count:546792
   [Train] Epoch: [23][160/358]  Loss:0.203 (Avg 0.2617) IoU:0.622 (Avg 0.5342) Dice:0.7347 (Avg 0.6617) LR 9.14e-04   (AvgTime 1.2)   
   [Train] sup_loss:0.190524 lv_loss:0.060214 epi_loss:0.000012 total_loss:0.202567 pseudo_update_count:547187
   [Train] Epoch: [23][180/358]  Loss:0.242 (Avg 0.2613) IoU:0.554 (Avg 0.5350) Dice:0.6722 (Avg 0.6623) LR 9.14e-04   (AvgTime 1.2)   
   [Train] sup_loss:0.232628 lv_loss:0.047598 epi_loss:0.000012 total_loss:0.242148 pseudo_update_count:398198
   [Train] Epoch: [23][200/358]  Loss:0.279 (Avg 0.2614) IoU:0.577 (Avg 0.5340) Dice:0.6935 (Avg 0.6609) LR 9.14e-04   (AvgTime 1.2)   
   [Train] sup_loss:0.269105 lv_loss:0.049087 epi_loss:0.000013 total_loss:0.278923 pseudo_update_count:547866
   [Train] Epoch: [23][220/358]  Loss:0.333 (Avg 0.2598) IoU:0.448 (Avg 0.5340) Dice:0.5663 (Avg 0.6612) LR 9.14e-04   (AvgTime 1.2)   
   [Train] sup_loss:0.321824 lv_loss:0.055456 epi_loss:0.000015 total_loss:0.332916 pseudo_update_count:695001
   [Train] Epoch: [23][240/358]  Loss:0.190 (Avg 0.2608) IoU:0.586 (Avg 0.5362) Dice:0.7065 (Avg 0.6633) LR 9.14e-04   (AvgTime 1.2)   
   [Train] sup_loss:0.180478 lv_loss:0.049790 epi_loss:0.000009 total_loss:0.190436 pseudo_update_count:547427
   [Train] Epoch: [23][260/358]  Loss:0.174 (Avg 0.2592) IoU:0.508 (Avg 0.5388) Dice:0.6434 (Avg 0.6661) LR 9.14e-04   (AvgTime 1.2)   
   [Train] sup_loss:0.163038 lv_loss:0.052575 epi_loss:0.000011 total_loss:0.173554 pseudo_update_count:745964
   [Train] Epoch: [23][280/358]  Loss:0.297 (Avg 0.2606) IoU:0.538 (Avg 0.5385) Dice:0.6573 (Avg 0.6656) LR 9.14e-04   (AvgTime 1.2)   
   [Train] sup_loss:0.287161 lv_loss:0.049868 epi_loss:0.000009 total_loss:0.297135 pseudo_update_count:547903
   [Train] Epoch: [23][300/358]  Loss:0.407 (Avg 0.2616) IoU:0.391 (Avg 0.5375) Dice:0.5120 (Avg 0.6643) LR 9.14e-04   (AvgTime 1.2)   
   [Train] sup_loss:0.395107 lv_loss:0.058968 epi_loss:0.000010 total_loss:0.406901 pseudo_update_count:546487
   [Train] Epoch: [23][320/358]  Loss:0.236 (Avg 0.2602) IoU:0.448 (Avg 0.5371) Dice:0.5759 (Avg 0.6640) LR 9.14e-04   (AvgTime 1.2)   
   [Train] sup_loss:0.226531 lv_loss:0.047666 epi_loss:0.000009 total_loss:0.236064 pseudo_update_count:647813
   [Train] Epoch: [23][340/358]  Loss:0.196 (Avg 0.2598) IoU:0.504 (Avg 0.5375) Dice:0.6439 (Avg 0.6644) LR 9.14e-04   (AvgTime 1.2)   
   [Train] sup_loss:0.184899 lv_loss:0.056984 epi_loss:0.000011 total_loss:0.196297 pseudo_update_count:645692
[Train-Epoch-Metrics] epoch=23 sup_loss:0.248611 lv_loss:0.054681 epi_loss:0.000011 total_loss:0.259548 pseudo_update_count:213191089 labeled_seen:1429 unlabeled_seen:4287 Dice:0.664111 IoU:0.537479
Validation
   [Val] Epoch: [23][20/90]  Loss:0.213 (Avg 0.2318) IoU:0.617 (Avg 0.5843) Dice:0.7267 (Avg 0.7024) (AvgTime 0.5)   
   [Val] sup_loss:0.213243 lv_loss:0.000000 epi_loss:0.000000 total_loss:0.213243 pseudo_update_count:0
   [Val] Epoch: [23][40/90]  Loss:0.206 (Avg 0.2349) IoU:0.578 (Avg 0.5847) Dice:0.6868 (Avg 0.7038) (AvgTime 0.5)   
   [Val] sup_loss:0.205697 lv_loss:0.000000 epi_loss:0.000000 total_loss:0.205697 pseudo_update_count:0
   [Val] Epoch: [23][60/90]  Loss:0.255 (Avg 0.2401) IoU:0.519 (Avg 0.5774) Dice:0.6472 (Avg 0.6975) (AvgTime 0.5)   
   [Val] sup_loss:0.255334 lv_loss:0.000000 epi_loss:0.000000 total_loss:0.255334 pseudo_update_count:0
   [Val] Epoch: [23][80/90]  Loss:0.153 (Avg 0.2395) IoU:0.697 (Avg 0.5752) Dice:0.8099 (Avg 0.6955) (AvgTime 0.5)   
   [Val] sup_loss:0.153100 lv_loss:0.000000 epi_loss:0.000000 total_loss:0.153100 pseudo_update_count:0
[Val-Epoch-Metrics] epoch=23 sup_loss:0.239714 lv_loss:0.000000 epi_loss:0.000000 total_loss:0.239714 pseudo_update_count:0 labeled_seen:1429 unlabeled_seen:0 Dice:0.694783 IoU:0.574773
	 Mean dice:0.6948 does not increase, the best is still: 0.7125 in epoch 20
	 early_stopping_count: 3/100000

========= Epoch [24/81] =========
QaTa_Covid19_LViT_25pct_labels
Training with batch size : 16
[SemiSup] subset_ratio=0.2500 labeled_name_count=1429
   [Train] Epoch: [24][20/358]  Loss:0.239 (Avg 0.2652) IoU:0.546 (Avg 0.5352) Dice:0.6782 (Avg 0.6620) LR 8.15e-04   (AvgTime 1.2)   
   [Train] sup_loss:0.227659 lv_loss:0.058225 epi_loss:0.000018 total_loss:0.239305 pseudo_update_count:496625
   [Train] Epoch: [24][40/358]  Loss:0.204 (Avg 0.2613) IoU:0.637 (Avg 0.5368) Dice:0.7502 (Avg 0.6628) LR 8.15e-04   (AvgTime 1.2)   
   [Train] sup_loss:0.193313 lv_loss:0.054881 epi_loss:0.000015 total_loss:0.204290 pseudo_update_count:397960
   [Train] Epoch: [24][60/358]  Loss:0.156 (Avg 0.2566) IoU:0.569 (Avg 0.5468) Dice:0.6796 (Avg 0.6723) LR 8.15e-04   (AvgTime 1.2)   
   [Train] sup_loss:0.146139 lv_loss:0.047965 epi_loss:0.000008 total_loss:0.155733 pseudo_update_count:647500
   [Train] Epoch: [24][80/358]  Loss:0.391 (Avg 0.2561) IoU:0.503 (Avg 0.5452) Dice:0.6403 (Avg 0.6710) LR 8.15e-04   (AvgTime 1.2)   
   [Train] sup_loss:0.380107 lv_loss:0.052578 epi_loss:0.000010 total_loss:0.390623 pseudo_update_count:695867
   [Train] Epoch: [24][100/358]  Loss:0.268 (Avg 0.2528) IoU:0.568 (Avg 0.5488) Dice:0.6922 (Avg 0.6743) LR 8.15e-04   (AvgTime 1.2)   
   [Train] sup_loss:0.257962 lv_loss:0.048608 epi_loss:0.000013 total_loss:0.267684 pseudo_update_count:497799
   [Train] Epoch: [24][120/358]  Loss:0.205 (Avg 0.2554) IoU:0.521 (Avg 0.5475) Dice:0.6565 (Avg 0.6733) LR 8.15e-04   (AvgTime 1.2)   
   [Train] sup_loss:0.194271 lv_loss:0.052824 epi_loss:0.000010 total_loss:0.204837 pseudo_update_count:547679
   [Train] Epoch: [24][140/358]  Loss:0.228 (Avg 0.2523) IoU:0.590 (Avg 0.5481) Dice:0.7217 (Avg 0.6734) LR 8.15e-04   (AvgTime 1.2)   
   [Train] sup_loss:0.217472 lv_loss:0.050656 epi_loss:0.000012 total_loss:0.227604 pseudo_update_count:646924
   [Train] Epoch: [24][160/358]  Loss:0.121 (Avg 0.2485) IoU:0.569 (Avg 0.5525) Dice:0.6770 (Avg 0.6772) LR 8.15e-04   (AvgTime 1.2)   
   [Train] sup_loss:0.112514 lv_loss:0.044157 epi_loss:0.000011 total_loss:0.121346 pseudo_update_count:697998
   [Train] Epoch: [24][180/358]  Loss:0.348 (Avg 0.2493) IoU:0.381 (Avg 0.5519) Dice:0.5186 (Avg 0.6768) LR 8.15e-04   (AvgTime 1.2)   
   [Train] sup_loss:0.339037 lv_loss:0.045966 epi_loss:0.000010 total_loss:0.348231 pseudo_update_count:696687
   [Train] Epoch: [24][200/358]  Loss:0.200 (Avg 0.2450) IoU:0.603 (Avg 0.5536) Dice:0.7292 (Avg 0.6787) LR 8.15e-04   (AvgTime 1.2)   
   [Train] sup_loss:0.190801 lv_loss:0.047308 epi_loss:0.000008 total_loss:0.200263 pseudo_update_count:547574
   [Train] Epoch: [24][220/358]  Loss:0.169 (Avg 0.2441) IoU:0.534 (Avg 0.5542) Dice:0.6729 (Avg 0.6792) LR 8.15e-04   (AvgTime 1.2)   
   [Train] sup_loss:0.159468 lv_loss:0.049308 epi_loss:0.000013 total_loss:0.169330 pseudo_update_count:597023
   [Train] Epoch: [24][240/358]  Loss:0.308 (Avg 0.2466) IoU:0.524 (Avg 0.5502) Dice:0.6540 (Avg 0.6754) LR 8.15e-04   (AvgTime 1.2)   
   [Train] sup_loss:0.298475 lv_loss:0.049088 epi_loss:0.000012 total_loss:0.308294 pseudo_update_count:546845
   [Train] Epoch: [24][260/358]  Loss:0.210 (Avg 0.2481) IoU:0.530 (Avg 0.5512) Dice:0.6504 (Avg 0.6762) LR 8.15e-04   (AvgTime 1.2)   
   [Train] sup_loss:0.197529 lv_loss:0.062158 epi_loss:0.000010 total_loss:0.209961 pseudo_update_count:446806
   [Train] Epoch: [24][280/358]  Loss:0.296 (Avg 0.2496) IoU:0.505 (Avg 0.5507) Dice:0.6378 (Avg 0.6759) LR 8.15e-04   (AvgTime 1.2)   
   [Train] sup_loss:0.285290 lv_loss:0.053019 epi_loss:0.000008 total_loss:0.295894 pseudo_update_count:497152
   [Train] Epoch: [24][300/358]  Loss:0.187 (Avg 0.2511) IoU:0.501 (Avg 0.5477) Dice:0.6301 (Avg 0.6730) LR 8.15e-04   (AvgTime 1.2)   
   [Train] sup_loss:0.174139 lv_loss:0.063686 epi_loss:0.000011 total_loss:0.186876 pseudo_update_count:645657
   [Train] Epoch: [24][320/358]  Loss:0.253 (Avg 0.2529) IoU:0.505 (Avg 0.5467) Dice:0.6456 (Avg 0.6722) LR 8.15e-04   (AvgTime 1.2)   
   [Train] sup_loss:0.242757 lv_loss:0.049194 epi_loss:0.000015 total_loss:0.252596 pseudo_update_count:547541
   [Train] Epoch: [24][340/358]  Loss:0.277 (Avg 0.2527) IoU:0.388 (Avg 0.5473) Dice:0.5366 (Avg 0.6729) LR 8.15e-04   (AvgTime 1.2)   
   [Train] sup_loss:0.266519 lv_loss:0.054302 epi_loss:0.000013 total_loss:0.277380 pseudo_update_count:646442
[Train-Epoch-Metrics] epoch=24 sup_loss:0.241825 lv_loss:0.051776 epi_loss:0.000011 total_loss:0.252181 pseudo_update_count:213270095 labeled_seen:1429 unlabeled_seen:4287 Dice:0.672369 IoU:0.546666
Validation
   [Val] Epoch: [24][20/90]  Loss:0.294 (Avg 0.3641) IoU:0.558 (Avg 0.5100) Dice:0.6744 (Avg 0.6426) (AvgTime 0.5)   
   [Val] sup_loss:0.294405 lv_loss:0.000000 epi_loss:0.000000 total_loss:0.294405 pseudo_update_count:0
   [Val] Epoch: [24][40/90]  Loss:0.349 (Avg 0.3552) IoU:0.519 (Avg 0.5091) Dice:0.6588 (Avg 0.6408) (AvgTime 0.5)   
   [Val] sup_loss:0.348756 lv_loss:0.000000 epi_loss:0.000000 total_loss:0.348756 pseudo_update_count:0
   [Val] Epoch: [24][60/90]  Loss:0.329 (Avg 0.3517) IoU:0.529 (Avg 0.5094) Dice:0.6600 (Avg 0.6424) (AvgTime 0.5)   
   [Val] sup_loss:0.328548 lv_loss:0.000000 epi_loss:0.000000 total_loss:0.328548 pseudo_update_count:0
   [Val] Epoch: [24][80/90]  Loss:0.261 (Avg 0.3486) IoU:0.600 (Avg 0.5073) Dice:0.7245 (Avg 0.6400) (AvgTime 0.5)   
   [Val] sup_loss:0.260532 lv_loss:0.000000 epi_loss:0.000000 total_loss:0.260532 pseudo_update_count:0
[Val-Epoch-Metrics] epoch=24 sup_loss:0.348286 lv_loss:0.000000 epi_loss:0.000000 total_loss:0.348286 pseudo_update_count:0 labeled_seen:1429 unlabeled_seen:0 Dice:0.640108 IoU:0.507526
	 Mean dice:0.6401 does not increase, the best is still: 0.7125 in epoch 20
	 early_stopping_count: 4/100000

========= Epoch [25/81] =========
QaTa_Covid19_LViT_25pct_labels
Training with batch size : 16
[SemiSup] subset_ratio=0.2500 labeled_name_count=1429
   [Train] Epoch: [25][20/358]  Loss:0.324 (Avg 0.2830) IoU:0.436 (Avg 0.5586) Dice:0.5733 (Avg 0.6836) LR 6.89e-04   (AvgTime 1.2)   
   [Train] sup_loss:0.311574 lv_loss:0.063747 epi_loss:0.000012 total_loss:0.324324 pseudo_update_count:596088
   [Train] Epoch: [25][40/358]  Loss:0.230 (Avg 0.2610) IoU:0.472 (Avg 0.5536) Dice:0.6073 (Avg 0.6797) LR 6.89e-04   (AvgTime 1.2)   
   [Train] sup_loss:0.216239 lv_loss:0.067558 epi_loss:0.000008 total_loss:0.229751 pseudo_update_count:694088
   [Train] Epoch: [25][60/358]  Loss:0.199 (Avg 0.2459) IoU:0.644 (Avg 0.5471) Dice:0.7404 (Avg 0.6725) LR 6.89e-04   (AvgTime 1.2)   
   [Train] sup_loss:0.190498 lv_loss:0.043906 epi_loss:0.000013 total_loss:0.199280 pseudo_update_count:597432
   [Train] Epoch: [25][80/358]  Loss:0.270 (Avg 0.2553) IoU:0.462 (Avg 0.5386) Dice:0.5789 (Avg 0.6641) LR 6.89e-04   (AvgTime 1.2)   
   [Train] sup_loss:0.259803 lv_loss:0.050442 epi_loss:0.000010 total_loss:0.269892 pseudo_update_count:646820
   [Train] Epoch: [25][100/358]  Loss:0.208 (Avg 0.2545) IoU:0.547 (Avg 0.5369) Dice:0.6509 (Avg 0.6625) LR 6.89e-04   (AvgTime 1.2)   
   [Train] sup_loss:0.196777 lv_loss:0.057828 epi_loss:0.000014 total_loss:0.208344 pseudo_update_count:497314
   [Train] Epoch: [25][120/358]  Loss:0.218 (Avg 0.2553) IoU:0.521 (Avg 0.5361) Dice:0.6590 (Avg 0.6615) LR 6.89e-04   (AvgTime 1.2)   
   [Train] sup_loss:0.205889 lv_loss:0.060402 epi_loss:0.000011 total_loss:0.217970 pseudo_update_count:646098
   [Train] Epoch: [25][140/358]  Loss:0.330 (Avg 0.2546) IoU:0.453 (Avg 0.5343) Dice:0.5900 (Avg 0.6597) LR 6.89e-04   (AvgTime 1.2)   
   [Train] sup_loss:0.319016 lv_loss:0.057342 epi_loss:0.000008 total_loss:0.330484 pseudo_update_count:446416
   [Train] Epoch: [25][160/358]  Loss:0.179 (Avg 0.2554) IoU:0.407 (Avg 0.5343) Dice:0.5404 (Avg 0.6597) LR 6.89e-04   (AvgTime 1.2)   
   [Train] sup_loss:0.167305 lv_loss:0.060572 epi_loss:0.000007 total_loss:0.179420 pseudo_update_count:645489
   [Train] Epoch: [25][180/358]  Loss:0.162 (Avg 0.2520) IoU:0.566 (Avg 0.5342) Dice:0.6825 (Avg 0.6599) LR 6.89e-04   (AvgTime 1.2)   
   [Train] sup_loss:0.153133 lv_loss:0.044410 epi_loss:0.000012 total_loss:0.162016 pseudo_update_count:547669
   [Train] Epoch: [25][200/358]  Loss:0.211 (Avg 0.2541) IoU:0.549 (Avg 0.5363) Dice:0.6714 (Avg 0.6621) LR 6.89e-04   (AvgTime 1.2)   
   [Train] sup_loss:0.201048 lv_loss:0.050813 epi_loss:0.000012 total_loss:0.211212 pseudo_update_count:597057
   [Train] Epoch: [25][220/358]  Loss:0.137 (Avg 0.2506) IoU:0.572 (Avg 0.5377) Dice:0.7057 (Avg 0.6635) LR 6.89e-04   (AvgTime 1.2)   
   [Train] sup_loss:0.127573 lv_loss:0.045626 epi_loss:0.000009 total_loss:0.136698 pseudo_update_count:647353
   [Train] Epoch: [25][240/358]  Loss:0.327 (Avg 0.2506) IoU:0.589 (Avg 0.5409) Dice:0.6942 (Avg 0.6663) LR 6.89e-04   (AvgTime 1.2)   
   [Train] sup_loss:0.315843 lv_loss:0.058135 epi_loss:0.000015 total_loss:0.327471 pseudo_update_count:547390
   [Train] Epoch: [25][260/358]  Loss:0.183 (Avg 0.2484) IoU:0.532 (Avg 0.5418) Dice:0.6731 (Avg 0.6675) LR 6.89e-04   (AvgTime 1.2)   
   [Train] sup_loss:0.173416 lv_loss:0.047920 epi_loss:0.000009 total_loss:0.183000 pseudo_update_count:697016
   [Train] Epoch: [25][280/358]  Loss:0.292 (Avg 0.2472) IoU:0.634 (Avg 0.5439) Dice:0.7580 (Avg 0.6696) LR 6.89e-04   (AvgTime 1.2)   
   [Train] sup_loss:0.281917 lv_loss:0.049676 epi_loss:0.000011 total_loss:0.291853 pseudo_update_count:647607
   [Train] Epoch: [25][300/358]  Loss:0.243 (Avg 0.2469) IoU:0.572 (Avg 0.5459) Dice:0.6929 (Avg 0.6713) LR 6.89e-04   (AvgTime 1.2)   
   [Train] sup_loss:0.234190 lv_loss:0.043141 epi_loss:0.000011 total_loss:0.242819 pseudo_update_count:448883
   [Train] Epoch: [25][320/358]  Loss:0.170 (Avg 0.2471) IoU:0.540 (Avg 0.5467) Dice:0.6728 (Avg 0.6720) LR 6.89e-04   (AvgTime 1.2)   
   [Train] sup_loss:0.159281 lv_loss:0.052434 epi_loss:0.000011 total_loss:0.169768 pseudo_update_count:596808
   [Train] Epoch: [25][340/358]  Loss:0.410 (Avg 0.2494) IoU:0.455 (Avg 0.5472) Dice:0.5801 (Avg 0.6724) LR 6.89e-04   (AvgTime 1.2)   
   [Train] sup_loss:0.400595 lv_loss:0.048715 epi_loss:0.000015 total_loss:0.410339 pseudo_update_count:497716
[Train-Epoch-Metrics] epoch=25 sup_loss:0.239677 lv_loss:0.052135 epi_loss:0.000011 total_loss:0.250105 pseudo_update_count:213277346 labeled_seen:1429 unlabeled_seen:4287 Dice:0.671521 IoU:0.546147
Validation
   [Val] Epoch: [25][20/90]  Loss:0.260 (Avg 0.2727) IoU:0.560 (Avg 0.5191) Dice:0.6788 (Avg 0.6496) (AvgTime 0.5)   
   [Val] sup_loss:0.260209 lv_loss:0.000000 epi_loss:0.000000 total_loss:0.260209 pseudo_update_count:0
   [Val] Epoch: [25][40/90]  Loss:0.308 (Avg 0.2863) IoU:0.474 (Avg 0.4979) Dice:0.5919 (Avg 0.6266) (AvgTime 0.5)   
   [Val] sup_loss:0.308231 lv_loss:0.000000 epi_loss:0.000000 total_loss:0.308231 pseudo_update_count:0
   [Val] Epoch: [25][60/90]  Loss:0.347 (Avg 0.2957) IoU:0.437 (Avg 0.4887) Dice:0.5311 (Avg 0.6173) (AvgTime 0.5)   
   [Val] sup_loss:0.347477 lv_loss:0.000000 epi_loss:0.000000 total_loss:0.347477 pseudo_update_count:0
   [Val] Epoch: [25][80/90]  Loss:0.267 (Avg 0.2939) IoU:0.532 (Avg 0.4886) Dice:0.6434 (Avg 0.6183) (AvgTime 0.5)   
   [Val] sup_loss:0.266574 lv_loss:0.000000 epi_loss:0.000000 total_loss:0.266574 pseudo_update_count:0
[Val-Epoch-Metrics] epoch=25 sup_loss:0.294541 lv_loss:0.000000 epi_loss:0.000000 total_loss:0.294541 pseudo_update_count:0 labeled_seen:1429 unlabeled_seen:0 Dice:0.617480 IoU:0.487261
	 Mean dice:0.6175 does not increase, the best is still: 0.7125 in epoch 20
	 early_stopping_count: 5/100000

========= Epoch [26/81] =========
QaTa_Covid19_LViT_25pct_labels
Training with batch size : 16
[SemiSup] subset_ratio=0.2500 labeled_name_count=1429
   [Train] Epoch: [26][20/358]  Loss:0.132 (Avg 0.2417) IoU:0.604 (Avg 0.5396) Dice:0.7209 (Avg 0.6661) LR 5.50e-04   (AvgTime 1.2)   
   [Train] sup_loss:0.120763 lv_loss:0.057141 epi_loss:0.000012 total_loss:0.132192 pseudo_update_count:645761
   [Train] Epoch: [26][40/358]  Loss:0.181 (Avg 0.2771) IoU:0.552 (Avg 0.5440) Dice:0.6820 (Avg 0.6687) LR 5.50e-04   (AvgTime 1.2)   
   [Train] sup_loss:0.165866 lv_loss:0.074299 epi_loss:0.000011 total_loss:0.180727 pseudo_update_count:545129
   [Train] Epoch: [26][60/358]  Loss:0.352 (Avg 0.2643) IoU:0.477 (Avg 0.5386) Dice:0.6083 (Avg 0.6637) LR 5.50e-04   (AvgTime 1.2)   
   [Train] sup_loss:0.340242 lv_loss:0.056562 epi_loss:0.000013 total_loss:0.351555 pseudo_update_count:646418
   [Train] Epoch: [26][80/358]  Loss:0.279 (Avg 0.2605) IoU:0.562 (Avg 0.5405) Dice:0.6757 (Avg 0.6643) LR 5.50e-04   (AvgTime 1.2)   
   [Train] sup_loss:0.267895 lv_loss:0.053117 epi_loss:0.000012 total_loss:0.278519 pseudo_update_count:597713
   [Train] Epoch: [26][100/358]  Loss:0.240 (Avg 0.2581) IoU:0.573 (Avg 0.5518) Dice:0.7009 (Avg 0.6748) LR 5.50e-04   (AvgTime 1.2)   
   [Train] sup_loss:0.229875 lv_loss:0.049957 epi_loss:0.000012 total_loss:0.239867 pseudo_update_count:598123
   [Train] Epoch: [26][120/358]  Loss:0.152 (Avg 0.2638) IoU:0.632 (Avg 0.5487) Dice:0.7443 (Avg 0.6719) LR 5.50e-04   (AvgTime 1.2)   
   [Train] sup_loss:0.140539 lv_loss:0.058290 epi_loss:0.000013 total_loss:0.152198 pseudo_update_count:595888
   [Train] Epoch: [26][140/358]  Loss:0.324 (Avg 0.2643) IoU:0.455 (Avg 0.5452) Dice:0.5823 (Avg 0.6689) LR 5.50e-04   (AvgTime 1.2)   
   [Train] sup_loss:0.313275 lv_loss:0.053146 epi_loss:0.000013 total_loss:0.323905 pseudo_update_count:696490
   [Train] Epoch: [26][160/358]  Loss:0.150 (Avg 0.2605) IoU:0.507 (Avg 0.5470) Dice:0.6414 (Avg 0.6709) LR 5.50e-04   (AvgTime 1.2)   
   [Train] sup_loss:0.138725 lv_loss:0.056612 epi_loss:0.000011 total_loss:0.150048 pseudo_update_count:596103
   [Train] Epoch: [26][180/358]  Loss:0.401 (Avg 0.2620) IoU:0.594 (Avg 0.5479) Dice:0.7163 (Avg 0.6719) LR 5.50e-04   (AvgTime 1.2)   
   [Train] sup_loss:0.389954 lv_loss:0.055176 epi_loss:0.000014 total_loss:0.400990 pseudo_update_count:596608
   [Train] Epoch: [26][200/358]  Loss:0.126 (Avg 0.2590) IoU:0.650 (Avg 0.5497) Dice:0.7748 (Avg 0.6738) LR 5.50e-04   (AvgTime 1.2)   
   [Train] sup_loss:0.115856 lv_loss:0.050282 epi_loss:0.000012 total_loss:0.125913 pseudo_update_count:597516
   [Train] Epoch: [26][220/358]  Loss:0.247 (Avg 0.2560) IoU:0.560 (Avg 0.5503) Dice:0.6897 (Avg 0.6745) LR 5.50e-04   (AvgTime 1.2)   
   [Train] sup_loss:0.237754 lv_loss:0.048111 epi_loss:0.000014 total_loss:0.247377 pseudo_update_count:498374
   [Train] Epoch: [26][240/358]  Loss:0.399 (Avg 0.2551) IoU:0.360 (Avg 0.5481) Dice:0.4806 (Avg 0.6725) LR 5.50e-04   (AvgTime 1.2)   
   [Train] sup_loss:0.388380 lv_loss:0.051985 epi_loss:0.000012 total_loss:0.398778 pseudo_update_count:745804
   [Train] Epoch: [26][260/358]  Loss:0.310 (Avg 0.2562) IoU:0.530 (Avg 0.5487) Dice:0.6574 (Avg 0.6735) LR 5.50e-04   (AvgTime 1.2)   
   [Train] sup_loss:0.298750 lv_loss:0.054002 epi_loss:0.000008 total_loss:0.309550 pseudo_update_count:546896
   [Train] Epoch: [26][280/358]  Loss:0.164 (Avg 0.2534) IoU:0.651 (Avg 0.5496) Dice:0.7699 (Avg 0.6745) LR 5.50e-04   (AvgTime 1.2)   
   [Train] sup_loss:0.153257 lv_loss:0.052430 epi_loss:0.000011 total_loss:0.163744 pseudo_update_count:596819
   [Train] Epoch: [26][300/358]  Loss:0.246 (Avg 0.2547) IoU:0.626 (Avg 0.5502) Dice:0.7326 (Avg 0.6751) LR 5.50e-04   (AvgTime 1.2)   
   [Train] sup_loss:0.236640 lv_loss:0.046393 epi_loss:0.000011 total_loss:0.245919 pseudo_update_count:697799
   [Train] Epoch: [26][320/358]  Loss:0.367 (Avg 0.2540) IoU:0.396 (Avg 0.5496) Dice:0.5329 (Avg 0.6745) LR 5.50e-04   (AvgTime 1.2)   
   [Train] sup_loss:0.355922 lv_loss:0.055448 epi_loss:0.000013 total_loss:0.367012 pseudo_update_count:645776
   [Train] Epoch: [26][340/358]  Loss:0.208 (Avg 0.2512) IoU:0.572 (Avg 0.5511) Dice:0.7113 (Avg 0.6759) LR 5.50e-04   (AvgTime 1.2)   
   [Train] sup_loss:0.198159 lv_loss:0.049959 epi_loss:0.000016 total_loss:0.208151 pseudo_update_count:447769
[Train-Epoch-Metrics] epoch=26 sup_loss:0.238398 lv_loss:0.052483 epi_loss:0.000011 total_loss:0.248896 pseudo_update_count:213298197 labeled_seen:1429 unlabeled_seen:4287 Dice:0.678171 IoU:0.553493
Validation
   [Val] Epoch: [26][20/90]  Loss:0.331 (Avg 0.2412) IoU:0.450 (Avg 0.5793) Dice:0.5854 (Avg 0.6995) (AvgTime 0.5)   
   [Val] sup_loss:0.330572 lv_loss:0.000000 epi_loss:0.000000 total_loss:0.330572 pseudo_update_count:0
   [Val] Epoch: [26][40/90]  Loss:0.223 (Avg 0.2341) IoU:0.561 (Avg 0.5767) Dice:0.6913 (Avg 0.6977) (AvgTime 0.5)   
   [Val] sup_loss:0.223249 lv_loss:0.000000 epi_loss:0.000000 total_loss:0.223249 pseudo_update_count:0
   [Val] Epoch: [26][60/90]  Loss:0.247 (Avg 0.2394) IoU:0.464 (Avg 0.5659) Dice:0.5990 (Avg 0.6878) (AvgTime 0.5)   
   [Val] sup_loss:0.246881 lv_loss:0.000000 epi_loss:0.000000 total_loss:0.246881 pseudo_update_count:0
   [Val] Epoch: [26][80/90]  Loss:0.201 (Avg 0.2359) IoU:0.599 (Avg 0.5696) Dice:0.7117 (Avg 0.6909) (AvgTime 0.5)   
   [Val] sup_loss:0.200858 lv_loss:0.000000 epi_loss:0.000000 total_loss:0.200858 pseudo_update_count:0
[Val-Epoch-Metrics] epoch=26 sup_loss:0.235015 lv_loss:0.000000 epi_loss:0.000000 total_loss:0.235015 pseudo_update_count:0 labeled_seen:1429 unlabeled_seen:0 Dice:0.689820 IoU:0.568747
	 Mean dice:0.6898 does not increase, the best is still: 0.7125 in epoch 20
	 early_stopping_count: 6/100000

========= Epoch [27/81] =========
QaTa_Covid19_LViT_25pct_labels
Training with batch size : 16
[SemiSup] subset_ratio=0.2500 labeled_name_count=1429
   [Train] Epoch: [27][20/358]  Loss:0.429 (Avg 0.2417) IoU:0.540 (Avg 0.5551) Dice:0.6603 (Avg 0.6827) LR 4.11e-04   (AvgTime 1.2)   
   [Train] sup_loss:0.419810 lv_loss:0.047198 epi_loss:0.000012 total_loss:0.429250 pseudo_update_count:597204
   [Train] Epoch: [27][40/358]  Loss:0.210 (Avg 0.2088) IoU:0.606 (Avg 0.5676) Dice:0.7362 (Avg 0.6928) LR 4.11e-04   (AvgTime 1.2)   
   [Train] sup_loss:0.202726 lv_loss:0.036521 epi_loss:0.000008 total_loss:0.210031 pseudo_update_count:499347
   [Train] Epoch: [27][60/358]  Loss:0.129 (Avg 0.2175) IoU:0.553 (Avg 0.5666) Dice:0.6868 (Avg 0.6913) LR 4.11e-04   (AvgTime 1.2)   
   [Train] sup_loss:0.119104 lv_loss:0.049695 epi_loss:0.000011 total_loss:0.129044 pseudo_update_count:647142
   [Train] Epoch: [27][80/358]  Loss:0.199 (Avg 0.2292) IoU:0.672 (Avg 0.5651) Dice:0.7898 (Avg 0.6891) LR 4.11e-04   (AvgTime 1.2)   
   [Train] sup_loss:0.188473 lv_loss:0.051859 epi_loss:0.000015 total_loss:0.198845 pseudo_update_count:597133
   [Train] Epoch: [27][100/358]  Loss:0.142 (Avg 0.2286) IoU:0.685 (Avg 0.5639) Dice:0.8001 (Avg 0.6890) LR 4.11e-04   (AvgTime 1.2)   
   [Train] sup_loss:0.132819 lv_loss:0.047991 epi_loss:0.000011 total_loss:0.142418 pseudo_update_count:497971
   [Train] Epoch: [27][120/358]  Loss:0.182 (Avg 0.2318) IoU:0.560 (Avg 0.5654) Dice:0.6916 (Avg 0.6903) LR 4.11e-04   (AvgTime 1.2)   
   [Train] sup_loss:0.171366 lv_loss:0.051911 epi_loss:0.000012 total_loss:0.181748 pseudo_update_count:547313
   [Train] Epoch: [27][140/358]  Loss:0.186 (Avg 0.2339) IoU:0.643 (Avg 0.5655) Dice:0.7607 (Avg 0.6905) LR 4.11e-04   (AvgTime 1.2)   
   [Train] sup_loss:0.176182 lv_loss:0.049089 epi_loss:0.000011 total_loss:0.186001 pseudo_update_count:497655
   [Train] Epoch: [27][160/358]  Loss:0.219 (Avg 0.2328) IoU:0.653 (Avg 0.5649) Dice:0.7730 (Avg 0.6894) LR 4.11e-04   (AvgTime 1.2)   
   [Train] sup_loss:0.209481 lv_loss:0.046792 epi_loss:0.000015 total_loss:0.218841 pseudo_update_count:597044
   [Train] Epoch: [27][180/358]  Loss:0.310 (Avg 0.2272) IoU:0.594 (Avg 0.5655) Dice:0.7175 (Avg 0.6900) LR 4.11e-04   (AvgTime 1.2)   
   [Train] sup_loss:0.301229 lv_loss:0.044192 epi_loss:0.000012 total_loss:0.310068 pseudo_update_count:548003
   [Train] Epoch: [27][200/358]  Loss:0.275 (Avg 0.2257) IoU:0.528 (Avg 0.5665) Dice:0.6629 (Avg 0.6909) LR 4.11e-04   (AvgTime 1.2)   
   [Train] sup_loss:0.267210 lv_loss:0.038110 epi_loss:0.000010 total_loss:0.274833 pseudo_update_count:598624
   [Train] Epoch: [27][220/358]  Loss:0.286 (Avg 0.2258) IoU:0.678 (Avg 0.5682) Dice:0.7907 (Avg 0.6923) LR 4.11e-04   (AvgTime 1.2)   
   [Train] sup_loss:0.277286 lv_loss:0.041938 epi_loss:0.000023 total_loss:0.285675 pseudo_update_count:548208
   [Train] Epoch: [27][240/358]  Loss:0.226 (Avg 0.2275) IoU:0.531 (Avg 0.5673) Dice:0.6709 (Avg 0.6913) LR 4.11e-04   (AvgTime 1.2)   
   [Train] sup_loss:0.216802 lv_loss:0.047964 epi_loss:0.000013 total_loss:0.226396 pseudo_update_count:497900
   [Train] Epoch: [27][260/358]  Loss:0.010 (Avg 0.2279) IoU:0.571 (Avg 0.5666) Dice:0.7047 (Avg 0.6907) LR 4.11e-04   (AvgTime 1.2)   
   [Train] sup_loss:0.000000 lv_loss:0.051235 epi_loss:0.000013 total_loss:0.010248 pseudo_update_count:796144
   [Train] Epoch: [27][280/358]  Loss:0.216 (Avg 0.2306) IoU:0.530 (Avg 0.5649) Dice:0.6578 (Avg 0.6891) LR 4.11e-04   (AvgTime 1.2)   
   [Train] sup_loss:0.206682 lv_loss:0.045147 epi_loss:0.000011 total_loss:0.215712 pseudo_update_count:547842
   [Train] Epoch: [27][300/358]  Loss:0.312 (Avg 0.2321) IoU:0.528 (Avg 0.5630) Dice:0.6697 (Avg 0.6874) LR 4.11e-04   (AvgTime 1.2)   
   [Train] sup_loss:0.302811 lv_loss:0.046454 epi_loss:0.000008 total_loss:0.312103 pseudo_update_count:547823
   [Train] Epoch: [27][320/358]  Loss:0.201 (Avg 0.2326) IoU:0.527 (Avg 0.5625) Dice:0.6628 (Avg 0.6866) LR 4.11e-04   (AvgTime 1.2)   
   [Train] sup_loss:0.191054 lv_loss:0.050754 epi_loss:0.000008 total_loss:0.201205 pseudo_update_count:597451
   [Train] Epoch: [27][340/358]  Loss:0.266 (Avg 0.2343) IoU:0.494 (Avg 0.5619) Dice:0.5990 (Avg 0.6862) LR 4.11e-04   (AvgTime 1.2)   
   [Train] sup_loss:0.255011 lv_loss:0.055019 epi_loss:0.000014 total_loss:0.266016 pseudo_update_count:596299
[Train-Epoch-Metrics] epoch=27 sup_loss:0.223467 lv_loss:0.047637 epi_loss:0.000011 total_loss:0.232995 pseudo_update_count:213431323 labeled_seen:1429 unlabeled_seen:4287 Dice:0.688297 IoU:0.564235
Validation
   [Val] Epoch: [27][20/90]  Loss:0.182 (Avg 0.2322) IoU:0.672 (Avg 0.5962) Dice:0.7890 (Avg 0.7122) (AvgTime 0.5)   
   [Val] sup_loss:0.182153 lv_loss:0.000000 epi_loss:0.000000 total_loss:0.182153 pseudo_update_count:0
   [Val] Epoch: [27][40/90]  Loss:0.228 (Avg 0.2318) IoU:0.530 (Avg 0.5870) Dice:0.6549 (Avg 0.7051) (AvgTime 0.5)   
   [Val] sup_loss:0.228151 lv_loss:0.000000 epi_loss:0.000000 total_loss:0.228151 pseudo_update_count:0
   [Val] Epoch: [27][60/90]  Loss:0.262 (Avg 0.2313) IoU:0.513 (Avg 0.5881) Dice:0.6260 (Avg 0.7068) (AvgTime 0.5)   
   [Val] sup_loss:0.261610 lv_loss:0.000000 epi_loss:0.000000 total_loss:0.261610 pseudo_update_count:0
   [Val] Epoch: [27][80/90]  Loss:0.270 (Avg 0.2350) IoU:0.507 (Avg 0.5841) Dice:0.6444 (Avg 0.7038) (AvgTime 0.5)   
   [Val] sup_loss:0.270089 lv_loss:0.000000 epi_loss:0.000000 total_loss:0.270089 pseudo_update_count:0
[Val-Epoch-Metrics] epoch=27 sup_loss:0.233382 lv_loss:0.000000 epi_loss:0.000000 total_loss:0.233382 pseudo_update_count:0 labeled_seen:1429 unlabeled_seen:0 Dice:0.703745 IoU:0.584449
	 Mean dice:0.7037 does not increase, the best is still: 0.7125 in epoch 20
	 early_stopping_count: 7/100000

========= Epoch [28/81] =========
QaTa_Covid19_LViT_25pct_labels
Training with batch size : 16
[SemiSup] subset_ratio=0.2500 labeled_name_count=1429
   [Train] Epoch: [28][20/358]  Loss:0.264 (Avg 0.2573) IoU:0.583 (Avg 0.5614) Dice:0.7004 (Avg 0.6859) LR 2.85e-04   (AvgTime 1.2)   
   [Train] sup_loss:0.255080 lv_loss:0.046467 epi_loss:0.000010 total_loss:0.264374 pseudo_update_count:746811
   [Train] Epoch: [28][40/358]  Loss:0.261 (Avg 0.2375) IoU:0.498 (Avg 0.5763) Dice:0.6454 (Avg 0.6991) LR 2.85e-04   (AvgTime 1.2)   
   [Train] sup_loss:0.251276 lv_loss:0.050884 epi_loss:0.000013 total_loss:0.261453 pseudo_update_count:448075
   [Train] Epoch: [28][60/358]  Loss:0.186 (Avg 0.2336) IoU:0.522 (Avg 0.5700) Dice:0.6547 (Avg 0.6932) LR 2.85e-04   (AvgTime 1.2)   
   [Train] sup_loss:0.176366 lv_loss:0.048428 epi_loss:0.000010 total_loss:0.186052 pseudo_update_count:596720
   [Train] Epoch: [28][80/358]  Loss:0.249 (Avg 0.2299) IoU:0.525 (Avg 0.5731) Dice:0.6562 (Avg 0.6963) LR 2.85e-04   (AvgTime 1.2)   
   [Train] sup_loss:0.240926 lv_loss:0.041111 epi_loss:0.000010 total_loss:0.249149 pseudo_update_count:597710
   [Train] Epoch: [28][100/358]  Loss:0.276 (Avg 0.2324) IoU:0.480 (Avg 0.5730) Dice:0.6124 (Avg 0.6965) LR 2.85e-04   (AvgTime 1.2)   
   [Train] sup_loss:0.267266 lv_loss:0.045078 epi_loss:0.000009 total_loss:0.276282 pseudo_update_count:597860
   [Train] Epoch: [28][120/358]  Loss:0.160 (Avg 0.2294) IoU:0.675 (Avg 0.5734) Dice:0.7875 (Avg 0.6968) LR 2.85e-04   (AvgTime 1.2)   
   [Train] sup_loss:0.152482 lv_loss:0.038571 epi_loss:0.000013 total_loss:0.160197 pseudo_update_count:598742
   [Train] Epoch: [28][140/358]  Loss:0.239 (Avg 0.2268) IoU:0.594 (Avg 0.5748) Dice:0.7155 (Avg 0.6980) LR 2.85e-04   (AvgTime 1.2)   
   [Train] sup_loss:0.230755 lv_loss:0.042627 epi_loss:0.000012 total_loss:0.239281 pseudo_update_count:697649
   [Train] Epoch: [28][160/358]  Loss:0.142 (Avg 0.2252) IoU:0.636 (Avg 0.5767) Dice:0.7658 (Avg 0.6995) LR 2.85e-04   (AvgTime 1.2)   
   [Train] sup_loss:0.132779 lv_loss:0.047234 epi_loss:0.000008 total_loss:0.142226 pseudo_update_count:597975
   [Train] Epoch: [28][180/358]  Loss:0.179 (Avg 0.2281) IoU:0.636 (Avg 0.5758) Dice:0.7640 (Avg 0.6987) LR 2.85e-04   (AvgTime 1.2)   
   [Train] sup_loss:0.170650 lv_loss:0.041149 epi_loss:0.000015 total_loss:0.178881 pseudo_update_count:548450
   [Train] Epoch: [28][200/358]  Loss:0.292 (Avg 0.2283) IoU:0.562 (Avg 0.5764) Dice:0.7017 (Avg 0.6996) LR 2.85e-04   (AvgTime 1.2)   
   [Train] sup_loss:0.282598 lv_loss:0.047601 epi_loss:0.000009 total_loss:0.292118 pseudo_update_count:647285
   [Train] Epoch: [28][220/358]  Loss:0.278 (Avg 0.2292) IoU:0.487 (Avg 0.5759) Dice:0.6097 (Avg 0.6991) LR 2.85e-04   (AvgTime 1.2)   
   [Train] sup_loss:0.266508 lv_loss:0.059264 epi_loss:0.000014 total_loss:0.278362 pseudo_update_count:397365
   [Train] Epoch: [28][240/358]  Loss:0.234 (Avg 0.2293) IoU:0.585 (Avg 0.5763) Dice:0.7061 (Avg 0.6998) LR 2.85e-04   (AvgTime 1.2)   
   [Train] sup_loss:0.224765 lv_loss:0.048569 epi_loss:0.000009 total_loss:0.234479 pseudo_update_count:448456
   [Train] Epoch: [28][260/358]  Loss:0.157 (Avg 0.2296) IoU:0.628 (Avg 0.5755) Dice:0.7446 (Avg 0.6992) LR 2.85e-04   (AvgTime 1.2)   
   [Train] sup_loss:0.146268 lv_loss:0.054089 epi_loss:0.000013 total_loss:0.157087 pseudo_update_count:596829
   [Train] Epoch: [28][280/358]  Loss:0.181 (Avg 0.2278) IoU:0.617 (Avg 0.5763) Dice:0.7396 (Avg 0.6998) LR 2.85e-04   (AvgTime 1.2)   
   [Train] sup_loss:0.172097 lv_loss:0.042102 epi_loss:0.000011 total_loss:0.180518 pseudo_update_count:647984
   [Train] Epoch: [28][300/358]  Loss:0.213 (Avg 0.2300) IoU:0.611 (Avg 0.5763) Dice:0.7309 (Avg 0.6997) LR 2.85e-04   (AvgTime 1.2)   
   [Train] sup_loss:0.202413 lv_loss:0.051299 epi_loss:0.000019 total_loss:0.212674 pseudo_update_count:597583
   [Train] Epoch: [28][320/358]  Loss:0.297 (Avg 0.2308) IoU:0.483 (Avg 0.5767) Dice:0.6063 (Avg 0.6999) LR 2.85e-04   (AvgTime 1.2)   
   [Train] sup_loss:0.286585 lv_loss:0.054417 epi_loss:0.000010 total_loss:0.297469 pseudo_update_count:497759
   [Train] Epoch: [28][340/358]  Loss:0.213 (Avg 0.2319) IoU:0.628 (Avg 0.5761) Dice:0.7574 (Avg 0.6991) LR 2.85e-04   (AvgTime 1.2)   
   [Train] sup_loss:0.202772 lv_loss:0.049887 epi_loss:0.000015 total_loss:0.212750 pseudo_update_count:647370
[Train-Epoch-Metrics] epoch=28 sup_loss:0.221199 lv_loss:0.046911 epi_loss:0.000011 total_loss:0.230582 pseudo_update_count:213496323 labeled_seen:1429 unlabeled_seen:4287 Dice:0.698421 IoU:0.575753
Validation
   [Val] Epoch: [28][20/90]  Loss:0.225 (Avg 0.2329) IoU:0.640 (Avg 0.5959) Dice:0.7584 (Avg 0.7118) (AvgTime 0.5)   
   [Val] sup_loss:0.225400 lv_loss:0.000000 epi_loss:0.000000 total_loss:0.225400 pseudo_update_count:0
   [Val] Epoch: [28][40/90]  Loss:0.201 (Avg 0.2274) IoU:0.616 (Avg 0.5919) Dice:0.7394 (Avg 0.7079) (AvgTime 0.5)   
   [Val] sup_loss:0.201363 lv_loss:0.000000 epi_loss:0.000000 total_loss:0.201363 pseudo_update_count:0
   [Val] Epoch: [28][60/90]  Loss:0.220 (Avg 0.2253) IoU:0.598 (Avg 0.5922) Dice:0.7170 (Avg 0.7094) (AvgTime 0.5)   
   [Val] sup_loss:0.219768 lv_loss:0.000000 epi_loss:0.000000 total_loss:0.219768 pseudo_update_count:0
   [Val] Epoch: [28][80/90]  Loss:0.180 (Avg 0.2251) IoU:0.648 (Avg 0.5911) Dice:0.7594 (Avg 0.7090) (AvgTime 0.5)   
   [Val] sup_loss:0.179790 lv_loss:0.000000 epi_loss:0.000000 total_loss:0.179790 pseudo_update_count:0
[Val-Epoch-Metrics] epoch=28 sup_loss:0.228706 lv_loss:0.000000 epi_loss:0.000000 total_loss:0.228706 pseudo_update_count:0 labeled_seen:1429 unlabeled_seen:0 Dice:0.706731 IoU:0.588689
	 Mean dice:0.7067 does not increase, the best is still: 0.7125 in epoch 20
	 early_stopping_count: 8/100000

========= Epoch [29/81] =========
QaTa_Covid19_LViT_25pct_labels
Training with batch size : 16
[SemiSup] subset_ratio=0.2500 labeled_name_count=1429
   [Train] Epoch: [29][20/358]  Loss:0.219 (Avg 0.2048) IoU:0.595 (Avg 0.6084) Dice:0.7310 (Avg 0.7307) LR 1.86e-04   (AvgTime 1.2)   
   [Train] sup_loss:0.210809 lv_loss:0.041677 epi_loss:0.000011 total_loss:0.219145 pseudo_update_count:548642
   [Train] Epoch: [29][40/358]  Loss:0.086 (Avg 0.2051) IoU:0.525 (Avg 0.5992) Dice:0.6423 (Avg 0.7200) LR 1.86e-04   (AvgTime 1.2)   
   [Train] sup_loss:0.076466 lv_loss:0.046164 epi_loss:0.000013 total_loss:0.085699 pseudo_update_count:647950
   [Train] Epoch: [29][60/358]  Loss:0.086 (Avg 0.2050) IoU:0.725 (Avg 0.5944) Dice:0.8300 (Avg 0.7149) LR 1.86e-04   (AvgTime 1.2)   
   [Train] sup_loss:0.076467 lv_loss:0.047709 epi_loss:0.000013 total_loss:0.086010 pseudo_update_count:547477
   [Train] Epoch: [29][80/358]  Loss:0.145 (Avg 0.2060) IoU:0.649 (Avg 0.5948) Dice:0.7752 (Avg 0.7149) LR 1.86e-04   (AvgTime 1.2)   
   [Train] sup_loss:0.135282 lv_loss:0.046407 epi_loss:0.000006 total_loss:0.144564 pseudo_update_count:597778
   [Train] Epoch: [29][100/358]  Loss:0.233 (Avg 0.2123) IoU:0.558 (Avg 0.5951) Dice:0.6878 (Avg 0.7153) LR 1.86e-04   (AvgTime 1.2)   
   [Train] sup_loss:0.223805 lv_loss:0.047578 epi_loss:0.000011 total_loss:0.233322 pseudo_update_count:497756
   [Train] Epoch: [29][120/358]  Loss:0.162 (Avg 0.2116) IoU:0.576 (Avg 0.5939) Dice:0.7020 (Avg 0.7142) LR 1.86e-04   (AvgTime 1.2)   
   [Train] sup_loss:0.154600 lv_loss:0.039060 epi_loss:0.000011 total_loss:0.162412 pseudo_update_count:648436
   [Train] Epoch: [29][140/358]  Loss:0.123 (Avg 0.2120) IoU:0.721 (Avg 0.5941) Dice:0.8175 (Avg 0.7144) LR 1.86e-04   (AvgTime 1.2)   
   [Train] sup_loss:0.113817 lv_loss:0.043810 epi_loss:0.000012 total_loss:0.122579 pseudo_update_count:598015
   [Train] Epoch: [29][160/358]  Loss:0.210 (Avg 0.2143) IoU:0.610 (Avg 0.5929) Dice:0.7255 (Avg 0.7129) LR 1.86e-04   (AvgTime 1.2)   
   [Train] sup_loss:0.202316 lv_loss:0.039227 epi_loss:0.000010 total_loss:0.210162 pseudo_update_count:648729
   [Train] Epoch: [29][180/358]  Loss:0.265 (Avg 0.2123) IoU:0.634 (Avg 0.5930) Dice:0.7539 (Avg 0.7127) LR 1.86e-04   (AvgTime 1.2)   
   [Train] sup_loss:0.256634 lv_loss:0.040667 epi_loss:0.000015 total_loss:0.264768 pseudo_update_count:598270
   [Train] Epoch: [29][200/358]  Loss:0.062 (Avg 0.2127) IoU:0.498 (Avg 0.5910) Dice:0.6321 (Avg 0.7108) LR 1.86e-04   (AvgTime 1.2)   
   [Train] sup_loss:0.052951 lv_loss:0.044006 epi_loss:0.000010 total_loss:0.061753 pseudo_update_count:747092
   [Train] Epoch: [29][220/358]  Loss:0.267 (Avg 0.2132) IoU:0.573 (Avg 0.5918) Dice:0.6873 (Avg 0.7117) LR 1.86e-04   (AvgTime 1.2)   
   [Train] sup_loss:0.257612 lv_loss:0.047000 epi_loss:0.000015 total_loss:0.267013 pseudo_update_count:647853
   [Train] Epoch: [29][240/358]  Loss:0.156 (Avg 0.2148) IoU:0.621 (Avg 0.5907) Dice:0.7439 (Avg 0.7109) LR 1.86e-04   (AvgTime 1.2)   
   [Train] sup_loss:0.148750 lv_loss:0.038036 epi_loss:0.000007 total_loss:0.156357 pseudo_update_count:648716
   [Train] Epoch: [29][260/358]  Loss:0.246 (Avg 0.2157) IoU:0.441 (Avg 0.5888) Dice:0.5895 (Avg 0.7091) LR 1.86e-04   (AvgTime 1.2)   
   [Train] sup_loss:0.236571 lv_loss:0.048860 epi_loss:0.000014 total_loss:0.246344 pseudo_update_count:547363
   [Train] Epoch: [29][280/358]  Loss:0.303 (Avg 0.2174) IoU:0.618 (Avg 0.5873) Dice:0.7350 (Avg 0.7079) LR 1.86e-04   (AvgTime 1.2)   
   [Train] sup_loss:0.293850 lv_loss:0.044734 epi_loss:0.000009 total_loss:0.302797 pseudo_update_count:697448
   [Train] Epoch: [29][300/358]  Loss:0.156 (Avg 0.2154) IoU:0.659 (Avg 0.5878) Dice:0.7809 (Avg 0.7081) LR 1.86e-04   (AvgTime 1.2)   
   [Train] sup_loss:0.147440 lv_loss:0.044369 epi_loss:0.000012 total_loss:0.156314 pseudo_update_count:598269
   [Train] Epoch: [29][320/358]  Loss:0.267 (Avg 0.2160) IoU:0.558 (Avg 0.5883) Dice:0.6859 (Avg 0.7086) LR 1.86e-04   (AvgTime 1.2)   
   [Train] sup_loss:0.257982 lv_loss:0.043084 epi_loss:0.000008 total_loss:0.266599 pseudo_update_count:647590
   [Train] Epoch: [29][340/358]  Loss:0.198 (Avg 0.2139) IoU:0.672 (Avg 0.5888) Dice:0.7959 (Avg 0.7092) LR 1.86e-04   (AvgTime 1.2)   
   [Train] sup_loss:0.189256 lv_loss:0.042011 epi_loss:0.000012 total_loss:0.197659 pseudo_update_count:747581
[Train-Epoch-Metrics] epoch=29 sup_loss:0.205438 lv_loss:0.043504 epi_loss:0.000011 total_loss:0.214139 pseudo_update_count:213615382 labeled_seen:1429 unlabeled_seen:4287 Dice:0.708545 IoU:0.587979
Validation
   [Val] Epoch: [29][20/90]  Loss:0.200 (Avg 0.2027) IoU:0.596 (Avg 0.6054) Dice:0.7306 (Avg 0.7267) (AvgTime 0.5)   
   [Val] sup_loss:0.199719 lv_loss:0.000000 epi_loss:0.000000 total_loss:0.199719 pseudo_update_count:0
   [Val] Epoch: [29][40/90]  Loss:0.195 (Avg 0.2131) IoU:0.591 (Avg 0.5934) Dice:0.7107 (Avg 0.7120) (AvgTime 0.5)   
   [Val] sup_loss:0.195063 lv_loss:0.000000 epi_loss:0.000000 total_loss:0.195063 pseudo_update_count:0
   [Val] Epoch: [29][60/90]  Loss:0.235 (Avg 0.2120) IoU:0.549 (Avg 0.5908) Dice:0.6734 (Avg 0.7099) (AvgTime 0.5)   
   [Val] sup_loss:0.234665 lv_loss:0.000000 epi_loss:0.000000 total_loss:0.234665 pseudo_update_count:0
   [Val] Epoch: [29][80/90]  Loss:0.261 (Avg 0.2108) IoU:0.488 (Avg 0.5927) Dice:0.6132 (Avg 0.7111) (AvgTime 0.5)   
   [Val] sup_loss:0.260945 lv_loss:0.000000 epi_loss:0.000000 total_loss:0.260945 pseudo_update_count:0
[Val-Epoch-Metrics] epoch=29 sup_loss:0.208878 lv_loss:0.000000 epi_loss:0.000000 total_loss:0.208878 pseudo_update_count:0 labeled_seen:1429 unlabeled_seen:0 Dice:0.713821 IoU:0.595900
	 Saving best model, mean dice increased from: 0.7125 to 0.7138
	 Saving to QaTa-Covid19/LViT/QaTa_Covid19_LViT_25pct_labels/models/
	 early_stopping_count: 0/100000

========= Epoch [30/81] =========
QaTa_Covid19_LViT_25pct_labels
Training with batch size : 16
[SemiSup] subset_ratio=0.2500 labeled_name_count=1429
   [Train] Epoch: [30][20/358]  Loss:0.149 (Avg 0.1888) IoU:0.577 (Avg 0.6205) Dice:0.7032 (Avg 0.7398) LR 1.22e-04   (AvgTime 1.2)   
   [Train] sup_loss:0.140512 lv_loss:0.041541 epi_loss:0.000010 total_loss:0.148820 pseudo_update_count:648058
   [Train] Epoch: [30][40/358]  Loss:0.091 (Avg 0.2011) IoU:0.619 (Avg 0.6046) Dice:0.7188 (Avg 0.7233) LR 1.22e-04   (AvgTime 1.2)   
   [Train] sup_loss:0.083448 lv_loss:0.040094 epi_loss:0.000009 total_loss:0.091467 pseudo_update_count:648550
   [Train] Epoch: [30][60/358]  Loss:0.169 (Avg 0.2069) IoU:0.640 (Avg 0.5991) Dice:0.7466 (Avg 0.7185) LR 1.22e-04   (AvgTime 1.2)   
   [Train] sup_loss:0.159405 lv_loss:0.047853 epi_loss:0.000016 total_loss:0.168976 pseudo_update_count:597902
   [Train] Epoch: [30][80/358]  Loss:0.260 (Avg 0.2069) IoU:0.646 (Avg 0.6013) Dice:0.7630 (Avg 0.7205) LR 1.22e-04   (AvgTime 1.2)   
   [Train] sup_loss:0.252435 lv_loss:0.038125 epi_loss:0.000011 total_loss:0.260060 pseudo_update_count:648730
   [Train] Epoch: [30][100/358]  Loss:0.189 (Avg 0.2074) IoU:0.677 (Avg 0.5957) Dice:0.7908 (Avg 0.7156) LR 1.22e-04   (AvgTime 1.2)   
   [Train] sup_loss:0.181101 lv_loss:0.041222 epi_loss:0.000010 total_loss:0.189346 pseudo_update_count:697828
   [Train] Epoch: [30][120/358]  Loss:0.083 (Avg 0.2067) IoU:0.674 (Avg 0.5973) Dice:0.7708 (Avg 0.7173) LR 1.22e-04   (AvgTime 1.2)   
   [Train] sup_loss:0.073702 lv_loss:0.046190 epi_loss:0.000015 total_loss:0.082941 pseudo_update_count:746578
   [Train] Epoch: [30][140/358]  Loss:0.166 (Avg 0.2081) IoU:0.469 (Avg 0.5938) Dice:0.5691 (Avg 0.7141) LR 1.22e-04   (AvgTime 1.2)   
   [Train] sup_loss:0.157658 lv_loss:0.040912 epi_loss:0.000009 total_loss:0.165841 pseudo_update_count:597532
   [Train] Epoch: [30][160/358]  Loss:0.324 (Avg 0.2099) IoU:0.528 (Avg 0.5947) Dice:0.6616 (Avg 0.7149) LR 1.22e-04   (AvgTime 1.2)   
   [Train] sup_loss:0.315859 lv_loss:0.041089 epi_loss:0.000010 total_loss:0.324077 pseudo_update_count:746987
   [Train] Epoch: [30][180/358]  Loss:0.175 (Avg 0.2107) IoU:0.566 (Avg 0.5966) Dice:0.7025 (Avg 0.7162) LR 1.22e-04   (AvgTime 1.2)   
   [Train] sup_loss:0.165564 lv_loss:0.047841 epi_loss:0.000009 total_loss:0.175133 pseudo_update_count:547886
   [Train] Epoch: [30][200/358]  Loss:0.275 (Avg 0.2110) IoU:0.544 (Avg 0.5940) Dice:0.6848 (Avg 0.7141) LR 1.22e-04   (AvgTime 1.2)   
   [Train] sup_loss:0.265001 lv_loss:0.047947 epi_loss:0.000013 total_loss:0.274591 pseudo_update_count:597227
   [Train] Epoch: [30][220/358]  Loss:0.110 (Avg 0.2144) IoU:0.630 (Avg 0.5931) Dice:0.7524 (Avg 0.7135) LR 1.22e-04   (AvgTime 1.2)   
   [Train] sup_loss:0.102221 lv_loss:0.040702 epi_loss:0.000011 total_loss:0.110362 pseudo_update_count:648445
   [Train] Epoch: [30][240/358]  Loss:0.175 (Avg 0.2128) IoU:0.620 (Avg 0.5930) Dice:0.7451 (Avg 0.7130) LR 1.22e-04   (AvgTime 1.2)   
   [Train] sup_loss:0.168477 lv_loss:0.031244 epi_loss:0.000006 total_loss:0.174726 pseudo_update_count:499663
   [Train] Epoch: [30][260/358]  Loss:0.268 (Avg 0.2122) IoU:0.552 (Avg 0.5920) Dice:0.6787 (Avg 0.7124) LR 1.22e-04   (AvgTime 1.2)   
   [Train] sup_loss:0.260353 lv_loss:0.039692 epi_loss:0.000011 total_loss:0.268292 pseudo_update_count:398917
   [Train] Epoch: [30][280/358]  Loss:0.129 (Avg 0.2075) IoU:0.638 (Avg 0.5940) Dice:0.7490 (Avg 0.7138) LR 1.22e-04   (AvgTime 1.2)   
   [Train] sup_loss:0.120043 lv_loss:0.045227 epi_loss:0.000005 total_loss:0.129089 pseudo_update_count:597931
   [Train] Epoch: [30][300/358]  Loss:0.140 (Avg 0.2078) IoU:0.669 (Avg 0.5949) Dice:0.7699 (Avg 0.7148) LR 1.22e-04   (AvgTime 1.2)   
   [Train] sup_loss:0.133294 lv_loss:0.033054 epi_loss:0.000010 total_loss:0.139906 pseudo_update_count:549170
   [Train] Epoch: [30][320/358]  Loss:0.436 (Avg 0.2096) IoU:0.608 (Avg 0.5944) Dice:0.7161 (Avg 0.7143) LR 1.22e-04   (AvgTime 1.2)   
   [Train] sup_loss:0.426795 lv_loss:0.044023 epi_loss:0.000013 total_loss:0.435601 pseudo_update_count:697527
   [Train] Epoch: [30][340/358]  Loss:0.229 (Avg 0.2115) IoU:0.557 (Avg 0.5945) Dice:0.6843 (Avg 0.7144) LR 1.22e-04   (AvgTime 1.2)   
   [Train] sup_loss:0.221017 lv_loss:0.040912 epi_loss:0.000011 total_loss:0.229200 pseudo_update_count:498664
[Train-Epoch-Metrics] epoch=30 sup_loss:0.205507 lv_loss:0.042290 epi_loss:0.000011 total_loss:0.213966 pseudo_update_count:213657435 labeled_seen:1429 unlabeled_seen:4287 Dice:0.713344 IoU:0.593117
Validation
   [Val] Epoch: [30][20/90]  Loss:0.117 (Avg 0.1939) IoU:0.774 (Avg 0.6270) Dice:0.8468 (Avg 0.7413) (AvgTime 0.6)   
   [Val] sup_loss:0.117001 lv_loss:0.000000 epi_loss:0.000000 total_loss:0.117001 pseudo_update_count:0
   [Val] Epoch: [30][40/90]  Loss:0.211 (Avg 0.2007) IoU:0.573 (Avg 0.6108) Dice:0.6885 (Avg 0.7273) (AvgTime 0.5)   
   [Val] sup_loss:0.210996 lv_loss:0.000000 epi_loss:0.000000 total_loss:0.210996 pseudo_update_count:0
   [Val] Epoch: [30][60/90]  Loss:0.191 (Avg 0.2058) IoU:0.600 (Avg 0.6096) Dice:0.7241 (Avg 0.7260) (AvgTime 0.5)   
   [Val] sup_loss:0.191482 lv_loss:0.000000 epi_loss:0.000000 total_loss:0.191482 pseudo_update_count:0
   [Val] Epoch: [30][80/90]  Loss:0.198 (Avg 0.2056) IoU:0.615 (Avg 0.6105) Dice:0.7239 (Avg 0.7270) (AvgTime 0.5)   
   [Val] sup_loss:0.198114 lv_loss:0.000000 epi_loss:0.000000 total_loss:0.198114 pseudo_update_count:0
[Val-Epoch-Metrics] epoch=30 sup_loss:0.205784 lv_loss:0.000000 epi_loss:0.000000 total_loss:0.205784 pseudo_update_count:0 labeled_seen:1429 unlabeled_seen:0 Dice:0.726554 IoU:0.610146
	 Saving best model, mean dice increased from: 0.7138 to 0.7266
	 Saving to QaTa-Covid19/LViT/QaTa_Covid19_LViT_25pct_labels/models/
	 early_stopping_count: 0/100000

========= Epoch [31/81] =========
QaTa_Covid19_LViT_25pct_labels
Training with batch size : 16
[SemiSup] subset_ratio=0.2500 labeled_name_count=1429
   [Train] Epoch: [31][20/358]  Loss:0.165 (Avg 0.1950) IoU:0.575 (Avg 0.5872) Dice:0.7136 (Avg 0.7056) LR 1.00e-03   (AvgTime 1.2)   
   [Train] sup_loss:0.156063 lv_loss:0.046949 epi_loss:0.000012 total_loss:0.165454 pseudo_update_count:597125
   [Train] Epoch: [31][40/358]  Loss:0.208 (Avg 0.2096) IoU:0.568 (Avg 0.5735) Dice:0.6888 (Avg 0.6932) LR 1.00e-03   (AvgTime 1.2)   
   [Train] sup_loss:0.198659 lv_loss:0.044258 epi_loss:0.000012 total_loss:0.207511 pseudo_update_count:647299
   [Train] Epoch: [31][60/358]  Loss:0.154 (Avg 0.2173) IoU:0.621 (Avg 0.5694) Dice:0.7422 (Avg 0.6906) LR 1.00e-03   (AvgTime 1.2)   
   [Train] sup_loss:0.145044 lv_loss:0.043617 epi_loss:0.000013 total_loss:0.153768 pseudo_update_count:747010
   [Train] Epoch: [31][80/358]  Loss:0.209 (Avg 0.2179) IoU:0.613 (Avg 0.5659) Dice:0.7375 (Avg 0.6882) LR 1.00e-03   (AvgTime 1.2)   
   [Train] sup_loss:0.200143 lv_loss:0.043917 epi_loss:0.000013 total_loss:0.208927 pseudo_update_count:597501
   [Train] Epoch: [31][100/358]  Loss:0.238 (Avg 0.2244) IoU:0.476 (Avg 0.5628) Dice:0.6031 (Avg 0.6862) LR 1.00e-03   (AvgTime 1.2)   
   [Train] sup_loss:0.228659 lv_loss:0.046127 epi_loss:0.000012 total_loss:0.237885 pseudo_update_count:548072
   [Train] Epoch: [31][120/358]  Loss:0.262 (Avg 0.2277) IoU:0.490 (Avg 0.5595) Dice:0.6388 (Avg 0.6842) LR 1.00e-03   (AvgTime 1.2)   
   [Train] sup_loss:0.252466 lv_loss:0.045632 epi_loss:0.000009 total_loss:0.261593 pseudo_update_count:697584
   [Train] Epoch: [31][140/358]  Loss:0.245 (Avg 0.2353) IoU:0.564 (Avg 0.5580) Dice:0.6897 (Avg 0.6827) LR 1.00e-03   (AvgTime 1.2)   
   [Train] sup_loss:0.233890 lv_loss:0.053794 epi_loss:0.000014 total_loss:0.244649 pseudo_update_count:596729
   [Train] Epoch: [31][160/358]  Loss:0.278 (Avg 0.2451) IoU:0.517 (Avg 0.5508) Dice:0.6488 (Avg 0.6753) LR 1.00e-03   (AvgTime 1.2)   
   [Train] sup_loss:0.262461 lv_loss:0.079482 epi_loss:0.000011 total_loss:0.278358 pseudo_update_count:690277
   [Train] Epoch: [31][180/358]  Loss:0.417 (Avg 0.2485) IoU:0.615 (Avg 0.5480) Dice:0.7259 (Avg 0.6722) LR 1.00e-03   (AvgTime 1.2)   
   [Train] sup_loss:0.408553 lv_loss:0.040646 epi_loss:0.000013 total_loss:0.416683 pseudo_update_count:598134
   [Train] Epoch: [31][200/358]  Loss:0.245 (Avg 0.2472) IoU:0.449 (Avg 0.5481) Dice:0.5856 (Avg 0.6721) LR 1.00e-03   (AvgTime 1.2)   
   [Train] sup_loss:0.235596 lv_loss:0.048615 epi_loss:0.000008 total_loss:0.245319 pseudo_update_count:547449
   [Train] Epoch: [31][220/358]  Loss:0.119 (Avg 0.2473) IoU:0.493 (Avg 0.5481) Dice:0.5984 (Avg 0.6719) LR 1.00e-03   (AvgTime 1.2)   
   [Train] sup_loss:0.109346 lv_loss:0.049152 epi_loss:0.000009 total_loss:0.119177 pseudo_update_count:697224
   [Train] Epoch: [31][240/358]  Loss:0.194 (Avg 0.2468) IoU:0.591 (Avg 0.5480) Dice:0.7115 (Avg 0.6721) LR 1.00e-03   (AvgTime 1.2)   
   [Train] sup_loss:0.182761 lv_loss:0.055001 epi_loss:0.000009 total_loss:0.193761 pseudo_update_count:646437
   [Train] Epoch: [31][260/358]  Loss:0.199 (Avg 0.2472) IoU:0.607 (Avg 0.5475) Dice:0.7296 (Avg 0.6720) LR 1.00e-03   (AvgTime 1.2)   
   [Train] sup_loss:0.189854 lv_loss:0.044963 epi_loss:0.000012 total_loss:0.198847 pseudo_update_count:448220
   [Train] Epoch: [31][280/358]  Loss:0.218 (Avg 0.2468) IoU:0.536 (Avg 0.5484) Dice:0.6598 (Avg 0.6728) LR 1.00e-03   (AvgTime 1.2)   
   [Train] sup_loss:0.208806 lv_loss:0.044146 epi_loss:0.000010 total_loss:0.217636 pseudo_update_count:448008
   [Train] Epoch: [31][300/358]  Loss:0.010 (Avg 0.2472) IoU:0.584 (Avg 0.5486) Dice:0.7049 (Avg 0.6731) LR 1.00e-03   (AvgTime 1.2)   
   [Train] sup_loss:0.000000 lv_loss:0.050447 epi_loss:0.000013 total_loss:0.010090 pseudo_update_count:795882
   [Train] Epoch: [31][320/358]  Loss:0.264 (Avg 0.2473) IoU:0.549 (Avg 0.5480) Dice:0.6769 (Avg 0.6723) LR 1.00e-03   (AvgTime 1.2)   
   [Train] sup_loss:0.254594 lv_loss:0.044693 epi_loss:0.000014 total_loss:0.263533 pseudo_update_count:548066
   [Train] Epoch: [31][340/358]  Loss:0.205 (Avg 0.2469) IoU:0.597 (Avg 0.5481) Dice:0.7169 (Avg 0.6723) LR 1.00e-03   (AvgTime 1.2)   
   [Train] sup_loss:0.196061 lv_loss:0.046772 epi_loss:0.000013 total_loss:0.205416 pseudo_update_count:497919
[Train-Epoch-Metrics] epoch=31 sup_loss:0.236323 lv_loss:0.050187 epi_loss:0.000012 total_loss:0.246361 pseudo_update_count:213216842 labeled_seen:1429 unlabeled_seen:4287 Dice:0.672971 IoU:0.548830
Validation
   [Val] Epoch: [31][20/90]  Loss:0.316 (Avg 0.2704) IoU:0.508 (Avg 0.5121) Dice:0.6211 (Avg 0.6445) (AvgTime 0.5)   
   [Val] sup_loss:0.316413 lv_loss:0.000000 epi_loss:0.000000 total_loss:0.316413 pseudo_update_count:0
   [Val] Epoch: [31][40/90]  Loss:0.330 (Avg 0.2668) IoU:0.458 (Avg 0.5235) Dice:0.6015 (Avg 0.6555) (AvgTime 0.5)   
   [Val] sup_loss:0.329768 lv_loss:0.000000 epi_loss:0.000000 total_loss:0.329768 pseudo_update_count:0
   [Val] Epoch: [31][60/90]  Loss:0.228 (Avg 0.2631) IoU:0.600 (Avg 0.5252) Dice:0.7164 (Avg 0.6549) (AvgTime 0.5)   
   [Val] sup_loss:0.227784 lv_loss:0.000000 epi_loss:0.000000 total_loss:0.227784 pseudo_update_count:0
   [Val] Epoch: [31][80/90]  Loss:0.252 (Avg 0.2645) IoU:0.528 (Avg 0.5255) Dice:0.6566 (Avg 0.6549) (AvgTime 0.5)   
   [Val] sup_loss:0.252491 lv_loss:0.000000 epi_loss:0.000000 total_loss:0.252491 pseudo_update_count:0
[Val-Epoch-Metrics] epoch=31 sup_loss:0.263944 lv_loss:0.000000 epi_loss:0.000000 total_loss:0.263944 pseudo_update_count:0 labeled_seen:1429 unlabeled_seen:0 Dice:0.654881 IoU:0.525523
	 Mean dice:0.6549 does not increase, the best is still: 0.7266 in epoch 30
	 early_stopping_count: 1/100000

========= Epoch [32/81] =========
QaTa_Covid19_LViT_25pct_labels
Training with batch size : 16
[SemiSup] subset_ratio=0.2500 labeled_name_count=1429
   [Train] Epoch: [32][20/358]  Loss:0.200 (Avg 0.2468) IoU:0.553 (Avg 0.5542) Dice:0.6944 (Avg 0.6822) LR 9.78e-04   (AvgTime 1.2)   
   [Train] sup_loss:0.189711 lv_loss:0.051381 epi_loss:0.000013 total_loss:0.199987 pseudo_update_count:596841
   [Train] Epoch: [32][40/358]  Loss:0.167 (Avg 0.2315) IoU:0.558 (Avg 0.5555) Dice:0.6825 (Avg 0.6813) LR 9.78e-04   (AvgTime 1.2)   
   [Train] sup_loss:0.158200 lv_loss:0.041527 epi_loss:0.000012 total_loss:0.166506 pseudo_update_count:598219
   [Train] Epoch: [32][60/358]  Loss:0.223 (Avg 0.2297) IoU:0.526 (Avg 0.5516) Dice:0.6596 (Avg 0.6766) LR 9.78e-04   (AvgTime 1.2)   
   [Train] sup_loss:0.212177 lv_loss:0.054255 epi_loss:0.000014 total_loss:0.223028 pseudo_update_count:595867
   [Train] Epoch: [32][80/358]  Loss:0.200 (Avg 0.2377) IoU:0.458 (Avg 0.5477) Dice:0.6061 (Avg 0.6716) LR 9.78e-04   (AvgTime 1.2)   
   [Train] sup_loss:0.190240 lv_loss:0.047756 epi_loss:0.000011 total_loss:0.199791 pseudo_update_count:646838
   [Train] Epoch: [32][100/358]  Loss:0.242 (Avg 0.2395) IoU:0.509 (Avg 0.5479) Dice:0.6318 (Avg 0.6717) LR 9.78e-04   (AvgTime 1.2)   
   [Train] sup_loss:0.231507 lv_loss:0.053112 epi_loss:0.000010 total_loss:0.242130 pseudo_update_count:496731
   [Train] Epoch: [32][120/358]  Loss:0.126 (Avg 0.2428) IoU:0.658 (Avg 0.5494) Dice:0.7660 (Avg 0.6725) LR 9.78e-04   (AvgTime 1.2)   
   [Train] sup_loss:0.116164 lv_loss:0.050815 epi_loss:0.000011 total_loss:0.126328 pseudo_update_count:596403
   [Train] Epoch: [32][140/358]  Loss:0.010 (Avg 0.2400) IoU:0.555 (Avg 0.5496) Dice:0.6783 (Avg 0.6730) LR 9.78e-04   (AvgTime 1.2)   
   [Train] sup_loss:0.000000 lv_loss:0.048421 epi_loss:0.000012 total_loss:0.009685 pseudo_update_count:795539
   [Train] Epoch: [32][160/358]  Loss:0.244 (Avg 0.2405) IoU:0.629 (Avg 0.5514) Dice:0.7477 (Avg 0.6747) LR 9.78e-04   (AvgTime 1.2)   
   [Train] sup_loss:0.236295 lv_loss:0.040930 epi_loss:0.000012 total_loss:0.244482 pseudo_update_count:548276
   [Train] Epoch: [32][180/358]  Loss:0.160 (Avg 0.2367) IoU:0.573 (Avg 0.5539) Dice:0.6939 (Avg 0.6778) LR 9.78e-04   (AvgTime 1.2)   
   [Train] sup_loss:0.150502 lv_loss:0.045220 epi_loss:0.000013 total_loss:0.159547 pseudo_update_count:646986
   [Train] Epoch: [32][200/358]  Loss:0.599 (Avg 0.2381) IoU:0.510 (Avg 0.5551) Dice:0.6499 (Avg 0.6788) LR 9.78e-04   (AvgTime 1.2)   
   [Train] sup_loss:0.589606 lv_loss:0.046210 epi_loss:0.000010 total_loss:0.598848 pseudo_update_count:695751
   [Train] Epoch: [32][220/358]  Loss:0.260 (Avg 0.2400) IoU:0.551 (Avg 0.5540) Dice:0.6852 (Avg 0.6778) LR 9.78e-04   (AvgTime 1.2)   
   [Train] sup_loss:0.246390 lv_loss:0.068444 epi_loss:0.000009 total_loss:0.260080 pseudo_update_count:643441
   [Train] Epoch: [32][240/358]  Loss:0.199 (Avg 0.2395) IoU:0.468 (Avg 0.5546) Dice:0.5926 (Avg 0.6783) LR 9.78e-04   (AvgTime 1.2)   
   [Train] sup_loss:0.188247 lv_loss:0.054599 epi_loss:0.000010 total_loss:0.199167 pseudo_update_count:595278
   [Train] Epoch: [32][260/358]  Loss:0.181 (Avg 0.2370) IoU:0.505 (Avg 0.5560) Dice:0.6158 (Avg 0.6796) LR 9.78e-04   (AvgTime 1.2)   
   [Train] sup_loss:0.171341 lv_loss:0.050675 epi_loss:0.000013 total_loss:0.181476 pseudo_update_count:696030
   [Train] Epoch: [32][280/358]  Loss:0.231 (Avg 0.2361) IoU:0.564 (Avg 0.5567) Dice:0.6857 (Avg 0.6803) LR 9.78e-04   (AvgTime 1.2)   
   [Train] sup_loss:0.221741 lv_loss:0.044567 epi_loss:0.000008 total_loss:0.230655 pseudo_update_count:597590
   [Train] Epoch: [32][300/358]  Loss:0.328 (Avg 0.2366) IoU:0.469 (Avg 0.5556) Dice:0.5844 (Avg 0.6792) LR 9.78e-04   (AvgTime 1.2)   
   [Train] sup_loss:0.317899 lv_loss:0.050371 epi_loss:0.000011 total_loss:0.327974 pseudo_update_count:546859
   [Train] Epoch: [32][320/358]  Loss:0.410 (Avg 0.2379) IoU:0.406 (Avg 0.5549) Dice:0.5217 (Avg 0.6786) LR 9.78e-04   (AvgTime 1.2)   
   [Train] sup_loss:0.397834 lv_loss:0.060570 epi_loss:0.000011 total_loss:0.409948 pseudo_update_count:645274
   [Train] Epoch: [32][340/358]  Loss:0.254 (Avg 0.2375) IoU:0.503 (Avg 0.5548) Dice:0.6329 (Avg 0.6784) LR 9.78e-04   (AvgTime 1.2)   
   [Train] sup_loss:0.244276 lv_loss:0.047390 epi_loss:0.000014 total_loss:0.253755 pseudo_update_count:596897
[Train-Epoch-Metrics] epoch=32 sup_loss:0.228224 lv_loss:0.048399 epi_loss:0.000012 total_loss:0.237904 pseudo_update_count:213311114 labeled_seen:1429 unlabeled_seen:4287 Dice:0.679442 IoU:0.555844
Validation
   [Val] Epoch: [32][20/90]  Loss:0.259 (Avg 0.2833) IoU:0.523 (Avg 0.5222) Dice:0.6260 (Avg 0.6377) (AvgTime 0.5)   
   [Val] sup_loss:0.259010 lv_loss:0.000000 epi_loss:0.000000 total_loss:0.259010 pseudo_update_count:0
   [Val] Epoch: [32][40/90]  Loss:0.359 (Avg 0.2903) IoU:0.472 (Avg 0.5068) Dice:0.5925 (Avg 0.6264) (AvgTime 0.5)   
   [Val] sup_loss:0.358804 lv_loss:0.000000 epi_loss:0.000000 total_loss:0.358804 pseudo_update_count:0
   [Val] Epoch: [32][60/90]  Loss:0.279 (Avg 0.2956) IoU:0.564 (Avg 0.5022) Dice:0.6930 (Avg 0.6230) (AvgTime 0.5)   
   [Val] sup_loss:0.279487 lv_loss:0.000000 epi_loss:0.000000 total_loss:0.279487 pseudo_update_count:0
   [Val] Epoch: [32][80/90]  Loss:0.281 (Avg 0.2947) IoU:0.504 (Avg 0.4988) Dice:0.6221 (Avg 0.6193) (AvgTime 0.5)   
   [Val] sup_loss:0.281464 lv_loss:0.000000 epi_loss:0.000000 total_loss:0.281464 pseudo_update_count:0
[Val-Epoch-Metrics] epoch=32 sup_loss:0.294379 lv_loss:0.000000 epi_loss:0.000000 total_loss:0.294379 pseudo_update_count:0 labeled_seen:1429 unlabeled_seen:0 Dice:0.618542 IoU:0.498727
	 Mean dice:0.6185 does not increase, the best is still: 0.7266 in epoch 30
	 early_stopping_count: 2/100000

========= Epoch [33/81] =========
QaTa_Covid19_LViT_25pct_labels
Training with batch size : 16
[SemiSup] subset_ratio=0.2500 labeled_name_count=1429
   [Train] Epoch: [33][20/358]  Loss:0.293 (Avg 0.2581) IoU:0.567 (Avg 0.5421) Dice:0.6864 (Avg 0.6685) LR 9.14e-04   (AvgTime 1.2)   
   [Train] sup_loss:0.284630 lv_loss:0.043242 epi_loss:0.000011 total_loss:0.293279 pseudo_update_count:498641
   [Train] Epoch: [33][40/358]  Loss:0.555 (Avg 0.2606) IoU:0.507 (Avg 0.5506) Dice:0.6354 (Avg 0.6747) LR 9.14e-04   (AvgTime 1.2)   
   [Train] sup_loss:0.546081 lv_loss:0.045640 epi_loss:0.000011 total_loss:0.555209 pseudo_update_count:647408
   [Train] Epoch: [33][60/358]  Loss:0.136 (Avg 0.2490) IoU:0.552 (Avg 0.5563) Dice:0.6640 (Avg 0.6803) LR 9.14e-04   (AvgTime 1.2)   
   [Train] sup_loss:0.126344 lv_loss:0.050576 epi_loss:0.000011 total_loss:0.136460 pseudo_update_count:646883
   [Train] Epoch: [33][80/358]  Loss:0.181 (Avg 0.2410) IoU:0.603 (Avg 0.5645) Dice:0.7195 (Avg 0.6879) LR 9.14e-04   (AvgTime 1.2)   
   [Train] sup_loss:0.173083 lv_loss:0.040004 epi_loss:0.000007 total_loss:0.181084 pseudo_update_count:597783
   [Train] Epoch: [33][100/358]  Loss:0.295 (Avg 0.2424) IoU:0.508 (Avg 0.5651) Dice:0.6339 (Avg 0.6884) LR 9.14e-04   (AvgTime 1.2)   
   [Train] sup_loss:0.285867 lv_loss:0.047661 epi_loss:0.000011 total_loss:0.295399 pseudo_update_count:746574
   [Train] Epoch: [33][120/358]  Loss:0.245 (Avg 0.2357) IoU:0.494 (Avg 0.5645) Dice:0.6139 (Avg 0.6872) LR 9.14e-04   (AvgTime 1.2)   
   [Train] sup_loss:0.234298 lv_loss:0.053025 epi_loss:0.000014 total_loss:0.244904 pseudo_update_count:546342
   [Train] Epoch: [33][140/358]  Loss:0.139 (Avg 0.2337) IoU:0.588 (Avg 0.5630) Dice:0.7082 (Avg 0.6856) LR 9.14e-04   (AvgTime 1.2)   
   [Train] sup_loss:0.131194 lv_loss:0.040789 epi_loss:0.000008 total_loss:0.139353 pseudo_update_count:548308
   [Train] Epoch: [33][160/358]  Loss:0.156 (Avg 0.2318) IoU:0.704 (Avg 0.5642) Dice:0.8090 (Avg 0.6863) LR 9.14e-04   (AvgTime 1.2)   
   [Train] sup_loss:0.147852 lv_loss:0.042286 epi_loss:0.000014 total_loss:0.156310 pseudo_update_count:548468
   [Train] Epoch: [33][180/358]  Loss:0.293 (Avg 0.2280) IoU:0.587 (Avg 0.5687) Dice:0.7075 (Avg 0.6905) LR 9.14e-04   (AvgTime 1.2)   
   [Train] sup_loss:0.285502 lv_loss:0.035225 epi_loss:0.000011 total_loss:0.292548 pseudo_update_count:548617
   [Train] Epoch: [33][200/358]  Loss:0.186 (Avg 0.2271) IoU:0.449 (Avg 0.5700) Dice:0.5809 (Avg 0.6918) LR 9.14e-04   (AvgTime 1.2)   
   [Train] sup_loss:0.177439 lv_loss:0.043439 epi_loss:0.000010 total_loss:0.186127 pseudo_update_count:647559
   [Train] Epoch: [33][220/358]  Loss:0.332 (Avg 0.2279) IoU:0.671 (Avg 0.5696) Dice:0.7829 (Avg 0.6913) LR 9.14e-04   (AvgTime 1.2)   
   [Train] sup_loss:0.323427 lv_loss:0.041632 epi_loss:0.000015 total_loss:0.331754 pseudo_update_count:647899
   [Train] Epoch: [33][240/358]  Loss:0.155 (Avg 0.2287) IoU:0.641 (Avg 0.5696) Dice:0.7636 (Avg 0.6912) LR 9.14e-04   (AvgTime 1.2)   
   [Train] sup_loss:0.147445 lv_loss:0.038030 epi_loss:0.000010 total_loss:0.155052 pseudo_update_count:648417
   [Train] Epoch: [33][260/358]  Loss:0.131 (Avg 0.2285) IoU:0.548 (Avg 0.5709) Dice:0.6728 (Avg 0.6923) LR 9.14e-04   (AvgTime 1.2)   
   [Train] sup_loss:0.120879 lv_loss:0.048127 epi_loss:0.000008 total_loss:0.130505 pseudo_update_count:596793
   [Train] Epoch: [33][280/358]  Loss:0.263 (Avg 0.2299) IoU:0.545 (Avg 0.5715) Dice:0.6672 (Avg 0.6929) LR 9.14e-04   (AvgTime 1.2)   
   [Train] sup_loss:0.253753 lv_loss:0.044380 epi_loss:0.000008 total_loss:0.262629 pseudo_update_count:648006
   [Train] Epoch: [33][300/358]  Loss:0.178 (Avg 0.2311) IoU:0.541 (Avg 0.5686) Dice:0.6505 (Avg 0.6901) LR 9.14e-04   (AvgTime 1.2)   
   [Train] sup_loss:0.167891 lv_loss:0.052021 epi_loss:0.000009 total_loss:0.178296 pseudo_update_count:547291
   [Train] Epoch: [33][320/358]  Loss:0.272 (Avg 0.2318) IoU:0.606 (Avg 0.5677) Dice:0.7359 (Avg 0.6895) LR 9.14e-04   (AvgTime 1.2)   
   [Train] sup_loss:0.261186 lv_loss:0.053625 epi_loss:0.000013 total_loss:0.271912 pseudo_update_count:745500
   [Train] Epoch: [33][340/358]  Loss:0.164 (Avg 0.2322) IoU:0.696 (Avg 0.5683) Dice:0.8042 (Avg 0.6902) LR 9.14e-04   (AvgTime 1.2)   
   [Train] sup_loss:0.155255 lv_loss:0.041337 epi_loss:0.000015 total_loss:0.163523 pseudo_update_count:598055
[Train-Epoch-Metrics] epoch=33 sup_loss:0.221351 lv_loss:0.046538 epi_loss:0.000011 total_loss:0.230659 pseudo_update_count:213384370 labeled_seen:1429 unlabeled_seen:4287 Dice:0.691704 IoU:0.569766
Validation
   [Val] Epoch: [33][20/90]  Loss:0.265 (Avg 0.2289) IoU:0.524 (Avg 0.5631) Dice:0.6499 (Avg 0.6850) (AvgTime 0.5)   
   [Val] sup_loss:0.265357 lv_loss:0.000000 epi_loss:0.000000 total_loss:0.265357 pseudo_update_count:0
   [Val] Epoch: [33][40/90]  Loss:0.202 (Avg 0.2228) IoU:0.616 (Avg 0.5787) Dice:0.7422 (Avg 0.6970) (AvgTime 0.5)   
   [Val] sup_loss:0.201697 lv_loss:0.000000 epi_loss:0.000000 total_loss:0.201697 pseudo_update_count:0
   [Val] Epoch: [33][60/90]  Loss:0.224 (Avg 0.2210) IoU:0.554 (Avg 0.5847) Dice:0.6823 (Avg 0.7020) (AvgTime 0.5)   
   [Val] sup_loss:0.223779 lv_loss:0.000000 epi_loss:0.000000 total_loss:0.223779 pseudo_update_count:0
   [Val] Epoch: [33][80/90]  Loss:0.175 (Avg 0.2177) IoU:0.678 (Avg 0.5903) Dice:0.7821 (Avg 0.7073) (AvgTime 0.5)   
   [Val] sup_loss:0.174961 lv_loss:0.000000 epi_loss:0.000000 total_loss:0.174961 pseudo_update_count:0
[Val-Epoch-Metrics] epoch=33 sup_loss:0.218002 lv_loss:0.000000 epi_loss:0.000000 total_loss:0.218002 pseudo_update_count:0 labeled_seen:1429 unlabeled_seen:0 Dice:0.707606 IoU:0.591209
	 Mean dice:0.7076 does not increase, the best is still: 0.7266 in epoch 30
	 early_stopping_count: 3/100000

========= Epoch [34/81] =========
QaTa_Covid19_LViT_25pct_labels
Training with batch size : 16
[SemiSup] subset_ratio=0.2500 labeled_name_count=1429
   [Train] Epoch: [34][20/358]  Loss:0.246 (Avg 0.2168) IoU:0.624 (Avg 0.5966) Dice:0.7405 (Avg 0.7184) LR 8.15e-04   (AvgTime 1.2)   
   [Train] sup_loss:0.238606 lv_loss:0.035968 epi_loss:0.000009 total_loss:0.245800 pseudo_update_count:548677
   [Train] Epoch: [34][40/358]  Loss:0.378 (Avg 0.2392) IoU:0.554 (Avg 0.5841) Dice:0.6538 (Avg 0.7031) LR 8.15e-04   (AvgTime 1.2)   
   [Train] sup_loss:0.369646 lv_loss:0.041512 epi_loss:0.000011 total_loss:0.377949 pseudo_update_count:697277
   [Train] Epoch: [34][60/358]  Loss:0.208 (Avg 0.2541) IoU:0.588 (Avg 0.5776) Dice:0.7079 (Avg 0.6988) LR 8.15e-04   (AvgTime 1.2)   
   [Train] sup_loss:0.197326 lv_loss:0.053775 epi_loss:0.000012 total_loss:0.208081 pseudo_update_count:546924
   [Train] Epoch: [34][80/358]  Loss:0.216 (Avg 0.2438) IoU:0.679 (Avg 0.5768) Dice:0.7846 (Avg 0.6984) LR 8.15e-04   (AvgTime 1.2)   
   [Train] sup_loss:0.207824 lv_loss:0.041059 epi_loss:0.000009 total_loss:0.216037 pseudo_update_count:598097
   [Train] Epoch: [34][100/358]  Loss:0.355 (Avg 0.2373) IoU:0.544 (Avg 0.5762) Dice:0.6834 (Avg 0.6986) LR 8.15e-04   (AvgTime 1.2)   
   [Train] sup_loss:0.347157 lv_loss:0.040693 epi_loss:0.000014 total_loss:0.355296 pseudo_update_count:647897
   [Train] Epoch: [34][120/358]  Loss:0.309 (Avg 0.2371) IoU:0.387 (Avg 0.5720) Dice:0.5099 (Avg 0.6948) LR 8.15e-04   (AvgTime 1.2)   
   [Train] sup_loss:0.298609 lv_loss:0.052072 epi_loss:0.000012 total_loss:0.309024 pseudo_update_count:596316
   [Train] Epoch: [34][140/358]  Loss:0.189 (Avg 0.2361) IoU:0.700 (Avg 0.5728) Dice:0.8142 (Avg 0.6956) LR 8.15e-04   (AvgTime 1.2)   
   [Train] sup_loss:0.177663 lv_loss:0.055914 epi_loss:0.000018 total_loss:0.188847 pseudo_update_count:447306
   [Train] Epoch: [34][160/358]  Loss:0.238 (Avg 0.2376) IoU:0.600 (Avg 0.5715) Dice:0.7252 (Avg 0.6947) LR 8.15e-04   (AvgTime 1.2)   
   [Train] sup_loss:0.227303 lv_loss:0.055349 epi_loss:0.000010 total_loss:0.238374 pseudo_update_count:596122
   [Train] Epoch: [34][180/358]  Loss:0.165 (Avg 0.2351) IoU:0.712 (Avg 0.5735) Dice:0.8108 (Avg 0.6962) LR 8.15e-04   (AvgTime 1.2)   
   [Train] sup_loss:0.157019 lv_loss:0.041586 epi_loss:0.000015 total_loss:0.165337 pseudo_update_count:647997
   [Train] Epoch: [34][200/358]  Loss:0.197 (Avg 0.2312) IoU:0.557 (Avg 0.5724) Dice:0.6744 (Avg 0.6951) LR 8.15e-04   (AvgTime 1.2)   
   [Train] sup_loss:0.187653 lv_loss:0.045698 epi_loss:0.000011 total_loss:0.196793 pseudo_update_count:547310
   [Train] Epoch: [34][220/358]  Loss:0.211 (Avg 0.2300) IoU:0.618 (Avg 0.5728) Dice:0.7082 (Avg 0.6949) LR 8.15e-04   (AvgTime 1.2)   
   [Train] sup_loss:0.202620 lv_loss:0.040178 epi_loss:0.000012 total_loss:0.210656 pseudo_update_count:547262
   [Train] Epoch: [34][240/358]  Loss:0.353 (Avg 0.2294) IoU:0.599 (Avg 0.5714) Dice:0.7234 (Avg 0.6936) LR 8.15e-04   (AvgTime 1.2)   
   [Train] sup_loss:0.344778 lv_loss:0.040147 epi_loss:0.000014 total_loss:0.352808 pseudo_update_count:647934
   [Train] Epoch: [34][260/358]  Loss:0.185 (Avg 0.2297) IoU:0.523 (Avg 0.5717) Dice:0.6370 (Avg 0.6938) LR 8.15e-04   (AvgTime 1.2)   
   [Train] sup_loss:0.176517 lv_loss:0.041809 epi_loss:0.000011 total_loss:0.184880 pseudo_update_count:598007
   [Train] Epoch: [34][280/358]  Loss:0.319 (Avg 0.2285) IoU:0.486 (Avg 0.5700) Dice:0.6172 (Avg 0.6923) LR 8.15e-04   (AvgTime 1.2)   
   [Train] sup_loss:0.308242 lv_loss:0.055267 epi_loss:0.000012 total_loss:0.319296 pseudo_update_count:595417
   [Train] Epoch: [34][300/358]  Loss:0.103 (Avg 0.2278) IoU:0.648 (Avg 0.5731) Dice:0.7619 (Avg 0.6951) LR 8.15e-04   (AvgTime 1.2)   
   [Train] sup_loss:0.094246 lv_loss:0.044981 epi_loss:0.000013 total_loss:0.103243 pseudo_update_count:647123
   [Train] Epoch: [34][320/358]  Loss:0.361 (Avg 0.2278) IoU:0.295 (Avg 0.5724) Dice:0.4313 (Avg 0.6945) LR 8.15e-04   (AvgTime 1.2)   
   [Train] sup_loss:0.352179 lv_loss:0.045786 epi_loss:0.000014 total_loss:0.361337 pseudo_update_count:548104
   [Train] Epoch: [34][340/358]  Loss:0.074 (Avg 0.2274) IoU:0.418 (Avg 0.5718) Dice:0.5379 (Avg 0.6939) LR 8.15e-04   (AvgTime 1.2)   
   [Train] sup_loss:0.063392 lv_loss:0.053037 epi_loss:0.000012 total_loss:0.074000 pseudo_update_count:696563
[Train-Epoch-Metrics] epoch=34 sup_loss:0.218400 lv_loss:0.045737 epi_loss:0.000011 total_loss:0.227548 pseudo_update_count:213413794 labeled_seen:1429 unlabeled_seen:4287 Dice:0.694111 IoU:0.572210
Validation
   [Val] Epoch: [34][20/90]  Loss:0.162 (Avg 0.2159) IoU:0.683 (Avg 0.6051) Dice:0.7862 (Avg 0.7252) (AvgTime 0.5)   
   [Val] sup_loss:0.161540 lv_loss:0.000000 epi_loss:0.000000 total_loss:0.161540 pseudo_update_count:0
   [Val] Epoch: [34][40/90]  Loss:0.239 (Avg 0.2158) IoU:0.533 (Avg 0.6037) Dice:0.6589 (Avg 0.7229) (AvgTime 0.5)   
   [Val] sup_loss:0.239380 lv_loss:0.000000 epi_loss:0.000000 total_loss:0.239380 pseudo_update_count:0
   [Val] Epoch: [34][60/90]  Loss:0.223 (Avg 0.2211) IoU:0.592 (Avg 0.5920) Dice:0.7162 (Avg 0.7117) (AvgTime 0.5)   
   [Val] sup_loss:0.222821 lv_loss:0.000000 epi_loss:0.000000 total_loss:0.222821 pseudo_update_count:0
   [Val] Epoch: [34][80/90]  Loss:0.177 (Avg 0.2222) IoU:0.636 (Avg 0.5907) Dice:0.7468 (Avg 0.7097) (AvgTime 0.5)   
   [Val] sup_loss:0.177034 lv_loss:0.000000 epi_loss:0.000000 total_loss:0.177034 pseudo_update_count:0
[Val-Epoch-Metrics] epoch=34 sup_loss:0.222065 lv_loss:0.000000 epi_loss:0.000000 total_loss:0.222065 pseudo_update_count:0 labeled_seen:1429 unlabeled_seen:0 Dice:0.710590 IoU:0.591467
	 Mean dice:0.7106 does not increase, the best is still: 0.7266 in epoch 30
	 early_stopping_count: 4/100000

========= Epoch [35/81] =========
QaTa_Covid19_LViT_25pct_labels
Training with batch size : 16
[SemiSup] subset_ratio=0.2500 labeled_name_count=1429
   [Train] Epoch: [35][20/358]  Loss:0.135 (Avg 0.2383) IoU:0.510 (Avg 0.5587) Dice:0.6416 (Avg 0.6854) LR 6.89e-04   (AvgTime 1.2)   
   [Train] sup_loss:0.125739 lv_loss:0.044168 epi_loss:0.000009 total_loss:0.134573 pseudo_update_count:647944
   [Train] Epoch: [35][40/358]  Loss:0.351 (Avg 0.2276) IoU:0.618 (Avg 0.5591) Dice:0.7568 (Avg 0.6839) LR 6.89e-04   (AvgTime 1.2)   
   [Train] sup_loss:0.340825 lv_loss:0.049557 epi_loss:0.000010 total_loss:0.350736 pseudo_update_count:596598
   [Train] Epoch: [35][60/358]  Loss:0.327 (Avg 0.2376) IoU:0.537 (Avg 0.5607) Dice:0.6672 (Avg 0.6848) LR 6.89e-04   (AvgTime 1.2)   
   [Train] sup_loss:0.317522 lv_loss:0.048819 epi_loss:0.000009 total_loss:0.327287 pseudo_update_count:596731
   [Train] Epoch: [35][80/358]  Loss:0.246 (Avg 0.2262) IoU:0.558 (Avg 0.5647) Dice:0.6463 (Avg 0.6874) LR 6.89e-04   (AvgTime 1.2)   
   [Train] sup_loss:0.236142 lv_loss:0.048092 epi_loss:0.000009 total_loss:0.245760 pseudo_update_count:597131
   [Train] Epoch: [35][100/358]  Loss:0.128 (Avg 0.2154) IoU:0.645 (Avg 0.5777) Dice:0.7528 (Avg 0.6988) LR 6.89e-04   (AvgTime 1.2)   
   [Train] sup_loss:0.120614 lv_loss:0.039205 epi_loss:0.000012 total_loss:0.128456 pseudo_update_count:697498
   [Train] Epoch: [35][120/358]  Loss:0.109 (Avg 0.2149) IoU:0.619 (Avg 0.5804) Dice:0.7382 (Avg 0.7017) LR 6.89e-04   (AvgTime 1.2)   
   [Train] sup_loss:0.100083 lv_loss:0.043514 epi_loss:0.000011 total_loss:0.108787 pseudo_update_count:596826
   [Train] Epoch: [35][140/358]  Loss:0.260 (Avg 0.2119) IoU:0.539 (Avg 0.5828) Dice:0.6662 (Avg 0.7035) LR 6.89e-04   (AvgTime 1.2)   
   [Train] sup_loss:0.251797 lv_loss:0.043245 epi_loss:0.000017 total_loss:0.260447 pseudo_update_count:447661
   [Train] Epoch: [35][160/358]  Loss:0.154 (Avg 0.2108) IoU:0.579 (Avg 0.5827) Dice:0.7007 (Avg 0.7028) LR 6.89e-04   (AvgTime 1.2)   
   [Train] sup_loss:0.146002 lv_loss:0.042467 epi_loss:0.000009 total_loss:0.154496 pseudo_update_count:596718
   [Train] Epoch: [35][180/358]  Loss:0.091 (Avg 0.2073) IoU:0.667 (Avg 0.5853) Dice:0.7778 (Avg 0.7058) LR 6.89e-04   (AvgTime 1.2)   
   [Train] sup_loss:0.082287 lv_loss:0.044683 epi_loss:0.000012 total_loss:0.091225 pseudo_update_count:646619
   [Train] Epoch: [35][200/358]  Loss:0.150 (Avg 0.2064) IoU:0.606 (Avg 0.5847) Dice:0.7291 (Avg 0.7052) LR 6.89e-04   (AvgTime 1.2)   
   [Train] sup_loss:0.142811 lv_loss:0.035454 epi_loss:0.000009 total_loss:0.149902 pseudo_update_count:698631
   [Train] Epoch: [35][220/358]  Loss:0.158 (Avg 0.2105) IoU:0.600 (Avg 0.5854) Dice:0.7375 (Avg 0.7060) LR 6.89e-04   (AvgTime 1.2)   
   [Train] sup_loss:0.150847 lv_loss:0.037953 epi_loss:0.000008 total_loss:0.158438 pseudo_update_count:449460
   [Train] Epoch: [35][240/358]  Loss:0.408 (Avg 0.2134) IoU:0.582 (Avg 0.5867) Dice:0.7144 (Avg 0.7069) LR 6.89e-04   (AvgTime 1.2)   
   [Train] sup_loss:0.400011 lv_loss:0.040405 epi_loss:0.000007 total_loss:0.408093 pseudo_update_count:698227
   [Train] Epoch: [35][260/358]  Loss:0.300 (Avg 0.2144) IoU:0.587 (Avg 0.5852) Dice:0.6938 (Avg 0.7054) LR 6.89e-04   (AvgTime 1.2)   
   [Train] sup_loss:0.290210 lv_loss:0.049783 epi_loss:0.000014 total_loss:0.300167 pseudo_update_count:597072
   [Train] Epoch: [35][280/358]  Loss:0.211 (Avg 0.2147) IoU:0.615 (Avg 0.5853) Dice:0.7251 (Avg 0.7055) LR 6.89e-04   (AvgTime 1.2)   
   [Train] sup_loss:0.202748 lv_loss:0.041571 epi_loss:0.000010 total_loss:0.211063 pseudo_update_count:548683
   [Train] Epoch: [35][300/358]  Loss:0.245 (Avg 0.2162) IoU:0.633 (Avg 0.5848) Dice:0.7507 (Avg 0.7054) LR 6.89e-04   (AvgTime 1.2)   
   [Train] sup_loss:0.235842 lv_loss:0.046445 epi_loss:0.000010 total_loss:0.245132 pseudo_update_count:547565
   [Train] Epoch: [35][320/358]  Loss:0.269 (Avg 0.2172) IoU:0.653 (Avg 0.5829) Dice:0.7766 (Avg 0.7036) LR 6.89e-04   (AvgTime 1.2)   
   [Train] sup_loss:0.261236 lv_loss:0.041058 epi_loss:0.000014 total_loss:0.269448 pseudo_update_count:647680
   [Train] Epoch: [35][340/358]  Loss:0.292 (Avg 0.2183) IoU:0.609 (Avg 0.5814) Dice:0.7195 (Avg 0.7021) LR 6.89e-04   (AvgTime 1.2)   
   [Train] sup_loss:0.281034 lv_loss:0.056101 epi_loss:0.000016 total_loss:0.292255 pseudo_update_count:447739
[Train-Epoch-Metrics] epoch=35 sup_loss:0.211006 lv_loss:0.043311 epi_loss:0.000011 total_loss:0.219668 pseudo_update_count:213541590 labeled_seen:1429 unlabeled_seen:4287 Dice:0.702506 IoU:0.582055
Validation
   [Val] Epoch: [35][20/90]  Loss:0.260 (Avg 0.2233) IoU:0.606 (Avg 0.5748) Dice:0.7209 (Avg 0.6959) (AvgTime 0.5)   
   [Val] sup_loss:0.260296 lv_loss:0.000000 epi_loss:0.000000 total_loss:0.260296 pseudo_update_count:0
   [Val] Epoch: [35][40/90]  Loss:0.260 (Avg 0.2258) IoU:0.496 (Avg 0.5758) Dice:0.6186 (Avg 0.6955) (AvgTime 0.5)   
   [Val] sup_loss:0.259722 lv_loss:0.000000 epi_loss:0.000000 total_loss:0.259722 pseudo_update_count:0
   [Val] Epoch: [35][60/90]  Loss:0.245 (Avg 0.2289) IoU:0.512 (Avg 0.5717) Dice:0.6552 (Avg 0.6913) (AvgTime 0.5)   
   [Val] sup_loss:0.245358 lv_loss:0.000000 epi_loss:0.000000 total_loss:0.245358 pseudo_update_count:0
   [Val] Epoch: [35][80/90]  Loss:0.235 (Avg 0.2338) IoU:0.570 (Avg 0.5652) Dice:0.6874 (Avg 0.6847) (AvgTime 0.5)   
   [Val] sup_loss:0.234878 lv_loss:0.000000 epi_loss:0.000000 total_loss:0.234878 pseudo_update_count:0
[Val-Epoch-Metrics] epoch=35 sup_loss:0.235305 lv_loss:0.000000 epi_loss:0.000000 total_loss:0.235305 pseudo_update_count:0 labeled_seen:1429 unlabeled_seen:0 Dice:0.681286 IoU:0.561221
	 Mean dice:0.6813 does not increase, the best is still: 0.7266 in epoch 30
	 early_stopping_count: 5/100000

========= Epoch [36/81] =========
QaTa_Covid19_LViT_25pct_labels
Training with batch size : 16
[SemiSup] subset_ratio=0.2500 labeled_name_count=1429
   [Train] Epoch: [36][20/358]  Loss:0.293 (Avg 0.1949) IoU:0.428 (Avg 0.5835) Dice:0.5722 (Avg 0.7018) LR 5.50e-04   (AvgTime 1.2)   
   [Train] sup_loss:0.281373 lv_loss:0.057104 epi_loss:0.000009 total_loss:0.292794 pseudo_update_count:447430
   [Train] Epoch: [36][40/358]  Loss:0.116 (Avg 0.1997) IoU:0.480 (Avg 0.5849) Dice:0.6193 (Avg 0.7040) LR 5.50e-04   (AvgTime 1.2)   
   [Train] sup_loss:0.105916 lv_loss:0.049233 epi_loss:0.000008 total_loss:0.115763 pseudo_update_count:645857
   [Train] Epoch: [36][60/358]  Loss:0.232 (Avg 0.1970) IoU:0.643 (Avg 0.5852) Dice:0.7635 (Avg 0.7048) LR 5.50e-04   (AvgTime 1.2)   
   [Train] sup_loss:0.224242 lv_loss:0.036343 epi_loss:0.000013 total_loss:0.231511 pseudo_update_count:648377
   [Train] Epoch: [36][80/358]  Loss:0.008 (Avg 0.1966) IoU:0.548 (Avg 0.5888) Dice:0.6754 (Avg 0.7085) LR 5.50e-04   (AvgTime 1.2)   
   [Train] sup_loss:0.000000 lv_loss:0.037836 epi_loss:0.000014 total_loss:0.007568 pseudo_update_count:797750
   [Train] Epoch: [36][100/358]  Loss:0.315 (Avg 0.2003) IoU:0.557 (Avg 0.5931) Dice:0.6811 (Avg 0.7121) LR 5.50e-04   (AvgTime 1.2)   
   [Train] sup_loss:0.306524 lv_loss:0.041504 epi_loss:0.000008 total_loss:0.314825 pseudo_update_count:647822
   [Train] Epoch: [36][120/358]  Loss:0.269 (Avg 0.2033) IoU:0.627 (Avg 0.5900) Dice:0.7564 (Avg 0.7101) LR 5.50e-04   (AvgTime 1.2)   
   [Train] sup_loss:0.261658 lv_loss:0.039126 epi_loss:0.000008 total_loss:0.269483 pseudo_update_count:548526
   [Train] Epoch: [36][140/358]  Loss:0.326 (Avg 0.2079) IoU:0.544 (Avg 0.5908) Dice:0.6747 (Avg 0.7109) LR 5.50e-04   (AvgTime 1.2)   
   [Train] sup_loss:0.318084 lv_loss:0.037262 epi_loss:0.000012 total_loss:0.325537 pseudo_update_count:698200
   [Train] Epoch: [36][160/358]  Loss:0.460 (Avg 0.2156) IoU:0.381 (Avg 0.5891) Dice:0.5091 (Avg 0.7089) LR 5.50e-04   (AvgTime 1.2)   
   [Train] sup_loss:0.451586 lv_loss:0.041954 epi_loss:0.000011 total_loss:0.459978 pseudo_update_count:646982
   [Train] Epoch: [36][180/358]  Loss:0.165 (Avg 0.2126) IoU:0.644 (Avg 0.5908) Dice:0.7727 (Avg 0.7104) LR 5.50e-04   (AvgTime 1.2)   
   [Train] sup_loss:0.156544 lv_loss:0.040888 epi_loss:0.000011 total_loss:0.164722 pseudo_update_count:548124
   [Train] Epoch: [36][200/358]  Loss:0.180 (Avg 0.2125) IoU:0.599 (Avg 0.5883) Dice:0.7264 (Avg 0.7084) LR 5.50e-04   (AvgTime 1.2)   
   [Train] sup_loss:0.171226 lv_loss:0.044359 epi_loss:0.000011 total_loss:0.180098 pseudo_update_count:597107
   [Train] Epoch: [36][220/358]  Loss:0.175 (Avg 0.2110) IoU:0.606 (Avg 0.5894) Dice:0.7349 (Avg 0.7091) LR 5.50e-04   (AvgTime 1.2)   
   [Train] sup_loss:0.168333 lv_loss:0.034889 epi_loss:0.000011 total_loss:0.175312 pseudo_update_count:648672
   [Train] Epoch: [36][240/358]  Loss:0.138 (Avg 0.2119) IoU:0.591 (Avg 0.5892) Dice:0.7191 (Avg 0.7089) LR 5.50e-04   (AvgTime 1.2)   
   [Train] sup_loss:0.130240 lv_loss:0.040946 epi_loss:0.000012 total_loss:0.138430 pseudo_update_count:646807
   [Train] Epoch: [36][260/358]  Loss:0.271 (Avg 0.2149) IoU:0.482 (Avg 0.5888) Dice:0.6219 (Avg 0.7086) LR 5.50e-04   (AvgTime 1.2)   
   [Train] sup_loss:0.262186 lv_loss:0.043471 epi_loss:0.000007 total_loss:0.270881 pseudo_update_count:548265
   [Train] Epoch: [36][280/358]  Loss:0.135 (Avg 0.2151) IoU:0.575 (Avg 0.5874) Dice:0.7021 (Avg 0.7074) LR 5.50e-04   (AvgTime 1.2)   
   [Train] sup_loss:0.126766 lv_loss:0.040825 epi_loss:0.000007 total_loss:0.134931 pseudo_update_count:697912
   [Train] Epoch: [36][300/358]  Loss:0.147 (Avg 0.2144) IoU:0.608 (Avg 0.5886) Dice:0.7145 (Avg 0.7087) LR 5.50e-04   (AvgTime 1.2)   
   [Train] sup_loss:0.139651 lv_loss:0.038268 epi_loss:0.000013 total_loss:0.147305 pseudo_update_count:548285
   [Train] Epoch: [36][320/358]  Loss:0.196 (Avg 0.2119) IoU:0.546 (Avg 0.5880) Dice:0.6774 (Avg 0.7079) LR 5.50e-04   (AvgTime 1.2)   
   [Train] sup_loss:0.187495 lv_loss:0.041302 epi_loss:0.000010 total_loss:0.195756 pseudo_update_count:497950
   [Train] Epoch: [36][340/358]  Loss:0.320 (Avg 0.2136) IoU:0.471 (Avg 0.5882) Dice:0.6051 (Avg 0.7081) LR 5.50e-04   (AvgTime 1.2)   
   [Train] sup_loss:0.311098 lv_loss:0.043662 epi_loss:0.000014 total_loss:0.319831 pseudo_update_count:696920
[Train-Epoch-Metrics] epoch=36 sup_loss:0.204013 lv_loss:0.042229 epi_loss:0.000011 total_loss:0.212459 pseudo_update_count:213538423 labeled_seen:1429 unlabeled_seen:4287 Dice:0.708695 IoU:0.588851
Validation
   [Val] Epoch: [36][20/90]  Loss:0.211 (Avg 0.2208) IoU:0.592 (Avg 0.5882) Dice:0.7011 (Avg 0.7068) (AvgTime 0.5)   
   [Val] sup_loss:0.210884 lv_loss:0.000000 epi_loss:0.000000 total_loss:0.210884 pseudo_update_count:0
   [Val] Epoch: [36][40/90]  Loss:0.261 (Avg 0.2204) IoU:0.532 (Avg 0.5886) Dice:0.6593 (Avg 0.7068) (AvgTime 0.5)   
   [Val] sup_loss:0.260725 lv_loss:0.000000 epi_loss:0.000000 total_loss:0.260725 pseudo_update_count:0
   [Val] Epoch: [36][60/90]  Loss:0.207 (Avg 0.2185) IoU:0.615 (Avg 0.5929) Dice:0.7430 (Avg 0.7108) (AvgTime 0.5)   
   [Val] sup_loss:0.206745 lv_loss:0.000000 epi_loss:0.000000 total_loss:0.206745 pseudo_update_count:0
   [Val] Epoch: [36][80/90]  Loss:0.199 (Avg 0.2174) IoU:0.641 (Avg 0.5953) Dice:0.7602 (Avg 0.7130) (AvgTime 0.5)   
   [Val] sup_loss:0.199357 lv_loss:0.000000 epi_loss:0.000000 total_loss:0.199357 pseudo_update_count:0
[Val-Epoch-Metrics] epoch=36 sup_loss:0.217509 lv_loss:0.000000 epi_loss:0.000000 total_loss:0.217509 pseudo_update_count:0 labeled_seen:1429 unlabeled_seen:0 Dice:0.711949 IoU:0.593948
	 Mean dice:0.7119 does not increase, the best is still: 0.7266 in epoch 30
	 early_stopping_count: 6/100000

========= Epoch [37/81] =========
QaTa_Covid19_LViT_25pct_labels
Training with batch size : 16
[SemiSup] subset_ratio=0.2500 labeled_name_count=1429
   [Train] Epoch: [37][20/358]  Loss:0.254 (Avg 0.2045) IoU:0.551 (Avg 0.5885) Dice:0.6787 (Avg 0.7067) LR 4.11e-04   (AvgTime 1.2)   
   [Train] sup_loss:0.246965 lv_loss:0.034302 epi_loss:0.000007 total_loss:0.253826 pseudo_update_count:499140
   [Train] Epoch: [37][40/358]  Loss:0.317 (Avg 0.2000) IoU:0.517 (Avg 0.5907) Dice:0.5901 (Avg 0.7089) LR 4.11e-04   (AvgTime 1.2)   
   [Train] sup_loss:0.309432 lv_loss:0.036686 epi_loss:0.000013 total_loss:0.316769 pseudo_update_count:498880
   [Train] Epoch: [37][60/358]  Loss:0.344 (Avg 0.2015) IoU:0.574 (Avg 0.5979) Dice:0.6864 (Avg 0.7159) LR 4.11e-04   (AvgTime 1.2)   
   [Train] sup_loss:0.335695 lv_loss:0.042171 epi_loss:0.000013 total_loss:0.344130 pseudo_update_count:548027
   [Train] Epoch: [37][80/358]  Loss:0.168 (Avg 0.1995) IoU:0.696 (Avg 0.6011) Dice:0.8114 (Avg 0.7189) LR 4.11e-04   (AvgTime 1.2)   
   [Train] sup_loss:0.159927 lv_loss:0.039133 epi_loss:0.000014 total_loss:0.167754 pseudo_update_count:598147
   [Train] Epoch: [37][100/358]  Loss:0.209 (Avg 0.2080) IoU:0.572 (Avg 0.5994) Dice:0.6895 (Avg 0.7176) LR 4.11e-04   (AvgTime 1.2)   
   [Train] sup_loss:0.200236 lv_loss:0.041520 epi_loss:0.000012 total_loss:0.208540 pseudo_update_count:398241
   [Train] Epoch: [37][120/358]  Loss:0.156 (Avg 0.2025) IoU:0.611 (Avg 0.6013) Dice:0.7308 (Avg 0.7196) LR 4.11e-04   (AvgTime 1.2)   
   [Train] sup_loss:0.147622 lv_loss:0.040861 epi_loss:0.000016 total_loss:0.155795 pseudo_update_count:647667
   [Train] Epoch: [37][140/358]  Loss:0.204 (Avg 0.2036) IoU:0.552 (Avg 0.5964) Dice:0.6673 (Avg 0.7154) LR 4.11e-04   (AvgTime 1.2)   
   [Train] sup_loss:0.196037 lv_loss:0.039554 epi_loss:0.000006 total_loss:0.203948 pseudo_update_count:647516
   [Train] Epoch: [37][160/358]  Loss:0.169 (Avg 0.2049) IoU:0.561 (Avg 0.5942) Dice:0.6912 (Avg 0.7133) LR 4.11e-04   (AvgTime 1.2)   
   [Train] sup_loss:0.161195 lv_loss:0.041341 epi_loss:0.000010 total_loss:0.169463 pseudo_update_count:647766
   [Train] Epoch: [37][180/358]  Loss:0.232 (Avg 0.2067) IoU:0.594 (Avg 0.5946) Dice:0.7149 (Avg 0.7136) LR 4.11e-04   (AvgTime 1.2)   
   [Train] sup_loss:0.224452 lv_loss:0.040186 epi_loss:0.000013 total_loss:0.232490 pseudo_update_count:697715
   [Train] Epoch: [37][200/358]  Loss:0.256 (Avg 0.2087) IoU:0.604 (Avg 0.5926) Dice:0.7195 (Avg 0.7121) LR 4.11e-04   (AvgTime 1.2)   
   [Train] sup_loss:0.247990 lv_loss:0.042005 epi_loss:0.000012 total_loss:0.256392 pseudo_update_count:548214
   [Train] Epoch: [37][220/358]  Loss:0.147 (Avg 0.2051) IoU:0.702 (Avg 0.5953) Dice:0.8096 (Avg 0.7145) LR 4.11e-04   (AvgTime 1.2)   
   [Train] sup_loss:0.139877 lv_loss:0.033865 epi_loss:0.000009 total_loss:0.146650 pseudo_update_count:698659
   [Train] Epoch: [37][240/358]  Loss:0.151 (Avg 0.2046) IoU:0.651 (Avg 0.5956) Dice:0.7560 (Avg 0.7147) LR 4.11e-04   (AvgTime 1.2)   
   [Train] sup_loss:0.142347 lv_loss:0.040956 epi_loss:0.000010 total_loss:0.150539 pseudo_update_count:647683
   [Train] Epoch: [37][260/358]  Loss:0.197 (Avg 0.2031) IoU:0.711 (Avg 0.5969) Dice:0.8244 (Avg 0.7159) LR 4.11e-04   (AvgTime 1.2)   
   [Train] sup_loss:0.187573 lv_loss:0.045006 epi_loss:0.000015 total_loss:0.196575 pseudo_update_count:597420
   [Train] Epoch: [37][280/358]  Loss:0.138 (Avg 0.2038) IoU:0.615 (Avg 0.5974) Dice:0.7447 (Avg 0.7161) LR 4.11e-04   (AvgTime 1.2)   
   [Train] sup_loss:0.129689 lv_loss:0.040785 epi_loss:0.000013 total_loss:0.137847 pseudo_update_count:647855
   [Train] Epoch: [37][300/358]  Loss:0.214 (Avg 0.2026) IoU:0.630 (Avg 0.5992) Dice:0.7547 (Avg 0.7178) LR 4.11e-04   (AvgTime 1.2)   
   [Train] sup_loss:0.207081 lv_loss:0.034544 epi_loss:0.000009 total_loss:0.213991 pseudo_update_count:548572
   [Train] Epoch: [37][320/358]  Loss:0.211 (Avg 0.2013) IoU:0.601 (Avg 0.6009) Dice:0.7363 (Avg 0.7194) LR 4.11e-04   (AvgTime 1.2)   
   [Train] sup_loss:0.203718 lv_loss:0.036725 epi_loss:0.000012 total_loss:0.211063 pseudo_update_count:648284
   [Train] Epoch: [37][340/358]  Loss:0.196 (Avg 0.2026) IoU:0.633 (Avg 0.5995) Dice:0.7503 (Avg 0.7183) LR 4.11e-04   (AvgTime 1.2)   
   [Train] sup_loss:0.187600 lv_loss:0.041137 epi_loss:0.000015 total_loss:0.195829 pseudo_update_count:548525
[Train-Epoch-Metrics] epoch=37 sup_loss:0.193949 lv_loss:0.039303 epi_loss:0.000011 total_loss:0.201810 pseudo_update_count:213647602 labeled_seen:1429 unlabeled_seen:4287 Dice:0.717988 IoU:0.599356
Validation
   [Val] Epoch: [37][20/90]  Loss:0.222 (Avg 0.1865) IoU:0.541 (Avg 0.6319) Dice:0.6777 (Avg 0.7450) (AvgTime 0.5)   
   [Val] sup_loss:0.222198 lv_loss:0.000000 epi_loss:0.000000 total_loss:0.222198 pseudo_update_count:0
   [Val] Epoch: [37][40/90]  Loss:0.171 (Avg 0.1929) IoU:0.669 (Avg 0.6178) Dice:0.7751 (Avg 0.7338) (AvgTime 0.5)   
   [Val] sup_loss:0.171490 lv_loss:0.000000 epi_loss:0.000000 total_loss:0.171490 pseudo_update_count:0
   [Val] Epoch: [37][60/90]  Loss:0.184 (Avg 0.1952) IoU:0.643 (Avg 0.6173) Dice:0.7665 (Avg 0.7340) (AvgTime 0.5)   
   [Val] sup_loss:0.184389 lv_loss:0.000000 epi_loss:0.000000 total_loss:0.184389 pseudo_update_count:0
   [Val] Epoch: [37][80/90]  Loss:0.169 (Avg 0.2000) IoU:0.636 (Avg 0.6094) Dice:0.7641 (Avg 0.7270) (AvgTime 0.5)   
   [Val] sup_loss:0.169317 lv_loss:0.000000 epi_loss:0.000000 total_loss:0.169317 pseudo_update_count:0
[Val-Epoch-Metrics] epoch=37 sup_loss:0.200916 lv_loss:0.000000 epi_loss:0.000000 total_loss:0.200916 pseudo_update_count:0 labeled_seen:1429 unlabeled_seen:0 Dice:0.725424 IoU:0.607907
	 Mean dice:0.7254 does not increase, the best is still: 0.7266 in epoch 30
	 early_stopping_count: 7/100000

========= Epoch [38/81] =========
QaTa_Covid19_LViT_25pct_labels
Training with batch size : 16
[SemiSup] subset_ratio=0.2500 labeled_name_count=1429
   [Train] Epoch: [38][20/358]  Loss:0.156 (Avg 0.2071) IoU:0.600 (Avg 0.5931) Dice:0.7263 (Avg 0.7118) LR 2.85e-04   (AvgTime 1.2)   
   [Train] sup_loss:0.147817 lv_loss:0.039011 epi_loss:0.000009 total_loss:0.155619 pseudo_update_count:548234
   [Train] Epoch: [38][40/358]  Loss:0.145 (Avg 0.2040) IoU:0.571 (Avg 0.6113) Dice:0.6856 (Avg 0.7270) LR 2.85e-04   (AvgTime 1.2)   
   [Train] sup_loss:0.137052 lv_loss:0.040093 epi_loss:0.000011 total_loss:0.145071 pseudo_update_count:597593
   [Train] Epoch: [38][60/358]  Loss:0.081 (Avg 0.2113) IoU:0.587 (Avg 0.6047) Dice:0.7200 (Avg 0.7215) LR 2.85e-04   (AvgTime 1.2)   
   [Train] sup_loss:0.072011 lv_loss:0.043197 epi_loss:0.000012 total_loss:0.080651 pseudo_update_count:647159
   [Train] Epoch: [38][80/358]  Loss:0.252 (Avg 0.2088) IoU:0.469 (Avg 0.6030) Dice:0.6026 (Avg 0.7209) LR 2.85e-04   (AvgTime 1.2)   
   [Train] sup_loss:0.243784 lv_loss:0.042743 epi_loss:0.000009 total_loss:0.252333 pseudo_update_count:647830
   [Train] Epoch: [38][100/358]  Loss:0.140 (Avg 0.2091) IoU:0.673 (Avg 0.6069) Dice:0.7872 (Avg 0.7246) LR 2.85e-04   (AvgTime 1.2)   
   [Train] sup_loss:0.131350 lv_loss:0.044226 epi_loss:0.000014 total_loss:0.140196 pseudo_update_count:696824
   [Train] Epoch: [38][120/358]  Loss:0.179 (Avg 0.2114) IoU:0.573 (Avg 0.6058) Dice:0.7086 (Avg 0.7238) LR 2.85e-04   (AvgTime 1.2)   
   [Train] sup_loss:0.169848 lv_loss:0.045453 epi_loss:0.000014 total_loss:0.178939 pseudo_update_count:647042
   [Train] Epoch: [38][140/358]  Loss:0.223 (Avg 0.2097) IoU:0.614 (Avg 0.6057) Dice:0.7269 (Avg 0.7235) LR 2.85e-04   (AvgTime 1.2)   
   [Train] sup_loss:0.212913 lv_loss:0.049070 epi_loss:0.000019 total_loss:0.222728 pseudo_update_count:298985
   [Train] Epoch: [38][160/358]  Loss:0.205 (Avg 0.2117) IoU:0.613 (Avg 0.6051) Dice:0.7285 (Avg 0.7229) LR 2.85e-04   (AvgTime 1.2)   
   [Train] sup_loss:0.196871 lv_loss:0.041313 epi_loss:0.000008 total_loss:0.205134 pseudo_update_count:299216
   [Train] Epoch: [38][180/358]  Loss:0.170 (Avg 0.2085) IoU:0.569 (Avg 0.6065) Dice:0.7048 (Avg 0.7245) LR 2.85e-04   (AvgTime 1.2)   
   [Train] sup_loss:0.160754 lv_loss:0.046112 epi_loss:0.000013 total_loss:0.169978 pseudo_update_count:547093
   [Train] Epoch: [38][200/358]  Loss:0.316 (Avg 0.2082) IoU:0.471 (Avg 0.6071) Dice:0.6051 (Avg 0.7249) LR 2.85e-04   (AvgTime 1.2)   
   [Train] sup_loss:0.307811 lv_loss:0.039717 epi_loss:0.000010 total_loss:0.315755 pseudo_update_count:548053
   [Train] Epoch: [38][220/358]  Loss:0.124 (Avg 0.2092) IoU:0.510 (Avg 0.6044) Dice:0.6431 (Avg 0.7224) LR 2.85e-04   (AvgTime 1.2)   
   [Train] sup_loss:0.115856 lv_loss:0.040261 epi_loss:0.000011 total_loss:0.123909 pseudo_update_count:597798
   [Train] Epoch: [38][240/358]  Loss:0.222 (Avg 0.2088) IoU:0.629 (Avg 0.6039) Dice:0.7503 (Avg 0.7217) LR 2.85e-04   (AvgTime 1.2)   
   [Train] sup_loss:0.215168 lv_loss:0.032847 epi_loss:0.000016 total_loss:0.221738 pseudo_update_count:349267
   [Train] Epoch: [38][260/358]  Loss:0.216 (Avg 0.2090) IoU:0.548 (Avg 0.6021) Dice:0.6614 (Avg 0.7200) LR 2.85e-04   (AvgTime 1.2)   
   [Train] sup_loss:0.207774 lv_loss:0.040146 epi_loss:0.000013 total_loss:0.215804 pseudo_update_count:647236
   [Train] Epoch: [38][280/358]  Loss:0.211 (Avg 0.2081) IoU:0.627 (Avg 0.6018) Dice:0.7388 (Avg 0.7199) LR 2.85e-04   (AvgTime 1.2)   
   [Train] sup_loss:0.203488 lv_loss:0.036707 epi_loss:0.000012 total_loss:0.210830 pseudo_update_count:648188
   [Train] Epoch: [38][300/358]  Loss:0.200 (Avg 0.2093) IoU:0.629 (Avg 0.6006) Dice:0.7563 (Avg 0.7190) LR 2.85e-04   (AvgTime 1.2)   
   [Train] sup_loss:0.192688 lv_loss:0.035288 epi_loss:0.000010 total_loss:0.199746 pseudo_update_count:498939
   [Train] Epoch: [38][320/358]  Loss:0.191 (Avg 0.2083) IoU:0.590 (Avg 0.5995) Dice:0.7224 (Avg 0.7180) LR 2.85e-04   (AvgTime 1.2)   
   [Train] sup_loss:0.182811 lv_loss:0.040592 epi_loss:0.000012 total_loss:0.190930 pseudo_update_count:647656
   [Train] Epoch: [38][340/358]  Loss:0.236 (Avg 0.2071) IoU:0.582 (Avg 0.5990) Dice:0.7204 (Avg 0.7178) LR 2.85e-04   (AvgTime 1.2)   
   [Train] sup_loss:0.229739 lv_loss:0.033665 epi_loss:0.000012 total_loss:0.236472 pseudo_update_count:598654
[Train-Epoch-Metrics] epoch=38 sup_loss:0.198741 lv_loss:0.039320 epi_loss:0.000011 total_loss:0.206606 pseudo_update_count:213617094 labeled_seen:1429 unlabeled_seen:4287 Dice:0.719035 IoU:0.600255
Validation
   [Val] Epoch: [38][20/90]  Loss:0.194 (Avg 0.2033) IoU:0.636 (Avg 0.6114) Dice:0.7534 (Avg 0.7262) (AvgTime 0.5)   
   [Val] sup_loss:0.193664 lv_loss:0.000000 epi_loss:0.000000 total_loss:0.193664 pseudo_update_count:0
   [Val] Epoch: [38][40/90]  Loss:0.338 (Avg 0.2056) IoU:0.504 (Avg 0.6149) Dice:0.6324 (Avg 0.7295) (AvgTime 0.5)   
   [Val] sup_loss:0.337981 lv_loss:0.000000 epi_loss:0.000000 total_loss:0.337981 pseudo_update_count:0
   [Val] Epoch: [38][60/90]  Loss:0.196 (Avg 0.2008) IoU:0.659 (Avg 0.6218) Dice:0.7854 (Avg 0.7375) (AvgTime 0.5)   
   [Val] sup_loss:0.195511 lv_loss:0.000000 epi_loss:0.000000 total_loss:0.195511 pseudo_update_count:0
   [Val] Epoch: [38][80/90]  Loss:0.180 (Avg 0.1956) IoU:0.638 (Avg 0.6271) Dice:0.7635 (Avg 0.7413) (AvgTime 0.5)   
   [Val] sup_loss:0.179934 lv_loss:0.000000 epi_loss:0.000000 total_loss:0.179934 pseudo_update_count:0
[Val-Epoch-Metrics] epoch=38 sup_loss:0.195623 lv_loss:0.000000 epi_loss:0.000000 total_loss:0.195623 pseudo_update_count:0 labeled_seen:1429 unlabeled_seen:0 Dice:0.739693 IoU:0.625815
	 Saving best model, mean dice increased from: 0.7266 to 0.7397
	 Saving to QaTa-Covid19/LViT/QaTa_Covid19_LViT_25pct_labels/models/
	 early_stopping_count: 0/100000

========= Epoch [39/81] =========
QaTa_Covid19_LViT_25pct_labels
Training with batch size : 16
[SemiSup] subset_ratio=0.2500 labeled_name_count=1429
   [Train] Epoch: [39][20/358]  Loss:0.203 (Avg 0.2142) IoU:0.564 (Avg 0.6144) Dice:0.6826 (Avg 0.7294) LR 1.86e-04   (AvgTime 1.2)   
   [Train] sup_loss:0.195840 lv_loss:0.035003 epi_loss:0.000009 total_loss:0.202841 pseudo_update_count:349290
   [Train] Epoch: [39][40/358]  Loss:0.138 (Avg 0.2043) IoU:0.601 (Avg 0.6001) Dice:0.7222 (Avg 0.7168) LR 1.86e-04   (AvgTime 1.2)   
   [Train] sup_loss:0.130094 lv_loss:0.037265 epi_loss:0.000012 total_loss:0.137548 pseudo_update_count:597983
   [Train] Epoch: [39][60/358]  Loss:0.332 (Avg 0.1983) IoU:0.472 (Avg 0.6053) Dice:0.6005 (Avg 0.7216) LR 1.86e-04   (AvgTime 1.2)   
   [Train] sup_loss:0.323486 lv_loss:0.043412 epi_loss:0.000009 total_loss:0.332169 pseudo_update_count:547952
   [Train] Epoch: [39][80/358]  Loss:0.122 (Avg 0.1929) IoU:0.605 (Avg 0.6120) Dice:0.7065 (Avg 0.7277) LR 1.86e-04   (AvgTime 1.2)   
   [Train] sup_loss:0.114156 lv_loss:0.037279 epi_loss:0.000011 total_loss:0.121612 pseudo_update_count:697874
   [Train] Epoch: [39][100/358]  Loss:0.236 (Avg 0.1935) IoU:0.580 (Avg 0.6126) Dice:0.7020 (Avg 0.7284) LR 1.86e-04   (AvgTime 1.2)   
   [Train] sup_loss:0.229508 lv_loss:0.033463 epi_loss:0.000008 total_loss:0.236201 pseudo_update_count:598488
   [Train] Epoch: [39][120/358]  Loss:0.095 (Avg 0.1904) IoU:0.640 (Avg 0.6085) Dice:0.7606 (Avg 0.7249) LR 1.86e-04   (AvgTime 1.2)   
   [Train] sup_loss:0.088519 lv_loss:0.032944 epi_loss:0.000013 total_loss:0.095109 pseudo_update_count:748294
   [Train] Epoch: [39][140/358]  Loss:0.150 (Avg 0.1908) IoU:0.720 (Avg 0.6094) Dice:0.8219 (Avg 0.7257) LR 1.86e-04   (AvgTime 1.2)   
   [Train] sup_loss:0.141837 lv_loss:0.042589 epi_loss:0.000018 total_loss:0.150355 pseudo_update_count:547879
   [Train] Epoch: [39][160/358]  Loss:0.242 (Avg 0.1867) IoU:0.567 (Avg 0.6079) Dice:0.6757 (Avg 0.7243) LR 1.86e-04   (AvgTime 1.2)   
   [Train] sup_loss:0.235612 lv_loss:0.030208 epi_loss:0.000014 total_loss:0.241655 pseudo_update_count:549274
   [Train] Epoch: [39][180/358]  Loss:0.165 (Avg 0.1871) IoU:0.707 (Avg 0.6093) Dice:0.8190 (Avg 0.7257) LR 1.86e-04   (AvgTime 1.2)   
   [Train] sup_loss:0.158921 lv_loss:0.032667 epi_loss:0.000014 total_loss:0.165455 pseudo_update_count:549114
   [Train] Epoch: [39][200/358]  Loss:0.106 (Avg 0.1875) IoU:0.585 (Avg 0.6123) Dice:0.7121 (Avg 0.7284) LR 1.86e-04   (AvgTime 1.2)   
   [Train] sup_loss:0.098039 lv_loss:0.040537 epi_loss:0.000010 total_loss:0.106147 pseudo_update_count:648006
   [Train] Epoch: [39][220/358]  Loss:0.178 (Avg 0.1878) IoU:0.421 (Avg 0.6112) Dice:0.5654 (Avg 0.7275) LR 1.86e-04   (AvgTime 1.2)   
   [Train] sup_loss:0.169464 lv_loss:0.041740 epi_loss:0.000007 total_loss:0.177812 pseudo_update_count:646804
   [Train] Epoch: [39][240/358]  Loss:0.269 (Avg 0.1888) IoU:0.606 (Avg 0.6096) Dice:0.7414 (Avg 0.7261) LR 1.86e-04   (AvgTime 1.2)   
   [Train] sup_loss:0.261208 lv_loss:0.039776 epi_loss:0.000013 total_loss:0.269164 pseudo_update_count:597990
   [Train] Epoch: [39][260/358]  Loss:0.164 (Avg 0.1891) IoU:0.668 (Avg 0.6090) Dice:0.7913 (Avg 0.7257) LR 1.86e-04   (AvgTime 1.2)   
   [Train] sup_loss:0.154177 lv_loss:0.048302 epi_loss:0.000011 total_loss:0.163838 pseudo_update_count:347920
   [Train] Epoch: [39][280/358]  Loss:0.151 (Avg 0.1891) IoU:0.677 (Avg 0.6100) Dice:0.7915 (Avg 0.7269) LR 1.86e-04   (AvgTime 1.2)   
   [Train] sup_loss:0.142542 lv_loss:0.041707 epi_loss:0.000013 total_loss:0.150884 pseudo_update_count:497927
   [Train] Epoch: [39][300/358]  Loss:0.281 (Avg 0.1891) IoU:0.495 (Avg 0.6098) Dice:0.6305 (Avg 0.7268) LR 1.86e-04   (AvgTime 1.2)   
   [Train] sup_loss:0.272188 lv_loss:0.041824 epi_loss:0.000012 total_loss:0.280554 pseudo_update_count:647014
   [Train] Epoch: [39][320/358]  Loss:0.181 (Avg 0.1888) IoU:0.687 (Avg 0.6101) Dice:0.8000 (Avg 0.7269) LR 1.86e-04   (AvgTime 1.2)   
   [Train] sup_loss:0.174384 lv_loss:0.034270 epi_loss:0.000017 total_loss:0.181239 pseudo_update_count:598536
   [Train] Epoch: [39][340/358]  Loss:0.267 (Avg 0.1905) IoU:0.637 (Avg 0.6113) Dice:0.7402 (Avg 0.7280) LR 1.86e-04   (AvgTime 1.2)   
   [Train] sup_loss:0.260150 lv_loss:0.033329 epi_loss:0.000007 total_loss:0.266816 pseudo_update_count:598922
[Train-Epoch-Metrics] epoch=39 sup_loss:0.182431 lv_loss:0.037528 epi_loss:0.000011 total_loss:0.189937 pseudo_update_count:213675898 labeled_seen:1429 unlabeled_seen:4287 Dice:0.727149 IoU:0.610181
Validation
   [Val] Epoch: [39][20/90]  Loss:0.215 (Avg 0.1942) IoU:0.612 (Avg 0.6246) Dice:0.7251 (Avg 0.7374) (AvgTime 0.5)   
   [Val] sup_loss:0.214878 lv_loss:0.000000 epi_loss:0.000000 total_loss:0.214878 pseudo_update_count:0
   [Val] Epoch: [39][40/90]  Loss:0.248 (Avg 0.1903) IoU:0.541 (Avg 0.6248) Dice:0.6762 (Avg 0.7409) (AvgTime 0.5)   
   [Val] sup_loss:0.248468 lv_loss:0.000000 epi_loss:0.000000 total_loss:0.248468 pseudo_update_count:0
   [Val] Epoch: [39][60/90]  Loss:0.206 (Avg 0.1938) IoU:0.608 (Avg 0.6244) Dice:0.7229 (Avg 0.7390) (AvgTime 0.5)   
   [Val] sup_loss:0.205544 lv_loss:0.000000 epi_loss:0.000000 total_loss:0.205544 pseudo_update_count:0
   [Val] Epoch: [39][80/90]  Loss:0.245 (Avg 0.1923) IoU:0.573 (Avg 0.6254) Dice:0.6981 (Avg 0.7400) (AvgTime 0.5)   
   [Val] sup_loss:0.245090 lv_loss:0.000000 epi_loss:0.000000 total_loss:0.245090 pseudo_update_count:0
[Val-Epoch-Metrics] epoch=39 sup_loss:0.191631 lv_loss:0.000000 epi_loss:0.000000 total_loss:0.191631 pseudo_update_count:0 labeled_seen:1429 unlabeled_seen:0 Dice:0.740520 IoU:0.626424
	 Saving best model, mean dice increased from: 0.7397 to 0.7405
	 Saving to QaTa-Covid19/LViT/QaTa_Covid19_LViT_25pct_labels/models/
	 early_stopping_count: 0/100000

========= Epoch [40/81] =========
QaTa_Covid19_LViT_25pct_labels
Training with batch size : 16
[SemiSup] subset_ratio=0.2500 labeled_name_count=1429
   [Train] Epoch: [40][20/358]  Loss:0.148 (Avg 0.1837) IoU:0.598 (Avg 0.6328) Dice:0.7304 (Avg 0.7500) LR 1.22e-04   (AvgTime 1.2)   
   [Train] sup_loss:0.139656 lv_loss:0.040027 epi_loss:0.000010 total_loss:0.147662 pseudo_update_count:647649
   [Train] Epoch: [40][40/358]  Loss:0.099 (Avg 0.1954) IoU:0.559 (Avg 0.6211) Dice:0.6794 (Avg 0.7395) LR 1.22e-04   (AvgTime 1.2)   
   [Train] sup_loss:0.091498 lv_loss:0.039557 epi_loss:0.000008 total_loss:0.099410 pseudo_update_count:646954
   [Train] Epoch: [40][60/358]  Loss:0.200 (Avg 0.1909) IoU:0.618 (Avg 0.6143) Dice:0.7390 (Avg 0.7316) LR 1.22e-04   (AvgTime 1.2)   
   [Train] sup_loss:0.192620 lv_loss:0.036643 epi_loss:0.000012 total_loss:0.199949 pseudo_update_count:698394
   [Train] Epoch: [40][80/358]  Loss:0.285 (Avg 0.1942) IoU:0.656 (Avg 0.6184) Dice:0.7708 (Avg 0.7349) LR 1.22e-04   (AvgTime 1.2)   
   [Train] sup_loss:0.277960 lv_loss:0.036222 epi_loss:0.000012 total_loss:0.285205 pseudo_update_count:697763
   [Train] Epoch: [40][100/358]  Loss:0.192 (Avg 0.1943) IoU:0.599 (Avg 0.6207) Dice:0.7238 (Avg 0.7373) LR 1.22e-04   (AvgTime 1.2)   
   [Train] sup_loss:0.184658 lv_loss:0.037192 epi_loss:0.000009 total_loss:0.192097 pseudo_update_count:448604
   [Train] Epoch: [40][120/358]  Loss:0.265 (Avg 0.1956) IoU:0.588 (Avg 0.6179) Dice:0.7102 (Avg 0.7352) LR 1.22e-04   (AvgTime 1.2)   
   [Train] sup_loss:0.256695 lv_loss:0.040843 epi_loss:0.000013 total_loss:0.264864 pseudo_update_count:548246
   [Train] Epoch: [40][140/358]  Loss:0.055 (Avg 0.1895) IoU:0.605 (Avg 0.6222) Dice:0.7266 (Avg 0.7389) LR 1.22e-04   (AvgTime 1.2)   
   [Train] sup_loss:0.047674 lv_loss:0.038985 epi_loss:0.000011 total_loss:0.055472 pseudo_update_count:746760
   [Train] Epoch: [40][160/358]  Loss:0.325 (Avg 0.1882) IoU:0.463 (Avg 0.6215) Dice:0.5748 (Avg 0.7374) LR 1.22e-04   (AvgTime 1.2)   
   [Train] sup_loss:0.317108 lv_loss:0.037614 epi_loss:0.000008 total_loss:0.324631 pseudo_update_count:697067
   [Train] Epoch: [40][180/358]  Loss:0.132 (Avg 0.1874) IoU:0.573 (Avg 0.6182) Dice:0.6929 (Avg 0.7348) LR 1.22e-04   (AvgTime 1.2)   
   [Train] sup_loss:0.124438 lv_loss:0.040263 epi_loss:0.000010 total_loss:0.132492 pseudo_update_count:597793
   [Train] Epoch: [40][200/358]  Loss:0.352 (Avg 0.1885) IoU:0.632 (Avg 0.6181) Dice:0.7470 (Avg 0.7346) LR 1.22e-04   (AvgTime 1.2)   
   [Train] sup_loss:0.345057 lv_loss:0.033979 epi_loss:0.000012 total_loss:0.351854 pseudo_update_count:698052
   [Train] Epoch: [40][220/358]  Loss:0.179 (Avg 0.1912) IoU:0.543 (Avg 0.6149) Dice:0.6575 (Avg 0.7319) LR 1.22e-04   (AvgTime 1.2)   
   [Train] sup_loss:0.170583 lv_loss:0.041953 epi_loss:0.000010 total_loss:0.178974 pseudo_update_count:597769
   [Train] Epoch: [40][240/358]  Loss:0.254 (Avg 0.1909) IoU:0.603 (Avg 0.6161) Dice:0.7293 (Avg 0.7329) LR 1.22e-04   (AvgTime 1.2)   
   [Train] sup_loss:0.247172 lv_loss:0.033512 epi_loss:0.000011 total_loss:0.253875 pseudo_update_count:598965
   [Train] Epoch: [40][260/358]  Loss:0.235 (Avg 0.1907) IoU:0.676 (Avg 0.6167) Dice:0.7863 (Avg 0.7332) LR 1.22e-04   (AvgTime 1.2)   
   [Train] sup_loss:0.228184 lv_loss:0.032105 epi_loss:0.000013 total_loss:0.234605 pseudo_update_count:548895
   [Train] Epoch: [40][280/358]  Loss:0.216 (Avg 0.1897) IoU:0.569 (Avg 0.6159) Dice:0.6838 (Avg 0.7324) LR 1.22e-04   (AvgTime 1.2)   
   [Train] sup_loss:0.209243 lv_loss:0.034003 epi_loss:0.000013 total_loss:0.216045 pseudo_update_count:548878
   [Train] Epoch: [40][300/358]  Loss:0.256 (Avg 0.1878) IoU:0.508 (Avg 0.6169) Dice:0.6369 (Avg 0.7332) LR 1.22e-04   (AvgTime 1.2)   
   [Train] sup_loss:0.248633 lv_loss:0.035785 epi_loss:0.000012 total_loss:0.255791 pseudo_update_count:448295
   [Train] Epoch: [40][320/358]  Loss:0.235 (Avg 0.1873) IoU:0.642 (Avg 0.6165) Dice:0.7527 (Avg 0.7327) LR 1.22e-04   (AvgTime 1.2)   
   [Train] sup_loss:0.227909 lv_loss:0.037911 epi_loss:0.000017 total_loss:0.235492 pseudo_update_count:498463
   [Train] Epoch: [40][340/358]  Loss:0.321 (Avg 0.1872) IoU:0.626 (Avg 0.6172) Dice:0.7288 (Avg 0.7332) LR 1.22e-04   (AvgTime 1.2)   
   [Train] sup_loss:0.314904 lv_loss:0.029861 epi_loss:0.000014 total_loss:0.320877 pseudo_update_count:649430
[Train-Epoch-Metrics] epoch=40 sup_loss:0.181486 lv_loss:0.035991 epi_loss:0.000011 total_loss:0.188684 pseudo_update_count:213715248 labeled_seen:1429 unlabeled_seen:4287 Dice:0.732069 IoU:0.615577
Validation
   [Val] Epoch: [40][20/90]  Loss:0.274 (Avg 0.1919) IoU:0.609 (Avg 0.6208) Dice:0.7441 (Avg 0.7378) (AvgTime 0.6)   
   [Val] sup_loss:0.274300 lv_loss:0.000000 epi_loss:0.000000 total_loss:0.274300 pseudo_update_count:0
   [Val] Epoch: [40][40/90]  Loss:0.181 (Avg 0.1962) IoU:0.630 (Avg 0.6088) Dice:0.7570 (Avg 0.7281) (AvgTime 0.5)   
   [Val] sup_loss:0.180680 lv_loss:0.000000 epi_loss:0.000000 total_loss:0.180680 pseudo_update_count:0
   [Val] Epoch: [40][60/90]  Loss:0.182 (Avg 0.1878) IoU:0.637 (Avg 0.6235) Dice:0.7562 (Avg 0.7399) (AvgTime 0.5)   
   [Val] sup_loss:0.181718 lv_loss:0.000000 epi_loss:0.000000 total_loss:0.181718 pseudo_update_count:0
   [Val] Epoch: [40][80/90]  Loss:0.261 (Avg 0.1916) IoU:0.530 (Avg 0.6177) Dice:0.6290 (Avg 0.7337) (AvgTime 0.5)   
   [Val] sup_loss:0.261283 lv_loss:0.000000 epi_loss:0.000000 total_loss:0.261283 pseudo_update_count:0
[Val-Epoch-Metrics] epoch=40 sup_loss:0.192881 lv_loss:0.000000 epi_loss:0.000000 total_loss:0.192881 pseudo_update_count:0 labeled_seen:1429 unlabeled_seen:0 Dice:0.732754 IoU:0.617039
	 Mean dice:0.7328 does not increase, the best is still: 0.7405 in epoch 39
	 early_stopping_count: 1/100000

========= Epoch [41/81] =========
QaTa_Covid19_LViT_25pct_labels
Training with batch size : 16
[SemiSup] subset_ratio=0.2500 labeled_name_count=1429
   [Train] Epoch: [41][20/358]  Loss:0.068 (Avg 0.2190) IoU:0.552 (Avg 0.5735) Dice:0.6755 (Avg 0.6918) LR 1.00e-03   (AvgTime 1.2)   
   [Train] sup_loss:0.059844 lv_loss:0.041644 epi_loss:0.000012 total_loss:0.068174 pseudo_update_count:747419
   [Train] Epoch: [41][40/358]  Loss:0.234 (Avg 0.2125) IoU:0.620 (Avg 0.5788) Dice:0.7368 (Avg 0.7006) LR 1.00e-03   (AvgTime 1.2)   
   [Train] sup_loss:0.224309 lv_loss:0.046028 epi_loss:0.000010 total_loss:0.233515 pseudo_update_count:696149
   [Train] Epoch: [41][60/358]  Loss:0.230 (Avg 0.2161) IoU:0.488 (Avg 0.5712) Dice:0.6261 (Avg 0.6941) LR 1.00e-03   (AvgTime 1.2)   
   [Train] sup_loss:0.219802 lv_loss:0.050597 epi_loss:0.000010 total_loss:0.229922 pseudo_update_count:745078
   [Train] Epoch: [41][80/358]  Loss:0.286 (Avg 0.2114) IoU:0.598 (Avg 0.5770) Dice:0.7287 (Avg 0.7004) LR 1.00e-03   (AvgTime 1.2)   
   [Train] sup_loss:0.278368 lv_loss:0.036455 epi_loss:0.000010 total_loss:0.285659 pseudo_update_count:598078
   [Train] Epoch: [41][100/358]  Loss:0.229 (Avg 0.2241) IoU:0.546 (Avg 0.5720) Dice:0.6672 (Avg 0.6960) LR 1.00e-03   (AvgTime 1.2)   
   [Train] sup_loss:0.218098 lv_loss:0.054550 epi_loss:0.000010 total_loss:0.229009 pseudo_update_count:597350
   [Train] Epoch: [41][120/358]  Loss:0.193 (Avg 0.2254) IoU:0.584 (Avg 0.5689) Dice:0.7134 (Avg 0.6925) LR 1.00e-03   (AvgTime 1.2)   
   [Train] sup_loss:0.183799 lv_loss:0.048189 epi_loss:0.000009 total_loss:0.193438 pseudo_update_count:647873
   [Train] Epoch: [41][140/358]  Loss:0.172 (Avg 0.2227) IoU:0.637 (Avg 0.5673) Dice:0.7583 (Avg 0.6902) LR 1.00e-03   (AvgTime 1.2)   
   [Train] sup_loss:0.163867 lv_loss:0.042516 epi_loss:0.000007 total_loss:0.172370 pseudo_update_count:498276
   [Train] Epoch: [41][160/358]  Loss:0.251 (Avg 0.2246) IoU:0.551 (Avg 0.5654) Dice:0.6923 (Avg 0.6884) LR 1.00e-03   (AvgTime 1.2)   
   [Train] sup_loss:0.242400 lv_loss:0.043638 epi_loss:0.000010 total_loss:0.251128 pseudo_update_count:498328
   [Train] Epoch: [41][180/358]  Loss:0.216 (Avg 0.2269) IoU:0.609 (Avg 0.5651) Dice:0.7354 (Avg 0.6880) LR 1.00e-03   (AvgTime 1.2)   
   [Train] sup_loss:0.205446 lv_loss:0.053107 epi_loss:0.000016 total_loss:0.216069 pseudo_update_count:496653
   [Train] Epoch: [41][200/358]  Loss:0.112 (Avg 0.2265) IoU:0.679 (Avg 0.5669) Dice:0.7926 (Avg 0.6890) LR 1.00e-03   (AvgTime 1.2)   
   [Train] sup_loss:0.104403 lv_loss:0.038768 epi_loss:0.000012 total_loss:0.112157 pseudo_update_count:698257
   [Train] Epoch: [41][220/358]  Loss:0.166 (Avg 0.2309) IoU:0.597 (Avg 0.5658) Dice:0.7191 (Avg 0.6877) LR 1.00e-03   (AvgTime 1.2)   
   [Train] sup_loss:0.157320 lv_loss:0.044545 epi_loss:0.000008 total_loss:0.166230 pseudo_update_count:598125
   [Train] Epoch: [41][240/358]  Loss:0.174 (Avg 0.2325) IoU:0.503 (Avg 0.5669) Dice:0.6265 (Avg 0.6886) LR 1.00e-03   (AvgTime 1.2)   
   [Train] sup_loss:0.163414 lv_loss:0.052860 epi_loss:0.000010 total_loss:0.173987 pseudo_update_count:546891
   [Train] Epoch: [41][260/358]  Loss:0.319 (Avg 0.2322) IoU:0.626 (Avg 0.5684) Dice:0.7338 (Avg 0.6900) LR 1.00e-03   (AvgTime 1.2)   
   [Train] sup_loss:0.310501 lv_loss:0.040924 epi_loss:0.000018 total_loss:0.318687 pseudo_update_count:448901
   [Train] Epoch: [41][280/358]  Loss:0.177 (Avg 0.2296) IoU:0.649 (Avg 0.5699) Dice:0.7596 (Avg 0.6914) LR 1.00e-03   (AvgTime 1.2)   
   [Train] sup_loss:0.168545 lv_loss:0.040047 epi_loss:0.000010 total_loss:0.176555 pseudo_update_count:548061
   [Train] Epoch: [41][300/358]  Loss:0.316 (Avg 0.2305) IoU:0.576 (Avg 0.5702) Dice:0.6852 (Avg 0.6917) LR 1.00e-03   (AvgTime 1.2)   
   [Train] sup_loss:0.307064 lv_loss:0.045739 epi_loss:0.000011 total_loss:0.316212 pseudo_update_count:746796
   [Train] Epoch: [41][320/358]  Loss:0.010 (Avg 0.2293) IoU:0.448 (Avg 0.5696) Dice:0.5899 (Avg 0.6911) LR 1.00e-03   (AvgTime 1.2)   
   [Train] sup_loss:0.000000 lv_loss:0.048454 epi_loss:0.000009 total_loss:0.009691 pseudo_update_count:795652
   [Train] Epoch: [41][340/358]  Loss:0.143 (Avg 0.2282) IoU:0.618 (Avg 0.5696) Dice:0.7288 (Avg 0.6910) LR 1.00e-03   (AvgTime 1.2)   
   [Train] sup_loss:0.135063 lv_loss:0.040815 epi_loss:0.000016 total_loss:0.143226 pseudo_update_count:597500
[Train-Epoch-Metrics] epoch=41 sup_loss:0.219219 lv_loss:0.045391 epi_loss:0.000012 total_loss:0.228298 pseudo_update_count:213455355 labeled_seen:1429 unlabeled_seen:4287 Dice:0.692376 IoU:0.570771
Validation
   [Val] Epoch: [41][20/90]  Loss:0.172 (Avg 0.2064) IoU:0.626 (Avg 0.6147) Dice:0.7604 (Avg 0.7313) (AvgTime 0.5)   
   [Val] sup_loss:0.171783 lv_loss:0.000000 epi_loss:0.000000 total_loss:0.171783 pseudo_update_count:0
   [Val] Epoch: [41][40/90]  Loss:0.222 (Avg 0.2128) IoU:0.588 (Avg 0.6047) Dice:0.7196 (Avg 0.7215) (AvgTime 0.5)   
   [Val] sup_loss:0.221531 lv_loss:0.000000 epi_loss:0.000000 total_loss:0.221531 pseudo_update_count:0
   [Val] Epoch: [41][60/90]  Loss:0.194 (Avg 0.2124) IoU:0.639 (Avg 0.6083) Dice:0.7629 (Avg 0.7246) (AvgTime 0.5)   
   [Val] sup_loss:0.193753 lv_loss:0.000000 epi_loss:0.000000 total_loss:0.193753 pseudo_update_count:0
   [Val] Epoch: [41][80/90]  Loss:0.132 (Avg 0.2081) IoU:0.714 (Avg 0.6129) Dice:0.8074 (Avg 0.7285) (AvgTime 0.5)   
   [Val] sup_loss:0.132034 lv_loss:0.000000 epi_loss:0.000000 total_loss:0.132034 pseudo_update_count:0
[Val-Epoch-Metrics] epoch=41 sup_loss:0.212202 lv_loss:0.000000 epi_loss:0.000000 total_loss:0.212202 pseudo_update_count:0 labeled_seen:1429 unlabeled_seen:0 Dice:0.725485 IoU:0.608864
	 Mean dice:0.7255 does not increase, the best is still: 0.7405 in epoch 39
	 early_stopping_count: 2/100000

========= Epoch [42/81] =========
QaTa_Covid19_LViT_25pct_labels
Training with batch size : 16
[SemiSup] subset_ratio=0.2500 labeled_name_count=1429
   [Train] Epoch: [42][20/358]  Loss:0.218 (Avg 0.2280) IoU:0.690 (Avg 0.5789) Dice:0.7917 (Avg 0.7030) LR 9.78e-04   (AvgTime 1.2)   
   [Train] sup_loss:0.208698 lv_loss:0.044217 epi_loss:0.000013 total_loss:0.217542 pseudo_update_count:547379
   [Train] Epoch: [42][40/358]  Loss:0.355 (Avg 0.2163) IoU:0.494 (Avg 0.5756) Dice:0.6238 (Avg 0.7012) LR 9.78e-04   (AvgTime 1.2)   
   [Train] sup_loss:0.345840 lv_loss:0.045276 epi_loss:0.000009 total_loss:0.354896 pseudo_update_count:696602
   [Train] Epoch: [42][60/358]  Loss:0.237 (Avg 0.2229) IoU:0.612 (Avg 0.5825) Dice:0.7362 (Avg 0.7060) LR 9.78e-04   (AvgTime 1.2)   
   [Train] sup_loss:0.228455 lv_loss:0.041510 epi_loss:0.000015 total_loss:0.236758 pseudo_update_count:647391
   [Train] Epoch: [42][80/358]  Loss:0.296 (Avg 0.2257) IoU:0.587 (Avg 0.5765) Dice:0.7016 (Avg 0.7010) LR 9.78e-04   (AvgTime 1.2)   
   [Train] sup_loss:0.286907 lv_loss:0.046226 epi_loss:0.000011 total_loss:0.296153 pseudo_update_count:696994
   [Train] Epoch: [42][100/358]  Loss:0.188 (Avg 0.2256) IoU:0.520 (Avg 0.5744) Dice:0.6476 (Avg 0.6989) LR 9.78e-04   (AvgTime 1.2)   
   [Train] sup_loss:0.180806 lv_loss:0.037662 epi_loss:0.000012 total_loss:0.188339 pseudo_update_count:598254
   [Train] Epoch: [42][120/358]  Loss:0.322 (Avg 0.2273) IoU:0.449 (Avg 0.5777) Dice:0.5752 (Avg 0.7011) LR 9.78e-04   (AvgTime 1.2)   
   [Train] sup_loss:0.312757 lv_loss:0.047955 epi_loss:0.000008 total_loss:0.322348 pseudo_update_count:596497
   [Train] Epoch: [42][140/358]  Loss:0.181 (Avg 0.2298) IoU:0.662 (Avg 0.5717) Dice:0.7834 (Avg 0.6949) LR 9.78e-04   (AvgTime 1.2)   
   [Train] sup_loss:0.170852 lv_loss:0.050443 epi_loss:0.000015 total_loss:0.180941 pseudo_update_count:446683
   [Train] Epoch: [42][160/358]  Loss:0.174 (Avg 0.2273) IoU:0.604 (Avg 0.5744) Dice:0.7369 (Avg 0.6974) LR 9.78e-04   (AvgTime 1.2)   
   [Train] sup_loss:0.164783 lv_loss:0.044809 epi_loss:0.000009 total_loss:0.173745 pseudo_update_count:448387
   [Train] Epoch: [42][180/358]  Loss:0.068 (Avg 0.2226) IoU:0.561 (Avg 0.5753) Dice:0.6807 (Avg 0.6977) LR 9.78e-04   (AvgTime 1.2)   
   [Train] sup_loss:0.059945 lv_loss:0.039833 epi_loss:0.000014 total_loss:0.067913 pseudo_update_count:747725
   [Train] Epoch: [42][200/358]  Loss:0.147 (Avg 0.2239) IoU:0.581 (Avg 0.5727) Dice:0.7044 (Avg 0.6954) LR 9.78e-04   (AvgTime 1.2)   
   [Train] sup_loss:0.138428 lv_loss:0.041601 epi_loss:0.000012 total_loss:0.146748 pseudo_update_count:598061
   [Train] Epoch: [42][220/358]  Loss:0.329 (Avg 0.2261) IoU:0.556 (Avg 0.5728) Dice:0.6850 (Avg 0.6951) LR 9.78e-04   (AvgTime 1.2)   
   [Train] sup_loss:0.318347 lv_loss:0.054033 epi_loss:0.000010 total_loss:0.329154 pseudo_update_count:498264
   [Train] Epoch: [42][240/358]  Loss:0.418 (Avg 0.2252) IoU:0.608 (Avg 0.5732) Dice:0.7297 (Avg 0.6956) LR 9.78e-04   (AvgTime 1.2)   
   [Train] sup_loss:0.407852 lv_loss:0.048813 epi_loss:0.000012 total_loss:0.417616 pseudo_update_count:747083
   [Train] Epoch: [42][260/358]  Loss:0.209 (Avg 0.2253) IoU:0.700 (Avg 0.5728) Dice:0.8128 (Avg 0.6947) LR 9.78e-04   (AvgTime 1.2)   
   [Train] sup_loss:0.197975 lv_loss:0.053104 epi_loss:0.000016 total_loss:0.208597 pseudo_update_count:646657
   [Train] Epoch: [42][280/358]  Loss:0.304 (Avg 0.2265) IoU:0.589 (Avg 0.5723) Dice:0.6890 (Avg 0.6939) LR 9.78e-04   (AvgTime 1.2)   
   [Train] sup_loss:0.296209 lv_loss:0.041240 epi_loss:0.000011 total_loss:0.304458 pseudo_update_count:648260
   [Train] Epoch: [42][300/358]  Loss:0.151 (Avg 0.2256) IoU:0.654 (Avg 0.5746) Dice:0.7711 (Avg 0.6958) LR 9.78e-04   (AvgTime 1.2)   
   [Train] sup_loss:0.141909 lv_loss:0.045858 epi_loss:0.000010 total_loss:0.151081 pseudo_update_count:597135
   [Train] Epoch: [42][320/358]  Loss:0.330 (Avg 0.2250) IoU:0.598 (Avg 0.5765) Dice:0.7305 (Avg 0.6974) LR 9.78e-04   (AvgTime 1.2)   
   [Train] sup_loss:0.320904 lv_loss:0.045452 epi_loss:0.000010 total_loss:0.329995 pseudo_update_count:647626
   [Train] Epoch: [42][340/358]  Loss:0.255 (Avg 0.2237) IoU:0.519 (Avg 0.5756) Dice:0.6610 (Avg 0.6964) LR 9.78e-04   (AvgTime 1.2)   
   [Train] sup_loss:0.245505 lv_loss:0.048556 epi_loss:0.000015 total_loss:0.255217 pseudo_update_count:447866
[Train-Epoch-Metrics] epoch=42 sup_loss:0.214477 lv_loss:0.044317 epi_loss:0.000012 total_loss:0.223341 pseudo_update_count:213484063 labeled_seen:1429 unlabeled_seen:4287 Dice:0.696320 IoU:0.575719
Validation
   [Val] Epoch: [42][20/90]  Loss:0.256 (Avg 0.2081) IoU:0.489 (Avg 0.5919) Dice:0.6128 (Avg 0.7180) (AvgTime 0.5)   
   [Val] sup_loss:0.255999 lv_loss:0.000000 epi_loss:0.000000 total_loss:0.255999 pseudo_update_count:0
   [Val] Epoch: [42][40/90]  Loss:0.182 (Avg 0.2131) IoU:0.635 (Avg 0.5871) Dice:0.7462 (Avg 0.7103) (AvgTime 0.5)   
   [Val] sup_loss:0.182212 lv_loss:0.000000 epi_loss:0.000000 total_loss:0.182212 pseudo_update_count:0
   [Val] Epoch: [42][60/90]  Loss:0.235 (Avg 0.2188) IoU:0.497 (Avg 0.5765) Dice:0.6344 (Avg 0.7002) (AvgTime 0.5)   
   [Val] sup_loss:0.235135 lv_loss:0.000000 epi_loss:0.000000 total_loss:0.235135 pseudo_update_count:0
   [Val] Epoch: [42][80/90]  Loss:0.198 (Avg 0.2188) IoU:0.588 (Avg 0.5771) Dice:0.7071 (Avg 0.7006) (AvgTime 0.5)   
   [Val] sup_loss:0.197975 lv_loss:0.000000 epi_loss:0.000000 total_loss:0.197975 pseudo_update_count:0
[Val-Epoch-Metrics] epoch=42 sup_loss:0.220189 lv_loss:0.000000 epi_loss:0.000000 total_loss:0.220189 pseudo_update_count:0 labeled_seen:1429 unlabeled_seen:0 Dice:0.698521 IoU:0.574751
	 Mean dice:0.6985 does not increase, the best is still: 0.7405 in epoch 39
	 early_stopping_count: 3/100000

========= Epoch [43/81] =========
QaTa_Covid19_LViT_25pct_labels
Training with batch size : 16
[SemiSup] subset_ratio=0.2500 labeled_name_count=1429
   [Train] Epoch: [43][20/358]  Loss:0.198 (Avg 0.2327) IoU:0.698 (Avg 0.5858) Dice:0.8169 (Avg 0.7059) LR 9.14e-04   (AvgTime 1.2)   
   [Train] sup_loss:0.188728 lv_loss:0.046030 epi_loss:0.000011 total_loss:0.197934 pseudo_update_count:697190
   [Train] Epoch: [43][40/358]  Loss:0.302 (Avg 0.2273) IoU:0.473 (Avg 0.5910) Dice:0.6087 (Avg 0.7096) LR 9.14e-04   (AvgTime 1.2)   
   [Train] sup_loss:0.292215 lv_loss:0.047398 epi_loss:0.000011 total_loss:0.301695 pseudo_update_count:646778
   [Train] Epoch: [43][60/358]  Loss:0.226 (Avg 0.2171) IoU:0.503 (Avg 0.5871) Dice:0.6492 (Avg 0.7059) LR 9.14e-04   (AvgTime 1.2)   
   [Train] sup_loss:0.217775 lv_loss:0.042400 epi_loss:0.000013 total_loss:0.226256 pseudo_update_count:548071
   [Train] Epoch: [43][80/358]  Loss:0.336 (Avg 0.2184) IoU:0.583 (Avg 0.5822) Dice:0.6880 (Avg 0.7006) LR 9.14e-04   (AvgTime 1.2)   
   [Train] sup_loss:0.327135 lv_loss:0.043764 epi_loss:0.000012 total_loss:0.335888 pseudo_update_count:498900
   [Train] Epoch: [43][100/358]  Loss:0.169 (Avg 0.2158) IoU:0.529 (Avg 0.5785) Dice:0.6508 (Avg 0.6980) LR 9.14e-04   (AvgTime 1.2)   
   [Train] sup_loss:0.160789 lv_loss:0.041632 epi_loss:0.000011 total_loss:0.169116 pseudo_update_count:547982
   [Train] Epoch: [43][120/358]  Loss:0.159 (Avg 0.2113) IoU:0.582 (Avg 0.5835) Dice:0.6995 (Avg 0.7023) LR 9.14e-04   (AvgTime 1.2)   
   [Train] sup_loss:0.151074 lv_loss:0.039903 epi_loss:0.000010 total_loss:0.159055 pseudo_update_count:697702
   [Train] Epoch: [43][140/358]  Loss:0.146 (Avg 0.2124) IoU:0.613 (Avg 0.5857) Dice:0.7479 (Avg 0.7044) LR 9.14e-04   (AvgTime 1.2)   
   [Train] sup_loss:0.137722 lv_loss:0.043789 epi_loss:0.000010 total_loss:0.146481 pseudo_update_count:598110
   [Train] Epoch: [43][160/358]  Loss:0.088 (Avg 0.2124) IoU:0.670 (Avg 0.5885) Dice:0.7698 (Avg 0.7070) LR 9.14e-04   (AvgTime 1.2)   
   [Train] sup_loss:0.080020 lv_loss:0.040403 epi_loss:0.000009 total_loss:0.088101 pseudo_update_count:698609
   [Train] Epoch: [43][180/358]  Loss:0.271 (Avg 0.2146) IoU:0.603 (Avg 0.5896) Dice:0.7218 (Avg 0.7079) LR 9.14e-04   (AvgTime 1.2)   
   [Train] sup_loss:0.263183 lv_loss:0.040430 epi_loss:0.000014 total_loss:0.271270 pseudo_update_count:647818
   [Train] Epoch: [43][200/358]  Loss:0.249 (Avg 0.2161) IoU:0.529 (Avg 0.5890) Dice:0.6734 (Avg 0.7078) LR 9.14e-04   (AvgTime 1.2)   
   [Train] sup_loss:0.240475 lv_loss:0.041140 epi_loss:0.000013 total_loss:0.248704 pseudo_update_count:498820
   [Train] Epoch: [43][220/358]  Loss:0.138 (Avg 0.2146) IoU:0.639 (Avg 0.5893) Dice:0.7545 (Avg 0.7076) LR 9.14e-04   (AvgTime 1.2)   
   [Train] sup_loss:0.130307 lv_loss:0.036578 epi_loss:0.000011 total_loss:0.137624 pseudo_update_count:748031
   [Train] Epoch: [43][240/358]  Loss:0.122 (Avg 0.2144) IoU:0.695 (Avg 0.5875) Dice:0.8067 (Avg 0.7061) LR 9.14e-04   (AvgTime 1.2)   
   [Train] sup_loss:0.111651 lv_loss:0.051602 epi_loss:0.000012 total_loss:0.121971 pseudo_update_count:596361
   [Train] Epoch: [43][260/358]  Loss:0.337 (Avg 0.2167) IoU:0.668 (Avg 0.5875) Dice:0.7696 (Avg 0.7062) LR 9.14e-04   (AvgTime 1.2)   
   [Train] sup_loss:0.326486 lv_loss:0.050405 epi_loss:0.000016 total_loss:0.336568 pseudo_update_count:646409
   [Train] Epoch: [43][280/358]  Loss:0.251 (Avg 0.2166) IoU:0.605 (Avg 0.5878) Dice:0.7335 (Avg 0.7071) LR 9.14e-04   (AvgTime 1.2)   
   [Train] sup_loss:0.242287 lv_loss:0.046039 epi_loss:0.000011 total_loss:0.251495 pseudo_update_count:497453
   [Train] Epoch: [43][300/358]  Loss:0.224 (Avg 0.2173) IoU:0.517 (Avg 0.5873) Dice:0.6559 (Avg 0.7068) LR 9.14e-04   (AvgTime 1.2)   
   [Train] sup_loss:0.214136 lv_loss:0.049913 epi_loss:0.000010 total_loss:0.224119 pseudo_update_count:348204
   [Train] Epoch: [43][320/358]  Loss:0.182 (Avg 0.2151) IoU:0.573 (Avg 0.5873) Dice:0.7160 (Avg 0.7068) LR 9.14e-04   (AvgTime 1.2)   
   [Train] sup_loss:0.173742 lv_loss:0.043321 epi_loss:0.000013 total_loss:0.182407 pseudo_update_count:497939
   [Train] Epoch: [43][340/358]  Loss:0.228 (Avg 0.2137) IoU:0.630 (Avg 0.5883) Dice:0.7478 (Avg 0.7079) LR 9.14e-04   (AvgTime 1.2)   
   [Train] sup_loss:0.220247 lv_loss:0.036699 epi_loss:0.000011 total_loss:0.227587 pseudo_update_count:648241
[Train-Epoch-Metrics] epoch=43 sup_loss:0.204760 lv_loss:0.042598 epi_loss:0.000011 total_loss:0.213281 pseudo_update_count:213566532 labeled_seen:1429 unlabeled_seen:4287 Dice:0.708826 IoU:0.589468
Validation
   [Val] Epoch: [43][20/90]  Loss:0.186 (Avg 0.2250) IoU:0.625 (Avg 0.6025) Dice:0.7439 (Avg 0.7212) (AvgTime 0.5)   
   [Val] sup_loss:0.186437 lv_loss:0.000000 epi_loss:0.000000 total_loss:0.186437 pseudo_update_count:0
   [Val] Epoch: [43][40/90]  Loss:0.213 (Avg 0.2269) IoU:0.619 (Avg 0.6024) Dice:0.7256 (Avg 0.7207) (AvgTime 0.5)   
   [Val] sup_loss:0.212942 lv_loss:0.000000 epi_loss:0.000000 total_loss:0.212942 pseudo_update_count:0
   [Val] Epoch: [43][60/90]  Loss:0.246 (Avg 0.2290) IoU:0.575 (Avg 0.5995) Dice:0.7025 (Avg 0.7177) (AvgTime 0.5)   
   [Val] sup_loss:0.246313 lv_loss:0.000000 epi_loss:0.000000 total_loss:0.246313 pseudo_update_count:0
   [Val] Epoch: [43][80/90]  Loss:0.241 (Avg 0.2289) IoU:0.562 (Avg 0.6003) Dice:0.6870 (Avg 0.7182) (AvgTime 0.5)   
   [Val] sup_loss:0.241274 lv_loss:0.000000 epi_loss:0.000000 total_loss:0.241274 pseudo_update_count:0
[Val-Epoch-Metrics] epoch=43 sup_loss:0.227338 lv_loss:0.000000 epi_loss:0.000000 total_loss:0.227338 pseudo_update_count:0 labeled_seen:1429 unlabeled_seen:0 Dice:0.719466 IoU:0.602077
	 Mean dice:0.7195 does not increase, the best is still: 0.7405 in epoch 39
	 early_stopping_count: 4/100000

========= Epoch [44/81] =========
QaTa_Covid19_LViT_25pct_labels
Training with batch size : 16
[SemiSup] subset_ratio=0.2500 labeled_name_count=1429
   [Train] Epoch: [44][20/358]  Loss:0.181 (Avg 0.2561) IoU:0.549 (Avg 0.5357) Dice:0.6746 (Avg 0.6576) LR 8.15e-04   (AvgTime 1.2)   
   [Train] sup_loss:0.170325 lv_loss:0.051650 epi_loss:0.000011 total_loss:0.180655 pseudo_update_count:597183
   [Train] Epoch: [44][40/358]  Loss:0.306 (Avg 0.2292) IoU:0.603 (Avg 0.5608) Dice:0.7034 (Avg 0.6805) LR 8.15e-04   (AvgTime 1.2)   
   [Train] sup_loss:0.295985 lv_loss:0.051463 epi_loss:0.000013 total_loss:0.306279 pseudo_update_count:547737
   [Train] Epoch: [44][60/358]  Loss:0.156 (Avg 0.2292) IoU:0.657 (Avg 0.5755) Dice:0.7724 (Avg 0.6949) LR 8.15e-04   (AvgTime 1.2)   
   [Train] sup_loss:0.145704 lv_loss:0.052054 epi_loss:0.000013 total_loss:0.156116 pseudo_update_count:596801
   [Train] Epoch: [44][80/358]  Loss:0.240 (Avg 0.2211) IoU:0.614 (Avg 0.5774) Dice:0.7407 (Avg 0.6968) LR 8.15e-04   (AvgTime 1.2)   
   [Train] sup_loss:0.231496 lv_loss:0.040086 epi_loss:0.000008 total_loss:0.239514 pseudo_update_count:648092
   [Train] Epoch: [44][100/358]  Loss:0.341 (Avg 0.2219) IoU:0.536 (Avg 0.5790) Dice:0.6654 (Avg 0.6986) LR 8.15e-04   (AvgTime 1.2)   
   [Train] sup_loss:0.332207 lv_loss:0.042138 epi_loss:0.000010 total_loss:0.340635 pseudo_update_count:498435
   [Train] Epoch: [44][120/358]  Loss:0.148 (Avg 0.2190) IoU:0.508 (Avg 0.5802) Dice:0.6230 (Avg 0.6995) LR 8.15e-04   (AvgTime 1.2)   
   [Train] sup_loss:0.138535 lv_loss:0.047555 epi_loss:0.000015 total_loss:0.148046 pseudo_update_count:547394
   [Train] Epoch: [44][140/358]  Loss:0.127 (Avg 0.2263) IoU:0.560 (Avg 0.5814) Dice:0.7041 (Avg 0.7010) LR 8.15e-04   (AvgTime 1.2)   
   [Train] sup_loss:0.118797 lv_loss:0.039155 epi_loss:0.000009 total_loss:0.126629 pseudo_update_count:598690
   [Train] Epoch: [44][160/358]  Loss:0.132 (Avg 0.2224) IoU:0.715 (Avg 0.5839) Dice:0.8205 (Avg 0.7032) LR 8.15e-04   (AvgTime 1.2)   
   [Train] sup_loss:0.122119 lv_loss:0.048862 epi_loss:0.000012 total_loss:0.131892 pseudo_update_count:596501
   [Train] Epoch: [44][180/358]  Loss:0.103 (Avg 0.2206) IoU:0.616 (Avg 0.5833) Dice:0.7315 (Avg 0.7025) LR 8.15e-04   (AvgTime 1.2)   
   [Train] sup_loss:0.093777 lv_loss:0.047535 epi_loss:0.000012 total_loss:0.103284 pseudo_update_count:696645
   [Train] Epoch: [44][200/358]  Loss:0.112 (Avg 0.2183) IoU:0.678 (Avg 0.5867) Dice:0.7977 (Avg 0.7055) LR 8.15e-04   (AvgTime 1.2)   
   [Train] sup_loss:0.103776 lv_loss:0.040618 epi_loss:0.000010 total_loss:0.111900 pseudo_update_count:698025
   [Train] Epoch: [44][220/358]  Loss:0.183 (Avg 0.2162) IoU:0.668 (Avg 0.5893) Dice:0.7825 (Avg 0.7082) LR 8.15e-04   (AvgTime 1.2)   
   [Train] sup_loss:0.175590 lv_loss:0.038097 epi_loss:0.000015 total_loss:0.183210 pseudo_update_count:498707
   [Train] Epoch: [44][240/358]  Loss:0.170 (Avg 0.2160) IoU:0.637 (Avg 0.5904) Dice:0.7406 (Avg 0.7092) LR 8.15e-04   (AvgTime 1.2)   
   [Train] sup_loss:0.163460 lv_loss:0.031671 epi_loss:0.000011 total_loss:0.169795 pseudo_update_count:499277
   [Train] Epoch: [44][260/358]  Loss:0.183 (Avg 0.2142) IoU:0.573 (Avg 0.5911) Dice:0.6770 (Avg 0.7094) LR 8.15e-04   (AvgTime 1.2)   
   [Train] sup_loss:0.174320 lv_loss:0.041490 epi_loss:0.000010 total_loss:0.182618 pseudo_update_count:697257
   [Train] Epoch: [44][280/358]  Loss:0.108 (Avg 0.2124) IoU:0.688 (Avg 0.5920) Dice:0.7873 (Avg 0.7104) LR 8.15e-04   (AvgTime 1.2)   
   [Train] sup_loss:0.101612 lv_loss:0.033929 epi_loss:0.000007 total_loss:0.108398 pseudo_update_count:549360
   [Train] Epoch: [44][300/358]  Loss:0.239 (Avg 0.2127) IoU:0.649 (Avg 0.5914) Dice:0.7700 (Avg 0.7101) LR 8.15e-04   (AvgTime 1.2)   
   [Train] sup_loss:0.229838 lv_loss:0.047709 epi_loss:0.000012 total_loss:0.239381 pseudo_update_count:696468
   [Train] Epoch: [44][320/358]  Loss:0.251 (Avg 0.2134) IoU:0.571 (Avg 0.5909) Dice:0.6970 (Avg 0.7098) LR 8.15e-04   (AvgTime 1.2)   
   [Train] sup_loss:0.243058 lv_loss:0.042190 epi_loss:0.000013 total_loss:0.251497 pseudo_update_count:648221
   [Train] Epoch: [44][340/358]  Loss:0.158 (Avg 0.2153) IoU:0.580 (Avg 0.5900) Dice:0.6897 (Avg 0.7088) LR 8.15e-04   (AvgTime 1.2)   
   [Train] sup_loss:0.148860 lv_loss:0.047976 epi_loss:0.000014 total_loss:0.158456 pseudo_update_count:597219
[Train-Epoch-Metrics] epoch=44 sup_loss:0.207160 lv_loss:0.042325 epi_loss:0.000011 total_loss:0.215626 pseudo_update_count:213568577 labeled_seen:1429 unlabeled_seen:4287 Dice:0.708607 IoU:0.589816
Validation
   [Val] Epoch: [44][20/90]  Loss:0.250 (Avg 0.2401) IoU:0.487 (Avg 0.5324) Dice:0.6041 (Avg 0.6575) (AvgTime 0.5)   
   [Val] sup_loss:0.249904 lv_loss:0.000000 epi_loss:0.000000 total_loss:0.249904 pseudo_update_count:0
   [Val] Epoch: [44][40/90]  Loss:0.271 (Avg 0.2452) IoU:0.482 (Avg 0.5243) Dice:0.6134 (Avg 0.6501) (AvgTime 0.5)   
   [Val] sup_loss:0.271235 lv_loss:0.000000 epi_loss:0.000000 total_loss:0.271235 pseudo_update_count:0
   [Val] Epoch: [44][60/90]  Loss:0.271 (Avg 0.2455) IoU:0.468 (Avg 0.5246) Dice:0.5998 (Avg 0.6501) (AvgTime 0.5)   
   [Val] sup_loss:0.270515 lv_loss:0.000000 epi_loss:0.000000 total_loss:0.270515 pseudo_update_count:0
   [Val] Epoch: [44][80/90]  Loss:0.320 (Avg 0.2470) IoU:0.412 (Avg 0.5231) Dice:0.5264 (Avg 0.6485) (AvgTime 0.5)   
   [Val] sup_loss:0.319611 lv_loss:0.000000 epi_loss:0.000000 total_loss:0.319611 pseudo_update_count:0
[Val-Epoch-Metrics] epoch=44 sup_loss:0.249304 lv_loss:0.000000 epi_loss:0.000000 total_loss:0.249304 pseudo_update_count:0 labeled_seen:1429 unlabeled_seen:0 Dice:0.646134 IoU:0.520489
	 Mean dice:0.6461 does not increase, the best is still: 0.7405 in epoch 39
	 early_stopping_count: 5/100000

========= Epoch [45/81] =========
QaTa_Covid19_LViT_25pct_labels
Training with batch size : 16
[SemiSup] subset_ratio=0.2500 labeled_name_count=1429
   [Train] Epoch: [45][20/358]  Loss:0.203 (Avg 0.1929) IoU:0.526 (Avg 0.5796) Dice:0.6653 (Avg 0.7028) LR 6.89e-04   (AvgTime 1.2)   
   [Train] sup_loss:0.194307 lv_loss:0.044941 epi_loss:0.000012 total_loss:0.203296 pseudo_update_count:597602
   [Train] Epoch: [45][40/358]  Loss:0.175 (Avg 0.1848) IoU:0.647 (Avg 0.5830) Dice:0.7570 (Avg 0.7036) LR 6.89e-04   (AvgTime 1.2)   
   [Train] sup_loss:0.166708 lv_loss:0.040244 epi_loss:0.000010 total_loss:0.174757 pseudo_update_count:597943
   [Train] Epoch: [45][60/358]  Loss:0.196 (Avg 0.1768) IoU:0.651 (Avg 0.5914) Dice:0.7571 (Avg 0.7109) LR 6.89e-04   (AvgTime 1.2)   
   [Train] sup_loss:0.189699 lv_loss:0.031212 epi_loss:0.000012 total_loss:0.195942 pseudo_update_count:549298
   [Train] Epoch: [45][80/358]  Loss:0.270 (Avg 0.1859) IoU:0.469 (Avg 0.5919) Dice:0.5922 (Avg 0.7107) LR 6.89e-04   (AvgTime 1.2)   
   [Train] sup_loss:0.263390 lv_loss:0.034320 epi_loss:0.000009 total_loss:0.270254 pseudo_update_count:449052
   [Train] Epoch: [45][100/358]  Loss:0.148 (Avg 0.1871) IoU:0.567 (Avg 0.5897) Dice:0.6818 (Avg 0.7081) LR 6.89e-04   (AvgTime 1.2)   
   [Train] sup_loss:0.137826 lv_loss:0.048429 epi_loss:0.000009 total_loss:0.147512 pseudo_update_count:595854
   [Train] Epoch: [45][120/358]  Loss:0.203 (Avg 0.1937) IoU:0.516 (Avg 0.5865) Dice:0.6389 (Avg 0.7047) LR 6.89e-04   (AvgTime 1.2)   
   [Train] sup_loss:0.194573 lv_loss:0.043582 epi_loss:0.000013 total_loss:0.203291 pseudo_update_count:647396
   [Train] Epoch: [45][140/358]  Loss:0.188 (Avg 0.1936) IoU:0.662 (Avg 0.5890) Dice:0.7841 (Avg 0.7073) LR 6.89e-04   (AvgTime 1.2)   
   [Train] sup_loss:0.181272 lv_loss:0.032775 epi_loss:0.000009 total_loss:0.187828 pseudo_update_count:499235
   [Train] Epoch: [45][160/358]  Loss:0.155 (Avg 0.1961) IoU:0.720 (Avg 0.5905) Dice:0.8211 (Avg 0.7087) LR 6.89e-04   (AvgTime 1.2)   
   [Train] sup_loss:0.146921 lv_loss:0.039033 epi_loss:0.000013 total_loss:0.154728 pseudo_update_count:647934
   [Train] Epoch: [45][180/358]  Loss:0.136 (Avg 0.1966) IoU:0.584 (Avg 0.5924) Dice:0.7095 (Avg 0.7108) LR 6.89e-04   (AvgTime 1.2)   
   [Train] sup_loss:0.128535 lv_loss:0.035779 epi_loss:0.000012 total_loss:0.135691 pseudo_update_count:548465
   [Train] Epoch: [45][200/358]  Loss:0.007 (Avg 0.1974) IoU:0.596 (Avg 0.5950) Dice:0.7370 (Avg 0.7136) LR 6.89e-04   (AvgTime 1.2)   
   [Train] sup_loss:0.000000 lv_loss:0.035857 epi_loss:0.000008 total_loss:0.007172 pseudo_update_count:798492
   [Train] Epoch: [45][220/358]  Loss:0.139 (Avg 0.1987) IoU:0.703 (Avg 0.5967) Dice:0.8084 (Avg 0.7152) LR 6.89e-04   (AvgTime 1.2)   
   [Train] sup_loss:0.130050 lv_loss:0.044235 epi_loss:0.000015 total_loss:0.138898 pseudo_update_count:298968
   [Train] Epoch: [45][240/358]  Loss:0.241 (Avg 0.1969) IoU:0.620 (Avg 0.5975) Dice:0.7350 (Avg 0.7156) LR 6.89e-04   (AvgTime 1.2)   
   [Train] sup_loss:0.234028 lv_loss:0.036009 epi_loss:0.000013 total_loss:0.241230 pseudo_update_count:498915
   [Train] Epoch: [45][260/358]  Loss:0.007 (Avg 0.1967) IoU:0.645 (Avg 0.5976) Dice:0.7389 (Avg 0.7158) LR 6.89e-04   (AvgTime 1.2)   
   [Train] sup_loss:0.000000 lv_loss:0.036796 epi_loss:0.000008 total_loss:0.007360 pseudo_update_count:798340
   [Train] Epoch: [45][280/358]  Loss:0.156 (Avg 0.1980) IoU:0.643 (Avg 0.5975) Dice:0.7749 (Avg 0.7159) LR 6.89e-04   (AvgTime 1.2)   
   [Train] sup_loss:0.148882 lv_loss:0.036113 epi_loss:0.000011 total_loss:0.156105 pseudo_update_count:697837
   [Train] Epoch: [45][300/358]  Loss:0.198 (Avg 0.2000) IoU:0.613 (Avg 0.5963) Dice:0.7391 (Avg 0.7149) LR 6.89e-04   (AvgTime 1.2)   
   [Train] sup_loss:0.190849 lv_loss:0.035339 epi_loss:0.000010 total_loss:0.197917 pseudo_update_count:549169
   [Train] Epoch: [45][320/358]  Loss:0.205 (Avg 0.2000) IoU:0.576 (Avg 0.5964) Dice:0.6939 (Avg 0.7151) LR 6.89e-04   (AvgTime 1.2)   
   [Train] sup_loss:0.198007 lv_loss:0.036076 epi_loss:0.000008 total_loss:0.205223 pseudo_update_count:648535
   [Train] Epoch: [45][340/358]  Loss:0.008 (Avg 0.2009) IoU:0.618 (Avg 0.5973) Dice:0.7356 (Avg 0.7157) LR 6.89e-04   (AvgTime 1.2)   
   [Train] sup_loss:0.000000 lv_loss:0.040665 epi_loss:0.000012 total_loss:0.008133 pseudo_update_count:796914
[Train-Epoch-Metrics] epoch=45 sup_loss:0.193275 lv_loss:0.039588 epi_loss:0.000011 total_loss:0.201193 pseudo_update_count:213660939 labeled_seen:1429 unlabeled_seen:4287 Dice:0.715891 IoU:0.597633
Validation
   [Val] Epoch: [45][20/90]  Loss:0.270 (Avg 0.2025) IoU:0.575 (Avg 0.5972) Dice:0.6963 (Avg 0.7146) (AvgTime 0.5)   
   [Val] sup_loss:0.269807 lv_loss:0.000000 epi_loss:0.000000 total_loss:0.269807 pseudo_update_count:0
   [Val] Epoch: [45][40/90]  Loss:0.164 (Avg 0.1977) IoU:0.633 (Avg 0.6082) Dice:0.7549 (Avg 0.7246) (AvgTime 0.5)   
   [Val] sup_loss:0.164059 lv_loss:0.000000 epi_loss:0.000000 total_loss:0.164059 pseudo_update_count:0
   [Val] Epoch: [45][60/90]  Loss:0.142 (Avg 0.2020) IoU:0.731 (Avg 0.6048) Dice:0.8345 (Avg 0.7216) (AvgTime 0.5)   
   [Val] sup_loss:0.142278 lv_loss:0.000000 epi_loss:0.000000 total_loss:0.142278 pseudo_update_count:0
   [Val] Epoch: [45][80/90]  Loss:0.193 (Avg 0.2021) IoU:0.592 (Avg 0.6037) Dice:0.7165 (Avg 0.7205) (AvgTime 0.5)   
   [Val] sup_loss:0.193269 lv_loss:0.000000 epi_loss:0.000000 total_loss:0.193269 pseudo_update_count:0
[Val-Epoch-Metrics] epoch=45 sup_loss:0.204001 lv_loss:0.000000 epi_loss:0.000000 total_loss:0.204001 pseudo_update_count:0 labeled_seen:1429 unlabeled_seen:0 Dice:0.718712 IoU:0.601357
	 Mean dice:0.7187 does not increase, the best is still: 0.7405 in epoch 39
	 early_stopping_count: 6/100000

========= Epoch [46/81] =========
QaTa_Covid19_LViT_25pct_labels
Training with batch size : 16
[SemiSup] subset_ratio=0.2500 labeled_name_count=1429
   [Train] Epoch: [46][20/358]  Loss:0.261 (Avg 0.2373) IoU:0.530 (Avg 0.5893) Dice:0.6681 (Avg 0.7125) LR 5.50e-04   (AvgTime 1.2)   
   [Train] sup_loss:0.252318 lv_loss:0.042449 epi_loss:0.000009 total_loss:0.260808 pseudo_update_count:547585
   [Train] Epoch: [46][40/358]  Loss:0.063 (Avg 0.2106) IoU:0.596 (Avg 0.6027) Dice:0.6968 (Avg 0.7214) LR 5.50e-04   (AvgTime 1.2)   
   [Train] sup_loss:0.054849 lv_loss:0.039058 epi_loss:0.000011 total_loss:0.062661 pseudo_update_count:697594
   [Train] Epoch: [46][60/358]  Loss:0.223 (Avg 0.2028) IoU:0.585 (Avg 0.6096) Dice:0.7151 (Avg 0.7266) LR 5.50e-04   (AvgTime 1.2)   
   [Train] sup_loss:0.215163 lv_loss:0.037054 epi_loss:0.000010 total_loss:0.222574 pseudo_update_count:697766
   [Train] Epoch: [46][80/358]  Loss:0.157 (Avg 0.1979) IoU:0.581 (Avg 0.6067) Dice:0.6957 (Avg 0.7246) LR 5.50e-04   (AvgTime 1.2)   
   [Train] sup_loss:0.149429 lv_loss:0.039985 epi_loss:0.000010 total_loss:0.157427 pseudo_update_count:648341
   [Train] Epoch: [46][100/358]  Loss:0.355 (Avg 0.2007) IoU:0.594 (Avg 0.6038) Dice:0.7205 (Avg 0.7211) LR 5.50e-04   (AvgTime 1.2)   
   [Train] sup_loss:0.347755 lv_loss:0.034774 epi_loss:0.000011 total_loss:0.354711 pseudo_update_count:548500
   [Train] Epoch: [46][120/358]  Loss:0.184 (Avg 0.2004) IoU:0.664 (Avg 0.6073) Dice:0.7830 (Avg 0.7244) LR 5.50e-04   (AvgTime 1.2)   
   [Train] sup_loss:0.177092 lv_loss:0.034857 epi_loss:0.000008 total_loss:0.184064 pseudo_update_count:548656
   [Train] Epoch: [46][140/358]  Loss:0.176 (Avg 0.1990) IoU:0.698 (Avg 0.6102) Dice:0.7919 (Avg 0.7268) LR 5.50e-04   (AvgTime 1.2)   
   [Train] sup_loss:0.167844 lv_loss:0.041553 epi_loss:0.000014 total_loss:0.176156 pseudo_update_count:697319
   [Train] Epoch: [46][160/358]  Loss:0.164 (Avg 0.1975) IoU:0.543 (Avg 0.6117) Dice:0.6655 (Avg 0.7284) LR 5.50e-04   (AvgTime 1.2)   
   [Train] sup_loss:0.157361 lv_loss:0.034721 epi_loss:0.000012 total_loss:0.164305 pseudo_update_count:648697
   [Train] Epoch: [46][180/358]  Loss:0.129 (Avg 0.1985) IoU:0.707 (Avg 0.6115) Dice:0.8157 (Avg 0.7280) LR 5.50e-04   (AvgTime 1.2)   
   [Train] sup_loss:0.122561 lv_loss:0.034557 epi_loss:0.000013 total_loss:0.129473 pseudo_update_count:648537
   [Train] Epoch: [46][200/358]  Loss:0.324 (Avg 0.1972) IoU:0.733 (Avg 0.6122) Dice:0.8300 (Avg 0.7288) LR 5.50e-04   (AvgTime 1.2)   
   [Train] sup_loss:0.316521 lv_loss:0.037508 epi_loss:0.000010 total_loss:0.324023 pseudo_update_count:598965
   [Train] Epoch: [46][220/358]  Loss:0.168 (Avg 0.1963) IoU:0.675 (Avg 0.6130) Dice:0.7927 (Avg 0.7295) LR 5.50e-04   (AvgTime 1.2)   
   [Train] sup_loss:0.161004 lv_loss:0.034993 epi_loss:0.000013 total_loss:0.168003 pseudo_update_count:648800
   [Train] Epoch: [46][240/358]  Loss:0.200 (Avg 0.1955) IoU:0.619 (Avg 0.6123) Dice:0.7396 (Avg 0.7285) LR 5.50e-04   (AvgTime 1.2)   
   [Train] sup_loss:0.191691 lv_loss:0.043747 epi_loss:0.000012 total_loss:0.200441 pseudo_update_count:497218
   [Train] Epoch: [46][260/358]  Loss:0.119 (Avg 0.1957) IoU:0.633 (Avg 0.6120) Dice:0.7330 (Avg 0.7280) LR 5.50e-04   (AvgTime 1.2)   
   [Train] sup_loss:0.111816 lv_loss:0.037517 epi_loss:0.000010 total_loss:0.119320 pseudo_update_count:498068
   [Train] Epoch: [46][280/358]  Loss:0.181 (Avg 0.1945) IoU:0.607 (Avg 0.6126) Dice:0.7169 (Avg 0.7284) LR 5.50e-04   (AvgTime 1.2)   
   [Train] sup_loss:0.173043 lv_loss:0.037659 epi_loss:0.000012 total_loss:0.180575 pseudo_update_count:646918
   [Train] Epoch: [46][300/358]  Loss:0.141 (Avg 0.1959) IoU:0.701 (Avg 0.6128) Dice:0.8126 (Avg 0.7284) LR 5.50e-04   (AvgTime 1.2)   
   [Train] sup_loss:0.134947 lv_loss:0.028403 epi_loss:0.000012 total_loss:0.140628 pseudo_update_count:599670
   [Train] Epoch: [46][320/358]  Loss:0.266 (Avg 0.1967) IoU:0.546 (Avg 0.6120) Dice:0.6571 (Avg 0.7277) LR 5.50e-04   (AvgTime 1.2)   
   [Train] sup_loss:0.257722 lv_loss:0.042926 epi_loss:0.000012 total_loss:0.266308 pseudo_update_count:448130
   [Train] Epoch: [46][340/358]  Loss:0.115 (Avg 0.2022) IoU:0.579 (Avg 0.6112) Dice:0.6906 (Avg 0.7272) LR 5.50e-04   (AvgTime 1.2)   
   [Train] sup_loss:0.107205 lv_loss:0.041061 epi_loss:0.000013 total_loss:0.115418 pseudo_update_count:748357
[Train-Epoch-Metrics] epoch=46 sup_loss:0.193678 lv_loss:0.038659 epi_loss:0.000011 total_loss:0.201410 pseudo_update_count:213682028 labeled_seen:1429 unlabeled_seen:4287 Dice:0.726163 IoU:0.609814
Validation
   [Val] Epoch: [46][20/90]  Loss:0.187 (Avg 0.2285) IoU:0.581 (Avg 0.5515) Dice:0.7179 (Avg 0.6745) (AvgTime 0.6)   
   [Val] sup_loss:0.186910 lv_loss:0.000000 epi_loss:0.000000 total_loss:0.186910 pseudo_update_count:0
   [Val] Epoch: [46][40/90]  Loss:0.262 (Avg 0.2250) IoU:0.510 (Avg 0.5635) Dice:0.6351 (Avg 0.6839) (AvgTime 0.5)   
   [Val] sup_loss:0.261975 lv_loss:0.000000 epi_loss:0.000000 total_loss:0.261975 pseudo_update_count:0
   [Val] Epoch: [46][60/90]  Loss:0.249 (Avg 0.2232) IoU:0.508 (Avg 0.5677) Dice:0.6372 (Avg 0.6875) (AvgTime 0.5)   
   [Val] sup_loss:0.249442 lv_loss:0.000000 epi_loss:0.000000 total_loss:0.249442 pseudo_update_count:0
   [Val] Epoch: [46][80/90]  Loss:0.198 (Avg 0.2213) IoU:0.584 (Avg 0.5723) Dice:0.7013 (Avg 0.6922) (AvgTime 0.5)   
   [Val] sup_loss:0.198496 lv_loss:0.000000 epi_loss:0.000000 total_loss:0.198496 pseudo_update_count:0
[Val-Epoch-Metrics] epoch=46 sup_loss:0.221266 lv_loss:0.000000 epi_loss:0.000000 total_loss:0.221266 pseudo_update_count:0 labeled_seen:1429 unlabeled_seen:0 Dice:0.691967 IoU:0.572012
	 Mean dice:0.6920 does not increase, the best is still: 0.7405 in epoch 39
	 early_stopping_count: 7/100000

========= Epoch [47/81] =========
QaTa_Covid19_LViT_25pct_labels
Training with batch size : 16
[SemiSup] subset_ratio=0.2500 labeled_name_count=1429
   [Train] Epoch: [47][20/358]  Loss:0.286 (Avg 0.2318) IoU:0.541 (Avg 0.6112) Dice:0.6681 (Avg 0.7287) LR 4.11e-04   (AvgTime 1.2)   
   [Train] sup_loss:0.277823 lv_loss:0.041661 epi_loss:0.000011 total_loss:0.286156 pseudo_update_count:697798
   [Train] Epoch: [47][40/358]  Loss:0.177 (Avg 0.2207) IoU:0.668 (Avg 0.5981) Dice:0.7896 (Avg 0.7166) LR 4.11e-04   (AvgTime 1.2)   
   [Train] sup_loss:0.168686 lv_loss:0.040649 epi_loss:0.000014 total_loss:0.176816 pseudo_update_count:498143
   [Train] Epoch: [47][60/358]  Loss:0.246 (Avg 0.2186) IoU:0.615 (Avg 0.5926) Dice:0.7379 (Avg 0.7110) LR 4.11e-04   (AvgTime 1.2)   
   [Train] sup_loss:0.239033 lv_loss:0.033742 epi_loss:0.000012 total_loss:0.245782 pseudo_update_count:548819
   [Train] Epoch: [47][80/358]  Loss:0.149 (Avg 0.2154) IoU:0.656 (Avg 0.5976) Dice:0.7709 (Avg 0.7156) LR 4.11e-04   (AvgTime 1.2)   
   [Train] sup_loss:0.141815 lv_loss:0.035401 epi_loss:0.000011 total_loss:0.148896 pseudo_update_count:647939
   [Train] Epoch: [47][100/358]  Loss:0.094 (Avg 0.2093) IoU:0.614 (Avg 0.5960) Dice:0.7325 (Avg 0.7137) LR 4.11e-04   (AvgTime 1.2)   
   [Train] sup_loss:0.085544 lv_loss:0.043279 epi_loss:0.000011 total_loss:0.094200 pseudo_update_count:646877
   [Train] Epoch: [47][120/358]  Loss:0.338 (Avg 0.2078) IoU:0.588 (Avg 0.6003) Dice:0.7278 (Avg 0.7170) LR 4.11e-04   (AvgTime 1.2)   
   [Train] sup_loss:0.330600 lv_loss:0.035800 epi_loss:0.000012 total_loss:0.337761 pseudo_update_count:648354
   [Train] Epoch: [47][140/358]  Loss:0.190 (Avg 0.2084) IoU:0.706 (Avg 0.6024) Dice:0.8157 (Avg 0.7191) LR 4.11e-04   (AvgTime 1.2)   
   [Train] sup_loss:0.182982 lv_loss:0.034917 epi_loss:0.000014 total_loss:0.189966 pseudo_update_count:698213
   [Train] Epoch: [47][160/358]  Loss:0.329 (Avg 0.2045) IoU:0.664 (Avg 0.6057) Dice:0.7772 (Avg 0.7217) LR 4.11e-04   (AvgTime 1.2)   
   [Train] sup_loss:0.322213 lv_loss:0.035118 epi_loss:0.000012 total_loss:0.329237 pseudo_update_count:648658
   [Train] Epoch: [47][180/358]  Loss:0.242 (Avg 0.2045) IoU:0.617 (Avg 0.6068) Dice:0.7368 (Avg 0.7228) LR 4.11e-04   (AvgTime 1.2)   
   [Train] sup_loss:0.234879 lv_loss:0.033694 epi_loss:0.000009 total_loss:0.241619 pseudo_update_count:598385
   [Train] Epoch: [47][200/358]  Loss:0.200 (Avg 0.2046) IoU:0.596 (Avg 0.6067) Dice:0.7157 (Avg 0.7227) LR 4.11e-04   (AvgTime 1.2)   
   [Train] sup_loss:0.193167 lv_loss:0.033193 epi_loss:0.000012 total_loss:0.199806 pseudo_update_count:649011
   [Train] Epoch: [47][220/358]  Loss:0.086 (Avg 0.2021) IoU:0.699 (Avg 0.6084) Dice:0.8028 (Avg 0.7242) LR 4.11e-04   (AvgTime 1.2)   
   [Train] sup_loss:0.079129 lv_loss:0.035149 epi_loss:0.000008 total_loss:0.086159 pseudo_update_count:548365
   [Train] Epoch: [47][240/358]  Loss:0.248 (Avg 0.2031) IoU:0.555 (Avg 0.6085) Dice:0.6764 (Avg 0.7246) LR 4.11e-04   (AvgTime 1.2)   
   [Train] sup_loss:0.241767 lv_loss:0.032869 epi_loss:0.000010 total_loss:0.248341 pseudo_update_count:549351
   [Train] Epoch: [47][260/358]  Loss:0.140 (Avg 0.2007) IoU:0.656 (Avg 0.6107) Dice:0.7706 (Avg 0.7266) LR 4.11e-04   (AvgTime 1.2)   
   [Train] sup_loss:0.132535 lv_loss:0.034871 epi_loss:0.000011 total_loss:0.139510 pseudo_update_count:448563
   [Train] Epoch: [47][280/358]  Loss:0.185 (Avg 0.2017) IoU:0.672 (Avg 0.6101) Dice:0.7830 (Avg 0.7264) LR 4.11e-04   (AvgTime 1.2)   
   [Train] sup_loss:0.178082 lv_loss:0.034093 epi_loss:0.000012 total_loss:0.184901 pseudo_update_count:748297
   [Train] Epoch: [47][300/358]  Loss:0.156 (Avg 0.2011) IoU:0.679 (Avg 0.6094) Dice:0.8007 (Avg 0.7257) LR 4.11e-04   (AvgTime 1.2)   
   [Train] sup_loss:0.149172 lv_loss:0.032983 epi_loss:0.000014 total_loss:0.155769 pseudo_update_count:499405
   [Train] Epoch: [47][320/358]  Loss:0.174 (Avg 0.2008) IoU:0.631 (Avg 0.6099) Dice:0.7384 (Avg 0.7261) LR 4.11e-04   (AvgTime 1.2)   
   [Train] sup_loss:0.165176 lv_loss:0.043574 epi_loss:0.000012 total_loss:0.173892 pseudo_update_count:647057
   [Train] Epoch: [47][340/358]  Loss:0.182 (Avg 0.2006) IoU:0.630 (Avg 0.6106) Dice:0.7487 (Avg 0.7268) LR 4.11e-04   (AvgTime 1.2)   
   [Train] sup_loss:0.174562 lv_loss:0.034817 epi_loss:0.000008 total_loss:0.181525 pseudo_update_count:648681
[Train-Epoch-Metrics] epoch=47 sup_loss:0.192634 lv_loss:0.038836 epi_loss:0.000011 total_loss:0.200402 pseudo_update_count:213672868 labeled_seen:1429 unlabeled_seen:4287 Dice:0.727097 IoU:0.610838
Validation
   [Val] Epoch: [47][20/90]  Loss:0.253 (Avg 0.2163) IoU:0.610 (Avg 0.6045) Dice:0.7346 (Avg 0.7206) (AvgTime 0.5)   
   [Val] sup_loss:0.253062 lv_loss:0.000000 epi_loss:0.000000 total_loss:0.253062 pseudo_update_count:0
   [Val] Epoch: [47][40/90]  Loss:0.136 (Avg 0.2098) IoU:0.732 (Avg 0.6086) Dice:0.8382 (Avg 0.7238) (AvgTime 0.5)   
   [Val] sup_loss:0.135605 lv_loss:0.000000 epi_loss:0.000000 total_loss:0.135605 pseudo_update_count:0
   [Val] Epoch: [47][60/90]  Loss:0.177 (Avg 0.2083) IoU:0.646 (Avg 0.6133) Dice:0.7658 (Avg 0.7286) (AvgTime 0.5)   
   [Val] sup_loss:0.176955 lv_loss:0.000000 epi_loss:0.000000 total_loss:0.176955 pseudo_update_count:0
   [Val] Epoch: [47][80/90]  Loss:0.298 (Avg 0.2123) IoU:0.462 (Avg 0.6070) Dice:0.5991 (Avg 0.7230) (AvgTime 0.5)   
   [Val] sup_loss:0.297668 lv_loss:0.000000 epi_loss:0.000000 total_loss:0.297668 pseudo_update_count:0
[Val-Epoch-Metrics] epoch=47 sup_loss:0.211534 lv_loss:0.000000 epi_loss:0.000000 total_loss:0.211534 pseudo_update_count:0 labeled_seen:1429 unlabeled_seen:0 Dice:0.723161 IoU:0.607685
	 Mean dice:0.7232 does not increase, the best is still: 0.7405 in epoch 39
	 early_stopping_count: 8/100000

========= Epoch [48/81] =========
QaTa_Covid19_LViT_25pct_labels
Training with batch size : 16
[SemiSup] subset_ratio=0.2500 labeled_name_count=1429
   [Train] Epoch: [48][20/358]  Loss:0.162 (Avg 0.1731) IoU:0.600 (Avg 0.5975) Dice:0.7269 (Avg 0.7152) LR 2.85e-04   (AvgTime 1.2)   
   [Train] sup_loss:0.154992 lv_loss:0.034150 epi_loss:0.000012 total_loss:0.161823 pseudo_update_count:598641
   [Train] Epoch: [48][40/358]  Loss:0.116 (Avg 0.1806) IoU:0.652 (Avg 0.6158) Dice:0.7507 (Avg 0.7306) LR 2.85e-04   (AvgTime 1.2)   
   [Train] sup_loss:0.109173 lv_loss:0.034914 epi_loss:0.000008 total_loss:0.116156 pseudo_update_count:548568
   [Train] Epoch: [48][60/358]  Loss:0.120 (Avg 0.1891) IoU:0.651 (Avg 0.6166) Dice:0.7371 (Avg 0.7317) LR 2.85e-04   (AvgTime 1.2)   
   [Train] sup_loss:0.113046 lv_loss:0.036268 epi_loss:0.000010 total_loss:0.120300 pseudo_update_count:548590
   [Train] Epoch: [48][80/358]  Loss:0.355 (Avg 0.1911) IoU:0.369 (Avg 0.6124) Dice:0.5096 (Avg 0.7262) LR 2.85e-04   (AvgTime 1.2)   
   [Train] sup_loss:0.346982 lv_loss:0.038195 epi_loss:0.000008 total_loss:0.354621 pseudo_update_count:598152
   [Train] Epoch: [48][100/358]  Loss:0.174 (Avg 0.1855) IoU:0.692 (Avg 0.6153) Dice:0.8089 (Avg 0.7296) LR 2.85e-04   (AvgTime 1.2)   
   [Train] sup_loss:0.167904 lv_loss:0.031104 epi_loss:0.000011 total_loss:0.174125 pseudo_update_count:399254
   [Train] Epoch: [48][120/358]  Loss:0.268 (Avg 0.1905) IoU:0.675 (Avg 0.6142) Dice:0.7889 (Avg 0.7293) LR 2.85e-04   (AvgTime 1.2)   
   [Train] sup_loss:0.260113 lv_loss:0.038833 epi_loss:0.000012 total_loss:0.267880 pseudo_update_count:598368
   [Train] Epoch: [48][140/358]  Loss:0.178 (Avg 0.1905) IoU:0.565 (Avg 0.6160) Dice:0.6909 (Avg 0.7307) LR 2.85e-04   (AvgTime 1.2)   
   [Train] sup_loss:0.171656 lv_loss:0.032989 epi_loss:0.000010 total_loss:0.178255 pseudo_update_count:698522
   [Train] Epoch: [48][160/358]  Loss:0.163 (Avg 0.1920) IoU:0.573 (Avg 0.6170) Dice:0.6966 (Avg 0.7320) LR 2.85e-04   (AvgTime 1.2)   
   [Train] sup_loss:0.155883 lv_loss:0.036929 epi_loss:0.000011 total_loss:0.163270 pseudo_update_count:548208
   [Train] Epoch: [48][180/358]  Loss:0.237 (Avg 0.1955) IoU:0.637 (Avg 0.6148) Dice:0.7612 (Avg 0.7302) LR 2.85e-04   (AvgTime 1.2)   
   [Train] sup_loss:0.229276 lv_loss:0.037155 epi_loss:0.000011 total_loss:0.236707 pseudo_update_count:647433
   [Train] Epoch: [48][200/358]  Loss:0.074 (Avg 0.1926) IoU:0.673 (Avg 0.6155) Dice:0.7789 (Avg 0.7307) LR 2.85e-04   (AvgTime 1.2)   
   [Train] sup_loss:0.066661 lv_loss:0.039050 epi_loss:0.000014 total_loss:0.074472 pseudo_update_count:696720
   [Train] Epoch: [48][220/358]  Loss:0.156 (Avg 0.1922) IoU:0.715 (Avg 0.6155) Dice:0.8232 (Avg 0.7307) LR 2.85e-04   (AvgTime 1.2)   
   [Train] sup_loss:0.149536 lv_loss:0.032220 epi_loss:0.000010 total_loss:0.155980 pseudo_update_count:548843
   [Train] Epoch: [48][240/358]  Loss:0.280 (Avg 0.1912) IoU:0.521 (Avg 0.6143) Dice:0.6572 (Avg 0.7296) LR 2.85e-04   (AvgTime 1.2)   
   [Train] sup_loss:0.273306 lv_loss:0.035057 epi_loss:0.000008 total_loss:0.280317 pseudo_update_count:648278
   [Train] Epoch: [48][260/358]  Loss:0.221 (Avg 0.1902) IoU:0.461 (Avg 0.6145) Dice:0.5925 (Avg 0.7296) LR 2.85e-04   (AvgTime 1.2)   
   [Train] sup_loss:0.214263 lv_loss:0.035530 epi_loss:0.000006 total_loss:0.221369 pseudo_update_count:498842
   [Train] Epoch: [48][280/358]  Loss:0.331 (Avg 0.1894) IoU:0.670 (Avg 0.6153) Dice:0.7784 (Avg 0.7302) LR 2.85e-04   (AvgTime 1.2)   
   [Train] sup_loss:0.324391 lv_loss:0.031485 epi_loss:0.000011 total_loss:0.330689 pseudo_update_count:548791
   [Train] Epoch: [48][300/358]  Loss:0.219 (Avg 0.1891) IoU:0.681 (Avg 0.6159) Dice:0.7829 (Avg 0.7306) LR 2.85e-04   (AvgTime 1.2)   
   [Train] sup_loss:0.212314 lv_loss:0.032495 epi_loss:0.000010 total_loss:0.218814 pseudo_update_count:448876
   [Train] Epoch: [48][320/358]  Loss:0.161 (Avg 0.1905) IoU:0.670 (Avg 0.6161) Dice:0.7676 (Avg 0.7310) LR 2.85e-04   (AvgTime 1.2)   
   [Train] sup_loss:0.154092 lv_loss:0.034158 epi_loss:0.000016 total_loss:0.160924 pseudo_update_count:598667
   [Train] Epoch: [48][340/358]  Loss:0.255 (Avg 0.1910) IoU:0.542 (Avg 0.6183) Dice:0.6524 (Avg 0.7329) LR 2.85e-04   (AvgTime 1.2)   
   [Train] sup_loss:0.247461 lv_loss:0.035989 epi_loss:0.000016 total_loss:0.254660 pseudo_update_count:548289
[Train-Epoch-Metrics] epoch=48 sup_loss:0.182929 lv_loss:0.036751 epi_loss:0.000011 total_loss:0.190280 pseudo_update_count:213718878 labeled_seen:1429 unlabeled_seen:4287 Dice:0.732694 IoU:0.618088
Validation
   [Val] Epoch: [48][20/90]  Loss:0.136 (Avg 0.1819) IoU:0.688 (Avg 0.6578) Dice:0.7941 (Avg 0.7685) (AvgTime 0.5)   
   [Val] sup_loss:0.135553 lv_loss:0.000000 epi_loss:0.000000 total_loss:0.135553 pseudo_update_count:0
   [Val] Epoch: [48][40/90]  Loss:0.189 (Avg 0.1928) IoU:0.588 (Avg 0.6336) Dice:0.7135 (Avg 0.7454) (AvgTime 0.5)   
   [Val] sup_loss:0.189006 lv_loss:0.000000 epi_loss:0.000000 total_loss:0.189006 pseudo_update_count:0
   [Val] Epoch: [48][60/90]  Loss:0.155 (Avg 0.1948) IoU:0.665 (Avg 0.6266) Dice:0.7833 (Avg 0.7402) (AvgTime 0.5)   
   [Val] sup_loss:0.155010 lv_loss:0.000000 epi_loss:0.000000 total_loss:0.155010 pseudo_update_count:0
   [Val] Epoch: [48][80/90]  Loss:0.135 (Avg 0.1924) IoU:0.692 (Avg 0.6285) Dice:0.8125 (Avg 0.7417) (AvgTime 0.5)   
   [Val] sup_loss:0.134951 lv_loss:0.000000 epi_loss:0.000000 total_loss:0.134951 pseudo_update_count:0
[Val-Epoch-Metrics] epoch=48 sup_loss:0.193360 lv_loss:0.000000 epi_loss:0.000000 total_loss:0.193360 pseudo_update_count:0 labeled_seen:1429 unlabeled_seen:0 Dice:0.741789 IoU:0.628229
	 Saving best model, mean dice increased from: 0.7405 to 0.7418
	 Saving to QaTa-Covid19/LViT/QaTa_Covid19_LViT_25pct_labels/models/
	 early_stopping_count: 0/100000

========= Epoch [49/81] =========
QaTa_Covid19_LViT_25pct_labels
Training with batch size : 16
[SemiSup] subset_ratio=0.2500 labeled_name_count=1429
   [Train] Epoch: [49][20/358]  Loss:0.230 (Avg 0.2141) IoU:0.547 (Avg 0.6186) Dice:0.6829 (Avg 0.7295) LR 1.86e-04   (AvgTime 1.2)   
   [Train] sup_loss:0.223482 lv_loss:0.034731 epi_loss:0.000013 total_loss:0.230428 pseudo_update_count:548710
   [Train] Epoch: [49][40/358]  Loss:0.175 (Avg 0.2105) IoU:0.641 (Avg 0.6109) Dice:0.7400 (Avg 0.7264) LR 1.86e-04   (AvgTime 1.2)   
   [Train] sup_loss:0.164759 lv_loss:0.050569 epi_loss:0.000011 total_loss:0.174873 pseudo_update_count:497158
   [Train] Epoch: [49][60/358]  Loss:0.116 (Avg 0.2038) IoU:0.668 (Avg 0.6217) Dice:0.7845 (Avg 0.7366) LR 1.86e-04   (AvgTime 1.2)   
   [Train] sup_loss:0.109073 lv_loss:0.034387 epi_loss:0.000012 total_loss:0.115951 pseudo_update_count:648797
   [Train] Epoch: [49][80/358]  Loss:0.186 (Avg 0.1994) IoU:0.508 (Avg 0.6175) Dice:0.6417 (Avg 0.7339) LR 1.86e-04   (AvgTime 1.2)   
   [Train] sup_loss:0.177699 lv_loss:0.040315 epi_loss:0.000009 total_loss:0.185763 pseudo_update_count:497723
   [Train] Epoch: [49][100/358]  Loss:0.211 (Avg 0.1973) IoU:0.429 (Avg 0.6132) Dice:0.5802 (Avg 0.7301) LR 1.86e-04   (AvgTime 1.2)   
   [Train] sup_loss:0.201871 lv_loss:0.045519 epi_loss:0.000009 total_loss:0.210976 pseudo_update_count:647222
   [Train] Epoch: [49][120/358]  Loss:0.140 (Avg 0.1893) IoU:0.597 (Avg 0.6154) Dice:0.7035 (Avg 0.7314) LR 1.86e-04   (AvgTime 1.2)   
   [Train] sup_loss:0.133408 lv_loss:0.033884 epi_loss:0.000014 total_loss:0.140185 pseudo_update_count:548665
   [Train] Epoch: [49][140/358]  Loss:0.267 (Avg 0.1874) IoU:0.515 (Avg 0.6177) Dice:0.6390 (Avg 0.7328) LR 1.86e-04   (AvgTime 1.2)   
   [Train] sup_loss:0.260220 lv_loss:0.036312 epi_loss:0.000007 total_loss:0.267483 pseudo_update_count:648339
   [Train] Epoch: [49][160/358]  Loss:0.088 (Avg 0.1902) IoU:0.761 (Avg 0.6146) Dice:0.8526 (Avg 0.7297) LR 1.86e-04   (AvgTime 1.2)   
   [Train] sup_loss:0.080672 lv_loss:0.034284 epi_loss:0.000016 total_loss:0.087530 pseudo_update_count:648016
   [Train] Epoch: [49][180/358]  Loss:0.210 (Avg 0.1893) IoU:0.450 (Avg 0.6138) Dice:0.5753 (Avg 0.7291) LR 1.86e-04   (AvgTime 1.2)   
   [Train] sup_loss:0.203001 lv_loss:0.032783 epi_loss:0.000006 total_loss:0.209558 pseudo_update_count:598885
   [Train] Epoch: [49][200/358]  Loss:0.162 (Avg 0.1863) IoU:0.625 (Avg 0.6170) Dice:0.7311 (Avg 0.7320) LR 1.86e-04   (AvgTime 1.2)   
   [Train] sup_loss:0.156426 lv_loss:0.030251 epi_loss:0.000005 total_loss:0.162477 pseudo_update_count:649099
   [Train] Epoch: [49][220/358]  Loss:0.228 (Avg 0.1842) IoU:0.692 (Avg 0.6203) Dice:0.8020 (Avg 0.7349) LR 1.86e-04   (AvgTime 1.2)   
   [Train] sup_loss:0.222315 lv_loss:0.030308 epi_loss:0.000015 total_loss:0.228377 pseudo_update_count:449378
   [Train] Epoch: [49][240/358]  Loss:0.195 (Avg 0.1858) IoU:0.669 (Avg 0.6215) Dice:0.7744 (Avg 0.7361) LR 1.86e-04   (AvgTime 1.2)   
   [Train] sup_loss:0.187704 lv_loss:0.034102 epi_loss:0.000012 total_loss:0.194525 pseudo_update_count:598223
   [Train] Epoch: [49][260/358]  Loss:0.181 (Avg 0.1865) IoU:0.571 (Avg 0.6205) Dice:0.6887 (Avg 0.7355) LR 1.86e-04   (AvgTime 1.2)   
   [Train] sup_loss:0.174323 lv_loss:0.035574 epi_loss:0.000011 total_loss:0.181439 pseudo_update_count:548442
   [Train] Epoch: [49][280/358]  Loss:0.247 (Avg 0.1891) IoU:0.633 (Avg 0.6217) Dice:0.7479 (Avg 0.7365) LR 1.86e-04   (AvgTime 1.2)   
   [Train] sup_loss:0.240234 lv_loss:0.033556 epi_loss:0.000009 total_loss:0.246946 pseudo_update_count:598570
   [Train] Epoch: [49][300/358]  Loss:0.101 (Avg 0.1875) IoU:0.707 (Avg 0.6223) Dice:0.8181 (Avg 0.7370) LR 1.86e-04   (AvgTime 1.2)   
   [Train] sup_loss:0.094199 lv_loss:0.032703 epi_loss:0.000010 total_loss:0.100740 pseudo_update_count:698508
   [Train] Epoch: [49][320/358]  Loss:0.185 (Avg 0.1885) IoU:0.602 (Avg 0.6228) Dice:0.7334 (Avg 0.7376) LR 1.86e-04   (AvgTime 1.2)   
   [Train] sup_loss:0.178058 lv_loss:0.036521 epi_loss:0.000010 total_loss:0.185363 pseudo_update_count:747486
   [Train] Epoch: [49][340/358]  Loss:0.292 (Avg 0.1894) IoU:0.400 (Avg 0.6233) Dice:0.5396 (Avg 0.7378) LR 1.86e-04   (AvgTime 1.2)   
   [Train] sup_loss:0.284553 lv_loss:0.039344 epi_loss:0.000009 total_loss:0.292422 pseudo_update_count:597708
[Train-Epoch-Metrics] epoch=49 sup_loss:0.182073 lv_loss:0.036110 epi_loss:0.000011 total_loss:0.189295 pseudo_update_count:213720634 labeled_seen:1429 unlabeled_seen:4287 Dice:0.737367 IoU:0.622867
Validation
   [Val] Epoch: [49][20/90]  Loss:0.175 (Avg 0.1902) IoU:0.620 (Avg 0.6085) Dice:0.7479 (Avg 0.7249) (AvgTime 0.6)   
   [Val] sup_loss:0.174892 lv_loss:0.000000 epi_loss:0.000000 total_loss:0.174892 pseudo_update_count:0
   [Val] Epoch: [49][40/90]  Loss:0.131 (Avg 0.1896) IoU:0.730 (Avg 0.6133) Dice:0.8313 (Avg 0.7282) (AvgTime 0.5)   
   [Val] sup_loss:0.130637 lv_loss:0.000000 epi_loss:0.000000 total_loss:0.130637 pseudo_update_count:0
   [Val] Epoch: [49][60/90]  Loss:0.180 (Avg 0.1883) IoU:0.596 (Avg 0.6150) Dice:0.7029 (Avg 0.7298) (AvgTime 0.5)   
   [Val] sup_loss:0.180405 lv_loss:0.000000 epi_loss:0.000000 total_loss:0.180405 pseudo_update_count:0
   [Val] Epoch: [49][80/90]  Loss:0.179 (Avg 0.1888) IoU:0.608 (Avg 0.6175) Dice:0.7100 (Avg 0.7328) (AvgTime 0.5)   
   [Val] sup_loss:0.179206 lv_loss:0.000000 epi_loss:0.000000 total_loss:0.179206 pseudo_update_count:0
[Val-Epoch-Metrics] epoch=49 sup_loss:0.190385 lv_loss:0.000000 epi_loss:0.000000 total_loss:0.190385 pseudo_update_count:0 labeled_seen:1429 unlabeled_seen:0 Dice:0.730065 IoU:0.614836
	 Mean dice:0.7301 does not increase, the best is still: 0.7418 in epoch 48
	 early_stopping_count: 1/100000

========= Epoch [50/81] =========
QaTa_Covid19_LViT_25pct_labels
Training with batch size : 16
[SemiSup] subset_ratio=0.2500 labeled_name_count=1429
   [Train] Epoch: [50][20/358]  Loss:0.065 (Avg 0.1627) IoU:0.573 (Avg 0.6370) Dice:0.6952 (Avg 0.7487) LR 1.22e-04   (AvgTime 1.2)   
   [Train] sup_loss:0.057065 lv_loss:0.038211 epi_loss:0.000009 total_loss:0.064708 pseudo_update_count:747084
   [Train] Epoch: [50][40/358]  Loss:0.183 (Avg 0.1675) IoU:0.614 (Avg 0.6303) Dice:0.7272 (Avg 0.7425) LR 1.22e-04   (AvgTime 1.2)   
   [Train] sup_loss:0.175822 lv_loss:0.036730 epi_loss:0.000008 total_loss:0.183168 pseudo_update_count:598339
   [Train] Epoch: [50][60/358]  Loss:0.166 (Avg 0.1752) IoU:0.549 (Avg 0.6238) Dice:0.6725 (Avg 0.7376) LR 1.22e-04   (AvgTime 1.2)   
   [Train] sup_loss:0.158897 lv_loss:0.034068 epi_loss:0.000009 total_loss:0.165711 pseudo_update_count:598345
   [Train] Epoch: [50][80/358]  Loss:0.256 (Avg 0.1692) IoU:0.604 (Avg 0.6307) Dice:0.7163 (Avg 0.7433) LR 1.22e-04   (AvgTime 1.2)   
   [Train] sup_loss:0.247385 lv_loss:0.043401 epi_loss:0.000009 total_loss:0.256065 pseudo_update_count:547011
   [Train] Epoch: [50][100/358]  Loss:0.197 (Avg 0.1725) IoU:0.613 (Avg 0.6289) Dice:0.7348 (Avg 0.7424) LR 1.22e-04   (AvgTime 1.2)   
   [Train] sup_loss:0.190078 lv_loss:0.034299 epi_loss:0.000010 total_loss:0.196938 pseudo_update_count:548930
   [Train] Epoch: [50][120/358]  Loss:0.164 (Avg 0.1758) IoU:0.614 (Avg 0.6297) Dice:0.7283 (Avg 0.7434) LR 1.22e-04   (AvgTime 1.2)   
   [Train] sup_loss:0.156874 lv_loss:0.035242 epi_loss:0.000017 total_loss:0.163923 pseudo_update_count:548552
   [Train] Epoch: [50][140/358]  Loss:0.186 (Avg 0.1752) IoU:0.549 (Avg 0.6329) Dice:0.6804 (Avg 0.7464) LR 1.22e-04   (AvgTime 1.2)   
   [Train] sup_loss:0.177033 lv_loss:0.043189 epi_loss:0.000014 total_loss:0.185672 pseudo_update_count:447868
   [Train] Epoch: [50][160/358]  Loss:0.065 (Avg 0.1742) IoU:0.717 (Avg 0.6325) Dice:0.8130 (Avg 0.7461) LR 1.22e-04   (AvgTime 1.2)   
   [Train] sup_loss:0.058624 lv_loss:0.032147 epi_loss:0.000012 total_loss:0.065054 pseudo_update_count:698222
   [Train] Epoch: [50][180/358]  Loss:0.214 (Avg 0.1748) IoU:0.682 (Avg 0.6336) Dice:0.7733 (Avg 0.7471) LR 1.22e-04   (AvgTime 1.2)   
   [Train] sup_loss:0.207369 lv_loss:0.030900 epi_loss:0.000011 total_loss:0.213549 pseudo_update_count:499088
   [Train] Epoch: [50][200/358]  Loss:0.192 (Avg 0.1761) IoU:0.614 (Avg 0.6324) Dice:0.7433 (Avg 0.7462) LR 1.22e-04   (AvgTime 1.2)   
   [Train] sup_loss:0.185789 lv_loss:0.029874 epi_loss:0.000011 total_loss:0.191765 pseudo_update_count:598991
   [Train] Epoch: [50][220/358]  Loss:0.213 (Avg 0.1771) IoU:0.628 (Avg 0.6311) Dice:0.7416 (Avg 0.7455) LR 1.22e-04   (AvgTime 1.2)   
   [Train] sup_loss:0.207142 lv_loss:0.029907 epi_loss:0.000012 total_loss:0.213124 pseudo_update_count:649162
   [Train] Epoch: [50][240/358]  Loss:0.006 (Avg 0.1758) IoU:0.710 (Avg 0.6321) Dice:0.8014 (Avg 0.7465) LR 1.22e-04   (AvgTime 1.2)   
   [Train] sup_loss:0.000000 lv_loss:0.027759 epi_loss:0.000010 total_loss:0.005552 pseudo_update_count:799089
   [Train] Epoch: [50][260/358]  Loss:0.204 (Avg 0.1774) IoU:0.577 (Avg 0.6310) Dice:0.6938 (Avg 0.7454) LR 1.22e-04   (AvgTime 1.2)   
   [Train] sup_loss:0.197066 lv_loss:0.033529 epi_loss:0.000010 total_loss:0.203772 pseudo_update_count:649032
   [Train] Epoch: [50][280/358]  Loss:0.325 (Avg 0.1794) IoU:0.664 (Avg 0.6307) Dice:0.7782 (Avg 0.7448) LR 1.22e-04   (AvgTime 1.2)   
   [Train] sup_loss:0.318334 lv_loss:0.031597 epi_loss:0.000009 total_loss:0.324653 pseudo_update_count:548630
   [Train] Epoch: [50][300/358]  Loss:0.122 (Avg 0.1809) IoU:0.719 (Avg 0.6315) Dice:0.8275 (Avg 0.7453) LR 1.22e-04   (AvgTime 1.2)   
   [Train] sup_loss:0.114492 lv_loss:0.037165 epi_loss:0.000008 total_loss:0.121926 pseudo_update_count:448694
   [Train] Epoch: [50][320/358]  Loss:0.099 (Avg 0.1812) IoU:0.670 (Avg 0.6316) Dice:0.7550 (Avg 0.7450) LR 1.22e-04   (AvgTime 1.2)   
   [Train] sup_loss:0.092778 lv_loss:0.029788 epi_loss:0.000013 total_loss:0.098736 pseudo_update_count:549362
   [Train] Epoch: [50][340/358]  Loss:0.154 (Avg 0.1811) IoU:0.640 (Avg 0.6304) Dice:0.7567 (Avg 0.7440) LR 1.22e-04   (AvgTime 1.2)   
   [Train] sup_loss:0.147626 lv_loss:0.032371 epi_loss:0.000012 total_loss:0.154101 pseudo_update_count:598509
[Train-Epoch-Metrics] epoch=50 sup_loss:0.173987 lv_loss:0.034844 epi_loss:0.000011 total_loss:0.180957 pseudo_update_count:213791892 labeled_seen:1429 unlabeled_seen:4287 Dice:0.743479 IoU:0.629903
Validation
   [Val] Epoch: [50][20/90]  Loss:0.174 (Avg 0.1740) IoU:0.666 (Avg 0.6612) Dice:0.7821 (Avg 0.7709) (AvgTime 0.5)   
   [Val] sup_loss:0.173680 lv_loss:0.000000 epi_loss:0.000000 total_loss:0.173680 pseudo_update_count:0
   [Val] Epoch: [50][40/90]  Loss:0.198 (Avg 0.1856) IoU:0.628 (Avg 0.6395) Dice:0.7468 (Avg 0.7526) (AvgTime 0.5)   
   [Val] sup_loss:0.197599 lv_loss:0.000000 epi_loss:0.000000 total_loss:0.197599 pseudo_update_count:0
   [Val] Epoch: [50][60/90]  Loss:0.175 (Avg 0.1861) IoU:0.633 (Avg 0.6391) Dice:0.7665 (Avg 0.7514) (AvgTime 0.5)   
   [Val] sup_loss:0.174976 lv_loss:0.000000 epi_loss:0.000000 total_loss:0.174976 pseudo_update_count:0
   [Val] Epoch: [50][80/90]  Loss:0.224 (Avg 0.1858) IoU:0.554 (Avg 0.6419) Dice:0.6645 (Avg 0.7538) (AvgTime 0.5)   
   [Val] sup_loss:0.223776 lv_loss:0.000000 epi_loss:0.000000 total_loss:0.223776 pseudo_update_count:0
[Val-Epoch-Metrics] epoch=50 sup_loss:0.184433 lv_loss:0.000000 epi_loss:0.000000 total_loss:0.184433 pseudo_update_count:0 labeled_seen:1429 unlabeled_seen:0 Dice:0.754583 IoU:0.643019
	 Saving best model, mean dice increased from: 0.7418 to 0.7546
	 Saving to QaTa-Covid19/LViT/QaTa_Covid19_LViT_25pct_labels/models/
	 early_stopping_count: 0/100000

========= Epoch [51/81] =========
QaTa_Covid19_LViT_25pct_labels
Training with batch size : 16
[SemiSup] subset_ratio=0.2500 labeled_name_count=1429
   [Train] Epoch: [51][20/358]  Loss:0.150 (Avg 0.1683) IoU:0.562 (Avg 0.6108) Dice:0.6814 (Avg 0.7266) LR 1.00e-03   (AvgTime 1.2)   
   [Train] sup_loss:0.142511 lv_loss:0.036982 epi_loss:0.000012 total_loss:0.149908 pseudo_update_count:548279
   [Train] Epoch: [51][40/358]  Loss:0.214 (Avg 0.1790) IoU:0.624 (Avg 0.6183) Dice:0.7456 (Avg 0.7332) LR 1.00e-03   (AvgTime 1.2)   
   [Train] sup_loss:0.206269 lv_loss:0.036521 epi_loss:0.000016 total_loss:0.213574 pseudo_update_count:448904
   [Train] Epoch: [51][60/358]  Loss:0.190 (Avg 0.1880) IoU:0.575 (Avg 0.6126) Dice:0.7006 (Avg 0.7291) LR 1.00e-03   (AvgTime 1.2)   
   [Train] sup_loss:0.182482 lv_loss:0.038834 epi_loss:0.000013 total_loss:0.190249 pseudo_update_count:498370
   [Train] Epoch: [51][80/358]  Loss:0.263 (Avg 0.1942) IoU:0.598 (Avg 0.6074) Dice:0.7212 (Avg 0.7245) LR 1.00e-03   (AvgTime 1.2)   
   [Train] sup_loss:0.254411 lv_loss:0.040782 epi_loss:0.000014 total_loss:0.262568 pseudo_update_count:547906
   [Train] Epoch: [51][100/358]  Loss:0.243 (Avg 0.2056) IoU:0.597 (Avg 0.6039) Dice:0.7371 (Avg 0.7213) LR 1.00e-03   (AvgTime 1.2)   
   [Train] sup_loss:0.231305 lv_loss:0.056729 epi_loss:0.000011 total_loss:0.242651 pseudo_update_count:644673
   [Train] Epoch: [51][120/358]  Loss:0.215 (Avg 0.2071) IoU:0.619 (Avg 0.6037) Dice:0.7314 (Avg 0.7208) LR 1.00e-03   (AvgTime 1.2)   
   [Train] sup_loss:0.206067 lv_loss:0.042652 epi_loss:0.000016 total_loss:0.214598 pseudo_update_count:697237
   [Train] Epoch: [51][140/358]  Loss:0.262 (Avg 0.2119) IoU:0.632 (Avg 0.5986) Dice:0.7491 (Avg 0.7163) LR 1.00e-03   (AvgTime 1.2)   
   [Train] sup_loss:0.252845 lv_loss:0.044578 epi_loss:0.000011 total_loss:0.261761 pseudo_update_count:646695
   [Train] Epoch: [51][160/358]  Loss:0.116 (Avg 0.2170) IoU:0.660 (Avg 0.5927) Dice:0.7855 (Avg 0.7113) LR 1.00e-03   (AvgTime 1.2)   
   [Train] sup_loss:0.105642 lv_loss:0.051040 epi_loss:0.000009 total_loss:0.115850 pseudo_update_count:646746
   [Train] Epoch: [51][180/358]  Loss:0.247 (Avg 0.2167) IoU:0.572 (Avg 0.5879) Dice:0.7000 (Avg 0.7072) LR 1.00e-03   (AvgTime 1.2)   
   [Train] sup_loss:0.235977 lv_loss:0.053869 epi_loss:0.000014 total_loss:0.246752 pseudo_update_count:496876
   [Train] Epoch: [51][200/358]  Loss:0.127 (Avg 0.2132) IoU:0.638 (Avg 0.5882) Dice:0.7670 (Avg 0.7073) LR 1.00e-03   (AvgTime 1.2)   
   [Train] sup_loss:0.117717 lv_loss:0.048090 epi_loss:0.000010 total_loss:0.127335 pseudo_update_count:595713
   [Train] Epoch: [51][220/358]  Loss:0.217 (Avg 0.2145) IoU:0.480 (Avg 0.5850) Dice:0.6089 (Avg 0.7048) LR 1.00e-03   (AvgTime 1.2)   
   [Train] sup_loss:0.205874 lv_loss:0.054411 epi_loss:0.000018 total_loss:0.216757 pseudo_update_count:497240
   [Train] Epoch: [51][240/358]  Loss:0.285 (Avg 0.2155) IoU:0.564 (Avg 0.5840) Dice:0.6905 (Avg 0.7041) LR 1.00e-03   (AvgTime 1.2)   
   [Train] sup_loss:0.275671 lv_loss:0.044936 epi_loss:0.000012 total_loss:0.284659 pseudo_update_count:547837
   [Train] Epoch: [51][260/358]  Loss:0.320 (Avg 0.2173) IoU:0.499 (Avg 0.5821) Dice:0.6299 (Avg 0.7024) LR 1.00e-03   (AvgTime 1.2)   
   [Train] sup_loss:0.312469 lv_loss:0.037454 epi_loss:0.000009 total_loss:0.319960 pseudo_update_count:648617
   [Train] Epoch: [51][280/358]  Loss:0.231 (Avg 0.2182) IoU:0.549 (Avg 0.5828) Dice:0.6885 (Avg 0.7029) LR 1.00e-03   (AvgTime 1.2)   
   [Train] sup_loss:0.222527 lv_loss:0.041150 epi_loss:0.000014 total_loss:0.230758 pseudo_update_count:498646
   [Train] Epoch: [51][300/358]  Loss:0.154 (Avg 0.2196) IoU:0.641 (Avg 0.5814) Dice:0.7533 (Avg 0.7013) LR 1.00e-03   (AvgTime 1.2)   
   [Train] sup_loss:0.145089 lv_loss:0.046175 epi_loss:0.000007 total_loss:0.154324 pseudo_update_count:547402
   [Train] Epoch: [51][320/358]  Loss:0.214 (Avg 0.2216) IoU:0.582 (Avg 0.5786) Dice:0.7012 (Avg 0.6987) LR 1.00e-03   (AvgTime 1.2)   
   [Train] sup_loss:0.203231 lv_loss:0.052888 epi_loss:0.000010 total_loss:0.213809 pseudo_update_count:496639
   [Train] Epoch: [51][340/358]  Loss:0.161 (Avg 0.2198) IoU:0.682 (Avg 0.5795) Dice:0.7835 (Avg 0.6997) LR 1.00e-03   (AvgTime 1.2)   
   [Train] sup_loss:0.151904 lv_loss:0.044124 epi_loss:0.000016 total_loss:0.160729 pseudo_update_count:398220
[Train-Epoch-Metrics] epoch=51 sup_loss:0.208860 lv_loss:0.042710 epi_loss:0.000012 total_loss:0.217403 pseudo_update_count:213525824 labeled_seen:1429 unlabeled_seen:4287 Dice:0.701332 IoU:0.581608
Validation
   [Val] Epoch: [51][20/90]  Loss:0.267 (Avg 0.2452) IoU:0.527 (Avg 0.5687) Dice:0.6671 (Avg 0.6954) (AvgTime 0.5)   
   [Val] sup_loss:0.266736 lv_loss:0.000000 epi_loss:0.000000 total_loss:0.266736 pseudo_update_count:0
   [Val] Epoch: [51][40/90]  Loss:0.239 (Avg 0.2444) IoU:0.555 (Avg 0.5763) Dice:0.6795 (Avg 0.7006) (AvgTime 0.5)   
   [Val] sup_loss:0.239111 lv_loss:0.000000 epi_loss:0.000000 total_loss:0.239111 pseudo_update_count:0
   [Val] Epoch: [51][60/90]  Loss:0.296 (Avg 0.2348) IoU:0.575 (Avg 0.5909) Dice:0.6982 (Avg 0.7120) (AvgTime 0.5)   
   [Val] sup_loss:0.296307 lv_loss:0.000000 epi_loss:0.000000 total_loss:0.296307 pseudo_update_count:0
   [Val] Epoch: [51][80/90]  Loss:0.246 (Avg 0.2356) IoU:0.594 (Avg 0.5867) Dice:0.7098 (Avg 0.7084) (AvgTime 0.5)   
   [Val] sup_loss:0.245863 lv_loss:0.000000 epi_loss:0.000000 total_loss:0.245863 pseudo_update_count:0
[Val-Epoch-Metrics] epoch=51 sup_loss:0.234609 lv_loss:0.000000 epi_loss:0.000000 total_loss:0.234609 pseudo_update_count:0 labeled_seen:1429 unlabeled_seen:0 Dice:0.708892 IoU:0.587408
	 Mean dice:0.7089 does not increase, the best is still: 0.7546 in epoch 50
	 early_stopping_count: 1/100000

========= Epoch [52/81] =========
QaTa_Covid19_LViT_25pct_labels
Training with batch size : 16
[SemiSup] subset_ratio=0.2500 labeled_name_count=1429
   [Train] Epoch: [52][20/358]  Loss:0.079 (Avg 0.1930) IoU:0.674 (Avg 0.5999) Dice:0.7859 (Avg 0.7218) LR 9.78e-04   (AvgTime 1.2)   
   [Train] sup_loss:0.072212 lv_loss:0.035788 epi_loss:0.000014 total_loss:0.079370 pseudo_update_count:648598
   [Train] Epoch: [52][40/358]  Loss:0.123 (Avg 0.2018) IoU:0.680 (Avg 0.6081) Dice:0.7905 (Avg 0.7278) LR 9.78e-04   (AvgTime 1.2)   
   [Train] sup_loss:0.114176 lv_loss:0.043446 epi_loss:0.000007 total_loss:0.122866 pseudo_update_count:547637
   [Train] Epoch: [52][60/358]  Loss:0.161 (Avg 0.1970) IoU:0.589 (Avg 0.6051) Dice:0.7159 (Avg 0.7242) LR 9.78e-04   (AvgTime 1.2)   
   [Train] sup_loss:0.153950 lv_loss:0.035163 epi_loss:0.000011 total_loss:0.160983 pseudo_update_count:598627
   [Train] Epoch: [52][80/358]  Loss:0.161 (Avg 0.2004) IoU:0.618 (Avg 0.6038) Dice:0.7370 (Avg 0.7226) LR 9.78e-04   (AvgTime 1.2)   
   [Train] sup_loss:0.153323 lv_loss:0.038201 epi_loss:0.000009 total_loss:0.160963 pseudo_update_count:698007
   [Train] Epoch: [52][100/358]  Loss:0.326 (Avg 0.2107) IoU:0.547 (Avg 0.5895) Dice:0.6846 (Avg 0.7093) LR 9.78e-04   (AvgTime 1.2)   
   [Train] sup_loss:0.315856 lv_loss:0.049489 epi_loss:0.000013 total_loss:0.325754 pseudo_update_count:645342
   [Train] Epoch: [52][120/358]  Loss:0.176 (Avg 0.2107) IoU:0.569 (Avg 0.5879) Dice:0.6927 (Avg 0.7079) LR 9.78e-04   (AvgTime 1.2)   
   [Train] sup_loss:0.168310 lv_loss:0.036974 epi_loss:0.000011 total_loss:0.175705 pseudo_update_count:598307
   [Train] Epoch: [52][140/358]  Loss:0.272 (Avg 0.2209) IoU:0.524 (Avg 0.5839) Dice:0.6337 (Avg 0.7035) LR 9.78e-04   (AvgTime 1.2)   
   [Train] sup_loss:0.262759 lv_loss:0.047737 epi_loss:0.000011 total_loss:0.272307 pseudo_update_count:597207
   [Train] Epoch: [52][160/358]  Loss:0.173 (Avg 0.2206) IoU:0.689 (Avg 0.5842) Dice:0.7928 (Avg 0.7049) LR 9.78e-04   (AvgTime 1.2)   
   [Train] sup_loss:0.162900 lv_loss:0.051116 epi_loss:0.000009 total_loss:0.173124 pseudo_update_count:497469
   [Train] Epoch: [52][180/358]  Loss:0.365 (Avg 0.2197) IoU:0.535 (Avg 0.5845) Dice:0.6388 (Avg 0.7048) LR 9.78e-04   (AvgTime 1.2)   
   [Train] sup_loss:0.355444 lv_loss:0.048855 epi_loss:0.000014 total_loss:0.365216 pseudo_update_count:447275
   [Train] Epoch: [52][200/358]  Loss:0.306 (Avg 0.2193) IoU:0.724 (Avg 0.5803) Dice:0.8249 (Avg 0.7007) LR 9.78e-04   (AvgTime 1.2)   
   [Train] sup_loss:0.298348 lv_loss:0.038834 epi_loss:0.000012 total_loss:0.306115 pseudo_update_count:648132
   [Train] Epoch: [52][220/358]  Loss:0.168 (Avg 0.2144) IoU:0.640 (Avg 0.5835) Dice:0.7685 (Avg 0.7035) LR 9.78e-04   (AvgTime 1.2)   
   [Train] sup_loss:0.160163 lv_loss:0.038204 epi_loss:0.000015 total_loss:0.167805 pseudo_update_count:647615
   [Train] Epoch: [52][240/358]  Loss:0.143 (Avg 0.2135) IoU:0.544 (Avg 0.5845) Dice:0.6418 (Avg 0.7041) LR 9.78e-04   (AvgTime 1.2)   
   [Train] sup_loss:0.133952 lv_loss:0.044767 epi_loss:0.000012 total_loss:0.142906 pseudo_update_count:447187
   [Train] Epoch: [52][260/358]  Loss:0.265 (Avg 0.2146) IoU:0.533 (Avg 0.5832) Dice:0.6639 (Avg 0.7030) LR 9.78e-04   (AvgTime 1.2)   
   [Train] sup_loss:0.256095 lv_loss:0.044588 epi_loss:0.000012 total_loss:0.265013 pseudo_update_count:697699
   [Train] Epoch: [52][280/358]  Loss:0.217 (Avg 0.2139) IoU:0.668 (Avg 0.5838) Dice:0.7622 (Avg 0.7036) LR 9.78e-04   (AvgTime 1.2)   
   [Train] sup_loss:0.208196 lv_loss:0.043009 epi_loss:0.000012 total_loss:0.216799 pseudo_update_count:548564
   [Train] Epoch: [52][300/358]  Loss:0.297 (Avg 0.2138) IoU:0.596 (Avg 0.5834) Dice:0.7119 (Avg 0.7030) LR 9.78e-04   (AvgTime 1.2)   
   [Train] sup_loss:0.289643 lv_loss:0.039173 epi_loss:0.000012 total_loss:0.297478 pseudo_update_count:598077
   [Train] Epoch: [52][320/358]  Loss:0.287 (Avg 0.2174) IoU:0.614 (Avg 0.5817) Dice:0.7373 (Avg 0.7017) LR 9.78e-04   (AvgTime 1.2)   
   [Train] sup_loss:0.277404 lv_loss:0.049134 epi_loss:0.000009 total_loss:0.287231 pseudo_update_count:547835
   [Train] Epoch: [52][340/358]  Loss:0.242 (Avg 0.2180) IoU:0.596 (Avg 0.5816) Dice:0.7309 (Avg 0.7018) LR 9.78e-04   (AvgTime 1.2)   
   [Train] sup_loss:0.232609 lv_loss:0.046217 epi_loss:0.000015 total_loss:0.241853 pseudo_update_count:647264
[Train-Epoch-Metrics] epoch=52 sup_loss:0.214518 lv_loss:0.043121 epi_loss:0.000012 total_loss:0.223143 pseudo_update_count:213519946 labeled_seen:1429 unlabeled_seen:4287 Dice:0.699468 IoU:0.578864
Validation
   [Val] Epoch: [52][20/90]  Loss:0.869 (Avg 0.9745) IoU:0.206 (Avg 0.1954) Dice:0.3140 (Avg 0.2799) (AvgTime 0.5)   
   [Val] sup_loss:0.869115 lv_loss:0.000000 epi_loss:0.000000 total_loss:0.869115 pseudo_update_count:0
   [Val] Epoch: [52][40/90]  Loss:1.082 (Avg 0.9811) IoU:0.151 (Avg 0.1854) Dice:0.2195 (Avg 0.2668) (AvgTime 0.5)   
   [Val] sup_loss:1.081945 lv_loss:0.000000 epi_loss:0.000000 total_loss:1.081945 pseudo_update_count:0
   [Val] Epoch: [52][60/90]  Loss:0.847 (Avg 0.9722) IoU:0.206 (Avg 0.1893) Dice:0.2878 (Avg 0.2721) (AvgTime 0.5)   
   [Val] sup_loss:0.847423 lv_loss:0.000000 epi_loss:0.000000 total_loss:0.847423 pseudo_update_count:0
   [Val] Epoch: [52][80/90]  Loss:1.170 (Avg 0.9691) IoU:0.129 (Avg 0.1907) Dice:0.1948 (Avg 0.2739) (AvgTime 0.5)   
   [Val] sup_loss:1.170479 lv_loss:0.000000 epi_loss:0.000000 total_loss:1.170479 pseudo_update_count:0
[Val-Epoch-Metrics] epoch=52 sup_loss:0.969956 lv_loss:0.000000 epi_loss:0.000000 total_loss:0.969956 pseudo_update_count:0 labeled_seen:1429 unlabeled_seen:0 Dice:0.272788 IoU:0.190048
	 Mean dice:0.2728 does not increase, the best is still: 0.7546 in epoch 50
	 early_stopping_count: 2/100000

========= Epoch [53/81] =========
QaTa_Covid19_LViT_25pct_labels
Training with batch size : 16
[SemiSup] subset_ratio=0.2500 labeled_name_count=1429
   [Train] Epoch: [53][20/358]  Loss:0.270 (Avg 0.2703) IoU:0.596 (Avg 0.4971) Dice:0.7342 (Avg 0.6254) LR 9.14e-04   (AvgTime 1.2)   
   [Train] sup_loss:0.258825 lv_loss:0.055918 epi_loss:0.000009 total_loss:0.270009 pseudo_update_count:398431
   [Train] Epoch: [53][40/358]  Loss:0.190 (Avg 0.2610) IoU:0.650 (Avg 0.5291) Dice:0.7708 (Avg 0.6530) LR 9.14e-04   (AvgTime 1.2)   
   [Train] sup_loss:0.177821 lv_loss:0.059218 epi_loss:0.000014 total_loss:0.189665 pseudo_update_count:596440
   [Train] Epoch: [53][60/358]  Loss:0.228 (Avg 0.2517) IoU:0.565 (Avg 0.5427) Dice:0.6777 (Avg 0.6676) LR 9.14e-04   (AvgTime 1.2)   
   [Train] sup_loss:0.217367 lv_loss:0.054212 epi_loss:0.000015 total_loss:0.228210 pseudo_update_count:547514
   [Train] Epoch: [53][80/358]  Loss:0.084 (Avg 0.2438) IoU:0.695 (Avg 0.5523) Dice:0.7957 (Avg 0.6764) LR 9.14e-04   (AvgTime 1.2)   
   [Train] sup_loss:0.075067 lv_loss:0.042862 epi_loss:0.000010 total_loss:0.083640 pseudo_update_count:747541
   [Train] Epoch: [53][100/358]  Loss:0.304 (Avg 0.2462) IoU:0.607 (Avg 0.5502) Dice:0.7393 (Avg 0.6753) LR 9.14e-04   (AvgTime 1.2)   
   [Train] sup_loss:0.295312 lv_loss:0.041904 epi_loss:0.000012 total_loss:0.303693 pseudo_update_count:598370
   [Train] Epoch: [53][120/358]  Loss:0.248 (Avg 0.2436) IoU:0.529 (Avg 0.5484) Dice:0.6632 (Avg 0.6736) LR 9.14e-04   (AvgTime 1.2)   
   [Train] sup_loss:0.240970 lv_loss:0.036718 epi_loss:0.000008 total_loss:0.248314 pseudo_update_count:598635
   [Train] Epoch: [53][140/358]  Loss:0.264 (Avg 0.2445) IoU:0.440 (Avg 0.5522) Dice:0.5689 (Avg 0.6774) LR 9.14e-04   (AvgTime 1.2)   
   [Train] sup_loss:0.253452 lv_loss:0.050766 epi_loss:0.000011 total_loss:0.263606 pseudo_update_count:547013
   [Train] Epoch: [53][160/358]  Loss:0.080 (Avg 0.2373) IoU:0.485 (Avg 0.5540) Dice:0.6181 (Avg 0.6791) LR 9.14e-04   (AvgTime 1.2)   
   [Train] sup_loss:0.069503 lv_loss:0.051840 epi_loss:0.000010 total_loss:0.079872 pseudo_update_count:746495
   [Train] Epoch: [53][180/358]  Loss:0.174 (Avg 0.2339) IoU:0.586 (Avg 0.5553) Dice:0.7053 (Avg 0.6799) LR 9.14e-04   (AvgTime 1.2)   
   [Train] sup_loss:0.165349 lv_loss:0.044336 epi_loss:0.000010 total_loss:0.174216 pseudo_update_count:647925
   [Train] Epoch: [53][200/358]  Loss:0.367 (Avg 0.2319) IoU:0.517 (Avg 0.5602) Dice:0.6347 (Avg 0.6848) LR 9.14e-04   (AvgTime 1.2)   
   [Train] sup_loss:0.358126 lv_loss:0.045577 epi_loss:0.000011 total_loss:0.367242 pseudo_update_count:547823
   [Train] Epoch: [53][220/358]  Loss:0.222 (Avg 0.2296) IoU:0.713 (Avg 0.5648) Dice:0.8212 (Avg 0.6886) LR 9.14e-04   (AvgTime 1.2)   
   [Train] sup_loss:0.213585 lv_loss:0.042166 epi_loss:0.000015 total_loss:0.222019 pseudo_update_count:697652
   [Train] Epoch: [53][240/358]  Loss:0.184 (Avg 0.2319) IoU:0.554 (Avg 0.5641) Dice:0.6873 (Avg 0.6878) LR 9.14e-04   (AvgTime 1.2)   
   [Train] sup_loss:0.176958 lv_loss:0.035124 epi_loss:0.000009 total_loss:0.183983 pseudo_update_count:548889
   [Train] Epoch: [53][260/358]  Loss:0.117 (Avg 0.2288) IoU:0.603 (Avg 0.5663) Dice:0.7209 (Avg 0.6896) LR 9.14e-04   (AvgTime 1.2)   
   [Train] sup_loss:0.108200 lv_loss:0.042812 epi_loss:0.000008 total_loss:0.116763 pseudo_update_count:547694
   [Train] Epoch: [53][280/358]  Loss:0.561 (Avg 0.2276) IoU:0.687 (Avg 0.5671) Dice:0.7852 (Avg 0.6905) LR 9.14e-04   (AvgTime 1.2)   
   [Train] sup_loss:0.553481 lv_loss:0.038969 epi_loss:0.000013 total_loss:0.561275 pseudo_update_count:648466
   [Train] Epoch: [53][300/358]  Loss:0.232 (Avg 0.2257) IoU:0.594 (Avg 0.5695) Dice:0.7279 (Avg 0.6924) LR 9.14e-04   (AvgTime 1.2)   
   [Train] sup_loss:0.221249 lv_loss:0.054888 epi_loss:0.000008 total_loss:0.232227 pseudo_update_count:546326
   [Train] Epoch: [53][320/358]  Loss:0.286 (Avg 0.2259) IoU:0.496 (Avg 0.5711) Dice:0.6143 (Avg 0.6934) LR 9.14e-04   (AvgTime 1.2)   
   [Train] sup_loss:0.276976 lv_loss:0.042673 epi_loss:0.000010 total_loss:0.285511 pseudo_update_count:647704
   [Train] Epoch: [53][340/358]  Loss:0.095 (Avg 0.2249) IoU:0.624 (Avg 0.5726) Dice:0.7498 (Avg 0.6948) LR 9.14e-04   (AvgTime 1.2)   
   [Train] sup_loss:0.087099 lv_loss:0.041927 epi_loss:0.000012 total_loss:0.095485 pseudo_update_count:648396
[Train-Epoch-Metrics] epoch=53 sup_loss:0.214310 lv_loss:0.046646 epi_loss:0.000012 total_loss:0.223639 pseudo_update_count:213534475 labeled_seen:1429 unlabeled_seen:4287 Dice:0.696658 IoU:0.574794
Validation
   [Val] Epoch: [53][20/90]  Loss:0.199 (Avg 0.1990) IoU:0.577 (Avg 0.6112) Dice:0.7118 (Avg 0.7265) (AvgTime 0.5)   
   [Val] sup_loss:0.199320 lv_loss:0.000000 epi_loss:0.000000 total_loss:0.199320 pseudo_update_count:0
   [Val] Epoch: [53][40/90]  Loss:0.136 (Avg 0.2047) IoU:0.719 (Avg 0.6037) Dice:0.8116 (Avg 0.7229) (AvgTime 0.5)   
   [Val] sup_loss:0.136010 lv_loss:0.000000 epi_loss:0.000000 total_loss:0.136010 pseudo_update_count:0
   [Val] Epoch: [53][60/90]  Loss:0.190 (Avg 0.2048) IoU:0.669 (Avg 0.6012) Dice:0.7729 (Avg 0.7193) (AvgTime 0.5)   
   [Val] sup_loss:0.190232 lv_loss:0.000000 epi_loss:0.000000 total_loss:0.190232 pseudo_update_count:0
   [Val] Epoch: [53][80/90]  Loss:0.213 (Avg 0.2040) IoU:0.562 (Avg 0.6015) Dice:0.6755 (Avg 0.7195) (AvgTime 0.5)   
   [Val] sup_loss:0.212848 lv_loss:0.000000 epi_loss:0.000000 total_loss:0.212848 pseudo_update_count:0
[Val-Epoch-Metrics] epoch=53 sup_loss:0.203878 lv_loss:0.000000 epi_loss:0.000000 total_loss:0.203878 pseudo_update_count:0 labeled_seen:1429 unlabeled_seen:0 Dice:0.719480 IoU:0.601961
	 Mean dice:0.7195 does not increase, the best is still: 0.7546 in epoch 50
	 early_stopping_count: 3/100000

========= Epoch [54/81] =========
QaTa_Covid19_LViT_25pct_labels
Training with batch size : 16
[SemiSup] subset_ratio=0.2500 labeled_name_count=1429
   [Train] Epoch: [54][20/358]  Loss:0.180 (Avg 0.2108) IoU:0.634 (Avg 0.5903) Dice:0.7594 (Avg 0.7100) LR 8.15e-04   (AvgTime 1.2)   
   [Train] sup_loss:0.170368 lv_loss:0.045761 epi_loss:0.000010 total_loss:0.179520 pseudo_update_count:597422
   [Train] Epoch: [54][40/358]  Loss:0.185 (Avg 0.2099) IoU:0.604 (Avg 0.5987) Dice:0.7406 (Avg 0.7192) LR 8.15e-04   (AvgTime 1.2)   
   [Train] sup_loss:0.175666 lv_loss:0.044262 epi_loss:0.000010 total_loss:0.184519 pseudo_update_count:697662
   [Train] Epoch: [54][60/358]  Loss:0.120 (Avg 0.2024) IoU:0.619 (Avg 0.5999) Dice:0.7420 (Avg 0.7188) LR 8.15e-04   (AvgTime 1.2)   
   [Train] sup_loss:0.111494 lv_loss:0.042570 epi_loss:0.000011 total_loss:0.120009 pseudo_update_count:547720
   [Train] Epoch: [54][80/358]  Loss:0.148 (Avg 0.2064) IoU:0.709 (Avg 0.6019) Dice:0.8200 (Avg 0.7204) LR 8.15e-04   (AvgTime 1.2)   
   [Train] sup_loss:0.138996 lv_loss:0.044024 epi_loss:0.000012 total_loss:0.147801 pseudo_update_count:647202
   [Train] Epoch: [54][100/358]  Loss:0.091 (Avg 0.2080) IoU:0.606 (Avg 0.5953) Dice:0.7250 (Avg 0.7136) LR 8.15e-04   (AvgTime 1.2)   
   [Train] sup_loss:0.082958 lv_loss:0.040893 epi_loss:0.000010 total_loss:0.091137 pseudo_update_count:697984
   [Train] Epoch: [54][120/358]  Loss:0.225 (Avg 0.2087) IoU:0.549 (Avg 0.5987) Dice:0.6820 (Avg 0.7165) LR 8.15e-04   (AvgTime 1.2)   
   [Train] sup_loss:0.217591 lv_loss:0.038482 epi_loss:0.000008 total_loss:0.225288 pseudo_update_count:598751
   [Train] Epoch: [54][140/358]  Loss:0.134 (Avg 0.2085) IoU:0.710 (Avg 0.5997) Dice:0.8191 (Avg 0.7172) LR 8.15e-04   (AvgTime 1.2)   
   [Train] sup_loss:0.126162 lv_loss:0.041102 epi_loss:0.000012 total_loss:0.134383 pseudo_update_count:498426
   [Train] Epoch: [54][160/358]  Loss:0.203 (Avg 0.2067) IoU:0.574 (Avg 0.6004) Dice:0.6830 (Avg 0.7175) LR 8.15e-04   (AvgTime 1.2)   
   [Train] sup_loss:0.194257 lv_loss:0.043229 epi_loss:0.000013 total_loss:0.202903 pseudo_update_count:547553
   [Train] Epoch: [54][180/358]  Loss:0.091 (Avg 0.2044) IoU:0.683 (Avg 0.6019) Dice:0.7759 (Avg 0.7190) LR 8.15e-04   (AvgTime 1.2)   
   [Train] sup_loss:0.083299 lv_loss:0.039009 epi_loss:0.000012 total_loss:0.091102 pseudo_update_count:598102
   [Train] Epoch: [54][200/358]  Loss:0.166 (Avg 0.2049) IoU:0.663 (Avg 0.6040) Dice:0.7811 (Avg 0.7209) LR 8.15e-04   (AvgTime 1.2)   
   [Train] sup_loss:0.156203 lv_loss:0.048181 epi_loss:0.000011 total_loss:0.165839 pseudo_update_count:647037
   [Train] Epoch: [54][220/358]  Loss:0.184 (Avg 0.2037) IoU:0.649 (Avg 0.6018) Dice:0.7713 (Avg 0.7190) LR 8.15e-04   (AvgTime 1.2)   
   [Train] sup_loss:0.176781 lv_loss:0.035443 epi_loss:0.000013 total_loss:0.183870 pseudo_update_count:748424
   [Train] Epoch: [54][240/358]  Loss:0.074 (Avg 0.2052) IoU:0.697 (Avg 0.6005) Dice:0.7901 (Avg 0.7175) LR 8.15e-04   (AvgTime 1.2)   
   [Train] sup_loss:0.066099 lv_loss:0.038889 epi_loss:0.000008 total_loss:0.073877 pseudo_update_count:648451
   [Train] Epoch: [54][260/358]  Loss:0.241 (Avg 0.2075) IoU:0.680 (Avg 0.5999) Dice:0.7912 (Avg 0.7173) LR 8.15e-04   (AvgTime 1.2)   
   [Train] sup_loss:0.233668 lv_loss:0.034499 epi_loss:0.000013 total_loss:0.240568 pseudo_update_count:549211
   [Train] Epoch: [54][280/358]  Loss:0.131 (Avg 0.2068) IoU:0.554 (Avg 0.6006) Dice:0.6859 (Avg 0.7182) LR 8.15e-04   (AvgTime 1.2)   
   [Train] sup_loss:0.123570 lv_loss:0.036693 epi_loss:0.000011 total_loss:0.130909 pseudo_update_count:647927
   [Train] Epoch: [54][300/358]  Loss:0.268 (Avg 0.2065) IoU:0.453 (Avg 0.5997) Dice:0.6054 (Avg 0.7175) LR 8.15e-04   (AvgTime 1.2)   
   [Train] sup_loss:0.258897 lv_loss:0.047182 epi_loss:0.000009 total_loss:0.268333 pseudo_update_count:447790
   [Train] Epoch: [54][320/358]  Loss:0.130 (Avg 0.2045) IoU:0.705 (Avg 0.6007) Dice:0.8027 (Avg 0.7184) LR 8.15e-04   (AvgTime 1.2)   
   [Train] sup_loss:0.122718 lv_loss:0.037157 epi_loss:0.000009 total_loss:0.130150 pseudo_update_count:498474
   [Train] Epoch: [54][340/358]  Loss:0.095 (Avg 0.2046) IoU:0.538 (Avg 0.6004) Dice:0.6664 (Avg 0.7181) LR 8.15e-04   (AvgTime 1.2)   
   [Train] sup_loss:0.087146 lv_loss:0.037701 epi_loss:0.000013 total_loss:0.094687 pseudo_update_count:748147
[Train-Epoch-Metrics] epoch=54 sup_loss:0.198097 lv_loss:0.039966 epi_loss:0.000012 total_loss:0.206091 pseudo_update_count:213681777 labeled_seen:1429 unlabeled_seen:4287 Dice:0.717887 IoU:0.600163
Validation
   [Val] Epoch: [54][20/90]  Loss:0.216 (Avg 0.2033) IoU:0.560 (Avg 0.6005) Dice:0.6840 (Avg 0.7157) (AvgTime 0.5)   
   [Val] sup_loss:0.215506 lv_loss:0.000000 epi_loss:0.000000 total_loss:0.215506 pseudo_update_count:0
   [Val] Epoch: [54][40/90]  Loss:0.178 (Avg 0.2026) IoU:0.668 (Avg 0.6010) Dice:0.7549 (Avg 0.7142) (AvgTime 0.5)   
   [Val] sup_loss:0.178018 lv_loss:0.000000 epi_loss:0.000000 total_loss:0.178018 pseudo_update_count:0
   [Val] Epoch: [54][60/90]  Loss:0.223 (Avg 0.2058) IoU:0.626 (Avg 0.5966) Dice:0.7471 (Avg 0.7111) (AvgTime 0.5)   
   [Val] sup_loss:0.222771 lv_loss:0.000000 epi_loss:0.000000 total_loss:0.222771 pseudo_update_count:0
   [Val] Epoch: [54][80/90]  Loss:0.190 (Avg 0.2071) IoU:0.621 (Avg 0.5962) Dice:0.7368 (Avg 0.7108) (AvgTime 0.5)   
   [Val] sup_loss:0.189619 lv_loss:0.000000 epi_loss:0.000000 total_loss:0.189619 pseudo_update_count:0
[Val-Epoch-Metrics] epoch=54 sup_loss:0.208665 lv_loss:0.000000 epi_loss:0.000000 total_loss:0.208665 pseudo_update_count:0 labeled_seen:1429 unlabeled_seen:0 Dice:0.708643 IoU:0.593893
	 Mean dice:0.7086 does not increase, the best is still: 0.7546 in epoch 50
	 early_stopping_count: 4/100000

========= Epoch [55/81] =========
QaTa_Covid19_LViT_25pct_labels
Training with batch size : 16
[SemiSup] subset_ratio=0.2500 labeled_name_count=1429
   [Train] Epoch: [55][20/358]  Loss:0.228 (Avg 0.1779) IoU:0.589 (Avg 0.6181) Dice:0.7127 (Avg 0.7358) LR 6.89e-04   (AvgTime 1.2)   
   [Train] sup_loss:0.220677 lv_loss:0.037299 epi_loss:0.000011 total_loss:0.228137 pseudo_update_count:498275
   [Train] Epoch: [55][40/358]  Loss:0.251 (Avg 0.1972) IoU:0.549 (Avg 0.6144) Dice:0.6741 (Avg 0.7305) LR 6.89e-04   (AvgTime 1.2)   
   [Train] sup_loss:0.242677 lv_loss:0.043890 epi_loss:0.000011 total_loss:0.251456 pseudo_update_count:746841
   [Train] Epoch: [55][60/358]  Loss:0.186 (Avg 0.1871) IoU:0.507 (Avg 0.6065) Dice:0.6353 (Avg 0.7234) LR 6.89e-04   (AvgTime 1.2)   
   [Train] sup_loss:0.179416 lv_loss:0.033208 epi_loss:0.000011 total_loss:0.186058 pseudo_update_count:747955
   [Train] Epoch: [55][80/358]  Loss:0.132 (Avg 0.1846) IoU:0.597 (Avg 0.6114) Dice:0.7296 (Avg 0.7277) LR 6.89e-04   (AvgTime 1.2)   
   [Train] sup_loss:0.124711 lv_loss:0.038830 epi_loss:0.000014 total_loss:0.132477 pseudo_update_count:497891
   [Train] Epoch: [55][100/358]  Loss:0.194 (Avg 0.1941) IoU:0.614 (Avg 0.6065) Dice:0.7452 (Avg 0.7235) LR 6.89e-04   (AvgTime 1.2)   
   [Train] sup_loss:0.185438 lv_loss:0.042117 epi_loss:0.000010 total_loss:0.193862 pseudo_update_count:448131
   [Train] Epoch: [55][120/358]  Loss:0.163 (Avg 0.1957) IoU:0.674 (Avg 0.6091) Dice:0.7788 (Avg 0.7257) LR 6.89e-04   (AvgTime 1.2)   
   [Train] sup_loss:0.150870 lv_loss:0.060472 epi_loss:0.000021 total_loss:0.162966 pseudo_update_count:396983
   [Train] Epoch: [55][140/358]  Loss:0.164 (Avg 0.1963) IoU:0.697 (Avg 0.6090) Dice:0.8109 (Avg 0.7254) LR 6.89e-04   (AvgTime 1.2)   
   [Train] sup_loss:0.156888 lv_loss:0.034041 epi_loss:0.000012 total_loss:0.163697 pseudo_update_count:549305
   [Train] Epoch: [55][160/358]  Loss:0.170 (Avg 0.1977) IoU:0.661 (Avg 0.6074) Dice:0.7763 (Avg 0.7242) LR 6.89e-04   (AvgTime 1.2)   
   [Train] sup_loss:0.163480 lv_loss:0.033921 epi_loss:0.000010 total_loss:0.170265 pseudo_update_count:549012
   [Train] Epoch: [55][180/358]  Loss:0.119 (Avg 0.1978) IoU:0.648 (Avg 0.6067) Dice:0.7597 (Avg 0.7235) LR 6.89e-04   (AvgTime 1.2)   
   [Train] sup_loss:0.111765 lv_loss:0.033877 epi_loss:0.000010 total_loss:0.118541 pseudo_update_count:648739
   [Train] Epoch: [55][200/358]  Loss:0.185 (Avg 0.1990) IoU:0.630 (Avg 0.6068) Dice:0.7463 (Avg 0.7238) LR 6.89e-04   (AvgTime 1.2)   
   [Train] sup_loss:0.175811 lv_loss:0.043446 epi_loss:0.000012 total_loss:0.184501 pseudo_update_count:596643
   [Train] Epoch: [55][220/358]  Loss:0.259 (Avg 0.1984) IoU:0.584 (Avg 0.6085) Dice:0.6981 (Avg 0.7251) LR 6.89e-04   (AvgTime 1.2)   
   [Train] sup_loss:0.251381 lv_loss:0.036031 epi_loss:0.000011 total_loss:0.258588 pseudo_update_count:449080
   [Train] Epoch: [55][240/358]  Loss:0.096 (Avg 0.1956) IoU:0.719 (Avg 0.6078) Dice:0.8189 (Avg 0.7241) LR 6.89e-04   (AvgTime 1.2)   
   [Train] sup_loss:0.088826 lv_loss:0.034612 epi_loss:0.000011 total_loss:0.095749 pseudo_update_count:598174
   [Train] Epoch: [55][260/358]  Loss:0.102 (Avg 0.1937) IoU:0.570 (Avg 0.6082) Dice:0.6893 (Avg 0.7246) LR 6.89e-04   (AvgTime 1.2)   
   [Train] sup_loss:0.096232 lv_loss:0.028249 epi_loss:0.000011 total_loss:0.101883 pseudo_update_count:749335
   [Train] Epoch: [55][280/358]  Loss:0.237 (Avg 0.1973) IoU:0.614 (Avg 0.6056) Dice:0.7374 (Avg 0.7225) LR 6.89e-04   (AvgTime 1.2)   
   [Train] sup_loss:0.230314 lv_loss:0.034761 epi_loss:0.000009 total_loss:0.237267 pseudo_update_count:647959
   [Train] Epoch: [55][300/358]  Loss:0.207 (Avg 0.2007) IoU:0.569 (Avg 0.6030) Dice:0.7040 (Avg 0.7206) LR 6.89e-04   (AvgTime 1.2)   
   [Train] sup_loss:0.197795 lv_loss:0.045457 epi_loss:0.000013 total_loss:0.206887 pseudo_update_count:647710
   [Train] Epoch: [55][320/358]  Loss:0.177 (Avg 0.2020) IoU:0.599 (Avg 0.6019) Dice:0.7069 (Avg 0.7195) LR 6.89e-04   (AvgTime 1.2)   
   [Train] sup_loss:0.167006 lv_loss:0.050445 epi_loss:0.000012 total_loss:0.177096 pseudo_update_count:746392
   [Train] Epoch: [55][340/358]  Loss:0.150 (Avg 0.2026) IoU:0.690 (Avg 0.6025) Dice:0.8031 (Avg 0.7198) LR 6.89e-04   (AvgTime 1.2)   
   [Train] sup_loss:0.141823 lv_loss:0.039439 epi_loss:0.000014 total_loss:0.149712 pseudo_update_count:548563
[Train-Epoch-Metrics] epoch=55 sup_loss:0.195310 lv_loss:0.039527 epi_loss:0.000011 total_loss:0.203216 pseudo_update_count:213649182 labeled_seen:1429 unlabeled_seen:4287 Dice:0.718140 IoU:0.600588
Validation
   [Val] Epoch: [55][20/90]  Loss:0.202 (Avg 0.1903) IoU:0.580 (Avg 0.6229) Dice:0.6938 (Avg 0.7331) (AvgTime 0.5)   
   [Val] sup_loss:0.202047 lv_loss:0.000000 epi_loss:0.000000 total_loss:0.202047 pseudo_update_count:0
   [Val] Epoch: [55][40/90]  Loss:0.153 (Avg 0.1949) IoU:0.706 (Avg 0.6184) Dice:0.8171 (Avg 0.7319) (AvgTime 0.5)   
   [Val] sup_loss:0.153167 lv_loss:0.000000 epi_loss:0.000000 total_loss:0.153167 pseudo_update_count:0
   [Val] Epoch: [55][60/90]  Loss:0.209 (Avg 0.1958) IoU:0.578 (Avg 0.6141) Dice:0.7110 (Avg 0.7290) (AvgTime 0.5)   
   [Val] sup_loss:0.208804 lv_loss:0.000000 epi_loss:0.000000 total_loss:0.208804 pseudo_update_count:0
   [Val] Epoch: [55][80/90]  Loss:0.191 (Avg 0.1937) IoU:0.619 (Avg 0.6174) Dice:0.7415 (Avg 0.7326) (AvgTime 0.5)   
   [Val] sup_loss:0.191207 lv_loss:0.000000 epi_loss:0.000000 total_loss:0.191207 pseudo_update_count:0
[Val-Epoch-Metrics] epoch=55 sup_loss:0.195373 lv_loss:0.000000 epi_loss:0.000000 total_loss:0.195373 pseudo_update_count:0 labeled_seen:1429 unlabeled_seen:0 Dice:0.731178 IoU:0.615688
	 Mean dice:0.7312 does not increase, the best is still: 0.7546 in epoch 50
	 early_stopping_count: 5/100000

========= Epoch [56/81] =========
QaTa_Covid19_LViT_25pct_labels
Training with batch size : 16
[SemiSup] subset_ratio=0.2500 labeled_name_count=1429
   [Train] Epoch: [56][20/358]  Loss:0.170 (Avg 0.1923) IoU:0.670 (Avg 0.6047) Dice:0.7823 (Avg 0.7205) LR 5.50e-04   (AvgTime 1.2)   
   [Train] sup_loss:0.162388 lv_loss:0.036152 epi_loss:0.000016 total_loss:0.169619 pseudo_update_count:398569
   [Train] Epoch: [56][40/358]  Loss:0.262 (Avg 0.1735) IoU:0.448 (Avg 0.6143) Dice:0.5685 (Avg 0.7289) LR 5.50e-04   (AvgTime 1.2)   
   [Train] sup_loss:0.253312 lv_loss:0.042394 epi_loss:0.000009 total_loss:0.261791 pseudo_update_count:547441
   [Train] Epoch: [56][60/358]  Loss:0.103 (Avg 0.1747) IoU:0.560 (Avg 0.6140) Dice:0.6783 (Avg 0.7305) LR 5.50e-04   (AvgTime 1.2)   
   [Train] sup_loss:0.093854 lv_loss:0.045114 epi_loss:0.000013 total_loss:0.102878 pseudo_update_count:646813
   [Train] Epoch: [56][80/358]  Loss:0.193 (Avg 0.1802) IoU:0.528 (Avg 0.6108) Dice:0.6466 (Avg 0.7269) LR 5.50e-04   (AvgTime 1.2)   
   [Train] sup_loss:0.184709 lv_loss:0.040090 epi_loss:0.000015 total_loss:0.192727 pseudo_update_count:647679
   [Train] Epoch: [56][100/358]  Loss:0.153 (Avg 0.1883) IoU:0.589 (Avg 0.6076) Dice:0.6995 (Avg 0.7247) LR 5.50e-04   (AvgTime 1.2)   
   [Train] sup_loss:0.146374 lv_loss:0.034977 epi_loss:0.000010 total_loss:0.153370 pseudo_update_count:648350
   [Train] Epoch: [56][120/358]  Loss:0.173 (Avg 0.1907) IoU:0.619 (Avg 0.6065) Dice:0.7294 (Avg 0.7234) LR 5.50e-04   (AvgTime 1.2)   
   [Train] sup_loss:0.167112 lv_loss:0.031567 epi_loss:0.000014 total_loss:0.173426 pseudo_update_count:499235
   [Train] Epoch: [56][140/358]  Loss:0.780 (Avg 0.1971) IoU:0.451 (Avg 0.6016) Dice:0.5671 (Avg 0.7193) LR 5.50e-04   (AvgTime 1.2)   
   [Train] sup_loss:0.772534 lv_loss:0.036794 epi_loss:0.000009 total_loss:0.779893 pseudo_update_count:698285
   [Train] Epoch: [56][160/358]  Loss:0.180 (Avg 0.1968) IoU:0.685 (Avg 0.6020) Dice:0.7914 (Avg 0.7194) LR 5.50e-04   (AvgTime 1.2)   
   [Train] sup_loss:0.172069 lv_loss:0.038396 epi_loss:0.000008 total_loss:0.179748 pseudo_update_count:597991
   [Train] Epoch: [56][180/358]  Loss:0.251 (Avg 0.1961) IoU:0.463 (Avg 0.6024) Dice:0.5778 (Avg 0.7196) LR 5.50e-04   (AvgTime 1.2)   
   [Train] sup_loss:0.241774 lv_loss:0.047216 epi_loss:0.000010 total_loss:0.251218 pseudo_update_count:496667
   [Train] Epoch: [56][200/358]  Loss:0.249 (Avg 0.1985) IoU:0.654 (Avg 0.6032) Dice:0.7653 (Avg 0.7201) LR 5.50e-04   (AvgTime 1.2)   
   [Train] sup_loss:0.242159 lv_loss:0.036238 epi_loss:0.000012 total_loss:0.249407 pseudo_update_count:498724
   [Train] Epoch: [56][220/358]  Loss:0.225 (Avg 0.1975) IoU:0.558 (Avg 0.6040) Dice:0.6720 (Avg 0.7209) LR 5.50e-04   (AvgTime 1.2)   
   [Train] sup_loss:0.216979 lv_loss:0.041951 epi_loss:0.000013 total_loss:0.225370 pseudo_update_count:747720
   [Train] Epoch: [56][240/358]  Loss:0.091 (Avg 0.1986) IoU:0.674 (Avg 0.6051) Dice:0.7720 (Avg 0.7218) LR 5.50e-04   (AvgTime 1.2)   
   [Train] sup_loss:0.084009 lv_loss:0.037275 epi_loss:0.000013 total_loss:0.091465 pseudo_update_count:698109
   [Train] Epoch: [56][260/358]  Loss:0.254 (Avg 0.2026) IoU:0.570 (Avg 0.6024) Dice:0.6892 (Avg 0.7191) LR 5.50e-04   (AvgTime 1.2)   
   [Train] sup_loss:0.247315 lv_loss:0.034758 epi_loss:0.000012 total_loss:0.254267 pseudo_update_count:548311
   [Train] Epoch: [56][280/358]  Loss:0.239 (Avg 0.2018) IoU:0.504 (Avg 0.6036) Dice:0.6268 (Avg 0.7204) LR 5.50e-04   (AvgTime 1.2)   
   [Train] sup_loss:0.232090 lv_loss:0.035403 epi_loss:0.000009 total_loss:0.239171 pseudo_update_count:547812
   [Train] Epoch: [56][300/358]  Loss:0.110 (Avg 0.2019) IoU:0.669 (Avg 0.6032) Dice:0.7729 (Avg 0.7202) LR 5.50e-04   (AvgTime 1.2)   
   [Train] sup_loss:0.101963 lv_loss:0.041310 epi_loss:0.000007 total_loss:0.110225 pseudo_update_count:498154
   [Train] Epoch: [56][320/358]  Loss:0.164 (Avg 0.1999) IoU:0.605 (Avg 0.6028) Dice:0.7155 (Avg 0.7200) LR 5.50e-04   (AvgTime 1.2)   
   [Train] sup_loss:0.157578 lv_loss:0.034604 epi_loss:0.000012 total_loss:0.164499 pseudo_update_count:598636
   [Train] Epoch: [56][340/358]  Loss:0.175 (Avg 0.2012) IoU:0.613 (Avg 0.6038) Dice:0.7385 (Avg 0.7211) LR 5.50e-04   (AvgTime 1.2)   
   [Train] sup_loss:0.165821 lv_loss:0.046465 epi_loss:0.000015 total_loss:0.175115 pseudo_update_count:498147
[Train-Epoch-Metrics] epoch=56 sup_loss:0.191258 lv_loss:0.038766 epi_loss:0.000012 total_loss:0.199012 pseudo_update_count:213674666 labeled_seen:1429 unlabeled_seen:4287 Dice:0.722620 IoU:0.605411
Validation
   [Val] Epoch: [56][20/90]  Loss:0.186 (Avg 0.1839) IoU:0.634 (Avg 0.6380) Dice:0.7414 (Avg 0.7477) (AvgTime 0.5)   
   [Val] sup_loss:0.186246 lv_loss:0.000000 epi_loss:0.000000 total_loss:0.186246 pseudo_update_count:0
   [Val] Epoch: [56][40/90]  Loss:0.198 (Avg 0.1906) IoU:0.612 (Avg 0.6332) Dice:0.7442 (Avg 0.7432) (AvgTime 0.5)   
   [Val] sup_loss:0.197789 lv_loss:0.000000 epi_loss:0.000000 total_loss:0.197789 pseudo_update_count:0
   [Val] Epoch: [56][60/90]  Loss:0.216 (Avg 0.1906) IoU:0.670 (Avg 0.6310) Dice:0.7769 (Avg 0.7427) (AvgTime 0.5)   
   [Val] sup_loss:0.215974 lv_loss:0.000000 epi_loss:0.000000 total_loss:0.215974 pseudo_update_count:0
   [Val] Epoch: [56][80/90]  Loss:0.178 (Avg 0.1907) IoU:0.635 (Avg 0.6331) Dice:0.7411 (Avg 0.7455) (AvgTime 0.5)   
   [Val] sup_loss:0.178347 lv_loss:0.000000 epi_loss:0.000000 total_loss:0.178347 pseudo_update_count:0
[Val-Epoch-Metrics] epoch=56 sup_loss:0.192148 lv_loss:0.000000 epi_loss:0.000000 total_loss:0.192148 pseudo_update_count:0 labeled_seen:1429 unlabeled_seen:0 Dice:0.742943 IoU:0.630416
	 Mean dice:0.7429 does not increase, the best is still: 0.7546 in epoch 50
	 early_stopping_count: 6/100000

========= Epoch [57/81] =========
QaTa_Covid19_LViT_25pct_labels
Training with batch size : 16
[SemiSup] subset_ratio=0.2500 labeled_name_count=1429
   [Train] Epoch: [57][20/358]  Loss:0.195 (Avg 0.2041) IoU:0.595 (Avg 0.5965) Dice:0.7144 (Avg 0.7134) LR 4.11e-04   (AvgTime 1.2)   
   [Train] sup_loss:0.187055 lv_loss:0.038594 epi_loss:0.000011 total_loss:0.194775 pseudo_update_count:697869
   [Train] Epoch: [57][40/358]  Loss:0.240 (Avg 0.1989) IoU:0.581 (Avg 0.6134) Dice:0.7009 (Avg 0.7297) LR 4.11e-04   (AvgTime 1.2)   
   [Train] sup_loss:0.231967 lv_loss:0.042244 epi_loss:0.000012 total_loss:0.240417 pseudo_update_count:597671
   [Train] Epoch: [57][60/358]  Loss:0.250 (Avg 0.1993) IoU:0.632 (Avg 0.6241) Dice:0.7531 (Avg 0.7395) LR 4.11e-04   (AvgTime 1.2)   
   [Train] sup_loss:0.241687 lv_loss:0.039485 epi_loss:0.000012 total_loss:0.249585 pseudo_update_count:747503
   [Train] Epoch: [57][80/358]  Loss:0.191 (Avg 0.1962) IoU:0.523 (Avg 0.6245) Dice:0.6513 (Avg 0.7389) LR 4.11e-04   (AvgTime 1.2)   
   [Train] sup_loss:0.183614 lv_loss:0.035241 epi_loss:0.000009 total_loss:0.190663 pseudo_update_count:598610
   [Train] Epoch: [57][100/358]  Loss:0.147 (Avg 0.1949) IoU:0.724 (Avg 0.6244) Dice:0.8127 (Avg 0.7392) LR 4.11e-04   (AvgTime 1.2)   
   [Train] sup_loss:0.139308 lv_loss:0.036960 epi_loss:0.000012 total_loss:0.146701 pseudo_update_count:548831
   [Train] Epoch: [57][120/358]  Loss:0.159 (Avg 0.1924) IoU:0.618 (Avg 0.6256) Dice:0.7038 (Avg 0.7405) LR 4.11e-04   (AvgTime 1.2)   
   [Train] sup_loss:0.150719 lv_loss:0.040236 epi_loss:0.000013 total_loss:0.158767 pseudo_update_count:498411
   [Train] Epoch: [57][140/358]  Loss:0.127 (Avg 0.1906) IoU:0.617 (Avg 0.6244) Dice:0.7496 (Avg 0.7394) LR 4.11e-04   (AvgTime 1.2)   
   [Train] sup_loss:0.120081 lv_loss:0.033627 epi_loss:0.000012 total_loss:0.126807 pseudo_update_count:598563
   [Train] Epoch: [57][160/358]  Loss:0.200 (Avg 0.1912) IoU:0.761 (Avg 0.6260) Dice:0.8582 (Avg 0.7402) LR 4.11e-04   (AvgTime 1.2)   
   [Train] sup_loss:0.193427 lv_loss:0.033649 epi_loss:0.000013 total_loss:0.200157 pseudo_update_count:698416
   [Train] Epoch: [57][180/358]  Loss:0.526 (Avg 0.1957) IoU:0.561 (Avg 0.6197) Dice:0.6794 (Avg 0.7343) LR 4.11e-04   (AvgTime 1.2)   
   [Train] sup_loss:0.518378 lv_loss:0.039242 epi_loss:0.000015 total_loss:0.526227 pseudo_update_count:697213
   [Train] Epoch: [57][200/358]  Loss:0.156 (Avg 0.1968) IoU:0.576 (Avg 0.6151) Dice:0.7090 (Avg 0.7304) LR 4.11e-04   (AvgTime 1.2)   
   [Train] sup_loss:0.147778 lv_loss:0.039038 epi_loss:0.000010 total_loss:0.155586 pseudo_update_count:697731
   [Train] Epoch: [57][220/358]  Loss:0.223 (Avg 0.1967) IoU:0.500 (Avg 0.6155) Dice:0.6341 (Avg 0.7306) LR 4.11e-04   (AvgTime 1.2)   
   [Train] sup_loss:0.215562 lv_loss:0.039013 epi_loss:0.000011 total_loss:0.223365 pseudo_update_count:747111
   [Train] Epoch: [57][240/358]  Loss:0.281 (Avg 0.1950) IoU:0.617 (Avg 0.6141) Dice:0.7360 (Avg 0.7295) LR 4.11e-04   (AvgTime 1.2)   
   [Train] sup_loss:0.274338 lv_loss:0.031607 epi_loss:0.000013 total_loss:0.280660 pseudo_update_count:598905
   [Train] Epoch: [57][260/358]  Loss:0.197 (Avg 0.1963) IoU:0.632 (Avg 0.6117) Dice:0.7459 (Avg 0.7274) LR 4.11e-04   (AvgTime 1.2)   
   [Train] sup_loss:0.188066 lv_loss:0.044569 epi_loss:0.000018 total_loss:0.196981 pseudo_update_count:397951
   [Train] Epoch: [57][280/358]  Loss:0.238 (Avg 0.1945) IoU:0.542 (Avg 0.6117) Dice:0.6739 (Avg 0.7276) LR 4.11e-04   (AvgTime 1.2)   
   [Train] sup_loss:0.231670 lv_loss:0.032578 epi_loss:0.000008 total_loss:0.238186 pseudo_update_count:598784
   [Train] Epoch: [57][300/358]  Loss:0.604 (Avg 0.1959) IoU:0.426 (Avg 0.6123) Dice:0.5497 (Avg 0.7280) LR 4.11e-04   (AvgTime 1.2)   
   [Train] sup_loss:0.596377 lv_loss:0.037867 epi_loss:0.000007 total_loss:0.603950 pseudo_update_count:747456
   [Train] Epoch: [57][320/358]  Loss:0.269 (Avg 0.1981) IoU:0.604 (Avg 0.6108) Dice:0.7101 (Avg 0.7268) LR 4.11e-04   (AvgTime 1.2)   
   [Train] sup_loss:0.260619 lv_loss:0.041094 epi_loss:0.000016 total_loss:0.268838 pseudo_update_count:498519
   [Train] Epoch: [57][340/358]  Loss:0.244 (Avg 0.2000) IoU:0.490 (Avg 0.6082) Dice:0.6113 (Avg 0.7247) LR 4.11e-04   (AvgTime 1.2)   
   [Train] sup_loss:0.235129 lv_loss:0.044648 epi_loss:0.000014 total_loss:0.244059 pseudo_update_count:597483
[Train-Epoch-Metrics] epoch=57 sup_loss:0.193269 lv_loss:0.037611 epi_loss:0.000012 total_loss:0.200791 pseudo_update_count:213695387 labeled_seen:1429 unlabeled_seen:4287 Dice:0.723635 IoU:0.606779
Validation
   [Val] Epoch: [57][20/90]  Loss:0.219 (Avg 0.2108) IoU:0.568 (Avg 0.6092) Dice:0.6968 (Avg 0.7255) (AvgTime 0.6)   
   [Val] sup_loss:0.219229 lv_loss:0.000000 epi_loss:0.000000 total_loss:0.219229 pseudo_update_count:0
   [Val] Epoch: [57][40/90]  Loss:0.199 (Avg 0.2052) IoU:0.613 (Avg 0.6122) Dice:0.7394 (Avg 0.7273) (AvgTime 0.5)   
   [Val] sup_loss:0.199071 lv_loss:0.000000 epi_loss:0.000000 total_loss:0.199071 pseudo_update_count:0
   [Val] Epoch: [57][60/90]  Loss:0.175 (Avg 0.2116) IoU:0.693 (Avg 0.6041) Dice:0.8029 (Avg 0.7189) (AvgTime 0.5)   
   [Val] sup_loss:0.175232 lv_loss:0.000000 epi_loss:0.000000 total_loss:0.175232 pseudo_update_count:0
   [Val] Epoch: [57][80/90]  Loss:0.147 (Avg 0.2136) IoU:0.718 (Avg 0.6003) Dice:0.8026 (Avg 0.7162) (AvgTime 0.5)   
   [Val] sup_loss:0.146503 lv_loss:0.000000 epi_loss:0.000000 total_loss:0.146503 pseudo_update_count:0
[Val-Epoch-Metrics] epoch=57 sup_loss:0.212699 lv_loss:0.000000 epi_loss:0.000000 total_loss:0.212699 pseudo_update_count:0 labeled_seen:1429 unlabeled_seen:0 Dice:0.717167 IoU:0.601661
	 Mean dice:0.7172 does not increase, the best is still: 0.7546 in epoch 50
	 early_stopping_count: 7/100000

========= Epoch [58/81] =========
QaTa_Covid19_LViT_25pct_labels
Training with batch size : 16
[SemiSup] subset_ratio=0.2500 labeled_name_count=1429
   [Train] Epoch: [58][20/358]  Loss:0.189 (Avg 0.2105) IoU:0.702 (Avg 0.6074) Dice:0.8151 (Avg 0.7249) LR 2.85e-04   (AvgTime 1.2)   
   [Train] sup_loss:0.181562 lv_loss:0.036135 epi_loss:0.000014 total_loss:0.188790 pseudo_update_count:648650
   [Train] Epoch: [58][40/358]  Loss:0.194 (Avg 0.2139) IoU:0.567 (Avg 0.5975) Dice:0.6758 (Avg 0.7169) LR 2.85e-04   (AvgTime 1.2)   
   [Train] sup_loss:0.186294 lv_loss:0.038440 epi_loss:0.000011 total_loss:0.193983 pseudo_update_count:547258
   [Train] Epoch: [58][60/358]  Loss:0.252 (Avg 0.2166) IoU:0.651 (Avg 0.5989) Dice:0.7442 (Avg 0.7179) LR 2.85e-04   (AvgTime 1.2)   
   [Train] sup_loss:0.244790 lv_loss:0.038338 epi_loss:0.000016 total_loss:0.252458 pseudo_update_count:499130
   [Train] Epoch: [58][80/358]  Loss:0.176 (Avg 0.2216) IoU:0.607 (Avg 0.5944) Dice:0.7190 (Avg 0.7139) LR 2.85e-04   (AvgTime 1.2)   
   [Train] sup_loss:0.168784 lv_loss:0.037428 epi_loss:0.000007 total_loss:0.176270 pseudo_update_count:448348
   [Train] Epoch: [58][100/358]  Loss:0.149 (Avg 0.2166) IoU:0.698 (Avg 0.5944) Dice:0.8135 (Avg 0.7137) LR 2.85e-04   (AvgTime 1.2)   
   [Train] sup_loss:0.141254 lv_loss:0.040869 epi_loss:0.000013 total_loss:0.149428 pseudo_update_count:696927
   [Train] Epoch: [58][120/358]  Loss:0.333 (Avg 0.2191) IoU:0.600 (Avg 0.5900) Dice:0.7192 (Avg 0.7093) LR 2.85e-04   (AvgTime 1.2)   
   [Train] sup_loss:0.323734 lv_loss:0.046816 epi_loss:0.000012 total_loss:0.333098 pseudo_update_count:647455
   [Train] Epoch: [58][140/358]  Loss:0.187 (Avg 0.2138) IoU:0.622 (Avg 0.5951) Dice:0.7421 (Avg 0.7143) LR 2.85e-04   (AvgTime 1.2)   
   [Train] sup_loss:0.179075 lv_loss:0.038622 epi_loss:0.000016 total_loss:0.186800 pseudo_update_count:598284
   [Train] Epoch: [58][160/358]  Loss:0.350 (Avg 0.2148) IoU:0.582 (Avg 0.5959) Dice:0.7104 (Avg 0.7150) LR 2.85e-04   (AvgTime 1.2)   
   [Train] sup_loss:0.341299 lv_loss:0.041489 epi_loss:0.000013 total_loss:0.349597 pseudo_update_count:647475
   [Train] Epoch: [58][180/358]  Loss:0.213 (Avg 0.2104) IoU:0.522 (Avg 0.5965) Dice:0.6481 (Avg 0.7154) LR 2.85e-04   (AvgTime 1.2)   
   [Train] sup_loss:0.203880 lv_loss:0.043937 epi_loss:0.000013 total_loss:0.212669 pseudo_update_count:398953
   [Train] Epoch: [58][200/358]  Loss:0.194 (Avg 0.2073) IoU:0.516 (Avg 0.5984) Dice:0.6567 (Avg 0.7172) LR 2.85e-04   (AvgTime 1.2)   
   [Train] sup_loss:0.186349 lv_loss:0.037413 epi_loss:0.000009 total_loss:0.193832 pseudo_update_count:648068
   [Train] Epoch: [58][220/358]  Loss:0.245 (Avg 0.2089) IoU:0.564 (Avg 0.5979) Dice:0.6852 (Avg 0.7163) LR 2.85e-04   (AvgTime 1.2)   
   [Train] sup_loss:0.237892 lv_loss:0.033998 epi_loss:0.000013 total_loss:0.244693 pseudo_update_count:449124
   [Train] Epoch: [58][240/358]  Loss:0.517 (Avg 0.2095) IoU:0.571 (Avg 0.5981) Dice:0.6902 (Avg 0.7166) LR 2.85e-04   (AvgTime 1.2)   
   [Train] sup_loss:0.508716 lv_loss:0.040608 epi_loss:0.000009 total_loss:0.516838 pseudo_update_count:696875
   [Train] Epoch: [58][260/358]  Loss:0.188 (Avg 0.2085) IoU:0.571 (Avg 0.5978) Dice:0.6876 (Avg 0.7164) LR 2.85e-04   (AvgTime 1.2)   
   [Train] sup_loss:0.179804 lv_loss:0.041017 epi_loss:0.000014 total_loss:0.188008 pseudo_update_count:647774
   [Train] Epoch: [58][280/358]  Loss:0.186 (Avg 0.2067) IoU:0.417 (Avg 0.5985) Dice:0.5499 (Avg 0.7171) LR 2.85e-04   (AvgTime 1.2)   
   [Train] sup_loss:0.177971 lv_loss:0.038185 epi_loss:0.000013 total_loss:0.185609 pseudo_update_count:548293
   [Train] Epoch: [58][300/358]  Loss:0.363 (Avg 0.2058) IoU:0.603 (Avg 0.6009) Dice:0.7254 (Avg 0.7190) LR 2.85e-04   (AvgTime 1.2)   
   [Train] sup_loss:0.355621 lv_loss:0.038112 epi_loss:0.000010 total_loss:0.363244 pseudo_update_count:698038
   [Train] Epoch: [58][320/358]  Loss:0.339 (Avg 0.2052) IoU:0.498 (Avg 0.6022) Dice:0.6305 (Avg 0.7202) LR 2.85e-04   (AvgTime 1.2)   
   [Train] sup_loss:0.330619 lv_loss:0.042517 epi_loss:0.000010 total_loss:0.339123 pseudo_update_count:646537
   [Train] Epoch: [58][340/358]  Loss:0.265 (Avg 0.2041) IoU:0.556 (Avg 0.6033) Dice:0.6683 (Avg 0.7210) LR 2.85e-04   (AvgTime 1.2)   
   [Train] sup_loss:0.257877 lv_loss:0.035215 epi_loss:0.000013 total_loss:0.264920 pseudo_update_count:548832
[Train-Epoch-Metrics] epoch=58 sup_loss:0.195011 lv_loss:0.040277 epi_loss:0.000011 total_loss:0.203067 pseudo_update_count:213576293 labeled_seen:1429 unlabeled_seen:4287 Dice:0.721952 IoU:0.604347
Validation
   [Val] Epoch: [58][20/90]  Loss:0.234 (Avg 0.1828) IoU:0.617 (Avg 0.6323) Dice:0.7218 (Avg 0.7463) (AvgTime 0.5)   
   [Val] sup_loss:0.234120 lv_loss:0.000000 epi_loss:0.000000 total_loss:0.234120 pseudo_update_count:0
   [Val] Epoch: [58][40/90]  Loss:0.249 (Avg 0.1890) IoU:0.500 (Avg 0.6222) Dice:0.6205 (Avg 0.7377) (AvgTime 0.5)   
   [Val] sup_loss:0.249185 lv_loss:0.000000 epi_loss:0.000000 total_loss:0.249185 pseudo_update_count:0
   [Val] Epoch: [58][60/90]  Loss:0.205 (Avg 0.1929) IoU:0.587 (Avg 0.6165) Dice:0.7064 (Avg 0.7335) (AvgTime 0.5)   
   [Val] sup_loss:0.205246 lv_loss:0.000000 epi_loss:0.000000 total_loss:0.205246 pseudo_update_count:0
   [Val] Epoch: [58][80/90]  Loss:0.169 (Avg 0.1900) IoU:0.655 (Avg 0.6201) Dice:0.7644 (Avg 0.7362) (AvgTime 0.5)   
   [Val] sup_loss:0.168551 lv_loss:0.000000 epi_loss:0.000000 total_loss:0.168551 pseudo_update_count:0
[Val-Epoch-Metrics] epoch=58 sup_loss:0.189442 lv_loss:0.000000 epi_loss:0.000000 total_loss:0.189442 pseudo_update_count:0 labeled_seen:1429 unlabeled_seen:0 Dice:0.736607 IoU:0.621254
	 Mean dice:0.7366 does not increase, the best is still: 0.7546 in epoch 50
	 early_stopping_count: 8/100000

========= Epoch [59/81] =========
QaTa_Covid19_LViT_25pct_labels
Training with batch size : 16
[SemiSup] subset_ratio=0.2500 labeled_name_count=1429
   [Train] Epoch: [59][20/358]  Loss:0.178 (Avg 0.1830) IoU:0.723 (Avg 0.6026) Dice:0.8280 (Avg 0.7226) LR 1.86e-04   (AvgTime 1.2)   
   [Train] sup_loss:0.170932 lv_loss:0.036815 epi_loss:0.000014 total_loss:0.178296 pseudo_update_count:548136
   [Train] Epoch: [59][40/358]  Loss:0.208 (Avg 0.1808) IoU:0.632 (Avg 0.6160) Dice:0.7553 (Avg 0.7329) LR 1.86e-04   (AvgTime 1.2)   
   [Train] sup_loss:0.201440 lv_loss:0.031119 epi_loss:0.000011 total_loss:0.207664 pseudo_update_count:598934
   [Train] Epoch: [59][60/358]  Loss:0.245 (Avg 0.1883) IoU:0.541 (Avg 0.6041) Dice:0.6660 (Avg 0.7227) LR 1.86e-04   (AvgTime 1.2)   
   [Train] sup_loss:0.237074 lv_loss:0.039646 epi_loss:0.000012 total_loss:0.245004 pseudo_update_count:547612
   [Train] Epoch: [59][80/358]  Loss:0.280 (Avg 0.1887) IoU:0.507 (Avg 0.6065) Dice:0.6371 (Avg 0.7241) LR 1.86e-04   (AvgTime 1.2)   
   [Train] sup_loss:0.271782 lv_loss:0.038922 epi_loss:0.000010 total_loss:0.279567 pseudo_update_count:548350
   [Train] Epoch: [59][100/358]  Loss:0.172 (Avg 0.1873) IoU:0.606 (Avg 0.6073) Dice:0.7351 (Avg 0.7249) LR 1.86e-04   (AvgTime 1.2)   
   [Train] sup_loss:0.164446 lv_loss:0.039362 epi_loss:0.000014 total_loss:0.172319 pseudo_update_count:647592
   [Train] Epoch: [59][120/358]  Loss:0.164 (Avg 0.1883) IoU:0.736 (Avg 0.6128) Dice:0.8323 (Avg 0.7298) LR 1.86e-04   (AvgTime 1.2)   
   [Train] sup_loss:0.155867 lv_loss:0.042348 epi_loss:0.000014 total_loss:0.164337 pseudo_update_count:597465
   [Train] Epoch: [59][140/358]  Loss:0.122 (Avg 0.1874) IoU:0.716 (Avg 0.6147) Dice:0.8147 (Avg 0.7310) LR 1.86e-04   (AvgTime 1.2)   
   [Train] sup_loss:0.115710 lv_loss:0.029579 epi_loss:0.000011 total_loss:0.121626 pseudo_update_count:499281
   [Train] Epoch: [59][160/358]  Loss:0.189 (Avg 0.1868) IoU:0.697 (Avg 0.6166) Dice:0.7939 (Avg 0.7327) LR 1.86e-04   (AvgTime 1.2)   
   [Train] sup_loss:0.181954 lv_loss:0.034156 epi_loss:0.000008 total_loss:0.188786 pseudo_update_count:548679
   [Train] Epoch: [59][180/358]  Loss:0.186 (Avg 0.1883) IoU:0.608 (Avg 0.6145) Dice:0.7261 (Avg 0.7309) LR 1.86e-04   (AvgTime 1.2)   
   [Train] sup_loss:0.180965 lv_loss:0.026004 epi_loss:0.000007 total_loss:0.186166 pseudo_update_count:449642
   [Train] Epoch: [59][200/358]  Loss:0.196 (Avg 0.1871) IoU:0.689 (Avg 0.6144) Dice:0.7897 (Avg 0.7307) LR 1.86e-04   (AvgTime 1.2)   
   [Train] sup_loss:0.190676 lv_loss:0.028270 epi_loss:0.000014 total_loss:0.196330 pseudo_update_count:499585
   [Train] Epoch: [59][220/358]  Loss:0.202 (Avg 0.1902) IoU:0.655 (Avg 0.6152) Dice:0.7708 (Avg 0.7312) LR 1.86e-04   (AvgTime 1.2)   
   [Train] sup_loss:0.194246 lv_loss:0.037974 epi_loss:0.000015 total_loss:0.201842 pseudo_update_count:597822
   [Train] Epoch: [59][240/358]  Loss:0.188 (Avg 0.1907) IoU:0.608 (Avg 0.6161) Dice:0.6842 (Avg 0.7321) LR 1.86e-04   (AvgTime 1.2)   
   [Train] sup_loss:0.179212 lv_loss:0.043362 epi_loss:0.000015 total_loss:0.187885 pseudo_update_count:498174
   [Train] Epoch: [59][260/358]  Loss:0.252 (Avg 0.1899) IoU:0.556 (Avg 0.6172) Dice:0.6901 (Avg 0.7327) LR 1.86e-04   (AvgTime 1.2)   
   [Train] sup_loss:0.243342 lv_loss:0.043651 epi_loss:0.000011 total_loss:0.252073 pseudo_update_count:646729
   [Train] Epoch: [59][280/358]  Loss:0.132 (Avg 0.1898) IoU:0.595 (Avg 0.6174) Dice:0.7298 (Avg 0.7332) LR 1.86e-04   (AvgTime 1.2)   
   [Train] sup_loss:0.125413 lv_loss:0.034235 epi_loss:0.000008 total_loss:0.132260 pseudo_update_count:648767
   [Train] Epoch: [59][300/358]  Loss:0.115 (Avg 0.1908) IoU:0.602 (Avg 0.6169) Dice:0.7163 (Avg 0.7326) LR 1.86e-04   (AvgTime 1.2)   
   [Train] sup_loss:0.106623 lv_loss:0.039403 epi_loss:0.000009 total_loss:0.114504 pseudo_update_count:648012
   [Train] Epoch: [59][320/358]  Loss:0.311 (Avg 0.1915) IoU:0.469 (Avg 0.6166) Dice:0.5913 (Avg 0.7322) LR 1.86e-04   (AvgTime 1.2)   
   [Train] sup_loss:0.302506 lv_loss:0.042952 epi_loss:0.000008 total_loss:0.311097 pseudo_update_count:597397
   [Train] Epoch: [59][340/358]  Loss:0.243 (Avg 0.1910) IoU:0.608 (Avg 0.6179) Dice:0.7274 (Avg 0.7334) LR 1.86e-04   (AvgTime 1.2)   
   [Train] sup_loss:0.235255 lv_loss:0.037243 epi_loss:0.000014 total_loss:0.242704 pseudo_update_count:648057
[Train-Epoch-Metrics] epoch=59 sup_loss:0.183157 lv_loss:0.037176 epi_loss:0.000011 total_loss:0.190592 pseudo_update_count:213670393 labeled_seen:1429 unlabeled_seen:4287 Dice:0.733512 IoU:0.617890
Validation
   [Val] Epoch: [59][20/90]  Loss:0.171 (Avg 0.1903) IoU:0.651 (Avg 0.6206) Dice:0.7504 (Avg 0.7360) (AvgTime 0.5)   
   [Val] sup_loss:0.170618 lv_loss:0.000000 epi_loss:0.000000 total_loss:0.170618 pseudo_update_count:0
   [Val] Epoch: [59][40/90]  Loss:0.225 (Avg 0.1884) IoU:0.573 (Avg 0.6250) Dice:0.6766 (Avg 0.7396) (AvgTime 0.5)   
   [Val] sup_loss:0.224893 lv_loss:0.000000 epi_loss:0.000000 total_loss:0.224893 pseudo_update_count:0
   [Val] Epoch: [59][60/90]  Loss:0.212 (Avg 0.1877) IoU:0.643 (Avg 0.6316) Dice:0.7551 (Avg 0.7448) (AvgTime 0.5)   
   [Val] sup_loss:0.211662 lv_loss:0.000000 epi_loss:0.000000 total_loss:0.211662 pseudo_update_count:0
   [Val] Epoch: [59][80/90]  Loss:0.159 (Avg 0.1852) IoU:0.664 (Avg 0.6321) Dice:0.7882 (Avg 0.7453) (AvgTime 0.5)   
   [Val] sup_loss:0.158911 lv_loss:0.000000 epi_loss:0.000000 total_loss:0.158911 pseudo_update_count:0
[Val-Epoch-Metrics] epoch=59 sup_loss:0.183869 lv_loss:0.000000 epi_loss:0.000000 total_loss:0.183869 pseudo_update_count:0 labeled_seen:1429 unlabeled_seen:0 Dice:0.747148 IoU:0.633652
	 Mean dice:0.7471 does not increase, the best is still: 0.7546 in epoch 50
	 early_stopping_count: 9/100000

========= Epoch [60/81] =========
QaTa_Covid19_LViT_25pct_labels
Training with batch size : 16
[SemiSup] subset_ratio=0.2500 labeled_name_count=1429
   [Train] Epoch: [60][20/358]  Loss:0.086 (Avg 0.1518) IoU:0.626 (Avg 0.6319) Dice:0.7466 (Avg 0.7450) LR 1.22e-04   (AvgTime 1.2)   
   [Train] sup_loss:0.076876 lv_loss:0.045713 epi_loss:0.000009 total_loss:0.086019 pseudo_update_count:695753
   [Train] Epoch: [60][40/358]  Loss:0.207 (Avg 0.1618) IoU:0.621 (Avg 0.6296) Dice:0.7342 (Avg 0.7415) LR 1.22e-04   (AvgTime 1.2)   
   [Train] sup_loss:0.199296 lv_loss:0.036156 epi_loss:0.000013 total_loss:0.206528 pseudo_update_count:548332
   [Train] Epoch: [60][60/358]  Loss:0.184 (Avg 0.1698) IoU:0.628 (Avg 0.6279) Dice:0.7500 (Avg 0.7410) LR 1.22e-04   (AvgTime 1.2)   
   [Train] sup_loss:0.176957 lv_loss:0.035878 epi_loss:0.000007 total_loss:0.184133 pseudo_update_count:399251
   [Train] Epoch: [60][80/358]  Loss:0.141 (Avg 0.1793) IoU:0.573 (Avg 0.6306) Dice:0.6973 (Avg 0.7439) LR 1.22e-04   (AvgTime 1.2)   
   [Train] sup_loss:0.133767 lv_loss:0.034455 epi_loss:0.000008 total_loss:0.140659 pseudo_update_count:597720
   [Train] Epoch: [60][100/358]  Loss:0.227 (Avg 0.1846) IoU:0.518 (Avg 0.6262) Dice:0.6392 (Avg 0.7405) LR 1.22e-04   (AvgTime 1.2)   
   [Train] sup_loss:0.220188 lv_loss:0.034525 epi_loss:0.000019 total_loss:0.227094 pseudo_update_count:448331
   [Train] Epoch: [60][120/358]  Loss:0.156 (Avg 0.1879) IoU:0.602 (Avg 0.6227) Dice:0.7298 (Avg 0.7371) LR 1.22e-04   (AvgTime 1.2)   
   [Train] sup_loss:0.148370 lv_loss:0.037849 epi_loss:0.000010 total_loss:0.155940 pseudo_update_count:747723
   [Train] Epoch: [60][140/358]  Loss:0.156 (Avg 0.1866) IoU:0.577 (Avg 0.6236) Dice:0.7128 (Avg 0.7379) LR 1.22e-04   (AvgTime 1.2)   
   [Train] sup_loss:0.148073 lv_loss:0.038870 epi_loss:0.000009 total_loss:0.155848 pseudo_update_count:696981
   [Train] Epoch: [60][160/358]  Loss:0.151 (Avg 0.1855) IoU:0.609 (Avg 0.6234) Dice:0.7405 (Avg 0.7381) LR 1.22e-04   (AvgTime 1.2)   
   [Train] sup_loss:0.141454 lv_loss:0.049686 epi_loss:0.000011 total_loss:0.151392 pseudo_update_count:446849
   [Train] Epoch: [60][180/358]  Loss:0.181 (Avg 0.1829) IoU:0.561 (Avg 0.6248) Dice:0.6745 (Avg 0.7394) LR 1.22e-04   (AvgTime 1.2)   
   [Train] sup_loss:0.174920 lv_loss:0.029629 epi_loss:0.000011 total_loss:0.180846 pseudo_update_count:598506
   [Train] Epoch: [60][200/358]  Loss:0.053 (Avg 0.1820) IoU:0.680 (Avg 0.6247) Dice:0.7661 (Avg 0.7396) LR 1.22e-04   (AvgTime 1.2)   
   [Train] sup_loss:0.046535 lv_loss:0.032390 epi_loss:0.000012 total_loss:0.053014 pseudo_update_count:598872
   [Train] Epoch: [60][220/358]  Loss:0.272 (Avg 0.1830) IoU:0.550 (Avg 0.6239) Dice:0.6782 (Avg 0.7389) LR 1.22e-04   (AvgTime 1.2)   
   [Train] sup_loss:0.264698 lv_loss:0.035523 epi_loss:0.000008 total_loss:0.271803 pseudo_update_count:548156
   [Train] Epoch: [60][240/358]  Loss:0.150 (Avg 0.1846) IoU:0.590 (Avg 0.6232) Dice:0.7213 (Avg 0.7385) LR 1.22e-04   (AvgTime 1.2)   
   [Train] sup_loss:0.143426 lv_loss:0.035154 epi_loss:0.000009 total_loss:0.150457 pseudo_update_count:647939
   [Train] Epoch: [60][260/358]  Loss:0.183 (Avg 0.1840) IoU:0.559 (Avg 0.6230) Dice:0.6703 (Avg 0.7381) LR 1.22e-04   (AvgTime 1.2)   
   [Train] sup_loss:0.175341 lv_loss:0.037814 epi_loss:0.000015 total_loss:0.182905 pseudo_update_count:547824
   [Train] Epoch: [60][280/358]  Loss:0.161 (Avg 0.1853) IoU:0.688 (Avg 0.6235) Dice:0.8001 (Avg 0.7386) LR 1.22e-04   (AvgTime 1.2)   
   [Train] sup_loss:0.154005 lv_loss:0.034054 epi_loss:0.000011 total_loss:0.160816 pseudo_update_count:598158
   [Train] Epoch: [60][300/358]  Loss:0.136 (Avg 0.1854) IoU:0.638 (Avg 0.6233) Dice:0.7432 (Avg 0.7382) LR 1.22e-04   (AvgTime 1.2)   
   [Train] sup_loss:0.128120 lv_loss:0.039577 epi_loss:0.000009 total_loss:0.136036 pseudo_update_count:647163
   [Train] Epoch: [60][320/358]  Loss:0.132 (Avg 0.1855) IoU:0.489 (Avg 0.6225) Dice:0.6102 (Avg 0.7375) LR 1.22e-04   (AvgTime 1.2)   
   [Train] sup_loss:0.124036 lv_loss:0.039928 epi_loss:0.000010 total_loss:0.132022 pseudo_update_count:647520
   [Train] Epoch: [60][340/358]  Loss:0.201 (Avg 0.1851) IoU:0.624 (Avg 0.6235) Dice:0.7382 (Avg 0.7385) LR 1.22e-04   (AvgTime 1.2)   
   [Train] sup_loss:0.193792 lv_loss:0.034386 epi_loss:0.000012 total_loss:0.200670 pseudo_update_count:548647
[Train-Epoch-Metrics] epoch=60 sup_loss:0.177487 lv_loss:0.035612 epi_loss:0.000011 total_loss:0.184610 pseudo_update_count:213731075 labeled_seen:1429 unlabeled_seen:4287 Dice:0.737738 IoU:0.622493
Validation
   [Val] Epoch: [60][20/90]  Loss:0.167 (Avg 0.1821) IoU:0.644 (Avg 0.6358) Dice:0.7654 (Avg 0.7504) (AvgTime 0.5)   
   [Val] sup_loss:0.166899 lv_loss:0.000000 epi_loss:0.000000 total_loss:0.166899 pseudo_update_count:0
   [Val] Epoch: [60][40/90]  Loss:0.249 (Avg 0.1836) IoU:0.562 (Avg 0.6290) Dice:0.6933 (Avg 0.7426) (AvgTime 0.5)   
   [Val] sup_loss:0.249146 lv_loss:0.000000 epi_loss:0.000000 total_loss:0.249146 pseudo_update_count:0
   [Val] Epoch: [60][60/90]  Loss:0.197 (Avg 0.1856) IoU:0.635 (Avg 0.6298) Dice:0.7493 (Avg 0.7437) (AvgTime 0.5)   
   [Val] sup_loss:0.197167 lv_loss:0.000000 epi_loss:0.000000 total_loss:0.197167 pseudo_update_count:0
   [Val] Epoch: [60][80/90]  Loss:0.158 (Avg 0.1841) IoU:0.676 (Avg 0.6319) Dice:0.7841 (Avg 0.7456) (AvgTime 0.5)   
   [Val] sup_loss:0.158361 lv_loss:0.000000 epi_loss:0.000000 total_loss:0.158361 pseudo_update_count:0
[Val-Epoch-Metrics] epoch=60 sup_loss:0.184644 lv_loss:0.000000 epi_loss:0.000000 total_loss:0.184644 pseudo_update_count:0 labeled_seen:1429 unlabeled_seen:0 Dice:0.743318 IoU:0.630045
	 Mean dice:0.7433 does not increase, the best is still: 0.7546 in epoch 50
	 early_stopping_count: 10/100000

========= Epoch [61/81] =========
QaTa_Covid19_LViT_25pct_labels
Training with batch size : 16
[SemiSup] subset_ratio=0.2500 labeled_name_count=1429
   [Train] Epoch: [61][20/358]  Loss:0.134 (Avg 0.1596) IoU:0.610 (Avg 0.6544) Dice:0.7246 (Avg 0.7669) LR 1.00e-03   (AvgTime 1.2)   
   [Train] sup_loss:0.127086 lv_loss:0.033112 epi_loss:0.000006 total_loss:0.133709 pseudo_update_count:598737
   [Train] Epoch: [61][40/358]  Loss:0.152 (Avg 0.1738) IoU:0.614 (Avg 0.6391) Dice:0.7399 (Avg 0.7525) LR 1.00e-03   (AvgTime 1.2)   
   [Train] sup_loss:0.144176 lv_loss:0.038877 epi_loss:0.000013 total_loss:0.151952 pseudo_update_count:647882
   [Train] Epoch: [61][60/358]  Loss:0.183 (Avg 0.1776) IoU:0.526 (Avg 0.6331) Dice:0.6714 (Avg 0.7476) LR 1.00e-03   (AvgTime 1.2)   
   [Train] sup_loss:0.176215 lv_loss:0.033726 epi_loss:0.000009 total_loss:0.182961 pseudo_update_count:648157
   [Train] Epoch: [61][80/358]  Loss:0.140 (Avg 0.1860) IoU:0.605 (Avg 0.6232) Dice:0.7085 (Avg 0.7385) LR 1.00e-03   (AvgTime 1.2)   
   [Train] sup_loss:0.132299 lv_loss:0.036170 epi_loss:0.000011 total_loss:0.139534 pseudo_update_count:747506
   [Train] Epoch: [61][100/358]  Loss:0.199 (Avg 0.1860) IoU:0.708 (Avg 0.6263) Dice:0.8209 (Avg 0.7426) LR 1.00e-03   (AvgTime 1.2)   
   [Train] sup_loss:0.191041 lv_loss:0.040886 epi_loss:0.000010 total_loss:0.199218 pseudo_update_count:598250
   [Train] Epoch: [61][120/358]  Loss:0.134 (Avg 0.1857) IoU:0.717 (Avg 0.6229) Dice:0.8206 (Avg 0.7395) LR 1.00e-03   (AvgTime 1.2)   
   [Train] sup_loss:0.126656 lv_loss:0.035544 epi_loss:0.000016 total_loss:0.133766 pseudo_update_count:697692
   [Train] Epoch: [61][140/358]  Loss:0.139 (Avg 0.1874) IoU:0.621 (Avg 0.6201) Dice:0.7377 (Avg 0.7366) LR 1.00e-03   (AvgTime 1.2)   
   [Train] sup_loss:0.129557 lv_loss:0.046039 epi_loss:0.000014 total_loss:0.138765 pseudo_update_count:647077
   [Train] Epoch: [61][160/358]  Loss:0.330 (Avg 0.1897) IoU:0.576 (Avg 0.6198) Dice:0.7066 (Avg 0.7366) LR 1.00e-03   (AvgTime 1.2)   
   [Train] sup_loss:0.321121 lv_loss:0.045023 epi_loss:0.000009 total_loss:0.330126 pseudo_update_count:647812
   [Train] Epoch: [61][180/358]  Loss:0.786 (Avg 0.1904) IoU:0.628 (Avg 0.6174) Dice:0.7292 (Avg 0.7343) LR 1.00e-03   (AvgTime 1.2)   
   [Train] sup_loss:0.777562 lv_loss:0.041290 epi_loss:0.000012 total_loss:0.785821 pseudo_update_count:747748
   [Train] Epoch: [61][200/358]  Loss:0.272 (Avg 0.1902) IoU:0.671 (Avg 0.6185) Dice:0.7794 (Avg 0.7350) LR 1.00e-03   (AvgTime 1.2)   
   [Train] sup_loss:0.264673 lv_loss:0.038357 epi_loss:0.000012 total_loss:0.272345 pseudo_update_count:648668
   [Train] Epoch: [61][220/358]  Loss:0.281 (Avg 0.1917) IoU:0.547 (Avg 0.6165) Dice:0.6885 (Avg 0.7327) LR 1.00e-03   (AvgTime 1.2)   
   [Train] sup_loss:0.273587 lv_loss:0.039245 epi_loss:0.000009 total_loss:0.281437 pseudo_update_count:697963
   [Train] Epoch: [61][240/358]  Loss:0.155 (Avg 0.1934) IoU:0.681 (Avg 0.6146) Dice:0.7870 (Avg 0.7309) LR 1.00e-03   (AvgTime 1.2)   
   [Train] sup_loss:0.147493 lv_loss:0.038908 epi_loss:0.000014 total_loss:0.155275 pseudo_update_count:498338
   [Train] Epoch: [61][260/358]  Loss:0.319 (Avg 0.1972) IoU:0.464 (Avg 0.6105) Dice:0.6075 (Avg 0.7272) LR 1.00e-03   (AvgTime 1.2)   
   [Train] sup_loss:0.308055 lv_loss:0.053910 epi_loss:0.000013 total_loss:0.318838 pseudo_update_count:645228
   [Train] Epoch: [61][280/358]  Loss:0.110 (Avg 0.1978) IoU:0.660 (Avg 0.6098) Dice:0.7698 (Avg 0.7266) LR 1.00e-03   (AvgTime 1.2)   
   [Train] sup_loss:0.102772 lv_loss:0.038153 epi_loss:0.000009 total_loss:0.110403 pseudo_update_count:648514
   [Train] Epoch: [61][300/358]  Loss:0.193 (Avg 0.1978) IoU:0.604 (Avg 0.6079) Dice:0.7288 (Avg 0.7250) LR 1.00e-03   (AvgTime 1.2)   
   [Train] sup_loss:0.183301 lv_loss:0.050333 epi_loss:0.000011 total_loss:0.193369 pseudo_update_count:746129
   [Train] Epoch: [61][320/358]  Loss:0.172 (Avg 0.2004) IoU:0.547 (Avg 0.6056) Dice:0.6551 (Avg 0.7227) LR 1.00e-03   (AvgTime 1.2)   
   [Train] sup_loss:0.162509 lv_loss:0.049033 epi_loss:0.000011 total_loss:0.172316 pseudo_update_count:547171
   [Train] Epoch: [61][340/358]  Loss:0.084 (Avg 0.2011) IoU:0.716 (Avg 0.6045) Dice:0.8271 (Avg 0.7217) LR 1.00e-03   (AvgTime 1.2)   
   [Train] sup_loss:0.077098 lv_loss:0.034228 epi_loss:0.000011 total_loss:0.083944 pseudo_update_count:698293
[Train-Epoch-Metrics] epoch=61 sup_loss:0.192782 lv_loss:0.039828 epi_loss:0.000011 total_loss:0.200748 pseudo_update_count:213634287 labeled_seen:1429 unlabeled_seen:4287 Dice:0.721391 IoU:0.604021
Validation
   [Val] Epoch: [61][20/90]  Loss:0.166 (Avg 0.2123) IoU:0.691 (Avg 0.6050) Dice:0.7936 (Avg 0.7205) (AvgTime 0.5)   
   [Val] sup_loss:0.166086 lv_loss:0.000000 epi_loss:0.000000 total_loss:0.166086 pseudo_update_count:0
   [Val] Epoch: [61][40/90]  Loss:0.244 (Avg 0.2036) IoU:0.568 (Avg 0.6115) Dice:0.6876 (Avg 0.7280) (AvgTime 0.5)   
   [Val] sup_loss:0.243965 lv_loss:0.000000 epi_loss:0.000000 total_loss:0.243965 pseudo_update_count:0
   [Val] Epoch: [61][60/90]  Loss:0.203 (Avg 0.2041) IoU:0.544 (Avg 0.6088) Dice:0.6723 (Avg 0.7244) (AvgTime 0.5)   
   [Val] sup_loss:0.203433 lv_loss:0.000000 epi_loss:0.000000 total_loss:0.203433 pseudo_update_count:0
   [Val] Epoch: [61][80/90]  Loss:0.232 (Avg 0.2023) IoU:0.584 (Avg 0.6112) Dice:0.7144 (Avg 0.7271) (AvgTime 0.5)   
   [Val] sup_loss:0.231992 lv_loss:0.000000 epi_loss:0.000000 total_loss:0.231992 pseudo_update_count:0
[Val-Epoch-Metrics] epoch=61 sup_loss:0.199997 lv_loss:0.000000 epi_loss:0.000000 total_loss:0.199997 pseudo_update_count:0 labeled_seen:1429 unlabeled_seen:0 Dice:0.730046 IoU:0.614478
	 Mean dice:0.7300 does not increase, the best is still: 0.7546 in epoch 50
	 early_stopping_count: 11/100000

========= Epoch [62/81] =========
QaTa_Covid19_LViT_25pct_labels
Training with batch size : 16
[SemiSup] subset_ratio=0.2500 labeled_name_count=1429
   [Train] Epoch: [62][20/358]  Loss:0.197 (Avg 0.2172) IoU:0.582 (Avg 0.5865) Dice:0.6954 (Avg 0.7071) LR 9.78e-04   (AvgTime 1.2)   
   [Train] sup_loss:0.191017 lv_loss:0.031902 epi_loss:0.000012 total_loss:0.197398 pseudo_update_count:698969
   [Train] Epoch: [62][40/358]  Loss:0.254 (Avg 0.2017) IoU:0.572 (Avg 0.6084) Dice:0.6977 (Avg 0.7266) LR 9.78e-04   (AvgTime 1.2)   
   [Train] sup_loss:0.244725 lv_loss:0.045903 epi_loss:0.000014 total_loss:0.253906 pseudo_update_count:597532
   [Train] Epoch: [62][60/358]  Loss:0.289 (Avg 0.2042) IoU:0.527 (Avg 0.6074) Dice:0.6568 (Avg 0.7254) LR 9.78e-04   (AvgTime 1.2)   
   [Train] sup_loss:0.280667 lv_loss:0.040860 epi_loss:0.000015 total_loss:0.288840 pseudo_update_count:597371
   [Train] Epoch: [62][80/358]  Loss:0.128 (Avg 0.1968) IoU:0.616 (Avg 0.6114) Dice:0.7360 (Avg 0.7296) LR 9.78e-04   (AvgTime 1.2)   
   [Train] sup_loss:0.120541 lv_loss:0.035698 epi_loss:0.000009 total_loss:0.127681 pseudo_update_count:598070
   [Train] Epoch: [62][100/358]  Loss:0.126 (Avg 0.1959) IoU:0.636 (Avg 0.6099) Dice:0.7420 (Avg 0.7285) LR 9.78e-04   (AvgTime 1.2)   
   [Train] sup_loss:0.118883 lv_loss:0.034941 epi_loss:0.000009 total_loss:0.125872 pseudo_update_count:648929
   [Train] Epoch: [62][120/358]  Loss:0.223 (Avg 0.1956) IoU:0.559 (Avg 0.6113) Dice:0.6824 (Avg 0.7295) LR 9.78e-04   (AvgTime 1.2)   
   [Train] sup_loss:0.214912 lv_loss:0.041667 epi_loss:0.000007 total_loss:0.223246 pseudo_update_count:547427
   [Train] Epoch: [62][140/358]  Loss:0.204 (Avg 0.1939) IoU:0.653 (Avg 0.6111) Dice:0.7548 (Avg 0.7296) LR 9.78e-04   (AvgTime 1.2)   
   [Train] sup_loss:0.197734 lv_loss:0.031500 epi_loss:0.000013 total_loss:0.204035 pseudo_update_count:698896
   [Train] Epoch: [62][160/358]  Loss:0.193 (Avg 0.1925) IoU:0.647 (Avg 0.6112) Dice:0.7537 (Avg 0.7293) LR 9.78e-04   (AvgTime 1.2)   
   [Train] sup_loss:0.186913 lv_loss:0.032671 epi_loss:0.000012 total_loss:0.193448 pseudo_update_count:598329
   [Train] Epoch: [62][180/358]  Loss:0.222 (Avg 0.1923) IoU:0.654 (Avg 0.6093) Dice:0.7585 (Avg 0.7272) LR 9.78e-04   (AvgTime 1.2)   
   [Train] sup_loss:0.213836 lv_loss:0.039321 epi_loss:0.000015 total_loss:0.221701 pseudo_update_count:547483
   [Train] Epoch: [62][200/358]  Loss:0.227 (Avg 0.1948) IoU:0.530 (Avg 0.6084) Dice:0.6794 (Avg 0.7264) LR 9.78e-04   (AvgTime 1.2)   
   [Train] sup_loss:0.218700 lv_loss:0.040321 epi_loss:0.000009 total_loss:0.226765 pseudo_update_count:498353
   [Train] Epoch: [62][220/358]  Loss:0.101 (Avg 0.1958) IoU:0.628 (Avg 0.6086) Dice:0.7380 (Avg 0.7264) LR 9.78e-04   (AvgTime 1.2)   
   [Train] sup_loss:0.093814 lv_loss:0.037497 epi_loss:0.000010 total_loss:0.101314 pseudo_update_count:647618
   [Train] Epoch: [62][240/358]  Loss:0.064 (Avg 0.1936) IoU:0.553 (Avg 0.6095) Dice:0.6718 (Avg 0.7269) LR 9.78e-04   (AvgTime 1.2)   
   [Train] sup_loss:0.057689 lv_loss:0.033830 epi_loss:0.000011 total_loss:0.064455 pseudo_update_count:697796
   [Train] Epoch: [62][260/358]  Loss:0.188 (Avg 0.1962) IoU:0.563 (Avg 0.6080) Dice:0.6919 (Avg 0.7256) LR 9.78e-04   (AvgTime 1.2)   
   [Train] sup_loss:0.179187 lv_loss:0.045273 epi_loss:0.000009 total_loss:0.188242 pseudo_update_count:597073
   [Train] Epoch: [62][280/358]  Loss:0.164 (Avg 0.1959) IoU:0.569 (Avg 0.6078) Dice:0.6844 (Avg 0.7250) LR 9.78e-04   (AvgTime 1.2)   
   [Train] sup_loss:0.155426 lv_loss:0.042808 epi_loss:0.000012 total_loss:0.163988 pseudo_update_count:697157
   [Train] Epoch: [62][300/358]  Loss:0.196 (Avg 0.1951) IoU:0.564 (Avg 0.6068) Dice:0.6801 (Avg 0.7242) LR 9.78e-04   (AvgTime 1.2)   
   [Train] sup_loss:0.185966 lv_loss:0.048936 epi_loss:0.000008 total_loss:0.195754 pseudo_update_count:446701
   [Train] Epoch: [62][320/358]  Loss:0.164 (Avg 0.1972) IoU:0.596 (Avg 0.6073) Dice:0.6998 (Avg 0.7245) LR 9.78e-04   (AvgTime 1.2)   
   [Train] sup_loss:0.155485 lv_loss:0.042227 epi_loss:0.000011 total_loss:0.163931 pseudo_update_count:647679
   [Train] Epoch: [62][340/358]  Loss:0.112 (Avg 0.1983) IoU:0.717 (Avg 0.6066) Dice:0.8125 (Avg 0.7236) LR 9.78e-04   (AvgTime 1.2)   
   [Train] sup_loss:0.103663 lv_loss:0.041709 epi_loss:0.000013 total_loss:0.112006 pseudo_update_count:698583
[Train-Epoch-Metrics] epoch=62 sup_loss:0.189911 lv_loss:0.038728 epi_loss:0.000011 total_loss:0.197658 pseudo_update_count:213611370 labeled_seen:1429 unlabeled_seen:4287 Dice:0.722966 IoU:0.606110
Validation
   [Val] Epoch: [62][20/90]  Loss:0.180 (Avg 0.2208) IoU:0.621 (Avg 0.5816) Dice:0.7162 (Avg 0.6997) (AvgTime 0.5)   
   [Val] sup_loss:0.180230 lv_loss:0.000000 epi_loss:0.000000 total_loss:0.180230 pseudo_update_count:0
   [Val] Epoch: [62][40/90]  Loss:0.195 (Avg 0.2075) IoU:0.622 (Avg 0.5978) Dice:0.7336 (Avg 0.7150) (AvgTime 0.5)   
   [Val] sup_loss:0.195342 lv_loss:0.000000 epi_loss:0.000000 total_loss:0.195342 pseudo_update_count:0
   [Val] Epoch: [62][60/90]  Loss:0.215 (Avg 0.2081) IoU:0.614 (Avg 0.5965) Dice:0.7315 (Avg 0.7141) (AvgTime 0.5)   
   [Val] sup_loss:0.215166 lv_loss:0.000000 epi_loss:0.000000 total_loss:0.215166 pseudo_update_count:0
   [Val] Epoch: [62][80/90]  Loss:0.197 (Avg 0.2030) IoU:0.601 (Avg 0.6056) Dice:0.7045 (Avg 0.7229) (AvgTime 0.5)   
   [Val] sup_loss:0.196880 lv_loss:0.000000 epi_loss:0.000000 total_loss:0.196880 pseudo_update_count:0
[Val-Epoch-Metrics] epoch=62 sup_loss:0.203290 lv_loss:0.000000 epi_loss:0.000000 total_loss:0.203290 pseudo_update_count:0 labeled_seen:1429 unlabeled_seen:0 Dice:0.722050 IoU:0.605038
	 Mean dice:0.7220 does not increase, the best is still: 0.7546 in epoch 50
	 early_stopping_count: 12/100000

========= Epoch [63/81] =========
QaTa_Covid19_LViT_25pct_labels
Training with batch size : 16
[SemiSup] subset_ratio=0.2500 labeled_name_count=1429
   [Train] Epoch: [63][20/358]  Loss:0.106 (Avg 0.1879) IoU:0.563 (Avg 0.6168) Dice:0.6746 (Avg 0.7341) LR 9.14e-04   (AvgTime 1.2)   
   [Train] sup_loss:0.098932 lv_loss:0.037143 epi_loss:0.000008 total_loss:0.106361 pseudo_update_count:598542
   [Train] Epoch: [63][40/358]  Loss:0.199 (Avg 0.1871) IoU:0.576 (Avg 0.6176) Dice:0.7146 (Avg 0.7342) LR 9.14e-04   (AvgTime 1.2)   
   [Train] sup_loss:0.191463 lv_loss:0.035527 epi_loss:0.000010 total_loss:0.198568 pseudo_update_count:548663
   [Train] Epoch: [63][60/358]  Loss:0.148 (Avg 0.1771) IoU:0.681 (Avg 0.6233) Dice:0.8008 (Avg 0.7384) LR 9.14e-04   (AvgTime 1.2)   
   [Train] sup_loss:0.140375 lv_loss:0.035756 epi_loss:0.000015 total_loss:0.147527 pseudo_update_count:548169
   [Train] Epoch: [63][80/358]  Loss:0.007 (Avg 0.1788) IoU:0.688 (Avg 0.6183) Dice:0.7942 (Avg 0.7341) LR 9.14e-04   (AvgTime 1.2)   
   [Train] sup_loss:0.000000 lv_loss:0.033272 epi_loss:0.000013 total_loss:0.006655 pseudo_update_count:797716
   [Train] Epoch: [63][100/358]  Loss:0.128 (Avg 0.1807) IoU:0.602 (Avg 0.6174) Dice:0.7132 (Avg 0.7336) LR 9.14e-04   (AvgTime 1.2)   
   [Train] sup_loss:0.120060 lv_loss:0.039336 epi_loss:0.000011 total_loss:0.127928 pseudo_update_count:498396
   [Train] Epoch: [63][120/358]  Loss:0.193 (Avg 0.1824) IoU:0.548 (Avg 0.6154) Dice:0.6783 (Avg 0.7315) LR 9.14e-04   (AvgTime 1.2)   
   [Train] sup_loss:0.186230 lv_loss:0.035691 epi_loss:0.000008 total_loss:0.193368 pseudo_update_count:548360
   [Train] Epoch: [63][140/358]  Loss:0.208 (Avg 0.1843) IoU:0.607 (Avg 0.6149) Dice:0.7033 (Avg 0.7308) LR 9.14e-04   (AvgTime 1.2)   
   [Train] sup_loss:0.200171 lv_loss:0.039239 epi_loss:0.000012 total_loss:0.208019 pseudo_update_count:598023
   [Train] Epoch: [63][160/358]  Loss:0.196 (Avg 0.1895) IoU:0.552 (Avg 0.6061) Dice:0.6764 (Avg 0.7225) LR 9.14e-04   (AvgTime 1.2)   
   [Train] sup_loss:0.186722 lv_loss:0.045139 epi_loss:0.000007 total_loss:0.195750 pseudo_update_count:597071
   [Train] Epoch: [63][180/358]  Loss:0.175 (Avg 0.1941) IoU:0.687 (Avg 0.6059) Dice:0.7912 (Avg 0.7225) LR 9.14e-04   (AvgTime 1.2)   
   [Train] sup_loss:0.165538 lv_loss:0.045359 epi_loss:0.000015 total_loss:0.174610 pseudo_update_count:646785
   [Train] Epoch: [63][200/358]  Loss:0.223 (Avg 0.1945) IoU:0.548 (Avg 0.6061) Dice:0.6848 (Avg 0.7227) LR 9.14e-04   (AvgTime 1.2)   
   [Train] sup_loss:0.213976 lv_loss:0.044521 epi_loss:0.000013 total_loss:0.222881 pseudo_update_count:597735
   [Train] Epoch: [63][220/358]  Loss:0.113 (Avg 0.1963) IoU:0.623 (Avg 0.6054) Dice:0.7473 (Avg 0.7223) LR 9.14e-04   (AvgTime 1.2)   
   [Train] sup_loss:0.104083 lv_loss:0.043317 epi_loss:0.000013 total_loss:0.112747 pseudo_update_count:596888
   [Train] Epoch: [63][240/358]  Loss:0.143 (Avg 0.1959) IoU:0.620 (Avg 0.6053) Dice:0.7244 (Avg 0.7221) LR 9.14e-04   (AvgTime 1.2)   
   [Train] sup_loss:0.136512 lv_loss:0.034313 epi_loss:0.000005 total_loss:0.143375 pseudo_update_count:499044
   [Train] Epoch: [63][260/358]  Loss:0.251 (Avg 0.2022) IoU:0.577 (Avg 0.6048) Dice:0.6884 (Avg 0.7214) LR 9.14e-04   (AvgTime 1.2)   
   [Train] sup_loss:0.243040 lv_loss:0.040479 epi_loss:0.000013 total_loss:0.251136 pseudo_update_count:746536
   [Train] Epoch: [63][280/358]  Loss:0.215 (Avg 0.2034) IoU:0.652 (Avg 0.6032) Dice:0.7585 (Avg 0.7201) LR 9.14e-04   (AvgTime 1.2)   
   [Train] sup_loss:0.208515 lv_loss:0.034171 epi_loss:0.000012 total_loss:0.215350 pseudo_update_count:448776
   [Train] Epoch: [63][300/358]  Loss:0.201 (Avg 0.2036) IoU:0.598 (Avg 0.6030) Dice:0.7234 (Avg 0.7198) LR 9.14e-04   (AvgTime 1.2)   
   [Train] sup_loss:0.192257 lv_loss:0.042358 epi_loss:0.000012 total_loss:0.200729 pseudo_update_count:646603
   [Train] Epoch: [63][320/358]  Loss:0.162 (Avg 0.2052) IoU:0.638 (Avg 0.5999) Dice:0.7528 (Avg 0.7173) LR 9.14e-04   (AvgTime 1.2)   
   [Train] sup_loss:0.153746 lv_loss:0.040533 epi_loss:0.000014 total_loss:0.161853 pseudo_update_count:697619
   [Train] Epoch: [63][340/358]  Loss:0.138 (Avg 0.2041) IoU:0.683 (Avg 0.6010) Dice:0.7919 (Avg 0.7183) LR 9.14e-04   (AvgTime 1.2)   
   [Train] sup_loss:0.129192 lv_loss:0.042504 epi_loss:0.000016 total_loss:0.137693 pseudo_update_count:597887
[Train-Epoch-Metrics] epoch=63 sup_loss:0.196901 lv_loss:0.038466 epi_loss:0.000012 total_loss:0.204595 pseudo_update_count:213626257 labeled_seen:1429 unlabeled_seen:4287 Dice:0.718290 IoU:0.601032
Validation
   [Val] Epoch: [63][20/90]  Loss:0.242 (Avg 0.1977) IoU:0.544 (Avg 0.6132) Dice:0.6805 (Avg 0.7282) (AvgTime 0.5)   
   [Val] sup_loss:0.242035 lv_loss:0.000000 epi_loss:0.000000 total_loss:0.242035 pseudo_update_count:0
   [Val] Epoch: [63][40/90]  Loss:0.234 (Avg 0.1981) IoU:0.548 (Avg 0.6107) Dice:0.6690 (Avg 0.7254) (AvgTime 0.5)   
   [Val] sup_loss:0.233690 lv_loss:0.000000 epi_loss:0.000000 total_loss:0.233690 pseudo_update_count:0
   [Val] Epoch: [63][60/90]  Loss:0.175 (Avg 0.1996) IoU:0.654 (Avg 0.6109) Dice:0.7632 (Avg 0.7265) (AvgTime 0.5)   
   [Val] sup_loss:0.175170 lv_loss:0.000000 epi_loss:0.000000 total_loss:0.175170 pseudo_update_count:0
   [Val] Epoch: [63][80/90]  Loss:0.171 (Avg 0.2008) IoU:0.648 (Avg 0.6066) Dice:0.7655 (Avg 0.7234) (AvgTime 0.5)   
   [Val] sup_loss:0.171113 lv_loss:0.000000 epi_loss:0.000000 total_loss:0.171113 pseudo_update_count:0
[Val-Epoch-Metrics] epoch=63 sup_loss:0.201348 lv_loss:0.000000 epi_loss:0.000000 total_loss:0.201348 pseudo_update_count:0 labeled_seen:1429 unlabeled_seen:0 Dice:0.721331 IoU:0.604764
	 Mean dice:0.7213 does not increase, the best is still: 0.7546 in epoch 50
	 early_stopping_count: 13/100000

========= Epoch [64/81] =========
QaTa_Covid19_LViT_25pct_labels
Training with batch size : 16
[SemiSup] subset_ratio=0.2500 labeled_name_count=1429
   [Train] Epoch: [64][20/358]  Loss:0.140 (Avg 0.1708) IoU:0.609 (Avg 0.6094) Dice:0.7401 (Avg 0.7282) LR 8.15e-04   (AvgTime 1.2)   
   [Train] sup_loss:0.132600 lv_loss:0.036225 epi_loss:0.000011 total_loss:0.139845 pseudo_update_count:648591
   [Train] Epoch: [64][40/358]  Loss:0.156 (Avg 0.1801) IoU:0.685 (Avg 0.6046) Dice:0.7940 (Avg 0.7245) LR 8.15e-04   (AvgTime 1.2)   
   [Train] sup_loss:0.147191 lv_loss:0.042700 epi_loss:0.000011 total_loss:0.155732 pseudo_update_count:547619
   [Train] Epoch: [64][60/358]  Loss:0.153 (Avg 0.1911) IoU:0.592 (Avg 0.6130) Dice:0.7144 (Avg 0.7312) LR 8.15e-04   (AvgTime 1.2)   
   [Train] sup_loss:0.144798 lv_loss:0.039409 epi_loss:0.000012 total_loss:0.152681 pseudo_update_count:598319
   [Train] Epoch: [64][80/358]  Loss:0.258 (Avg 0.1881) IoU:0.568 (Avg 0.6190) Dice:0.6930 (Avg 0.7361) LR 8.15e-04   (AvgTime 1.2)   
   [Train] sup_loss:0.250434 lv_loss:0.038125 epi_loss:0.000009 total_loss:0.258060 pseudo_update_count:647337
   [Train] Epoch: [64][100/358]  Loss:0.233 (Avg 0.1890) IoU:0.611 (Avg 0.6131) Dice:0.7344 (Avg 0.7306) LR 8.15e-04   (AvgTime 1.2)   
   [Train] sup_loss:0.225889 lv_loss:0.034071 epi_loss:0.000011 total_loss:0.232704 pseudo_update_count:598524
   [Train] Epoch: [64][120/358]  Loss:0.229 (Avg 0.1959) IoU:0.630 (Avg 0.6162) Dice:0.7093 (Avg 0.7325) LR 8.15e-04   (AvgTime 1.2)   
   [Train] sup_loss:0.219601 lv_loss:0.046167 epi_loss:0.000011 total_loss:0.228835 pseudo_update_count:597126
   [Train] Epoch: [64][140/358]  Loss:0.242 (Avg 0.1984) IoU:0.545 (Avg 0.6142) Dice:0.6551 (Avg 0.7297) LR 8.15e-04   (AvgTime 1.2)   
   [Train] sup_loss:0.234178 lv_loss:0.041278 epi_loss:0.000009 total_loss:0.242434 pseudo_update_count:548014
   [Train] Epoch: [64][160/358]  Loss:0.249 (Avg 0.1952) IoU:0.646 (Avg 0.6117) Dice:0.7538 (Avg 0.7273) LR 8.15e-04   (AvgTime 1.2)   
   [Train] sup_loss:0.242829 lv_loss:0.033184 epi_loss:0.000011 total_loss:0.249466 pseudo_update_count:648024
   [Train] Epoch: [64][180/358]  Loss:0.181 (Avg 0.1953) IoU:0.457 (Avg 0.6087) Dice:0.5982 (Avg 0.7247) LR 8.15e-04   (AvgTime 1.2)   
   [Train] sup_loss:0.172663 lv_loss:0.039748 epi_loss:0.000013 total_loss:0.180613 pseudo_update_count:647145
   [Train] Epoch: [64][200/358]  Loss:0.137 (Avg 0.1948) IoU:0.664 (Avg 0.6091) Dice:0.7698 (Avg 0.7253) LR 8.15e-04   (AvgTime 1.2)   
   [Train] sup_loss:0.129324 lv_loss:0.036538 epi_loss:0.000015 total_loss:0.136632 pseudo_update_count:597310
   [Train] Epoch: [64][220/358]  Loss:0.066 (Avg 0.1930) IoU:0.542 (Avg 0.6088) Dice:0.6575 (Avg 0.7248) LR 8.15e-04   (AvgTime 1.2)   
   [Train] sup_loss:0.057718 lv_loss:0.042926 epi_loss:0.000011 total_loss:0.066304 pseudo_update_count:746210
   [Train] Epoch: [64][240/358]  Loss:0.171 (Avg 0.1938) IoU:0.576 (Avg 0.6097) Dice:0.6780 (Avg 0.7256) LR 8.15e-04   (AvgTime 1.2)   
   [Train] sup_loss:0.165276 lv_loss:0.028742 epi_loss:0.000012 total_loss:0.171025 pseudo_update_count:549462
   [Train] Epoch: [64][260/358]  Loss:0.252 (Avg 0.1923) IoU:0.577 (Avg 0.6102) Dice:0.7024 (Avg 0.7260) LR 8.15e-04   (AvgTime 1.2)   
   [Train] sup_loss:0.245311 lv_loss:0.031602 epi_loss:0.000011 total_loss:0.251632 pseudo_update_count:598934
   [Train] Epoch: [64][280/358]  Loss:0.265 (Avg 0.1935) IoU:0.514 (Avg 0.6094) Dice:0.6317 (Avg 0.7254) LR 8.15e-04   (AvgTime 1.2)   
   [Train] sup_loss:0.258076 lv_loss:0.033862 epi_loss:0.000009 total_loss:0.264849 pseudo_update_count:598446
   [Train] Epoch: [64][300/358]  Loss:0.220 (Avg 0.1943) IoU:0.577 (Avg 0.6088) Dice:0.7021 (Avg 0.7250) LR 8.15e-04   (AvgTime 1.2)   
   [Train] sup_loss:0.212519 lv_loss:0.038614 epi_loss:0.000010 total_loss:0.220243 pseudo_update_count:597262
   [Train] Epoch: [64][320/358]  Loss:0.180 (Avg 0.1932) IoU:0.540 (Avg 0.6101) Dice:0.6709 (Avg 0.7260) LR 8.15e-04   (AvgTime 1.2)   
   [Train] sup_loss:0.173133 lv_loss:0.035817 epi_loss:0.000010 total_loss:0.180297 pseudo_update_count:648786
   [Train] Epoch: [64][340/358]  Loss:0.189 (Avg 0.1925) IoU:0.532 (Avg 0.6107) Dice:0.6595 (Avg 0.7265) LR 8.15e-04   (AvgTime 1.2)   
   [Train] sup_loss:0.182312 lv_loss:0.033477 epi_loss:0.000007 total_loss:0.189007 pseudo_update_count:549381
[Train-Epoch-Metrics] epoch=64 sup_loss:0.186557 lv_loss:0.037224 epi_loss:0.000012 total_loss:0.194002 pseudo_update_count:213666429 labeled_seen:1429 unlabeled_seen:4287 Dice:0.727213 IoU:0.611607
Validation
   [Val] Epoch: [64][20/90]  Loss:0.283 (Avg 0.2652) IoU:0.502 (Avg 0.5775) Dice:0.6072 (Avg 0.6983) (AvgTime 0.5)   
   [Val] sup_loss:0.283358 lv_loss:0.000000 epi_loss:0.000000 total_loss:0.283358 pseudo_update_count:0
   [Val] Epoch: [64][40/90]  Loss:0.247 (Avg 0.2634) IoU:0.550 (Avg 0.5884) Dice:0.6554 (Avg 0.7058) (AvgTime 0.5)   
   [Val] sup_loss:0.246769 lv_loss:0.000000 epi_loss:0.000000 total_loss:0.246769 pseudo_update_count:0
   [Val] Epoch: [64][60/90]  Loss:0.204 (Avg 0.2542) IoU:0.620 (Avg 0.5958) Dice:0.7470 (Avg 0.7111) (AvgTime 0.5)   
   [Val] sup_loss:0.203506 lv_loss:0.000000 epi_loss:0.000000 total_loss:0.203506 pseudo_update_count:0
   [Val] Epoch: [64][80/90]  Loss:0.278 (Avg 0.2559) IoU:0.542 (Avg 0.5933) Dice:0.6506 (Avg 0.7087) (AvgTime 0.5)   
   [Val] sup_loss:0.277811 lv_loss:0.000000 epi_loss:0.000000 total_loss:0.277811 pseudo_update_count:0
[Val-Epoch-Metrics] epoch=64 sup_loss:0.253731 lv_loss:0.000000 epi_loss:0.000000 total_loss:0.253731 pseudo_update_count:0 labeled_seen:1429 unlabeled_seen:0 Dice:0.710346 IoU:0.594526
	 Mean dice:0.7103 does not increase, the best is still: 0.7546 in epoch 50
	 early_stopping_count: 14/100000

========= Epoch [65/81] =========
QaTa_Covid19_LViT_25pct_labels
Training with batch size : 16
[SemiSup] subset_ratio=0.2500 labeled_name_count=1429
   [Train] Epoch: [65][20/358]  Loss:0.175 (Avg 0.1930) IoU:0.685 (Avg 0.6254) Dice:0.7912 (Avg 0.7406) LR 6.89e-04   (AvgTime 1.2)   
   [Train] sup_loss:0.167378 lv_loss:0.037735 epi_loss:0.000015 total_loss:0.174926 pseudo_update_count:597871
   [Train] Epoch: [65][40/358]  Loss:0.175 (Avg 0.1803) IoU:0.612 (Avg 0.6165) Dice:0.7313 (Avg 0.7325) LR 6.89e-04   (AvgTime 1.2)   
   [Train] sup_loss:0.168723 lv_loss:0.031006 epi_loss:0.000010 total_loss:0.174924 pseudo_update_count:498968
   [Train] Epoch: [65][60/358]  Loss:0.308 (Avg 0.1844) IoU:0.614 (Avg 0.6197) Dice:0.7346 (Avg 0.7343) LR 6.89e-04   (AvgTime 1.2)   
   [Train] sup_loss:0.300673 lv_loss:0.035821 epi_loss:0.000016 total_loss:0.307838 pseudo_update_count:498748
   [Train] Epoch: [65][80/358]  Loss:0.142 (Avg 0.1909) IoU:0.595 (Avg 0.6102) Dice:0.7108 (Avg 0.7263) LR 6.89e-04   (AvgTime 1.2)   
   [Train] sup_loss:0.135399 lv_loss:0.033228 epi_loss:0.000010 total_loss:0.142045 pseudo_update_count:499027
   [Train] Epoch: [65][100/358]  Loss:0.132 (Avg 0.1881) IoU:0.686 (Avg 0.6133) Dice:0.7909 (Avg 0.7293) LR 6.89e-04   (AvgTime 1.2)   
   [Train] sup_loss:0.125791 lv_loss:0.032188 epi_loss:0.000009 total_loss:0.132229 pseudo_update_count:698666
   [Train] Epoch: [65][120/358]  Loss:0.145 (Avg 0.1834) IoU:0.619 (Avg 0.6152) Dice:0.7480 (Avg 0.7307) LR 6.89e-04   (AvgTime 1.2)   
   [Train] sup_loss:0.137896 lv_loss:0.034188 epi_loss:0.000008 total_loss:0.144734 pseudo_update_count:498670
   [Train] Epoch: [65][140/358]  Loss:0.108 (Avg 0.1840) IoU:0.704 (Avg 0.6177) Dice:0.8171 (Avg 0.7326) LR 6.89e-04   (AvgTime 1.2)   
   [Train] sup_loss:0.101465 lv_loss:0.033313 epi_loss:0.000014 total_loss:0.108128 pseudo_update_count:698411
   [Train] Epoch: [65][160/358]  Loss:0.275 (Avg 0.1869) IoU:0.733 (Avg 0.6145) Dice:0.8351 (Avg 0.7298) LR 6.89e-04   (AvgTime 1.2)   
   [Train] sup_loss:0.268584 lv_loss:0.032260 epi_loss:0.000013 total_loss:0.275037 pseudo_update_count:498497
   [Train] Epoch: [65][180/358]  Loss:0.213 (Avg 0.1852) IoU:0.599 (Avg 0.6142) Dice:0.7209 (Avg 0.7297) LR 6.89e-04   (AvgTime 1.2)   
   [Train] sup_loss:0.205895 lv_loss:0.033195 epi_loss:0.000009 total_loss:0.212534 pseudo_update_count:698021
   [Train] Epoch: [65][200/358]  Loss:0.244 (Avg 0.1826) IoU:0.556 (Avg 0.6166) Dice:0.6750 (Avg 0.7318) LR 6.89e-04   (AvgTime 1.2)   
   [Train] sup_loss:0.237744 lv_loss:0.033463 epi_loss:0.000010 total_loss:0.244437 pseudo_update_count:449208
   [Train] Epoch: [65][220/358]  Loss:0.150 (Avg 0.1818) IoU:0.690 (Avg 0.6193) Dice:0.7960 (Avg 0.7342) LR 6.89e-04   (AvgTime 1.2)   
   [Train] sup_loss:0.143541 lv_loss:0.031505 epi_loss:0.000014 total_loss:0.149842 pseudo_update_count:349424
   [Train] Epoch: [65][240/358]  Loss:0.140 (Avg 0.1818) IoU:0.677 (Avg 0.6194) Dice:0.7839 (Avg 0.7344) LR 6.89e-04   (AvgTime 1.2)   
   [Train] sup_loss:0.134112 lv_loss:0.030699 epi_loss:0.000014 total_loss:0.140253 pseudo_update_count:599051
   [Train] Epoch: [65][260/358]  Loss:0.121 (Avg 0.1834) IoU:0.650 (Avg 0.6201) Dice:0.7638 (Avg 0.7348) LR 6.89e-04   (AvgTime 1.2)   
   [Train] sup_loss:0.115142 lv_loss:0.031348 epi_loss:0.000013 total_loss:0.121413 pseudo_update_count:648882
   [Train] Epoch: [65][280/358]  Loss:0.154 (Avg 0.1833) IoU:0.668 (Avg 0.6212) Dice:0.7849 (Avg 0.7357) LR 6.89e-04   (AvgTime 1.2)   
   [Train] sup_loss:0.147154 lv_loss:0.035653 epi_loss:0.000014 total_loss:0.154286 pseudo_update_count:498740
   [Train] Epoch: [65][300/358]  Loss:0.111 (Avg 0.1836) IoU:0.620 (Avg 0.6209) Dice:0.7047 (Avg 0.7356) LR 6.89e-04   (AvgTime 1.2)   
   [Train] sup_loss:0.104497 lv_loss:0.031127 epi_loss:0.000014 total_loss:0.110723 pseudo_update_count:649182
   [Train] Epoch: [65][320/358]  Loss:0.055 (Avg 0.1827) IoU:0.672 (Avg 0.6212) Dice:0.7793 (Avg 0.7358) LR 6.89e-04   (AvgTime 1.2)   
   [Train] sup_loss:0.048332 lv_loss:0.035405 epi_loss:0.000012 total_loss:0.055414 pseudo_update_count:747924
   [Train] Epoch: [65][340/358]  Loss:0.212 (Avg 0.1829) IoU:0.678 (Avg 0.6218) Dice:0.7966 (Avg 0.7363) LR 6.89e-04   (AvgTime 1.2)   
   [Train] sup_loss:0.205445 lv_loss:0.032504 epi_loss:0.000016 total_loss:0.211946 pseudo_update_count:598620
[Train-Epoch-Metrics] epoch=65 sup_loss:0.176317 lv_loss:0.035038 epi_loss:0.000012 total_loss:0.183326 pseudo_update_count:213783556 labeled_seen:1429 unlabeled_seen:4287 Dice:0.737222 IoU:0.622666
Validation
   [Val] Epoch: [65][20/90]  Loss:0.186 (Avg 0.2053) IoU:0.627 (Avg 0.6168) Dice:0.7369 (Avg 0.7318) (AvgTime 0.5)   
   [Val] sup_loss:0.186058 lv_loss:0.000000 epi_loss:0.000000 total_loss:0.186058 pseudo_update_count:0
   [Val] Epoch: [65][40/90]  Loss:0.141 (Avg 0.1929) IoU:0.682 (Avg 0.6270) Dice:0.7980 (Avg 0.7393) (AvgTime 0.5)   
   [Val] sup_loss:0.141216 lv_loss:0.000000 epi_loss:0.000000 total_loss:0.141216 pseudo_update_count:0
   [Val] Epoch: [65][60/90]  Loss:0.163 (Avg 0.1904) IoU:0.652 (Avg 0.6313) Dice:0.7768 (Avg 0.7439) (AvgTime 0.5)   
   [Val] sup_loss:0.162972 lv_loss:0.000000 epi_loss:0.000000 total_loss:0.162972 pseudo_update_count:0
   [Val] Epoch: [65][80/90]  Loss:0.206 (Avg 0.1891) IoU:0.627 (Avg 0.6344) Dice:0.7415 (Avg 0.7467) (AvgTime 0.5)   
   [Val] sup_loss:0.205878 lv_loss:0.000000 epi_loss:0.000000 total_loss:0.205878 pseudo_update_count:0
[Val-Epoch-Metrics] epoch=65 sup_loss:0.190505 lv_loss:0.000000 epi_loss:0.000000 total_loss:0.190505 pseudo_update_count:0 labeled_seen:1429 unlabeled_seen:0 Dice:0.743667 IoU:0.631866
	 Mean dice:0.7437 does not increase, the best is still: 0.7546 in epoch 50
	 early_stopping_count: 15/100000

========= Epoch [66/81] =========
QaTa_Covid19_LViT_25pct_labels
Training with batch size : 16
[SemiSup] subset_ratio=0.2500 labeled_name_count=1429
   [Train] Epoch: [66][20/358]  Loss:0.144 (Avg 0.1679) IoU:0.776 (Avg 0.6255) Dice:0.8527 (Avg 0.7369) LR 5.50e-04   (AvgTime 1.2)   
   [Train] sup_loss:0.138047 lv_loss:0.031771 epi_loss:0.000007 total_loss:0.144402 pseudo_update_count:549403
   [Train] Epoch: [66][40/358]  Loss:0.184 (Avg 0.1644) IoU:0.545 (Avg 0.6262) Dice:0.6720 (Avg 0.7372) LR 5.50e-04   (AvgTime 1.2)   
   [Train] sup_loss:0.177549 lv_loss:0.033041 epi_loss:0.000013 total_loss:0.184158 pseudo_update_count:598311
   [Train] Epoch: [66][60/358]  Loss:0.008 (Avg 0.1713) IoU:0.615 (Avg 0.6264) Dice:0.7180 (Avg 0.7391) LR 5.50e-04   (AvgTime 1.2)   
   [Train] sup_loss:0.000000 lv_loss:0.038424 epi_loss:0.000014 total_loss:0.007685 pseudo_update_count:796833
   [Train] Epoch: [66][80/358]  Loss:0.120 (Avg 0.1775) IoU:0.647 (Avg 0.6212) Dice:0.7728 (Avg 0.7348) LR 5.50e-04   (AvgTime 1.2)   
   [Train] sup_loss:0.112914 lv_loss:0.037795 epi_loss:0.000017 total_loss:0.120474 pseudo_update_count:498341
   [Train] Epoch: [66][100/358]  Loss:0.135 (Avg 0.1758) IoU:0.736 (Avg 0.6218) Dice:0.8363 (Avg 0.7343) LR 5.50e-04   (AvgTime 1.2)   
   [Train] sup_loss:0.128553 lv_loss:0.030705 epi_loss:0.000016 total_loss:0.134695 pseudo_update_count:548761
   [Train] Epoch: [66][120/358]  Loss:0.210 (Avg 0.1741) IoU:0.587 (Avg 0.6201) Dice:0.7243 (Avg 0.7332) LR 5.50e-04   (AvgTime 1.2)   
   [Train] sup_loss:0.202217 lv_loss:0.037462 epi_loss:0.000012 total_loss:0.209710 pseudo_update_count:448744
   [Train] Epoch: [66][140/358]  Loss:0.177 (Avg 0.1742) IoU:0.679 (Avg 0.6193) Dice:0.7871 (Avg 0.7334) LR 5.50e-04   (AvgTime 1.2)   
   [Train] sup_loss:0.170393 lv_loss:0.034754 epi_loss:0.000014 total_loss:0.177344 pseudo_update_count:598574
   [Train] Epoch: [66][160/358]  Loss:0.216 (Avg 0.1720) IoU:0.686 (Avg 0.6218) Dice:0.7812 (Avg 0.7356) LR 5.50e-04   (AvgTime 1.2)   
   [Train] sup_loss:0.209131 lv_loss:0.032850 epi_loss:0.000014 total_loss:0.215701 pseudo_update_count:647935
   [Train] Epoch: [66][180/358]  Loss:0.186 (Avg 0.1716) IoU:0.659 (Avg 0.6227) Dice:0.7650 (Avg 0.7366) LR 5.50e-04   (AvgTime 1.2)   
   [Train] sup_loss:0.179545 lv_loss:0.031724 epi_loss:0.000016 total_loss:0.185890 pseudo_update_count:598962
   [Train] Epoch: [66][200/358]  Loss:0.268 (Avg 0.1721) IoU:0.618 (Avg 0.6233) Dice:0.7340 (Avg 0.7373) LR 5.50e-04   (AvgTime 1.2)   
   [Train] sup_loss:0.260696 lv_loss:0.034709 epi_loss:0.000011 total_loss:0.267638 pseudo_update_count:598084
   [Train] Epoch: [66][220/358]  Loss:0.166 (Avg 0.1741) IoU:0.716 (Avg 0.6245) Dice:0.8267 (Avg 0.7382) LR 5.50e-04   (AvgTime 1.2)   
   [Train] sup_loss:0.160099 lv_loss:0.029846 epi_loss:0.000013 total_loss:0.166069 pseudo_update_count:648919
   [Train] Epoch: [66][240/358]  Loss:0.199 (Avg 0.1742) IoU:0.611 (Avg 0.6236) Dice:0.7211 (Avg 0.7374) LR 5.50e-04   (AvgTime 1.2)   
   [Train] sup_loss:0.192863 lv_loss:0.030355 epi_loss:0.000008 total_loss:0.198934 pseudo_update_count:498448
   [Train] Epoch: [66][260/358]  Loss:0.243 (Avg 0.1768) IoU:0.628 (Avg 0.6250) Dice:0.7327 (Avg 0.7384) LR 5.50e-04   (AvgTime 1.2)   
   [Train] sup_loss:0.236740 lv_loss:0.030915 epi_loss:0.000014 total_loss:0.242924 pseudo_update_count:648792
   [Train] Epoch: [66][280/358]  Loss:0.122 (Avg 0.1804) IoU:0.666 (Avg 0.6224) Dice:0.7888 (Avg 0.7363) LR 5.50e-04   (AvgTime 1.2)   
   [Train] sup_loss:0.114767 lv_loss:0.034994 epi_loss:0.000009 total_loss:0.121766 pseudo_update_count:548931
   [Train] Epoch: [66][300/358]  Loss:0.176 (Avg 0.1807) IoU:0.570 (Avg 0.6249) Dice:0.6988 (Avg 0.7387) LR 5.50e-04   (AvgTime 1.2)   
   [Train] sup_loss:0.168521 lv_loss:0.038986 epi_loss:0.000014 total_loss:0.176319 pseudo_update_count:548348
   [Train] Epoch: [66][320/358]  Loss:0.147 (Avg 0.1809) IoU:0.641 (Avg 0.6237) Dice:0.7514 (Avg 0.7377) LR 5.50e-04   (AvgTime 1.2)   
   [Train] sup_loss:0.138592 lv_loss:0.039986 epi_loss:0.000011 total_loss:0.146590 pseudo_update_count:498482
   [Train] Epoch: [66][340/358]  Loss:0.160 (Avg 0.1809) IoU:0.664 (Avg 0.6253) Dice:0.7871 (Avg 0.7392) LR 5.50e-04   (AvgTime 1.2)   
   [Train] sup_loss:0.151055 lv_loss:0.043121 epi_loss:0.000014 total_loss:0.159680 pseudo_update_count:597496
[Train-Epoch-Metrics] epoch=66 sup_loss:0.174184 lv_loss:0.034283 epi_loss:0.000011 total_loss:0.181041 pseudo_update_count:213780946 labeled_seen:1429 unlabeled_seen:4287 Dice:0.738710 IoU:0.624610
Validation
   [Val] Epoch: [66][20/90]  Loss:0.214 (Avg 0.1969) IoU:0.617 (Avg 0.6057) Dice:0.7277 (Avg 0.7206) (AvgTime 0.5)   
   [Val] sup_loss:0.213960 lv_loss:0.000000 epi_loss:0.000000 total_loss:0.213960 pseudo_update_count:0
   [Val] Epoch: [66][40/90]  Loss:0.211 (Avg 0.1920) IoU:0.658 (Avg 0.6187) Dice:0.7623 (Avg 0.7309) (AvgTime 0.5)   
   [Val] sup_loss:0.210797 lv_loss:0.000000 epi_loss:0.000000 total_loss:0.210797 pseudo_update_count:0
   [Val] Epoch: [66][60/90]  Loss:0.216 (Avg 0.1940) IoU:0.556 (Avg 0.6200) Dice:0.6819 (Avg 0.7332) (AvgTime 0.5)   
   [Val] sup_loss:0.216160 lv_loss:0.000000 epi_loss:0.000000 total_loss:0.216160 pseudo_update_count:0
   [Val] Epoch: [66][80/90]  Loss:0.155 (Avg 0.1947) IoU:0.693 (Avg 0.6226) Dice:0.8002 (Avg 0.7361) (AvgTime 0.5)   
   [Val] sup_loss:0.155283 lv_loss:0.000000 epi_loss:0.000000 total_loss:0.155283 pseudo_update_count:0
[Val-Epoch-Metrics] epoch=66 sup_loss:0.194629 lv_loss:0.000000 epi_loss:0.000000 total_loss:0.194629 pseudo_update_count:0 labeled_seen:1429 unlabeled_seen:0 Dice:0.736176 IoU:0.622782
	 Mean dice:0.7362 does not increase, the best is still: 0.7546 in epoch 50
	 early_stopping_count: 16/100000

========= Epoch [67/81] =========
QaTa_Covid19_LViT_25pct_labels
Training with batch size : 16
[SemiSup] subset_ratio=0.2500 labeled_name_count=1429
   [Train] Epoch: [67][20/358]  Loss:0.228 (Avg 0.1980) IoU:0.576 (Avg 0.6012) Dice:0.6909 (Avg 0.7183) LR 4.11e-04   (AvgTime 1.2)   
   [Train] sup_loss:0.220870 lv_loss:0.033599 epi_loss:0.000010 total_loss:0.227590 pseudo_update_count:348638
   [Train] Epoch: [67][40/358]  Loss:0.195 (Avg 0.2106) IoU:0.720 (Avg 0.6244) Dice:0.8214 (Avg 0.7370) LR 4.11e-04   (AvgTime 1.2)   
   [Train] sup_loss:0.188412 lv_loss:0.032134 epi_loss:0.000013 total_loss:0.194840 pseudo_update_count:599155
   [Train] Epoch: [67][60/358]  Loss:0.164 (Avg 0.1913) IoU:0.591 (Avg 0.6333) Dice:0.7102 (Avg 0.7453) LR 4.11e-04   (AvgTime 1.2)   
   [Train] sup_loss:0.153987 lv_loss:0.049260 epi_loss:0.000013 total_loss:0.163839 pseudo_update_count:596103
   [Train] Epoch: [67][80/358]  Loss:0.192 (Avg 0.1864) IoU:0.634 (Avg 0.6252) Dice:0.7435 (Avg 0.7390) LR 4.11e-04   (AvgTime 1.2)   
   [Train] sup_loss:0.185430 lv_loss:0.033430 epi_loss:0.000004 total_loss:0.192116 pseudo_update_count:499433
   [Train] Epoch: [67][100/358]  Loss:0.204 (Avg 0.1834) IoU:0.705 (Avg 0.6285) Dice:0.8105 (Avg 0.7416) LR 4.11e-04   (AvgTime 1.2)   
   [Train] sup_loss:0.197103 lv_loss:0.032863 epi_loss:0.000011 total_loss:0.203677 pseudo_update_count:648819
   [Train] Epoch: [67][120/358]  Loss:0.139 (Avg 0.1820) IoU:0.720 (Avg 0.6307) Dice:0.8269 (Avg 0.7436) LR 4.11e-04   (AvgTime 1.2)   
   [Train] sup_loss:0.132839 lv_loss:0.029256 epi_loss:0.000015 total_loss:0.138691 pseudo_update_count:598833
   [Train] Epoch: [67][140/358]  Loss:0.111 (Avg 0.1823) IoU:0.666 (Avg 0.6328) Dice:0.7650 (Avg 0.7454) LR 4.11e-04   (AvgTime 1.2)   
   [Train] sup_loss:0.105455 lv_loss:0.027211 epi_loss:0.000012 total_loss:0.110897 pseudo_update_count:599011
   [Train] Epoch: [67][160/358]  Loss:0.169 (Avg 0.1790) IoU:0.643 (Avg 0.6323) Dice:0.7558 (Avg 0.7455) LR 4.11e-04   (AvgTime 1.2)   
   [Train] sup_loss:0.161823 lv_loss:0.037163 epi_loss:0.000009 total_loss:0.169256 pseudo_update_count:548542
   [Train] Epoch: [67][180/358]  Loss:0.270 (Avg 0.1776) IoU:0.638 (Avg 0.6315) Dice:0.7362 (Avg 0.7445) LR 4.11e-04   (AvgTime 1.2)   
   [Train] sup_loss:0.264222 lv_loss:0.031310 epi_loss:0.000017 total_loss:0.270485 pseudo_update_count:649013
   [Train] Epoch: [67][200/358]  Loss:0.180 (Avg 0.1748) IoU:0.648 (Avg 0.6342) Dice:0.7577 (Avg 0.7471) LR 4.11e-04   (AvgTime 1.2)   
   [Train] sup_loss:0.173982 lv_loss:0.030495 epi_loss:0.000011 total_loss:0.180081 pseudo_update_count:598866
   [Train] Epoch: [67][220/358]  Loss:0.128 (Avg 0.1747) IoU:0.719 (Avg 0.6360) Dice:0.8076 (Avg 0.7486) LR 4.11e-04   (AvgTime 1.2)   
   [Train] sup_loss:0.122008 lv_loss:0.027521 epi_loss:0.000008 total_loss:0.127513 pseudo_update_count:599220
   [Train] Epoch: [67][240/358]  Loss:0.197 (Avg 0.1746) IoU:0.692 (Avg 0.6363) Dice:0.7971 (Avg 0.7489) LR 4.11e-04   (AvgTime 1.2)   
   [Train] sup_loss:0.190094 lv_loss:0.032442 epi_loss:0.000010 total_loss:0.196583 pseudo_update_count:648361
   [Train] Epoch: [67][260/358]  Loss:0.127 (Avg 0.1741) IoU:0.659 (Avg 0.6356) Dice:0.7507 (Avg 0.7482) LR 4.11e-04   (AvgTime 1.2)   
   [Train] sup_loss:0.121155 lv_loss:0.030975 epi_loss:0.000014 total_loss:0.127350 pseudo_update_count:698448
   [Train] Epoch: [67][280/358]  Loss:0.164 (Avg 0.1753) IoU:0.663 (Avg 0.6349) Dice:0.7821 (Avg 0.7478) LR 4.11e-04   (AvgTime 1.2)   
   [Train] sup_loss:0.157092 lv_loss:0.035884 epi_loss:0.000012 total_loss:0.164269 pseudo_update_count:598038
   [Train] Epoch: [67][300/358]  Loss:0.137 (Avg 0.1755) IoU:0.619 (Avg 0.6324) Dice:0.7301 (Avg 0.7454) LR 4.11e-04   (AvgTime 1.2)   
   [Train] sup_loss:0.131001 lv_loss:0.029515 epi_loss:0.000013 total_loss:0.136905 pseudo_update_count:648937
   [Train] Epoch: [67][320/358]  Loss:0.146 (Avg 0.1757) IoU:0.678 (Avg 0.6317) Dice:0.7858 (Avg 0.7447) LR 4.11e-04   (AvgTime 1.2)   
   [Train] sup_loss:0.139462 lv_loss:0.031877 epi_loss:0.000015 total_loss:0.145838 pseudo_update_count:548448
   [Train] Epoch: [67][340/358]  Loss:0.271 (Avg 0.1768) IoU:0.519 (Avg 0.6304) Dice:0.6541 (Avg 0.7437) LR 4.11e-04   (AvgTime 1.2)   
   [Train] sup_loss:0.263806 lv_loss:0.038243 epi_loss:0.000014 total_loss:0.271455 pseudo_update_count:696817
[Train-Epoch-Metrics] epoch=67 sup_loss:0.171377 lv_loss:0.033192 epi_loss:0.000011 total_loss:0.178016 pseudo_update_count:213803607 labeled_seen:1429 unlabeled_seen:4287 Dice:0.742511 IoU:0.628942
Validation
   [Val] Epoch: [67][20/90]  Loss:0.154 (Avg 0.1832) IoU:0.649 (Avg 0.6486) Dice:0.7600 (Avg 0.7603) (AvgTime 0.5)   
   [Val] sup_loss:0.153700 lv_loss:0.000000 epi_loss:0.000000 total_loss:0.153700 pseudo_update_count:0
   [Val] Epoch: [67][40/90]  Loss:0.146 (Avg 0.1807) IoU:0.682 (Avg 0.6514) Dice:0.7775 (Avg 0.7608) (AvgTime 0.5)   
   [Val] sup_loss:0.146333 lv_loss:0.000000 epi_loss:0.000000 total_loss:0.146333 pseudo_update_count:0
   [Val] Epoch: [67][60/90]  Loss:0.151 (Avg 0.1853) IoU:0.684 (Avg 0.6456) Dice:0.7836 (Avg 0.7560) (AvgTime 0.5)   
   [Val] sup_loss:0.151042 lv_loss:0.000000 epi_loss:0.000000 total_loss:0.151042 pseudo_update_count:0
   [Val] Epoch: [67][80/90]  Loss:0.188 (Avg 0.1866) IoU:0.642 (Avg 0.6398) Dice:0.7520 (Avg 0.7510) (AvgTime 0.5)   
   [Val] sup_loss:0.188055 lv_loss:0.000000 epi_loss:0.000000 total_loss:0.188055 pseudo_update_count:0
[Val-Epoch-Metrics] epoch=67 sup_loss:0.185531 lv_loss:0.000000 epi_loss:0.000000 total_loss:0.185531 pseudo_update_count:0 labeled_seen:1429 unlabeled_seen:0 Dice:0.752318 IoU:0.641087
	 Mean dice:0.7523 does not increase, the best is still: 0.7546 in epoch 50
	 early_stopping_count: 17/100000

========= Epoch [68/81] =========
QaTa_Covid19_LViT_25pct_labels
Training with batch size : 16
[SemiSup] subset_ratio=0.2500 labeled_name_count=1429
   [Train] Epoch: [68][20/358]  Loss:0.228 (Avg 0.1757) IoU:0.586 (Avg 0.6465) Dice:0.7048 (Avg 0.7545) LR 2.85e-04   (AvgTime 1.2)   
   [Train] sup_loss:0.220552 lv_loss:0.039527 epi_loss:0.000013 total_loss:0.228458 pseudo_update_count:648186
   [Train] Epoch: [68][40/358]  Loss:0.227 (Avg 0.1688) IoU:0.640 (Avg 0.6466) Dice:0.7491 (Avg 0.7581) LR 2.85e-04   (AvgTime 1.2)   
   [Train] sup_loss:0.219690 lv_loss:0.034213 epi_loss:0.000012 total_loss:0.226533 pseudo_update_count:698278
   [Train] Epoch: [68][60/358]  Loss:0.053 (Avg 0.1601) IoU:0.699 (Avg 0.6451) Dice:0.7980 (Avg 0.7572) LR 2.85e-04   (AvgTime 1.2)   
   [Train] sup_loss:0.047457 lv_loss:0.028875 epi_loss:0.000007 total_loss:0.053233 pseudo_update_count:748530
   [Train] Epoch: [68][80/358]  Loss:0.132 (Avg 0.1648) IoU:0.712 (Avg 0.6443) Dice:0.8218 (Avg 0.7559) LR 2.85e-04   (AvgTime 1.2)   
   [Train] sup_loss:0.125868 lv_loss:0.032920 epi_loss:0.000009 total_loss:0.132453 pseudo_update_count:498827
   [Train] Epoch: [68][100/358]  Loss:0.324 (Avg 0.1678) IoU:0.619 (Avg 0.6457) Dice:0.7398 (Avg 0.7577) LR 2.85e-04   (AvgTime 1.2)   
   [Train] sup_loss:0.316692 lv_loss:0.034762 epi_loss:0.000011 total_loss:0.323644 pseudo_update_count:598238
   [Train] Epoch: [68][120/358]  Loss:0.162 (Avg 0.1700) IoU:0.685 (Avg 0.6422) Dice:0.7841 (Avg 0.7551) LR 2.85e-04   (AvgTime 1.2)   
   [Train] sup_loss:0.155334 lv_loss:0.035308 epi_loss:0.000016 total_loss:0.162397 pseudo_update_count:697233
   [Train] Epoch: [68][140/358]  Loss:0.048 (Avg 0.1706) IoU:0.595 (Avg 0.6394) Dice:0.7192 (Avg 0.7526) LR 2.85e-04   (AvgTime 1.2)   
   [Train] sup_loss:0.041459 lv_loss:0.033714 epi_loss:0.000010 total_loss:0.048202 pseudo_update_count:747679
   [Train] Epoch: [68][160/358]  Loss:0.129 (Avg 0.1710) IoU:0.556 (Avg 0.6352) Dice:0.6684 (Avg 0.7480) LR 2.85e-04   (AvgTime 1.2)   
   [Train] sup_loss:0.122175 lv_loss:0.034684 epi_loss:0.000012 total_loss:0.129112 pseudo_update_count:697203
   [Train] Epoch: [68][180/358]  Loss:0.176 (Avg 0.1727) IoU:0.658 (Avg 0.6363) Dice:0.7594 (Avg 0.7490) LR 2.85e-04   (AvgTime 1.2)   
   [Train] sup_loss:0.170065 lv_loss:0.027732 epi_loss:0.000009 total_loss:0.175612 pseudo_update_count:499668
   [Train] Epoch: [68][200/358]  Loss:0.147 (Avg 0.1736) IoU:0.694 (Avg 0.6338) Dice:0.7957 (Avg 0.7467) LR 2.85e-04   (AvgTime 1.2)   
   [Train] sup_loss:0.139128 lv_loss:0.037154 epi_loss:0.000007 total_loss:0.146559 pseudo_update_count:647921
   [Train] Epoch: [68][220/358]  Loss:0.192 (Avg 0.1728) IoU:0.570 (Avg 0.6326) Dice:0.7004 (Avg 0.7453) LR 2.85e-04   (AvgTime 1.2)   
   [Train] sup_loss:0.185197 lv_loss:0.033602 epi_loss:0.000012 total_loss:0.191918 pseudo_update_count:598277
   [Train] Epoch: [68][240/358]  Loss:0.240 (Avg 0.1739) IoU:0.612 (Avg 0.6332) Dice:0.7267 (Avg 0.7461) LR 2.85e-04   (AvgTime 1.2)   
   [Train] sup_loss:0.233651 lv_loss:0.032538 epi_loss:0.000015 total_loss:0.240159 pseudo_update_count:498419
   [Train] Epoch: [68][260/358]  Loss:0.134 (Avg 0.1741) IoU:0.625 (Avg 0.6319) Dice:0.7495 (Avg 0.7451) LR 2.85e-04   (AvgTime 1.2)   
   [Train] sup_loss:0.128064 lv_loss:0.030379 epi_loss:0.000010 total_loss:0.134140 pseudo_update_count:698317
   [Train] Epoch: [68][280/358]  Loss:0.087 (Avg 0.1765) IoU:0.766 (Avg 0.6333) Dice:0.8526 (Avg 0.7462) LR 2.85e-04   (AvgTime 1.2)   
   [Train] sup_loss:0.081083 lv_loss:0.031611 epi_loss:0.000009 total_loss:0.087406 pseudo_update_count:548820
   [Train] Epoch: [68][300/358]  Loss:0.279 (Avg 0.1763) IoU:0.561 (Avg 0.6329) Dice:0.6825 (Avg 0.7459) LR 2.85e-04   (AvgTime 1.2)   
   [Train] sup_loss:0.272632 lv_loss:0.030617 epi_loss:0.000013 total_loss:0.278756 pseudo_update_count:449393
   [Train] Epoch: [68][320/358]  Loss:0.281 (Avg 0.1767) IoU:0.552 (Avg 0.6332) Dice:0.6519 (Avg 0.7461) LR 2.85e-04   (AvgTime 1.2)   
   [Train] sup_loss:0.275098 lv_loss:0.031457 epi_loss:0.000013 total_loss:0.281390 pseudo_update_count:698980
   [Train] Epoch: [68][340/358]  Loss:0.153 (Avg 0.1773) IoU:0.647 (Avg 0.6343) Dice:0.7623 (Avg 0.7472) LR 2.85e-04   (AvgTime 1.2)   
   [Train] sup_loss:0.144584 lv_loss:0.041341 epi_loss:0.000008 total_loss:0.152852 pseudo_update_count:697635
[Train-Epoch-Metrics] epoch=68 sup_loss:0.170547 lv_loss:0.033717 epi_loss:0.000011 total_loss:0.177291 pseudo_update_count:213763398 labeled_seen:1429 unlabeled_seen:4287 Dice:0.745802 IoU:0.632874
Validation
   [Val] Epoch: [68][20/90]  Loss:0.194 (Avg 0.1908) IoU:0.614 (Avg 0.6327) Dice:0.7174 (Avg 0.7439) (AvgTime 0.5)   
   [Val] sup_loss:0.194008 lv_loss:0.000000 epi_loss:0.000000 total_loss:0.194008 pseudo_update_count:0
   [Val] Epoch: [68][40/90]  Loss:0.207 (Avg 0.1869) IoU:0.591 (Avg 0.6340) Dice:0.7114 (Avg 0.7465) (AvgTime 0.5)   
   [Val] sup_loss:0.207342 lv_loss:0.000000 epi_loss:0.000000 total_loss:0.207342 pseudo_update_count:0
   [Val] Epoch: [68][60/90]  Loss:0.177 (Avg 0.1798) IoU:0.612 (Avg 0.6438) Dice:0.7313 (Avg 0.7553) (AvgTime 0.5)   
   [Val] sup_loss:0.177182 lv_loss:0.000000 epi_loss:0.000000 total_loss:0.177182 pseudo_update_count:0
   [Val] Epoch: [68][80/90]  Loss:0.149 (Avg 0.1779) IoU:0.697 (Avg 0.6470) Dice:0.7958 (Avg 0.7573) (AvgTime 0.5)   
   [Val] sup_loss:0.148830 lv_loss:0.000000 epi_loss:0.000000 total_loss:0.148830 pseudo_update_count:0
[Val-Epoch-Metrics] epoch=68 sup_loss:0.179670 lv_loss:0.000000 epi_loss:0.000000 total_loss:0.179670 pseudo_update_count:0 labeled_seen:1429 unlabeled_seen:0 Dice:0.755984 IoU:0.644993
	 Saving best model, mean dice increased from: 0.7546 to 0.7560
	 Saving to QaTa-Covid19/LViT/QaTa_Covid19_LViT_25pct_labels/models/
	 early_stopping_count: 0/100000

========= Epoch [69/81] =========
QaTa_Covid19_LViT_25pct_labels
Training with batch size : 16
[SemiSup] subset_ratio=0.2500 labeled_name_count=1429
   [Train] Epoch: [69][20/358]  Loss:0.043 (Avg 0.1411) IoU:0.646 (Avg 0.6450) Dice:0.7505 (Avg 0.7575) LR 1.86e-04   (AvgTime 1.2)   
   [Train] sup_loss:0.036593 lv_loss:0.031284 epi_loss:0.000014 total_loss:0.042851 pseudo_update_count:748517
   [Train] Epoch: [69][40/358]  Loss:0.198 (Avg 0.1626) IoU:0.578 (Avg 0.6336) Dice:0.7176 (Avg 0.7472) LR 1.86e-04   (AvgTime 1.2)   
   [Train] sup_loss:0.189928 lv_loss:0.041944 epi_loss:0.000009 total_loss:0.198317 pseudo_update_count:447606
   [Train] Epoch: [69][60/358]  Loss:0.143 (Avg 0.1568) IoU:0.758 (Avg 0.6458) Dice:0.8560 (Avg 0.7579) LR 1.86e-04   (AvgTime 1.2)   
   [Train] sup_loss:0.134680 lv_loss:0.039763 epi_loss:0.000011 total_loss:0.142633 pseudo_update_count:498162
   [Train] Epoch: [69][80/358]  Loss:0.217 (Avg 0.1604) IoU:0.597 (Avg 0.6481) Dice:0.7192 (Avg 0.7593) LR 1.86e-04   (AvgTime 1.2)   
   [Train] sup_loss:0.208964 lv_loss:0.040214 epi_loss:0.000013 total_loss:0.217007 pseudo_update_count:497356
   [Train] Epoch: [69][100/358]  Loss:0.125 (Avg 0.1638) IoU:0.654 (Avg 0.6423) Dice:0.7820 (Avg 0.7544) LR 1.86e-04   (AvgTime 1.2)   
   [Train] sup_loss:0.118806 lv_loss:0.032308 epi_loss:0.000009 total_loss:0.125268 pseudo_update_count:498214
   [Train] Epoch: [69][120/358]  Loss:0.152 (Avg 0.1665) IoU:0.679 (Avg 0.6458) Dice:0.7834 (Avg 0.7578) LR 1.86e-04   (AvgTime 1.2)   
   [Train] sup_loss:0.145483 lv_loss:0.030120 epi_loss:0.000013 total_loss:0.151508 pseudo_update_count:599062
   [Train] Epoch: [69][140/358]  Loss:0.191 (Avg 0.1653) IoU:0.533 (Avg 0.6471) Dice:0.6616 (Avg 0.7585) LR 1.86e-04   (AvgTime 1.2)   
   [Train] sup_loss:0.183533 lv_loss:0.036427 epi_loss:0.000005 total_loss:0.190818 pseudo_update_count:547798
   [Train] Epoch: [69][160/358]  Loss:0.159 (Avg 0.1674) IoU:0.750 (Avg 0.6456) Dice:0.8479 (Avg 0.7572) LR 1.86e-04   (AvgTime 1.2)   
   [Train] sup_loss:0.153389 lv_loss:0.029722 epi_loss:0.000014 total_loss:0.159335 pseudo_update_count:548843
   [Train] Epoch: [69][180/358]  Loss:0.154 (Avg 0.1709) IoU:0.652 (Avg 0.6444) Dice:0.7742 (Avg 0.7562) LR 1.86e-04   (AvgTime 1.2)   
   [Train] sup_loss:0.147034 lv_loss:0.033456 epi_loss:0.000012 total_loss:0.153726 pseudo_update_count:498205
   [Train] Epoch: [69][200/358]  Loss:0.210 (Avg 0.1731) IoU:0.607 (Avg 0.6433) Dice:0.7245 (Avg 0.7552) LR 1.86e-04   (AvgTime 1.2)   
   [Train] sup_loss:0.203111 lv_loss:0.034599 epi_loss:0.000006 total_loss:0.210031 pseudo_update_count:498783
   [Train] Epoch: [69][220/358]  Loss:0.111 (Avg 0.1738) IoU:0.573 (Avg 0.6418) Dice:0.7097 (Avg 0.7539) LR 1.86e-04   (AvgTime 1.2)   
   [Train] sup_loss:0.104294 lv_loss:0.032579 epi_loss:0.000010 total_loss:0.110810 pseudo_update_count:748442
   [Train] Epoch: [69][240/358]  Loss:0.183 (Avg 0.1745) IoU:0.679 (Avg 0.6400) Dice:0.7899 (Avg 0.7520) LR 1.86e-04   (AvgTime 1.2)   
   [Train] sup_loss:0.176867 lv_loss:0.029582 epi_loss:0.000011 total_loss:0.182784 pseudo_update_count:648905
   [Train] Epoch: [69][260/358]  Loss:0.049 (Avg 0.1739) IoU:0.513 (Avg 0.6398) Dice:0.6432 (Avg 0.7519) LR 1.86e-04   (AvgTime 1.2)   
   [Train] sup_loss:0.042043 lv_loss:0.035914 epi_loss:0.000015 total_loss:0.049226 pseudo_update_count:747355
   [Train] Epoch: [69][280/358]  Loss:0.161 (Avg 0.1725) IoU:0.599 (Avg 0.6393) Dice:0.7144 (Avg 0.7515) LR 1.86e-04   (AvgTime 1.2)   
   [Train] sup_loss:0.153093 lv_loss:0.037768 epi_loss:0.000014 total_loss:0.160647 pseudo_update_count:497878
   [Train] Epoch: [69][300/358]  Loss:0.187 (Avg 0.1706) IoU:0.672 (Avg 0.6400) Dice:0.7685 (Avg 0.7522) LR 1.86e-04   (AvgTime 1.2)   
   [Train] sup_loss:0.180171 lv_loss:0.033911 epi_loss:0.000014 total_loss:0.186954 pseudo_update_count:398949
   [Train] Epoch: [69][320/358]  Loss:0.137 (Avg 0.1705) IoU:0.677 (Avg 0.6399) Dice:0.7801 (Avg 0.7518) LR 1.86e-04   (AvgTime 1.2)   
   [Train] sup_loss:0.130689 lv_loss:0.029441 epi_loss:0.000010 total_loss:0.136578 pseudo_update_count:449507
   [Train] Epoch: [69][340/358]  Loss:0.143 (Avg 0.1691) IoU:0.616 (Avg 0.6391) Dice:0.7312 (Avg 0.7512) LR 1.86e-04   (AvgTime 1.2)   
   [Train] sup_loss:0.137081 lv_loss:0.031845 epi_loss:0.000010 total_loss:0.143451 pseudo_update_count:598771
[Train-Epoch-Metrics] epoch=69 sup_loss:0.162943 lv_loss:0.032875 epi_loss:0.000011 total_loss:0.169519 pseudo_update_count:213798754 labeled_seen:1429 unlabeled_seen:4287 Dice:0.750972 IoU:0.638862
Validation
   [Val] Epoch: [69][20/90]  Loss:0.164 (Avg 0.1805) IoU:0.655 (Avg 0.6454) Dice:0.7584 (Avg 0.7550) (AvgTime 0.5)   
   [Val] sup_loss:0.163992 lv_loss:0.000000 epi_loss:0.000000 total_loss:0.163992 pseudo_update_count:0
   [Val] Epoch: [69][40/90]  Loss:0.177 (Avg 0.1772) IoU:0.615 (Avg 0.6484) Dice:0.7294 (Avg 0.7581) (AvgTime 0.5)   
   [Val] sup_loss:0.177313 lv_loss:0.000000 epi_loss:0.000000 total_loss:0.177313 pseudo_update_count:0
   [Val] Epoch: [69][60/90]  Loss:0.159 (Avg 0.1755) IoU:0.713 (Avg 0.6520) Dice:0.8131 (Avg 0.7615) (AvgTime 0.5)   
   [Val] sup_loss:0.159214 lv_loss:0.000000 epi_loss:0.000000 total_loss:0.159214 pseudo_update_count:0
   [Val] Epoch: [69][80/90]  Loss:0.186 (Avg 0.1758) IoU:0.613 (Avg 0.6528) Dice:0.7469 (Avg 0.7630) (AvgTime 0.5)   
   [Val] sup_loss:0.185580 lv_loss:0.000000 epi_loss:0.000000 total_loss:0.185580 pseudo_update_count:0
[Val-Epoch-Metrics] epoch=69 sup_loss:0.178185 lv_loss:0.000000 epi_loss:0.000000 total_loss:0.178185 pseudo_update_count:0 labeled_seen:1429 unlabeled_seen:0 Dice:0.759669 IoU:0.648624
	 Saving best model, mean dice increased from: 0.7560 to 0.7597
	 Saving to QaTa-Covid19/LViT/QaTa_Covid19_LViT_25pct_labels/models/
	 early_stopping_count: 0/100000

========= Epoch [70/81] =========
QaTa_Covid19_LViT_25pct_labels
Training with batch size : 16
[SemiSup] subset_ratio=0.2500 labeled_name_count=1429
   [Train] Epoch: [70][20/358]  Loss:0.271 (Avg 0.1713) IoU:0.616 (Avg 0.6287) Dice:0.7447 (Avg 0.7427) LR 1.22e-04   (AvgTime 1.2)   
   [Train] sup_loss:0.265358 lv_loss:0.028395 epi_loss:0.000010 total_loss:0.271037 pseudo_update_count:599285
   [Train] Epoch: [70][40/358]  Loss:0.142 (Avg 0.1726) IoU:0.612 (Avg 0.6356) Dice:0.7182 (Avg 0.7481) LR 1.22e-04   (AvgTime 1.2)   
   [Train] sup_loss:0.135930 lv_loss:0.030389 epi_loss:0.000010 total_loss:0.142008 pseudo_update_count:647768
   [Train] Epoch: [70][60/358]  Loss:0.156 (Avg 0.1630) IoU:0.679 (Avg 0.6386) Dice:0.7851 (Avg 0.7495) LR 1.22e-04   (AvgTime 1.2)   
   [Train] sup_loss:0.148886 lv_loss:0.034947 epi_loss:0.000016 total_loss:0.155876 pseudo_update_count:547607
   [Train] Epoch: [70][80/358]  Loss:0.268 (Avg 0.1604) IoU:0.645 (Avg 0.6396) Dice:0.7552 (Avg 0.7502) LR 1.22e-04   (AvgTime 1.2)   
   [Train] sup_loss:0.263430 lv_loss:0.024960 epi_loss:0.000011 total_loss:0.268423 pseudo_update_count:499612
   [Train] Epoch: [70][100/358]  Loss:0.072 (Avg 0.1593) IoU:0.743 (Avg 0.6400) Dice:0.8378 (Avg 0.7510) LR 1.22e-04   (AvgTime 1.2)   
   [Train] sup_loss:0.066725 lv_loss:0.026374 epi_loss:0.000013 total_loss:0.072001 pseudo_update_count:649530
   [Train] Epoch: [70][120/358]  Loss:0.085 (Avg 0.1652) IoU:0.681 (Avg 0.6376) Dice:0.7774 (Avg 0.7489) LR 1.22e-04   (AvgTime 1.2)   
   [Train] sup_loss:0.077897 lv_loss:0.035210 epi_loss:0.000014 total_loss:0.084940 pseudo_update_count:747408
   [Train] Epoch: [70][140/358]  Loss:0.110 (Avg 0.1672) IoU:0.659 (Avg 0.6414) Dice:0.7552 (Avg 0.7525) LR 1.22e-04   (AvgTime 1.2)   
   [Train] sup_loss:0.103127 lv_loss:0.032562 epi_loss:0.000011 total_loss:0.109640 pseudo_update_count:748000
   [Train] Epoch: [70][160/358]  Loss:0.234 (Avg 0.1681) IoU:0.655 (Avg 0.6394) Dice:0.7747 (Avg 0.7510) LR 1.22e-04   (AvgTime 1.2)   
   [Train] sup_loss:0.226501 lv_loss:0.035643 epi_loss:0.000011 total_loss:0.233631 pseudo_update_count:697711
   [Train] Epoch: [70][180/358]  Loss:0.239 (Avg 0.1702) IoU:0.690 (Avg 0.6392) Dice:0.8085 (Avg 0.7512) LR 1.22e-04   (AvgTime 1.2)   
   [Train] sup_loss:0.233695 lv_loss:0.027704 epi_loss:0.000012 total_loss:0.239237 pseudo_update_count:699364
   [Train] Epoch: [70][200/358]  Loss:0.151 (Avg 0.1696) IoU:0.714 (Avg 0.6409) Dice:0.8065 (Avg 0.7525) LR 1.22e-04   (AvgTime 1.2)   
   [Train] sup_loss:0.144949 lv_loss:0.032086 epi_loss:0.000010 total_loss:0.151367 pseudo_update_count:548980
   [Train] Epoch: [70][220/358]  Loss:0.207 (Avg 0.1719) IoU:0.675 (Avg 0.6420) Dice:0.7707 (Avg 0.7533) LR 1.22e-04   (AvgTime 1.2)   
   [Train] sup_loss:0.200885 lv_loss:0.030118 epi_loss:0.000018 total_loss:0.206910 pseudo_update_count:598847
   [Train] Epoch: [70][240/358]  Loss:0.234 (Avg 0.1726) IoU:0.569 (Avg 0.6414) Dice:0.7162 (Avg 0.7528) LR 1.22e-04   (AvgTime 1.2)   
   [Train] sup_loss:0.227856 lv_loss:0.031251 epi_loss:0.000012 total_loss:0.234107 pseudo_update_count:598230
   [Train] Epoch: [70][260/358]  Loss:0.162 (Avg 0.1730) IoU:0.665 (Avg 0.6432) Dice:0.7789 (Avg 0.7544) LR 1.22e-04   (AvgTime 1.2)   
   [Train] sup_loss:0.155649 lv_loss:0.033066 epi_loss:0.000012 total_loss:0.162263 pseudo_update_count:548261
   [Train] Epoch: [70][280/358]  Loss:0.115 (Avg 0.1711) IoU:0.642 (Avg 0.6428) Dice:0.7461 (Avg 0.7540) LR 1.22e-04   (AvgTime 1.2)   
   [Train] sup_loss:0.107810 lv_loss:0.035342 epi_loss:0.000012 total_loss:0.114879 pseudo_update_count:498125
   [Train] Epoch: [70][300/358]  Loss:0.139 (Avg 0.1717) IoU:0.536 (Avg 0.6428) Dice:0.6695 (Avg 0.7543) LR 1.22e-04   (AvgTime 1.2)   
   [Train] sup_loss:0.132061 lv_loss:0.035650 epi_loss:0.000012 total_loss:0.139191 pseudo_update_count:698010
   [Train] Epoch: [70][320/358]  Loss:0.150 (Avg 0.1711) IoU:0.624 (Avg 0.6427) Dice:0.7355 (Avg 0.7544) LR 1.22e-04   (AvgTime 1.2)   
   [Train] sup_loss:0.144278 lv_loss:0.030738 epi_loss:0.000013 total_loss:0.150426 pseudo_update_count:498995
   [Train] Epoch: [70][340/358]  Loss:0.157 (Avg 0.1698) IoU:0.624 (Avg 0.6433) Dice:0.7204 (Avg 0.7550) LR 1.22e-04   (AvgTime 1.2)   
   [Train] sup_loss:0.149385 lv_loss:0.039413 epi_loss:0.000018 total_loss:0.157268 pseudo_update_count:697641
[Train-Epoch-Metrics] epoch=70 sup_loss:0.163255 lv_loss:0.031668 epi_loss:0.000011 total_loss:0.169590 pseudo_update_count:213844402 labeled_seen:1429 unlabeled_seen:4287 Dice:0.754924 IoU:0.643183
Validation
   [Val] Epoch: [70][20/90]  Loss:0.132 (Avg 0.1792) IoU:0.728 (Avg 0.6390) Dice:0.8281 (Avg 0.7512) (AvgTime 0.5)   
   [Val] sup_loss:0.132352 lv_loss:0.000000 epi_loss:0.000000 total_loss:0.132352 pseudo_update_count:0
   [Val] Epoch: [70][40/90]  Loss:0.218 (Avg 0.1833) IoU:0.607 (Avg 0.6392) Dice:0.7204 (Avg 0.7509) (AvgTime 0.5)   
   [Val] sup_loss:0.218257 lv_loss:0.000000 epi_loss:0.000000 total_loss:0.218257 pseudo_update_count:0
   [Val] Epoch: [70][60/90]  Loss:0.173 (Avg 0.1799) IoU:0.598 (Avg 0.6393) Dice:0.7187 (Avg 0.7511) (AvgTime 0.5)   
   [Val] sup_loss:0.172988 lv_loss:0.000000 epi_loss:0.000000 total_loss:0.172988 pseudo_update_count:0
   [Val] Epoch: [70][80/90]  Loss:0.165 (Avg 0.1770) IoU:0.638 (Avg 0.6450) Dice:0.7490 (Avg 0.7559) (AvgTime 0.5)   
   [Val] sup_loss:0.164945 lv_loss:0.000000 epi_loss:0.000000 total_loss:0.164945 pseudo_update_count:0
[Val-Epoch-Metrics] epoch=70 sup_loss:0.176612 lv_loss:0.000000 epi_loss:0.000000 total_loss:0.176612 pseudo_update_count:0 labeled_seen:1429 unlabeled_seen:0 Dice:0.756639 IoU:0.645760
	 Mean dice:0.7566 does not increase, the best is still: 0.7597 in epoch 69
	 early_stopping_count: 1/100000

========= Epoch [71/81] =========
QaTa_Covid19_LViT_25pct_labels
Training with batch size : 16
[SemiSup] subset_ratio=0.2500 labeled_name_count=1429
   [Train] Epoch: [71][20/358]  Loss:0.162 (Avg 0.1867) IoU:0.556 (Avg 0.6285) Dice:0.6917 (Avg 0.7426) LR 1.00e-03   (AvgTime 1.2)   
   [Train] sup_loss:0.154984 lv_loss:0.034176 epi_loss:0.000011 total_loss:0.161820 pseudo_update_count:548861
   [Train] Epoch: [71][40/358]  Loss:0.463 (Avg 0.1937) IoU:0.590 (Avg 0.6226) Dice:0.6945 (Avg 0.7368) LR 1.00e-03   (AvgTime 1.2)   
   [Train] sup_loss:0.455481 lv_loss:0.035387 epi_loss:0.000007 total_loss:0.462559 pseudo_update_count:748698
   [Train] Epoch: [71][60/358]  Loss:0.262 (Avg 0.2060) IoU:0.515 (Avg 0.6033) Dice:0.6328 (Avg 0.7184) LR 1.00e-03   (AvgTime 1.2)   
   [Train] sup_loss:0.253799 lv_loss:0.040994 epi_loss:0.000013 total_loss:0.261999 pseudo_update_count:547829
   [Train] Epoch: [71][80/358]  Loss:0.276 (Avg 0.2093) IoU:0.533 (Avg 0.5950) Dice:0.6658 (Avg 0.7109) LR 1.00e-03   (AvgTime 1.2)   
   [Train] sup_loss:0.268657 lv_loss:0.034519 epi_loss:0.000012 total_loss:0.275561 pseudo_update_count:399221
   [Train] Epoch: [71][100/358]  Loss:0.265 (Avg 0.2107) IoU:0.492 (Avg 0.5975) Dice:0.6085 (Avg 0.7133) LR 1.00e-03   (AvgTime 1.2)   
   [Train] sup_loss:0.258360 lv_loss:0.033770 epi_loss:0.000010 total_loss:0.265114 pseudo_update_count:548656
   [Train] Epoch: [71][120/358]  Loss:0.157 (Avg 0.2090) IoU:0.746 (Avg 0.6026) Dice:0.8464 (Avg 0.7182) LR 1.00e-03   (AvgTime 1.2)   
   [Train] sup_loss:0.148798 lv_loss:0.041421 epi_loss:0.000018 total_loss:0.157083 pseudo_update_count:448082
   [Train] Epoch: [71][140/358]  Loss:0.164 (Avg 0.2041) IoU:0.630 (Avg 0.6002) Dice:0.7491 (Avg 0.7159) LR 1.00e-03   (AvgTime 1.2)   
   [Train] sup_loss:0.156823 lv_loss:0.033709 epi_loss:0.000013 total_loss:0.163565 pseudo_update_count:449253
   [Train] Epoch: [71][160/358]  Loss:0.180 (Avg 0.2017) IoU:0.600 (Avg 0.6016) Dice:0.7177 (Avg 0.7173) LR 1.00e-03   (AvgTime 1.2)   
   [Train] sup_loss:0.171185 lv_loss:0.043266 epi_loss:0.000008 total_loss:0.179839 pseudo_update_count:547552
   [Train] Epoch: [71][180/358]  Loss:0.137 (Avg 0.1976) IoU:0.684 (Avg 0.5998) Dice:0.7989 (Avg 0.7160) LR 1.00e-03   (AvgTime 1.2)   
   [Train] sup_loss:0.131182 lv_loss:0.031089 epi_loss:0.000013 total_loss:0.137400 pseudo_update_count:649356
   [Train] Epoch: [71][200/358]  Loss:0.145 (Avg 0.1990) IoU:0.730 (Avg 0.6018) Dice:0.8343 (Avg 0.7173) LR 1.00e-03   (AvgTime 1.2)   
   [Train] sup_loss:0.136993 lv_loss:0.040604 epi_loss:0.000016 total_loss:0.145115 pseudo_update_count:597175
   [Train] Epoch: [71][220/358]  Loss:0.081 (Avg 0.2001) IoU:0.621 (Avg 0.6038) Dice:0.7284 (Avg 0.7195) LR 1.00e-03   (AvgTime 1.2)   
   [Train] sup_loss:0.074402 lv_loss:0.031445 epi_loss:0.000008 total_loss:0.080692 pseudo_update_count:698970
   [Train] Epoch: [71][240/358]  Loss:0.187 (Avg 0.1984) IoU:0.586 (Avg 0.6050) Dice:0.6847 (Avg 0.7205) LR 1.00e-03   (AvgTime 1.2)   
   [Train] sup_loss:0.179473 lv_loss:0.037775 epi_loss:0.000013 total_loss:0.187029 pseudo_update_count:598112
   [Train] Epoch: [71][260/358]  Loss:0.141 (Avg 0.1964) IoU:0.521 (Avg 0.6053) Dice:0.6727 (Avg 0.7210) LR 1.00e-03   (AvgTime 1.2)   
   [Train] sup_loss:0.133185 lv_loss:0.038198 epi_loss:0.000011 total_loss:0.140826 pseudo_update_count:697091
   [Train] Epoch: [71][280/358]  Loss:0.309 (Avg 0.1964) IoU:0.495 (Avg 0.6046) Dice:0.6214 (Avg 0.7207) LR 1.00e-03   (AvgTime 1.2)   
   [Train] sup_loss:0.301887 lv_loss:0.035639 epi_loss:0.000010 total_loss:0.309016 pseudo_update_count:647765
   [Train] Epoch: [71][300/358]  Loss:0.177 (Avg 0.1964) IoU:0.661 (Avg 0.6049) Dice:0.7758 (Avg 0.7209) LR 1.00e-03   (AvgTime 1.2)   
   [Train] sup_loss:0.169766 lv_loss:0.034246 epi_loss:0.000013 total_loss:0.176616 pseudo_update_count:548668
   [Train] Epoch: [71][320/358]  Loss:0.162 (Avg 0.1948) IoU:0.660 (Avg 0.6055) Dice:0.7720 (Avg 0.7216) LR 1.00e-03   (AvgTime 1.2)   
   [Train] sup_loss:0.154412 lv_loss:0.037632 epi_loss:0.000013 total_loss:0.161939 pseudo_update_count:648137
   [Train] Epoch: [71][340/358]  Loss:0.408 (Avg 0.1950) IoU:0.594 (Avg 0.6053) Dice:0.7251 (Avg 0.7214) LR 1.00e-03   (AvgTime 1.2)   
   [Train] sup_loss:0.400553 lv_loss:0.036544 epi_loss:0.000013 total_loss:0.407863 pseudo_update_count:698120
[Train-Epoch-Metrics] epoch=71 sup_loss:0.187532 lv_loss:0.037118 epi_loss:0.000012 total_loss:0.194956 pseudo_update_count:213675833 labeled_seen:1429 unlabeled_seen:4287 Dice:0.721566 IoU:0.605561
Validation
   [Val] Epoch: [71][20/90]  Loss:0.258 (Avg 0.2462) IoU:0.558 (Avg 0.5890) Dice:0.6613 (Avg 0.7031) (AvgTime 0.5)   
   [Val] sup_loss:0.257513 lv_loss:0.000000 epi_loss:0.000000 total_loss:0.257513 pseudo_update_count:0
   [Val] Epoch: [71][40/90]  Loss:0.172 (Avg 0.2439) IoU:0.676 (Avg 0.5968) Dice:0.7733 (Avg 0.7102) (AvgTime 0.5)   
   [Val] sup_loss:0.171686 lv_loss:0.000000 epi_loss:0.000000 total_loss:0.171686 pseudo_update_count:0
   [Val] Epoch: [71][60/90]  Loss:0.166 (Avg 0.2364) IoU:0.689 (Avg 0.6029) Dice:0.7972 (Avg 0.7168) (AvgTime 0.5)   
   [Val] sup_loss:0.165935 lv_loss:0.000000 epi_loss:0.000000 total_loss:0.165935 pseudo_update_count:0
   [Val] Epoch: [71][80/90]  Loss:0.169 (Avg 0.2304) IoU:0.657 (Avg 0.6074) Dice:0.7639 (Avg 0.7218) (AvgTime 0.5)   
   [Val] sup_loss:0.169162 lv_loss:0.000000 epi_loss:0.000000 total_loss:0.169162 pseudo_update_count:0
[Val-Epoch-Metrics] epoch=71 sup_loss:0.229461 lv_loss:0.000000 epi_loss:0.000000 total_loss:0.229461 pseudo_update_count:0 labeled_seen:1429 unlabeled_seen:0 Dice:0.722183 IoU:0.607350
	 Mean dice:0.7222 does not increase, the best is still: 0.7597 in epoch 69
	 early_stopping_count: 2/100000

========= Epoch [72/81] =========
QaTa_Covid19_LViT_25pct_labels
Training with batch size : 16
[SemiSup] subset_ratio=0.2500 labeled_name_count=1429
   [Train] Epoch: [72][20/358]  Loss:0.210 (Avg 0.2063) IoU:0.566 (Avg 0.5815) Dice:0.6964 (Avg 0.6964) LR 9.78e-04   (AvgTime 1.2)   
   [Train] sup_loss:0.202190 lv_loss:0.038563 epi_loss:0.000007 total_loss:0.209903 pseudo_update_count:398417
   [Train] Epoch: [72][40/358]  Loss:0.160 (Avg 0.1981) IoU:0.491 (Avg 0.6157) Dice:0.6022 (Avg 0.7281) LR 9.78e-04   (AvgTime 1.2)   
   [Train] sup_loss:0.152296 lv_loss:0.036500 epi_loss:0.000008 total_loss:0.159596 pseudo_update_count:598611
   [Train] Epoch: [72][60/358]  Loss:0.291 (Avg 0.1908) IoU:0.658 (Avg 0.6154) Dice:0.7532 (Avg 0.7300) LR 9.78e-04   (AvgTime 1.2)   
   [Train] sup_loss:0.284275 lv_loss:0.035219 epi_loss:0.000009 total_loss:0.291319 pseudo_update_count:698717
   [Train] Epoch: [72][80/358]  Loss:0.193 (Avg 0.1926) IoU:0.569 (Avg 0.6158) Dice:0.6959 (Avg 0.7308) LR 9.78e-04   (AvgTime 1.2)   
   [Train] sup_loss:0.184526 lv_loss:0.042290 epi_loss:0.000010 total_loss:0.192984 pseudo_update_count:597482
   [Train] Epoch: [72][100/358]  Loss:0.245 (Avg 0.1938) IoU:0.562 (Avg 0.6113) Dice:0.6653 (Avg 0.7266) LR 9.78e-04   (AvgTime 1.2)   
   [Train] sup_loss:0.238284 lv_loss:0.033778 epi_loss:0.000015 total_loss:0.245040 pseudo_update_count:598712
   [Train] Epoch: [72][120/358]  Loss:0.137 (Avg 0.1916) IoU:0.566 (Avg 0.6136) Dice:0.6978 (Avg 0.7285) LR 9.78e-04   (AvgTime 1.2)   
   [Train] sup_loss:0.130187 lv_loss:0.033931 epi_loss:0.000011 total_loss:0.136973 pseudo_update_count:648223
   [Train] Epoch: [72][140/358]  Loss:0.168 (Avg 0.1942) IoU:0.737 (Avg 0.6119) Dice:0.8314 (Avg 0.7270) LR 9.78e-04   (AvgTime 1.2)   
   [Train] sup_loss:0.161504 lv_loss:0.032430 epi_loss:0.000014 total_loss:0.167991 pseudo_update_count:698650
   [Train] Epoch: [72][160/358]  Loss:0.176 (Avg 0.1933) IoU:0.640 (Avg 0.6145) Dice:0.7492 (Avg 0.7295) LR 9.78e-04   (AvgTime 1.2)   
   [Train] sup_loss:0.169182 lv_loss:0.031895 epi_loss:0.000009 total_loss:0.175561 pseudo_update_count:598807
   [Train] Epoch: [72][180/358]  Loss:0.266 (Avg 0.1958) IoU:0.480 (Avg 0.6128) Dice:0.6245 (Avg 0.7279) LR 9.78e-04   (AvgTime 1.2)   
   [Train] sup_loss:0.257080 lv_loss:0.044590 epi_loss:0.000011 total_loss:0.265999 pseudo_update_count:646832
   [Train] Epoch: [72][200/358]  Loss:0.152 (Avg 0.1945) IoU:0.670 (Avg 0.6103) Dice:0.7831 (Avg 0.7258) LR 9.78e-04   (AvgTime 1.2)   
   [Train] sup_loss:0.144880 lv_loss:0.036022 epi_loss:0.000013 total_loss:0.152085 pseudo_update_count:448693
   [Train] Epoch: [72][220/358]  Loss:0.210 (Avg 0.1943) IoU:0.644 (Avg 0.6114) Dice:0.7772 (Avg 0.7269) LR 9.78e-04   (AvgTime 1.2)   
   [Train] sup_loss:0.201922 lv_loss:0.038969 epi_loss:0.000008 total_loss:0.209716 pseudo_update_count:548576
   [Train] Epoch: [72][240/358]  Loss:0.264 (Avg 0.1932) IoU:0.585 (Avg 0.6109) Dice:0.7166 (Avg 0.7267) LR 9.78e-04   (AvgTime 1.2)   
   [Train] sup_loss:0.257691 lv_loss:0.031816 epi_loss:0.000011 total_loss:0.264055 pseudo_update_count:548873
   [Train] Epoch: [72][260/358]  Loss:0.225 (Avg 0.1967) IoU:0.566 (Avg 0.6097) Dice:0.7007 (Avg 0.7255) LR 9.78e-04   (AvgTime 1.2)   
   [Train] sup_loss:0.217680 lv_loss:0.037275 epi_loss:0.000012 total_loss:0.225136 pseudo_update_count:498838
   [Train] Epoch: [72][280/358]  Loss:0.155 (Avg 0.1962) IoU:0.693 (Avg 0.6096) Dice:0.8063 (Avg 0.7254) LR 9.78e-04   (AvgTime 1.2)   
   [Train] sup_loss:0.149522 lv_loss:0.028362 epi_loss:0.000008 total_loss:0.155194 pseudo_update_count:549527
   [Train] Epoch: [72][300/358]  Loss:0.170 (Avg 0.1976) IoU:0.523 (Avg 0.6091) Dice:0.6354 (Avg 0.7249) LR 9.78e-04   (AvgTime 1.2)   
   [Train] sup_loss:0.161481 lv_loss:0.040418 epi_loss:0.000010 total_loss:0.169565 pseudo_update_count:497708
   [Train] Epoch: [72][320/358]  Loss:0.202 (Avg 0.1974) IoU:0.548 (Avg 0.6081) Dice:0.6603 (Avg 0.7241) LR 9.78e-04   (AvgTime 1.2)   
   [Train] sup_loss:0.195921 lv_loss:0.031551 epi_loss:0.000010 total_loss:0.202231 pseudo_update_count:499238
   [Train] Epoch: [72][340/358]  Loss:0.193 (Avg 0.1967) IoU:0.669 (Avg 0.6089) Dice:0.7844 (Avg 0.7247) LR 9.78e-04   (AvgTime 1.2)   
   [Train] sup_loss:0.186798 lv_loss:0.033079 epi_loss:0.000013 total_loss:0.193414 pseudo_update_count:499062
[Train-Epoch-Metrics] epoch=72 sup_loss:0.189069 lv_loss:0.037748 epi_loss:0.000012 total_loss:0.196619 pseudo_update_count:213696608 labeled_seen:1429 unlabeled_seen:4287 Dice:0.723502 IoU:0.607675
Validation
   [Val] Epoch: [72][20/90]  Loss:0.484 (Avg 0.3594) IoU:0.393 (Avg 0.4592) Dice:0.5211 (Avg 0.5804) (AvgTime 0.5)   
   [Val] sup_loss:0.484273 lv_loss:0.000000 epi_loss:0.000000 total_loss:0.484273 pseudo_update_count:0
   [Val] Epoch: [72][40/90]  Loss:0.265 (Avg 0.3471) IoU:0.572 (Avg 0.4738) Dice:0.6729 (Avg 0.5950) (AvgTime 0.5)   
   [Val] sup_loss:0.265351 lv_loss:0.000000 epi_loss:0.000000 total_loss:0.265351 pseudo_update_count:0
   [Val] Epoch: [72][60/90]  Loss:0.356 (Avg 0.3368) IoU:0.359 (Avg 0.4826) Dice:0.4970 (Avg 0.6044) (AvgTime 0.5)   
   [Val] sup_loss:0.355711 lv_loss:0.000000 epi_loss:0.000000 total_loss:0.355711 pseudo_update_count:0
   [Val] Epoch: [72][80/90]  Loss:0.298 (Avg 0.3347) IoU:0.571 (Avg 0.4855) Dice:0.6733 (Avg 0.6074) (AvgTime 0.5)   
   [Val] sup_loss:0.297738 lv_loss:0.000000 epi_loss:0.000000 total_loss:0.297738 pseudo_update_count:0
[Val-Epoch-Metrics] epoch=72 sup_loss:0.335954 lv_loss:0.000000 epi_loss:0.000000 total_loss:0.335954 pseudo_update_count:0 labeled_seen:1429 unlabeled_seen:0 Dice:0.606284 IoU:0.484140
	 Mean dice:0.6063 does not increase, the best is still: 0.7597 in epoch 69
	 early_stopping_count: 3/100000

========= Epoch [73/81] =========
QaTa_Covid19_LViT_25pct_labels
Training with batch size : 16
[SemiSup] subset_ratio=0.2500 labeled_name_count=1429
   [Train] Epoch: [73][20/358]  Loss:0.232 (Avg 0.1788) IoU:0.611 (Avg 0.6131) Dice:0.7347 (Avg 0.7310) LR 9.14e-04   (AvgTime 1.2)   
   [Train] sup_loss:0.225372 lv_loss:0.035304 epi_loss:0.000005 total_loss:0.232433 pseudo_update_count:649001
   [Train] Epoch: [73][40/358]  Loss:0.104 (Avg 0.1819) IoU:0.629 (Avg 0.6196) Dice:0.7551 (Avg 0.7356) LR 9.14e-04   (AvgTime 1.2)   
   [Train] sup_loss:0.097423 lv_loss:0.032874 epi_loss:0.000013 total_loss:0.103998 pseudo_update_count:699028
   [Train] Epoch: [73][60/358]  Loss:0.081 (Avg 0.1902) IoU:0.588 (Avg 0.6131) Dice:0.6947 (Avg 0.7292) LR 9.14e-04   (AvgTime 1.2)   
   [Train] sup_loss:0.074425 lv_loss:0.033572 epi_loss:0.000013 total_loss:0.081140 pseudo_update_count:698641
   [Train] Epoch: [73][80/358]  Loss:0.111 (Avg 0.1896) IoU:0.528 (Avg 0.6140) Dice:0.6452 (Avg 0.7292) LR 9.14e-04   (AvgTime 1.2)   
   [Train] sup_loss:0.104958 lv_loss:0.030841 epi_loss:0.000007 total_loss:0.111127 pseudo_update_count:549169
   [Train] Epoch: [73][100/358]  Loss:0.208 (Avg 0.1891) IoU:0.561 (Avg 0.6177) Dice:0.6907 (Avg 0.7331) LR 9.14e-04   (AvgTime 1.2)   
   [Train] sup_loss:0.201678 lv_loss:0.029129 epi_loss:0.000013 total_loss:0.207505 pseudo_update_count:698932
   [Train] Epoch: [73][120/358]  Loss:0.181 (Avg 0.1912) IoU:0.569 (Avg 0.6147) Dice:0.6835 (Avg 0.7301) LR 9.14e-04   (AvgTime 1.2)   
   [Train] sup_loss:0.173997 lv_loss:0.033985 epi_loss:0.000007 total_loss:0.180795 pseudo_update_count:598984
   [Train] Epoch: [73][140/358]  Loss:0.107 (Avg 0.1938) IoU:0.672 (Avg 0.6172) Dice:0.7784 (Avg 0.7322) LR 9.14e-04   (AvgTime 1.2)   
   [Train] sup_loss:0.099207 lv_loss:0.041190 epi_loss:0.000013 total_loss:0.107446 pseudo_update_count:597219
   [Train] Epoch: [73][160/358]  Loss:0.115 (Avg 0.1966) IoU:0.709 (Avg 0.6160) Dice:0.8219 (Avg 0.7309) LR 9.14e-04   (AvgTime 1.2)   
   [Train] sup_loss:0.105917 lv_loss:0.045042 epi_loss:0.000013 total_loss:0.114926 pseudo_update_count:597421
   [Train] Epoch: [73][180/358]  Loss:0.283 (Avg 0.1935) IoU:0.513 (Avg 0.6177) Dice:0.6445 (Avg 0.7325) LR 9.14e-04   (AvgTime 1.2)   
   [Train] sup_loss:0.274844 lv_loss:0.040150 epi_loss:0.000013 total_loss:0.282875 pseudo_update_count:497844
   [Train] Epoch: [73][200/358]  Loss:0.146 (Avg 0.1938) IoU:0.626 (Avg 0.6162) Dice:0.7282 (Avg 0.7311) LR 9.14e-04   (AvgTime 1.2)   
   [Train] sup_loss:0.138596 lv_loss:0.035045 epi_loss:0.000012 total_loss:0.145606 pseudo_update_count:498794
   [Train] Epoch: [73][220/358]  Loss:0.130 (Avg 0.1904) IoU:0.591 (Avg 0.6179) Dice:0.7034 (Avg 0.7327) LR 9.14e-04   (AvgTime 1.2)   
   [Train] sup_loss:0.121941 lv_loss:0.038580 epi_loss:0.000006 total_loss:0.129658 pseudo_update_count:647341
   [Train] Epoch: [73][240/358]  Loss:0.131 (Avg 0.1861) IoU:0.657 (Avg 0.6173) Dice:0.7701 (Avg 0.7318) LR 9.14e-04   (AvgTime 1.2)   
   [Train] sup_loss:0.125572 lv_loss:0.026563 epi_loss:0.000008 total_loss:0.130885 pseudo_update_count:499559
   [Train] Epoch: [73][260/358]  Loss:0.213 (Avg 0.1858) IoU:0.607 (Avg 0.6163) Dice:0.7062 (Avg 0.7308) LR 9.14e-04   (AvgTime 1.2)   
   [Train] sup_loss:0.205463 lv_loss:0.038937 epi_loss:0.000014 total_loss:0.213252 pseudo_update_count:547822
   [Train] Epoch: [73][280/358]  Loss:0.183 (Avg 0.1855) IoU:0.549 (Avg 0.6154) Dice:0.6763 (Avg 0.7300) LR 9.14e-04   (AvgTime 1.2)   
   [Train] sup_loss:0.176721 lv_loss:0.030893 epi_loss:0.000012 total_loss:0.182900 pseudo_update_count:598918
   [Train] Epoch: [73][300/358]  Loss:0.129 (Avg 0.1858) IoU:0.614 (Avg 0.6153) Dice:0.7473 (Avg 0.7300) LR 9.14e-04   (AvgTime 1.2)   
   [Train] sup_loss:0.121748 lv_loss:0.033846 epi_loss:0.000009 total_loss:0.128517 pseudo_update_count:598358
   [Train] Epoch: [73][320/358]  Loss:0.210 (Avg 0.1890) IoU:0.690 (Avg 0.6149) Dice:0.7885 (Avg 0.7296) LR 9.14e-04   (AvgTime 1.2)   
   [Train] sup_loss:0.202776 lv_loss:0.037354 epi_loss:0.000015 total_loss:0.210247 pseudo_update_count:448883
   [Train] Epoch: [73][340/358]  Loss:0.145 (Avg 0.1884) IoU:0.646 (Avg 0.6145) Dice:0.7473 (Avg 0.7294) LR 9.14e-04   (AvgTime 1.2)   
   [Train] sup_loss:0.137326 lv_loss:0.036103 epi_loss:0.000007 total_loss:0.144547 pseudo_update_count:498657
[Train-Epoch-Metrics] epoch=73 sup_loss:0.182116 lv_loss:0.035195 epi_loss:0.000012 total_loss:0.189156 pseudo_update_count:213754473 labeled_seen:1429 unlabeled_seen:4287 Dice:0.730033 IoU:0.615314
Validation
   [Val] Epoch: [73][20/90]  Loss:0.143 (Avg 0.1976) IoU:0.693 (Avg 0.6313) Dice:0.7950 (Avg 0.7425) (AvgTime 0.5)   
   [Val] sup_loss:0.143024 lv_loss:0.000000 epi_loss:0.000000 total_loss:0.143024 pseudo_update_count:0
   [Val] Epoch: [73][40/90]  Loss:0.152 (Avg 0.1929) IoU:0.677 (Avg 0.6312) Dice:0.7788 (Avg 0.7431) (AvgTime 0.5)   
   [Val] sup_loss:0.151731 lv_loss:0.000000 epi_loss:0.000000 total_loss:0.151731 pseudo_update_count:0
   [Val] Epoch: [73][60/90]  Loss:0.161 (Avg 0.1904) IoU:0.643 (Avg 0.6341) Dice:0.7635 (Avg 0.7458) (AvgTime 0.5)   
   [Val] sup_loss:0.160681 lv_loss:0.000000 epi_loss:0.000000 total_loss:0.160681 pseudo_update_count:0
   [Val] Epoch: [73][80/90]  Loss:0.176 (Avg 0.1925) IoU:0.647 (Avg 0.6270) Dice:0.7438 (Avg 0.7402) (AvgTime 0.5)   
   [Val] sup_loss:0.176034 lv_loss:0.000000 epi_loss:0.000000 total_loss:0.176034 pseudo_update_count:0
[Val-Epoch-Metrics] epoch=73 sup_loss:0.193242 lv_loss:0.000000 epi_loss:0.000000 total_loss:0.193242 pseudo_update_count:0 labeled_seen:1429 unlabeled_seen:0 Dice:0.740165 IoU:0.626729
	 Mean dice:0.7402 does not increase, the best is still: 0.7597 in epoch 69
	 early_stopping_count: 4/100000

========= Epoch [74/81] =========
QaTa_Covid19_LViT_25pct_labels
Training with batch size : 16
[SemiSup] subset_ratio=0.2500 labeled_name_count=1429
   [Train] Epoch: [74][20/358]  Loss:0.132 (Avg 0.1741) IoU:0.618 (Avg 0.5939) Dice:0.7364 (Avg 0.7114) LR 8.15e-04   (AvgTime 1.2)   
   [Train] sup_loss:0.123247 lv_loss:0.043537 epi_loss:0.000014 total_loss:0.131955 pseudo_update_count:547499
   [Train] Epoch: [74][40/358]  Loss:0.222 (Avg 0.1848) IoU:0.585 (Avg 0.6032) Dice:0.7207 (Avg 0.7205) LR 8.15e-04   (AvgTime 1.2)   
   [Train] sup_loss:0.215557 lv_loss:0.032236 epi_loss:0.000010 total_loss:0.222004 pseudo_update_count:549263
   [Train] Epoch: [74][60/358]  Loss:0.300 (Avg 0.1865) IoU:0.564 (Avg 0.6126) Dice:0.6839 (Avg 0.7299) LR 8.15e-04   (AvgTime 1.2)   
   [Train] sup_loss:0.291990 lv_loss:0.037950 epi_loss:0.000014 total_loss:0.299580 pseudo_update_count:597801
   [Train] Epoch: [74][80/358]  Loss:0.121 (Avg 0.1858) IoU:0.632 (Avg 0.6179) Dice:0.7433 (Avg 0.7342) LR 8.15e-04   (AvgTime 1.2)   
   [Train] sup_loss:0.114471 lv_loss:0.031384 epi_loss:0.000010 total_loss:0.120748 pseudo_update_count:598285
   [Train] Epoch: [74][100/358]  Loss:0.229 (Avg 0.1789) IoU:0.567 (Avg 0.6232) Dice:0.6901 (Avg 0.7388) LR 8.15e-04   (AvgTime 1.2)   
   [Train] sup_loss:0.221820 lv_loss:0.037187 epi_loss:0.000010 total_loss:0.229258 pseudo_update_count:647394
   [Train] Epoch: [74][120/358]  Loss:0.140 (Avg 0.1765) IoU:0.617 (Avg 0.6249) Dice:0.7419 (Avg 0.7402) LR 8.15e-04   (AvgTime 1.2)   
   [Train] sup_loss:0.133300 lv_loss:0.032200 epi_loss:0.000012 total_loss:0.139741 pseudo_update_count:748316
   [Train] Epoch: [74][140/358]  Loss:0.217 (Avg 0.1720) IoU:0.623 (Avg 0.6257) Dice:0.7506 (Avg 0.7406) LR 8.15e-04   (AvgTime 1.2)   
   [Train] sup_loss:0.210068 lv_loss:0.032242 epi_loss:0.000010 total_loss:0.216516 pseudo_update_count:698661
   [Train] Epoch: [74][160/358]  Loss:0.283 (Avg 0.1740) IoU:0.593 (Avg 0.6244) Dice:0.7355 (Avg 0.7397) LR 8.15e-04   (AvgTime 1.2)   
   [Train] sup_loss:0.275875 lv_loss:0.034503 epi_loss:0.000009 total_loss:0.282776 pseudo_update_count:598541
   [Train] Epoch: [74][180/358]  Loss:0.280 (Avg 0.1739) IoU:0.458 (Avg 0.6226) Dice:0.5798 (Avg 0.7376) LR 8.15e-04   (AvgTime 1.2)   
   [Train] sup_loss:0.272762 lv_loss:0.038120 epi_loss:0.000012 total_loss:0.280386 pseudo_update_count:647370
   [Train] Epoch: [74][200/358]  Loss:0.106 (Avg 0.1721) IoU:0.583 (Avg 0.6261) Dice:0.6979 (Avg 0.7405) LR 8.15e-04   (AvgTime 1.2)   
   [Train] sup_loss:0.097531 lv_loss:0.040616 epi_loss:0.000012 total_loss:0.105655 pseudo_update_count:598078
   [Train] Epoch: [74][220/358]  Loss:0.316 (Avg 0.1740) IoU:0.492 (Avg 0.6262) Dice:0.6259 (Avg 0.7406) LR 8.15e-04   (AvgTime 1.2)   
   [Train] sup_loss:0.307833 lv_loss:0.039427 epi_loss:0.000011 total_loss:0.315719 pseudo_update_count:647130
   [Train] Epoch: [74][240/358]  Loss:0.335 (Avg 0.1758) IoU:0.608 (Avg 0.6243) Dice:0.7217 (Avg 0.7386) LR 8.15e-04   (AvgTime 1.2)   
   [Train] sup_loss:0.328327 lv_loss:0.031312 epi_loss:0.000012 total_loss:0.334590 pseudo_update_count:698871
   [Train] Epoch: [74][260/358]  Loss:0.278 (Avg 0.1763) IoU:0.559 (Avg 0.6257) Dice:0.6727 (Avg 0.7398) LR 8.15e-04   (AvgTime 1.2)   
   [Train] sup_loss:0.270358 lv_loss:0.039650 epi_loss:0.000015 total_loss:0.278289 pseudo_update_count:698156
   [Train] Epoch: [74][280/358]  Loss:0.225 (Avg 0.1783) IoU:0.614 (Avg 0.6250) Dice:0.7261 (Avg 0.7391) LR 8.15e-04   (AvgTime 1.2)   
   [Train] sup_loss:0.218800 lv_loss:0.029612 epi_loss:0.000010 total_loss:0.224723 pseudo_update_count:599052
   [Train] Epoch: [74][300/358]  Loss:0.132 (Avg 0.1784) IoU:0.688 (Avg 0.6241) Dice:0.7973 (Avg 0.7384) LR 8.15e-04   (AvgTime 1.2)   
   [Train] sup_loss:0.125477 lv_loss:0.033419 epi_loss:0.000010 total_loss:0.132161 pseudo_update_count:598811
   [Train] Epoch: [74][320/358]  Loss:0.281 (Avg 0.1791) IoU:0.594 (Avg 0.6235) Dice:0.7230 (Avg 0.7379) LR 8.15e-04   (AvgTime 1.2)   
   [Train] sup_loss:0.272730 lv_loss:0.042417 epi_loss:0.000014 total_loss:0.281214 pseudo_update_count:597787
   [Train] Epoch: [74][340/358]  Loss:0.294 (Avg 0.1795) IoU:0.748 (Avg 0.6232) Dice:0.8439 (Avg 0.7374) LR 8.15e-04   (AvgTime 1.2)   
   [Train] sup_loss:0.286739 lv_loss:0.035565 epi_loss:0.000018 total_loss:0.293852 pseudo_update_count:647474
[Train-Epoch-Metrics] epoch=74 sup_loss:0.172711 lv_loss:0.034374 epi_loss:0.000012 total_loss:0.179587 pseudo_update_count:213773201 labeled_seen:1429 unlabeled_seen:4287 Dice:0.737461 IoU:0.623182
Validation
   [Val] Epoch: [74][20/90]  Loss:0.278 (Avg 0.1933) IoU:0.519 (Avg 0.6261) Dice:0.6541 (Avg 0.7362) (AvgTime 0.5)   
   [Val] sup_loss:0.278377 lv_loss:0.000000 epi_loss:0.000000 total_loss:0.278377 pseudo_update_count:0
   [Val] Epoch: [74][40/90]  Loss:0.244 (Avg 0.1949) IoU:0.549 (Avg 0.6214) Dice:0.6717 (Avg 0.7331) (AvgTime 0.5)   
   [Val] sup_loss:0.243854 lv_loss:0.000000 epi_loss:0.000000 total_loss:0.243854 pseudo_update_count:0
   [Val] Epoch: [74][60/90]  Loss:0.148 (Avg 0.1917) IoU:0.739 (Avg 0.6287) Dice:0.8388 (Avg 0.7417) (AvgTime 0.5)   
   [Val] sup_loss:0.147979 lv_loss:0.000000 epi_loss:0.000000 total_loss:0.147979 pseudo_update_count:0
   [Val] Epoch: [74][80/90]  Loss:0.227 (Avg 0.1920) IoU:0.577 (Avg 0.6271) Dice:0.7034 (Avg 0.7393) (AvgTime 0.5)   
   [Val] sup_loss:0.227056 lv_loss:0.000000 epi_loss:0.000000 total_loss:0.227056 pseudo_update_count:0
[Val-Epoch-Metrics] epoch=74 sup_loss:0.191789 lv_loss:0.000000 epi_loss:0.000000 total_loss:0.191789 pseudo_update_count:0 labeled_seen:1429 unlabeled_seen:0 Dice:0.740282 IoU:0.627764
	 Mean dice:0.7403 does not increase, the best is still: 0.7597 in epoch 69
	 early_stopping_count: 5/100000

========= Epoch [75/81] =========
QaTa_Covid19_LViT_25pct_labels
Training with batch size : 16
[SemiSup] subset_ratio=0.2500 labeled_name_count=1429
   [Train] Epoch: [75][20/358]  Loss:0.215 (Avg 0.1671) IoU:0.621 (Avg 0.6155) Dice:0.7406 (Avg 0.7293) LR 6.89e-04   (AvgTime 1.2)   
   [Train] sup_loss:0.206754 lv_loss:0.039274 epi_loss:0.000010 total_loss:0.214609 pseudo_update_count:697463
   [Train] Epoch: [75][40/358]  Loss:0.105 (Avg 0.1640) IoU:0.676 (Avg 0.6276) Dice:0.7956 (Avg 0.7410) LR 6.89e-04   (AvgTime 1.2)   
   [Train] sup_loss:0.098145 lv_loss:0.031955 epi_loss:0.000013 total_loss:0.104537 pseudo_update_count:648570
   [Train] Epoch: [75][60/358]  Loss:0.234 (Avg 0.1708) IoU:0.601 (Avg 0.6284) Dice:0.7064 (Avg 0.7419) LR 6.89e-04   (AvgTime 1.2)   
   [Train] sup_loss:0.228933 lv_loss:0.027683 epi_loss:0.000010 total_loss:0.234470 pseudo_update_count:599009
   [Train] Epoch: [75][80/358]  Loss:0.373 (Avg 0.1803) IoU:0.525 (Avg 0.6285) Dice:0.6428 (Avg 0.7419) LR 6.89e-04   (AvgTime 1.2)   
   [Train] sup_loss:0.365571 lv_loss:0.035425 epi_loss:0.000010 total_loss:0.372656 pseudo_update_count:697716
   [Train] Epoch: [75][100/358]  Loss:0.126 (Avg 0.1788) IoU:0.598 (Avg 0.6277) Dice:0.7047 (Avg 0.7414) LR 6.89e-04   (AvgTime 1.2)   
   [Train] sup_loss:0.120151 lv_loss:0.029869 epi_loss:0.000009 total_loss:0.126125 pseudo_update_count:548838
   [Train] Epoch: [75][120/358]  Loss:0.112 (Avg 0.1804) IoU:0.681 (Avg 0.6284) Dice:0.7975 (Avg 0.7418) LR 6.89e-04   (AvgTime 1.2)   
   [Train] sup_loss:0.103341 lv_loss:0.042188 epi_loss:0.000014 total_loss:0.111779 pseudo_update_count:597463
   [Train] Epoch: [75][140/358]  Loss:0.114 (Avg 0.1763) IoU:0.694 (Avg 0.6292) Dice:0.8070 (Avg 0.7431) LR 6.89e-04   (AvgTime 1.2)   
   [Train] sup_loss:0.105019 lv_loss:0.042621 epi_loss:0.000019 total_loss:0.113544 pseudo_update_count:547401
   [Train] Epoch: [75][160/358]  Loss:0.226 (Avg 0.1775) IoU:0.479 (Avg 0.6286) Dice:0.6010 (Avg 0.7425) LR 6.89e-04   (AvgTime 1.2)   
   [Train] sup_loss:0.219467 lv_loss:0.034228 epi_loss:0.000012 total_loss:0.226313 pseudo_update_count:598519
   [Train] Epoch: [75][180/358]  Loss:0.201 (Avg 0.1794) IoU:0.611 (Avg 0.6254) Dice:0.7499 (Avg 0.7399) LR 6.89e-04   (AvgTime 1.2)   
   [Train] sup_loss:0.194749 lv_loss:0.030355 epi_loss:0.000012 total_loss:0.200820 pseudo_update_count:698261
   [Train] Epoch: [75][200/358]  Loss:0.184 (Avg 0.1793) IoU:0.721 (Avg 0.6272) Dice:0.8222 (Avg 0.7415) LR 6.89e-04   (AvgTime 1.2)   
   [Train] sup_loss:0.176642 lv_loss:0.035868 epi_loss:0.000009 total_loss:0.183816 pseudo_update_count:598303
   [Train] Epoch: [75][220/358]  Loss:0.130 (Avg 0.1792) IoU:0.553 (Avg 0.6237) Dice:0.6759 (Avg 0.7385) LR 6.89e-04   (AvgTime 1.2)   
   [Train] sup_loss:0.123062 lv_loss:0.034651 epi_loss:0.000013 total_loss:0.129993 pseudo_update_count:498722
   [Train] Epoch: [75][240/358]  Loss:0.267 (Avg 0.1827) IoU:0.604 (Avg 0.6236) Dice:0.7229 (Avg 0.7382) LR 6.89e-04   (AvgTime 1.2)   
   [Train] sup_loss:0.259471 lv_loss:0.035695 epi_loss:0.000011 total_loss:0.266610 pseudo_update_count:698074
   [Train] Epoch: [75][260/358]  Loss:0.064 (Avg 0.1828) IoU:0.664 (Avg 0.6235) Dice:0.7743 (Avg 0.7376) LR 6.89e-04   (AvgTime 1.2)   
   [Train] sup_loss:0.056151 lv_loss:0.038025 epi_loss:0.000012 total_loss:0.063756 pseudo_update_count:747361
   [Train] Epoch: [75][280/358]  Loss:0.287 (Avg 0.1835) IoU:0.655 (Avg 0.6248) Dice:0.7697 (Avg 0.7386) LR 6.89e-04   (AvgTime 1.2)   
   [Train] sup_loss:0.280343 lv_loss:0.031649 epi_loss:0.000008 total_loss:0.286673 pseudo_update_count:648736
   [Train] Epoch: [75][300/358]  Loss:0.102 (Avg 0.1838) IoU:0.656 (Avg 0.6248) Dice:0.7709 (Avg 0.7383) LR 6.89e-04   (AvgTime 1.2)   
   [Train] sup_loss:0.093715 lv_loss:0.040592 epi_loss:0.000013 total_loss:0.101834 pseudo_update_count:597822
   [Train] Epoch: [75][320/358]  Loss:0.128 (Avg 0.1834) IoU:0.626 (Avg 0.6229) Dice:0.7555 (Avg 0.7367) LR 6.89e-04   (AvgTime 1.2)   
   [Train] sup_loss:0.121056 lv_loss:0.034446 epi_loss:0.000012 total_loss:0.127945 pseudo_update_count:598226
   [Train] Epoch: [75][340/358]  Loss:0.134 (Avg 0.1825) IoU:0.680 (Avg 0.6246) Dice:0.7697 (Avg 0.7382) LR 6.89e-04   (AvgTime 1.2)   
   [Train] sup_loss:0.128736 lv_loss:0.028042 epi_loss:0.000009 total_loss:0.134345 pseudo_update_count:549515
[Train-Epoch-Metrics] epoch=75 sup_loss:0.174605 lv_loss:0.034586 epi_loss:0.000011 total_loss:0.181523 pseudo_update_count:213752484 labeled_seen:1429 unlabeled_seen:4287 Dice:0.738955 IoU:0.625374
Validation
   [Val] Epoch: [75][20/90]  Loss:0.100 (Avg 0.1805) IoU:0.775 (Avg 0.6259) Dice:0.8579 (Avg 0.7368) (AvgTime 0.5)   
   [Val] sup_loss:0.100473 lv_loss:0.000000 epi_loss:0.000000 total_loss:0.100473 pseudo_update_count:0
   [Val] Epoch: [75][40/90]  Loss:0.217 (Avg 0.1840) IoU:0.569 (Avg 0.6279) Dice:0.6914 (Avg 0.7400) (AvgTime 0.5)   
   [Val] sup_loss:0.217002 lv_loss:0.000000 epi_loss:0.000000 total_loss:0.217002 pseudo_update_count:0
   [Val] Epoch: [75][60/90]  Loss:0.127 (Avg 0.1832) IoU:0.733 (Avg 0.6294) Dice:0.8266 (Avg 0.7406) (AvgTime 0.5)   
   [Val] sup_loss:0.126659 lv_loss:0.000000 epi_loss:0.000000 total_loss:0.126659 pseudo_update_count:0
   [Val] Epoch: [75][80/90]  Loss:0.138 (Avg 0.1871) IoU:0.719 (Avg 0.6243) Dice:0.8281 (Avg 0.7368) (AvgTime 0.5)   
   [Val] sup_loss:0.138400 lv_loss:0.000000 epi_loss:0.000000 total_loss:0.138400 pseudo_update_count:0
[Val-Epoch-Metrics] epoch=75 sup_loss:0.188177 lv_loss:0.000000 epi_loss:0.000000 total_loss:0.188177 pseudo_update_count:0 labeled_seen:1429 unlabeled_seen:0 Dice:0.736399 IoU:0.623871
	 Mean dice:0.7364 does not increase, the best is still: 0.7597 in epoch 69
	 early_stopping_count: 6/100000

========= Epoch [76/81] =========
QaTa_Covid19_LViT_25pct_labels
Training with batch size : 16
[SemiSup] subset_ratio=0.2500 labeled_name_count=1429
   [Train] Epoch: [76][20/358]  Loss:0.310 (Avg 0.1621) IoU:0.555 (Avg 0.6326) Dice:0.6886 (Avg 0.7514) LR 5.50e-04   (AvgTime 1.2)   
   [Train] sup_loss:0.303635 lv_loss:0.032746 epi_loss:0.000012 total_loss:0.310185 pseudo_update_count:548698
   [Train] Epoch: [76][40/358]  Loss:0.225 (Avg 0.1674) IoU:0.566 (Avg 0.6488) Dice:0.6731 (Avg 0.7601) LR 5.50e-04   (AvgTime 1.2)   
   [Train] sup_loss:0.216998 lv_loss:0.038231 epi_loss:0.000010 total_loss:0.224644 pseudo_update_count:398612
   [Train] Epoch: [76][60/358]  Loss:0.237 (Avg 0.1652) IoU:0.548 (Avg 0.6437) Dice:0.6795 (Avg 0.7553) LR 5.50e-04   (AvgTime 1.2)   
   [Train] sup_loss:0.229916 lv_loss:0.033328 epi_loss:0.000013 total_loss:0.236582 pseudo_update_count:598318
   [Train] Epoch: [76][80/358]  Loss:0.219 (Avg 0.1664) IoU:0.588 (Avg 0.6409) Dice:0.6927 (Avg 0.7523) LR 5.50e-04   (AvgTime 1.2)   
   [Train] sup_loss:0.212650 lv_loss:0.030888 epi_loss:0.000011 total_loss:0.218828 pseudo_update_count:549103
   [Train] Epoch: [76][100/358]  Loss:0.145 (Avg 0.1692) IoU:0.704 (Avg 0.6374) Dice:0.8081 (Avg 0.7488) LR 5.50e-04   (AvgTime 1.2)   
   [Train] sup_loss:0.139158 lv_loss:0.031603 epi_loss:0.000010 total_loss:0.145480 pseudo_update_count:548728
   [Train] Epoch: [76][120/358]  Loss:0.129 (Avg 0.1691) IoU:0.702 (Avg 0.6390) Dice:0.8173 (Avg 0.7506) LR 5.50e-04   (AvgTime 1.2)   
   [Train] sup_loss:0.121634 lv_loss:0.035242 epi_loss:0.000010 total_loss:0.128683 pseudo_update_count:548403
   [Train] Epoch: [76][140/358]  Loss:0.170 (Avg 0.1703) IoU:0.577 (Avg 0.6372) Dice:0.7081 (Avg 0.7493) LR 5.50e-04   (AvgTime 1.2)   
   [Train] sup_loss:0.162049 lv_loss:0.039706 epi_loss:0.000013 total_loss:0.169991 pseudo_update_count:598119
   [Train] Epoch: [76][160/358]  Loss:0.186 (Avg 0.1680) IoU:0.652 (Avg 0.6376) Dice:0.7695 (Avg 0.7500) LR 5.50e-04   (AvgTime 1.2)   
   [Train] sup_loss:0.178847 lv_loss:0.033734 epi_loss:0.000010 total_loss:0.185594 pseudo_update_count:647955
   [Train] Epoch: [76][180/358]  Loss:0.164 (Avg 0.1710) IoU:0.683 (Avg 0.6371) Dice:0.7981 (Avg 0.7496) LR 5.50e-04   (AvgTime 1.2)   
   [Train] sup_loss:0.156517 lv_loss:0.038731 epi_loss:0.000016 total_loss:0.164264 pseudo_update_count:548209
   [Train] Epoch: [76][200/358]  Loss:0.139 (Avg 0.1696) IoU:0.696 (Avg 0.6376) Dice:0.7910 (Avg 0.7501) LR 5.50e-04   (AvgTime 1.2)   
   [Train] sup_loss:0.130422 lv_loss:0.043776 epi_loss:0.000017 total_loss:0.139178 pseudo_update_count:647459
   [Train] Epoch: [76][220/358]  Loss:0.104 (Avg 0.1664) IoU:0.672 (Avg 0.6384) Dice:0.7795 (Avg 0.7508) LR 5.50e-04   (AvgTime 1.2)   
   [Train] sup_loss:0.098819 lv_loss:0.027293 epi_loss:0.000011 total_loss:0.104278 pseudo_update_count:699334
   [Train] Epoch: [76][240/358]  Loss:0.105 (Avg 0.1669) IoU:0.697 (Avg 0.6387) Dice:0.7983 (Avg 0.7513) LR 5.50e-04   (AvgTime 1.2)   
   [Train] sup_loss:0.099776 lv_loss:0.027127 epi_loss:0.000008 total_loss:0.105202 pseudo_update_count:549071
   [Train] Epoch: [76][260/358]  Loss:0.183 (Avg 0.1676) IoU:0.608 (Avg 0.6374) Dice:0.7307 (Avg 0.7505) LR 5.50e-04   (AvgTime 1.2)   
   [Train] sup_loss:0.177160 lv_loss:0.028075 epi_loss:0.000012 total_loss:0.182776 pseudo_update_count:649423
   [Train] Epoch: [76][280/358]  Loss:0.221 (Avg 0.1667) IoU:0.679 (Avg 0.6366) Dice:0.7866 (Avg 0.7497) LR 5.50e-04   (AvgTime 1.2)   
   [Train] sup_loss:0.214712 lv_loss:0.028941 epi_loss:0.000011 total_loss:0.220500 pseudo_update_count:499116
   [Train] Epoch: [76][300/358]  Loss:0.213 (Avg 0.1677) IoU:0.731 (Avg 0.6371) Dice:0.8104 (Avg 0.7499) LR 5.50e-04   (AvgTime 1.2)   
   [Train] sup_loss:0.207942 lv_loss:0.027286 epi_loss:0.000009 total_loss:0.213400 pseudo_update_count:698935
   [Train] Epoch: [76][320/358]  Loss:0.113 (Avg 0.1670) IoU:0.620 (Avg 0.6372) Dice:0.7286 (Avg 0.7501) LR 5.50e-04   (AvgTime 1.2)   
   [Train] sup_loss:0.106405 lv_loss:0.031616 epi_loss:0.000009 total_loss:0.112729 pseudo_update_count:548583
   [Train] Epoch: [76][340/358]  Loss:0.237 (Avg 0.1677) IoU:0.560 (Avg 0.6365) Dice:0.6732 (Avg 0.7493) LR 5.50e-04   (AvgTime 1.2)   
   [Train] sup_loss:0.229291 lv_loss:0.039368 epi_loss:0.000011 total_loss:0.237165 pseudo_update_count:448491
[Train-Epoch-Metrics] epoch=76 sup_loss:0.160706 lv_loss:0.032947 epi_loss:0.000012 total_loss:0.167296 pseudo_update_count:213798719 labeled_seen:1429 unlabeled_seen:4287 Dice:0.748417 IoU:0.635691
Validation
   [Val] Epoch: [76][20/90]  Loss:0.208 (Avg 0.1897) IoU:0.538 (Avg 0.6248) Dice:0.6625 (Avg 0.7417) (AvgTime 0.5)   
   [Val] sup_loss:0.208287 lv_loss:0.000000 epi_loss:0.000000 total_loss:0.208287 pseudo_update_count:0
   [Val] Epoch: [76][40/90]  Loss:0.199 (Avg 0.1814) IoU:0.564 (Avg 0.6355) Dice:0.6911 (Avg 0.7494) (AvgTime 0.5)   
   [Val] sup_loss:0.199458 lv_loss:0.000000 epi_loss:0.000000 total_loss:0.199458 pseudo_update_count:0
   [Val] Epoch: [76][60/90]  Loss:0.224 (Avg 0.1805) IoU:0.578 (Avg 0.6387) Dice:0.6983 (Avg 0.7511) (AvgTime 0.5)   
   [Val] sup_loss:0.223783 lv_loss:0.000000 epi_loss:0.000000 total_loss:0.223783 pseudo_update_count:0
   [Val] Epoch: [76][80/90]  Loss:0.184 (Avg 0.1796) IoU:0.644 (Avg 0.6386) Dice:0.7533 (Avg 0.7502) (AvgTime 0.5)   
   [Val] sup_loss:0.184187 lv_loss:0.000000 epi_loss:0.000000 total_loss:0.184187 pseudo_update_count:0
[Val-Epoch-Metrics] epoch=76 sup_loss:0.177991 lv_loss:0.000000 epi_loss:0.000000 total_loss:0.177991 pseudo_update_count:0 labeled_seen:1429 unlabeled_seen:0 Dice:0.752160 IoU:0.640610
	 Mean dice:0.7522 does not increase, the best is still: 0.7597 in epoch 69
	 early_stopping_count: 7/100000

========= Epoch [77/81] =========
QaTa_Covid19_LViT_25pct_labels
Training with batch size : 16
[SemiSup] subset_ratio=0.2500 labeled_name_count=1429
   [Train] Epoch: [77][20/358]  Loss:0.114 (Avg 0.1810) IoU:0.582 (Avg 0.6405) Dice:0.7019 (Avg 0.7530) LR 4.11e-04   (AvgTime 1.2)   
   [Train] sup_loss:0.107114 lv_loss:0.033369 epi_loss:0.000012 total_loss:0.113789 pseudo_update_count:698256
   [Train] Epoch: [77][40/358]  Loss:0.190 (Avg 0.1709) IoU:0.612 (Avg 0.6470) Dice:0.7079 (Avg 0.7574) LR 4.11e-04   (AvgTime 1.2)   
   [Train] sup_loss:0.184515 lv_loss:0.029117 epi_loss:0.000008 total_loss:0.190339 pseudo_update_count:598764
   [Train] Epoch: [77][60/358]  Loss:0.119 (Avg 0.1704) IoU:0.652 (Avg 0.6454) Dice:0.7654 (Avg 0.7570) LR 4.11e-04   (AvgTime 1.2)   
   [Train] sup_loss:0.112103 lv_loss:0.035186 epi_loss:0.000012 total_loss:0.119141 pseudo_update_count:697811
   [Train] Epoch: [77][80/358]  Loss:0.119 (Avg 0.1663) IoU:0.684 (Avg 0.6453) Dice:0.7966 (Avg 0.7568) LR 4.11e-04   (AvgTime 1.2)   
   [Train] sup_loss:0.112727 lv_loss:0.033794 epi_loss:0.000008 total_loss:0.119486 pseudo_update_count:598811
   [Train] Epoch: [77][100/358]  Loss:0.096 (Avg 0.1653) IoU:0.735 (Avg 0.6437) Dice:0.8363 (Avg 0.7551) LR 4.11e-04   (AvgTime 1.2)   
   [Train] sup_loss:0.089649 lv_loss:0.033414 epi_loss:0.000011 total_loss:0.096332 pseudo_update_count:647666
   [Train] Epoch: [77][120/358]  Loss:0.313 (Avg 0.1659) IoU:0.529 (Avg 0.6433) Dice:0.6453 (Avg 0.7551) LR 4.11e-04   (AvgTime 1.2)   
   [Train] sup_loss:0.306609 lv_loss:0.030845 epi_loss:0.000012 total_loss:0.312779 pseudo_update_count:648188
   [Train] Epoch: [77][140/358]  Loss:0.229 (Avg 0.1679) IoU:0.473 (Avg 0.6401) Dice:0.6108 (Avg 0.7526) LR 4.11e-04   (AvgTime 1.2)   
   [Train] sup_loss:0.222821 lv_loss:0.030493 epi_loss:0.000006 total_loss:0.228920 pseudo_update_count:548913
   [Train] Epoch: [77][160/358]  Loss:0.233 (Avg 0.1714) IoU:0.503 (Avg 0.6392) Dice:0.6291 (Avg 0.7518) LR 4.11e-04   (AvgTime 1.2)   
   [Train] sup_loss:0.226284 lv_loss:0.034192 epi_loss:0.000012 total_loss:0.233123 pseudo_update_count:598194
   [Train] Epoch: [77][180/358]  Loss:0.163 (Avg 0.1751) IoU:0.590 (Avg 0.6371) Dice:0.7081 (Avg 0.7495) LR 4.11e-04   (AvgTime 1.2)   
   [Train] sup_loss:0.157220 lv_loss:0.030423 epi_loss:0.000009 total_loss:0.163305 pseudo_update_count:599024
   [Train] Epoch: [77][200/358]  Loss:0.264 (Avg 0.1782) IoU:0.672 (Avg 0.6326) Dice:0.7719 (Avg 0.7453) LR 4.11e-04   (AvgTime 1.2)   
   [Train] sup_loss:0.257412 lv_loss:0.032071 epi_loss:0.000012 total_loss:0.263827 pseudo_update_count:698600
   [Train] Epoch: [77][220/358]  Loss:0.272 (Avg 0.1775) IoU:0.644 (Avg 0.6324) Dice:0.7545 (Avg 0.7450) LR 4.11e-04   (AvgTime 1.2)   
   [Train] sup_loss:0.264438 lv_loss:0.035821 epi_loss:0.000015 total_loss:0.271603 pseudo_update_count:648374
   [Train] Epoch: [77][240/358]  Loss:0.105 (Avg 0.1774) IoU:0.677 (Avg 0.6317) Dice:0.7854 (Avg 0.7445) LR 4.11e-04   (AvgTime 1.2)   
   [Train] sup_loss:0.099313 lv_loss:0.029499 epi_loss:0.000009 total_loss:0.105213 pseudo_update_count:499439
   [Train] Epoch: [77][260/358]  Loss:0.105 (Avg 0.1762) IoU:0.729 (Avg 0.6331) Dice:0.8298 (Avg 0.7453) LR 4.11e-04   (AvgTime 1.2)   
   [Train] sup_loss:0.098904 lv_loss:0.032967 epi_loss:0.000014 total_loss:0.105498 pseudo_update_count:499165
   [Train] Epoch: [77][280/358]  Loss:0.154 (Avg 0.1768) IoU:0.633 (Avg 0.6340) Dice:0.7585 (Avg 0.7463) LR 4.11e-04   (AvgTime 1.2)   
   [Train] sup_loss:0.147785 lv_loss:0.032879 epi_loss:0.000010 total_loss:0.154362 pseudo_update_count:548305
   [Train] Epoch: [77][300/358]  Loss:0.225 (Avg 0.1755) IoU:0.675 (Avg 0.6341) Dice:0.7623 (Avg 0.7465) LR 4.11e-04   (AvgTime 1.2)   
   [Train] sup_loss:0.217690 lv_loss:0.035439 epi_loss:0.000013 total_loss:0.224778 pseudo_update_count:647956
   [Train] Epoch: [77][320/358]  Loss:0.127 (Avg 0.1739) IoU:0.673 (Avg 0.6356) Dice:0.7793 (Avg 0.7477) LR 4.11e-04   (AvgTime 1.2)   
   [Train] sup_loss:0.120112 lv_loss:0.035584 epi_loss:0.000012 total_loss:0.127229 pseudo_update_count:697667
   [Train] Epoch: [77][340/358]  Loss:0.172 (Avg 0.1737) IoU:0.651 (Avg 0.6349) Dice:0.7599 (Avg 0.7472) LR 4.11e-04   (AvgTime 1.2)   
   [Train] sup_loss:0.164258 lv_loss:0.039454 epi_loss:0.000014 total_loss:0.172150 pseudo_update_count:647045
[Train-Epoch-Metrics] epoch=77 sup_loss:0.166757 lv_loss:0.032798 epi_loss:0.000011 total_loss:0.173317 pseudo_update_count:213797986 labeled_seen:1429 unlabeled_seen:4287 Dice:0.747459 IoU:0.635145
Validation
   [Val] Epoch: [77][20/90]  Loss:0.194 (Avg 0.1798) IoU:0.592 (Avg 0.6576) Dice:0.6914 (Avg 0.7646) (AvgTime 0.5)   
   [Val] sup_loss:0.193680 lv_loss:0.000000 epi_loss:0.000000 total_loss:0.193680 pseudo_update_count:0
   [Val] Epoch: [77][40/90]  Loss:0.339 (Avg 0.1805) IoU:0.471 (Avg 0.6529) Dice:0.5847 (Avg 0.7612) (AvgTime 0.5)   
   [Val] sup_loss:0.338604 lv_loss:0.000000 epi_loss:0.000000 total_loss:0.338604 pseudo_update_count:0
   [Val] Epoch: [77][60/90]  Loss:0.164 (Avg 0.1871) IoU:0.659 (Avg 0.6424) Dice:0.7726 (Avg 0.7521) (AvgTime 0.5)   
   [Val] sup_loss:0.163864 lv_loss:0.000000 epi_loss:0.000000 total_loss:0.163864 pseudo_update_count:0
   [Val] Epoch: [77][80/90]  Loss:0.123 (Avg 0.1840) IoU:0.758 (Avg 0.6470) Dice:0.8527 (Avg 0.7574) (AvgTime 0.5)   
   [Val] sup_loss:0.123181 lv_loss:0.000000 epi_loss:0.000000 total_loss:0.123181 pseudo_update_count:0
[Val-Epoch-Metrics] epoch=77 sup_loss:0.184856 lv_loss:0.000000 epi_loss:0.000000 total_loss:0.184856 pseudo_update_count:0 labeled_seen:1429 unlabeled_seen:0 Dice:0.755355 IoU:0.644645
	 Mean dice:0.7554 does not increase, the best is still: 0.7597 in epoch 69
	 early_stopping_count: 8/100000

========= Epoch [78/81] =========
QaTa_Covid19_LViT_25pct_labels
Training with batch size : 16
[SemiSup] subset_ratio=0.2500 labeled_name_count=1429
   [Train] Epoch: [78][20/358]  Loss:0.170 (Avg 0.1667) IoU:0.633 (Avg 0.6547) Dice:0.7564 (Avg 0.7663) LR 2.85e-04   (AvgTime 1.2)   
   [Train] sup_loss:0.164430 lv_loss:0.027942 epi_loss:0.000013 total_loss:0.170019 pseudo_update_count:649217
   [Train] Epoch: [78][40/358]  Loss:0.102 (Avg 0.1754) IoU:0.690 (Avg 0.6318) Dice:0.7971 (Avg 0.7442) LR 2.85e-04   (AvgTime 1.2)   
   [Train] sup_loss:0.095535 lv_loss:0.030408 epi_loss:0.000014 total_loss:0.101617 pseudo_update_count:648774
   [Train] Epoch: [78][60/358]  Loss:0.202 (Avg 0.1745) IoU:0.612 (Avg 0.6354) Dice:0.7232 (Avg 0.7468) LR 2.85e-04   (AvgTime 1.2)   
   [Train] sup_loss:0.196156 lv_loss:0.029155 epi_loss:0.000015 total_loss:0.201988 pseudo_update_count:648891
   [Train] Epoch: [78][80/358]  Loss:0.135 (Avg 0.1703) IoU:0.653 (Avg 0.6368) Dice:0.7615 (Avg 0.7481) LR 2.85e-04   (AvgTime 1.2)   
   [Train] sup_loss:0.128274 lv_loss:0.034445 epi_loss:0.000014 total_loss:0.135164 pseudo_update_count:598564
   [Train] Epoch: [78][100/358]  Loss:0.129 (Avg 0.1727) IoU:0.711 (Avg 0.6419) Dice:0.8083 (Avg 0.7530) LR 2.85e-04   (AvgTime 1.2)   
   [Train] sup_loss:0.122219 lv_loss:0.035124 epi_loss:0.000012 total_loss:0.129245 pseudo_update_count:548521
   [Train] Epoch: [78][120/358]  Loss:0.006 (Avg 0.1718) IoU:0.519 (Avg 0.6413) Dice:0.6217 (Avg 0.7525) LR 2.85e-04   (AvgTime 1.2)   
   [Train] sup_loss:0.000000 lv_loss:0.030475 epi_loss:0.000013 total_loss:0.006096 pseudo_update_count:798362
   [Train] Epoch: [78][140/358]  Loss:0.131 (Avg 0.1723) IoU:0.734 (Avg 0.6419) Dice:0.8130 (Avg 0.7533) LR 2.85e-04   (AvgTime 1.2)   
   [Train] sup_loss:0.125575 lv_loss:0.029607 epi_loss:0.000016 total_loss:0.131497 pseudo_update_count:449532
   [Train] Epoch: [78][160/358]  Loss:0.198 (Avg 0.1712) IoU:0.641 (Avg 0.6409) Dice:0.7425 (Avg 0.7523) LR 2.85e-04   (AvgTime 1.2)   
   [Train] sup_loss:0.190768 lv_loss:0.034345 epi_loss:0.000014 total_loss:0.197638 pseudo_update_count:648220
   [Train] Epoch: [78][180/358]  Loss:0.116 (Avg 0.1689) IoU:0.633 (Avg 0.6419) Dice:0.7425 (Avg 0.7535) LR 2.85e-04   (AvgTime 1.2)   
   [Train] sup_loss:0.109594 lv_loss:0.033787 epi_loss:0.000007 total_loss:0.116352 pseudo_update_count:598011
   [Train] Epoch: [78][200/358]  Loss:0.123 (Avg 0.1719) IoU:0.777 (Avg 0.6398) Dice:0.8599 (Avg 0.7515) LR 2.85e-04   (AvgTime 1.2)   
   [Train] sup_loss:0.117130 lv_loss:0.028137 epi_loss:0.000012 total_loss:0.122758 pseudo_update_count:598871
   [Train] Epoch: [78][220/358]  Loss:0.209 (Avg 0.1718) IoU:0.571 (Avg 0.6412) Dice:0.6996 (Avg 0.7529) LR 2.85e-04   (AvgTime 1.2)   
   [Train] sup_loss:0.201125 lv_loss:0.037351 epi_loss:0.000012 total_loss:0.208596 pseudo_update_count:547752
   [Train] Epoch: [78][240/358]  Loss:0.262 (Avg 0.1715) IoU:0.545 (Avg 0.6409) Dice:0.6904 (Avg 0.7528) LR 2.85e-04   (AvgTime 1.2)   
   [Train] sup_loss:0.256252 lv_loss:0.030298 epi_loss:0.000010 total_loss:0.262312 pseudo_update_count:698247
   [Train] Epoch: [78][260/358]  Loss:0.211 (Avg 0.1708) IoU:0.556 (Avg 0.6417) Dice:0.6819 (Avg 0.7537) LR 2.85e-04   (AvgTime 1.2)   
   [Train] sup_loss:0.204066 lv_loss:0.035302 epi_loss:0.000008 total_loss:0.211127 pseudo_update_count:448813
   [Train] Epoch: [78][280/358]  Loss:0.112 (Avg 0.1686) IoU:0.640 (Avg 0.6428) Dice:0.7580 (Avg 0.7549) LR 2.85e-04   (AvgTime 1.2)   
   [Train] sup_loss:0.106345 lv_loss:0.030231 epi_loss:0.000010 total_loss:0.112391 pseudo_update_count:697979
   [Train] Epoch: [78][300/358]  Loss:0.171 (Avg 0.1691) IoU:0.704 (Avg 0.6418) Dice:0.8075 (Avg 0.7541) LR 2.85e-04   (AvgTime 1.2)   
   [Train] sup_loss:0.164529 lv_loss:0.029943 epi_loss:0.000011 total_loss:0.170519 pseudo_update_count:499180
   [Train] Epoch: [78][320/358]  Loss:0.218 (Avg 0.1700) IoU:0.666 (Avg 0.6417) Dice:0.7808 (Avg 0.7539) LR 2.85e-04   (AvgTime 1.2)   
   [Train] sup_loss:0.211621 lv_loss:0.032377 epi_loss:0.000015 total_loss:0.218097 pseudo_update_count:698435
   [Train] Epoch: [78][340/358]  Loss:0.154 (Avg 0.1684) IoU:0.578 (Avg 0.6428) Dice:0.7006 (Avg 0.7548) LR 2.85e-04   (AvgTime 1.2)   
   [Train] sup_loss:0.148132 lv_loss:0.029038 epi_loss:0.000015 total_loss:0.153940 pseudo_update_count:598775
[Train-Epoch-Metrics] epoch=78 sup_loss:0.162211 lv_loss:0.030949 epi_loss:0.000011 total_loss:0.168402 pseudo_update_count:213849689 labeled_seen:1429 unlabeled_seen:4287 Dice:0.754120 IoU:0.642171
Validation
   [Val] Epoch: [78][20/90]  Loss:0.174 (Avg 0.1839) IoU:0.627 (Avg 0.6356) Dice:0.7386 (Avg 0.7465) (AvgTime 0.5)   
   [Val] sup_loss:0.174207 lv_loss:0.000000 epi_loss:0.000000 total_loss:0.174207 pseudo_update_count:0
   [Val] Epoch: [78][40/90]  Loss:0.162 (Avg 0.1856) IoU:0.654 (Avg 0.6302) Dice:0.7556 (Avg 0.7435) (AvgTime 0.5)   
   [Val] sup_loss:0.162266 lv_loss:0.000000 epi_loss:0.000000 total_loss:0.162266 pseudo_update_count:0
   [Val] Epoch: [78][60/90]  Loss:0.155 (Avg 0.1823) IoU:0.669 (Avg 0.6358) Dice:0.7552 (Avg 0.7471) (AvgTime 0.5)   
   [Val] sup_loss:0.155351 lv_loss:0.000000 epi_loss:0.000000 total_loss:0.155351 pseudo_update_count:0
   [Val] Epoch: [78][80/90]  Loss:0.217 (Avg 0.1830) IoU:0.533 (Avg 0.6384) Dice:0.6647 (Avg 0.7494) (AvgTime 0.5)   
   [Val] sup_loss:0.216637 lv_loss:0.000000 epi_loss:0.000000 total_loss:0.216637 pseudo_update_count:0
[Val-Epoch-Metrics] epoch=78 sup_loss:0.182129 lv_loss:0.000000 epi_loss:0.000000 total_loss:0.182129 pseudo_update_count:0 labeled_seen:1429 unlabeled_seen:0 Dice:0.751554 IoU:0.640596
	 Mean dice:0.7516 does not increase, the best is still: 0.7597 in epoch 69
	 early_stopping_count: 9/100000

========= Epoch [79/81] =========
QaTa_Covid19_LViT_25pct_labels
Training with batch size : 16
[SemiSup] subset_ratio=0.2500 labeled_name_count=1429
   [Train] Epoch: [79][20/358]  Loss:0.157 (Avg 0.1543) IoU:0.576 (Avg 0.6509) Dice:0.7043 (Avg 0.7611) LR 1.86e-04   (AvgTime 1.2)   
   [Train] sup_loss:0.151254 lv_loss:0.027373 epi_loss:0.000008 total_loss:0.156729 pseudo_update_count:698764
   [Train] Epoch: [79][40/358]  Loss:0.139 (Avg 0.1626) IoU:0.555 (Avg 0.6326) Dice:0.6817 (Avg 0.7455) LR 1.86e-04   (AvgTime 1.2)   
   [Train] sup_loss:0.132198 lv_loss:0.034347 epi_loss:0.000010 total_loss:0.139068 pseudo_update_count:697541
   [Train] Epoch: [79][60/358]  Loss:0.121 (Avg 0.1566) IoU:0.690 (Avg 0.6400) Dice:0.7940 (Avg 0.7520) LR 1.86e-04   (AvgTime 1.2)   
   [Train] sup_loss:0.114808 lv_loss:0.032655 epi_loss:0.000020 total_loss:0.121340 pseudo_update_count:648646
   [Train] Epoch: [79][80/358]  Loss:0.106 (Avg 0.1567) IoU:0.604 (Avg 0.6446) Dice:0.7195 (Avg 0.7553) LR 1.86e-04   (AvgTime 1.2)   
   [Train] sup_loss:0.098357 lv_loss:0.035936 epi_loss:0.000012 total_loss:0.105545 pseudo_update_count:647533
   [Train] Epoch: [79][100/358]  Loss:0.181 (Avg 0.1622) IoU:0.738 (Avg 0.6412) Dice:0.8361 (Avg 0.7521) LR 1.86e-04   (AvgTime 1.2)   
   [Train] sup_loss:0.174348 lv_loss:0.033751 epi_loss:0.000015 total_loss:0.181099 pseudo_update_count:548647
   [Train] Epoch: [79][120/358]  Loss:0.130 (Avg 0.1638) IoU:0.730 (Avg 0.6387) Dice:0.8247 (Avg 0.7503) LR 1.86e-04   (AvgTime 1.2)   
   [Train] sup_loss:0.123654 lv_loss:0.032455 epi_loss:0.000012 total_loss:0.130146 pseudo_update_count:449022
   [Train] Epoch: [79][140/358]  Loss:0.120 (Avg 0.1635) IoU:0.739 (Avg 0.6424) Dice:0.8398 (Avg 0.7533) LR 1.86e-04   (AvgTime 1.2)   
   [Train] sup_loss:0.114289 lv_loss:0.030406 epi_loss:0.000014 total_loss:0.120371 pseudo_update_count:648465
   [Train] Epoch: [79][160/358]  Loss:0.143 (Avg 0.1634) IoU:0.721 (Avg 0.6440) Dice:0.8224 (Avg 0.7550) LR 1.86e-04   (AvgTime 1.2)   
   [Train] sup_loss:0.137253 lv_loss:0.028928 epi_loss:0.000005 total_loss:0.143038 pseudo_update_count:399388
   [Train] Epoch: [79][180/358]  Loss:0.138 (Avg 0.1634) IoU:0.774 (Avg 0.6446) Dice:0.8673 (Avg 0.7555) LR 1.86e-04   (AvgTime 1.2)   
   [Train] sup_loss:0.132991 lv_loss:0.025334 epi_loss:0.000012 total_loss:0.138059 pseudo_update_count:698931
   [Train] Epoch: [79][200/358]  Loss:0.150 (Avg 0.1611) IoU:0.777 (Avg 0.6453) Dice:0.8674 (Avg 0.7561) LR 1.86e-04   (AvgTime 1.2)   
   [Train] sup_loss:0.144805 lv_loss:0.026597 epi_loss:0.000007 total_loss:0.150125 pseudo_update_count:549365
   [Train] Epoch: [79][220/358]  Loss:0.190 (Avg 0.1618) IoU:0.627 (Avg 0.6477) Dice:0.7409 (Avg 0.7581) LR 1.86e-04   (AvgTime 1.2)   
   [Train] sup_loss:0.183570 lv_loss:0.032649 epi_loss:0.000008 total_loss:0.190101 pseudo_update_count:548253
   [Train] Epoch: [79][240/358]  Loss:0.193 (Avg 0.1633) IoU:0.696 (Avg 0.6477) Dice:0.8096 (Avg 0.7583) LR 1.86e-04   (AvgTime 1.2)   
   [Train] sup_loss:0.187748 lv_loss:0.028189 epi_loss:0.000014 total_loss:0.193387 pseudo_update_count:748572
   [Train] Epoch: [79][260/358]  Loss:0.150 (Avg 0.1614) IoU:0.622 (Avg 0.6489) Dice:0.7322 (Avg 0.7592) LR 1.86e-04   (AvgTime 1.2)   
   [Train] sup_loss:0.144711 lv_loss:0.026138 epi_loss:0.000013 total_loss:0.149940 pseudo_update_count:599061
   [Train] Epoch: [79][280/358]  Loss:0.083 (Avg 0.1609) IoU:0.745 (Avg 0.6498) Dice:0.8431 (Avg 0.7600) LR 1.86e-04   (AvgTime 1.2)   
   [Train] sup_loss:0.077011 lv_loss:0.029769 epi_loss:0.000012 total_loss:0.082966 pseudo_update_count:647663
   [Train] Epoch: [79][300/358]  Loss:0.073 (Avg 0.1622) IoU:0.564 (Avg 0.6487) Dice:0.6830 (Avg 0.7592) LR 1.86e-04   (AvgTime 1.2)   
   [Train] sup_loss:0.066350 lv_loss:0.031993 epi_loss:0.000009 total_loss:0.072749 pseudo_update_count:698157
   [Train] Epoch: [79][320/358]  Loss:0.205 (Avg 0.1631) IoU:0.706 (Avg 0.6475) Dice:0.8053 (Avg 0.7583) LR 1.86e-04   (AvgTime 1.2)   
   [Train] sup_loss:0.200036 lv_loss:0.023944 epi_loss:0.000014 total_loss:0.204825 pseudo_update_count:599542
   [Train] Epoch: [79][340/358]  Loss:0.097 (Avg 0.1641) IoU:0.628 (Avg 0.6477) Dice:0.7307 (Avg 0.7583) LR 1.86e-04   (AvgTime 1.2)   
   [Train] sup_loss:0.091518 lv_loss:0.028604 epi_loss:0.000009 total_loss:0.097239 pseudo_update_count:598991
[Train-Epoch-Metrics] epoch=79 sup_loss:0.157838 lv_loss:0.030497 epi_loss:0.000011 total_loss:0.163938 pseudo_update_count:213830448 labeled_seen:1429 unlabeled_seen:4287 Dice:0.758132 IoU:0.647443
Validation
   [Val] Epoch: [79][20/90]  Loss:0.150 (Avg 0.1773) IoU:0.701 (Avg 0.6577) Dice:0.8005 (Avg 0.7658) (AvgTime 0.5)   
   [Val] sup_loss:0.149571 lv_loss:0.000000 epi_loss:0.000000 total_loss:0.149571 pseudo_update_count:0
   [Val] Epoch: [79][40/90]  Loss:0.180 (Avg 0.1727) IoU:0.612 (Avg 0.6639) Dice:0.7287 (Avg 0.7725) (AvgTime 0.5)   
   [Val] sup_loss:0.179608 lv_loss:0.000000 epi_loss:0.000000 total_loss:0.179608 pseudo_update_count:0
   [Val] Epoch: [79][60/90]  Loss:0.227 (Avg 0.1770) IoU:0.641 (Avg 0.6590) Dice:0.7459 (Avg 0.7676) (AvgTime 0.5)   
   [Val] sup_loss:0.226520 lv_loss:0.000000 epi_loss:0.000000 total_loss:0.226520 pseudo_update_count:0
   [Val] Epoch: [79][80/90]  Loss:0.119 (Avg 0.1764) IoU:0.736 (Avg 0.6554) Dice:0.8385 (Avg 0.7650) (AvgTime 0.5)   
   [Val] sup_loss:0.119353 lv_loss:0.000000 epi_loss:0.000000 total_loss:0.119353 pseudo_update_count:0
[Val-Epoch-Metrics] epoch=79 sup_loss:0.176619 lv_loss:0.000000 epi_loss:0.000000 total_loss:0.176619 pseudo_update_count:0 labeled_seen:1429 unlabeled_seen:0 Dice:0.764644 IoU:0.654830
	 Saving best model, mean dice increased from: 0.7597 to 0.7646
	 Saving to QaTa-Covid19/LViT/QaTa_Covid19_LViT_25pct_labels/models/
	 early_stopping_count: 0/100000

========= Epoch [80/81] =========
QaTa_Covid19_LViT_25pct_labels
Training with batch size : 16
[SemiSup] subset_ratio=0.2500 labeled_name_count=1429
   [Train] Epoch: [80][20/358]  Loss:0.198 (Avg 0.1517) IoU:0.657 (Avg 0.6300) Dice:0.7568 (Avg 0.7405) LR 1.22e-04   (AvgTime 1.2)   
   [Train] sup_loss:0.191658 lv_loss:0.030048 epi_loss:0.000011 total_loss:0.197668 pseudo_update_count:549339
   [Train] Epoch: [80][40/358]  Loss:0.189 (Avg 0.1555) IoU:0.694 (Avg 0.6366) Dice:0.8029 (Avg 0.7481) LR 1.22e-04   (AvgTime 1.2)   
   [Train] sup_loss:0.183282 lv_loss:0.030787 epi_loss:0.000009 total_loss:0.189440 pseudo_update_count:598499
   [Train] Epoch: [80][60/358]  Loss:0.227 (Avg 0.1590) IoU:0.673 (Avg 0.6415) Dice:0.7816 (Avg 0.7525) LR 1.22e-04   (AvgTime 1.2)   
   [Train] sup_loss:0.220484 lv_loss:0.031669 epi_loss:0.000013 total_loss:0.226818 pseudo_update_count:648216
   [Train] Epoch: [80][80/358]  Loss:0.079 (Avg 0.1608) IoU:0.609 (Avg 0.6461) Dice:0.7310 (Avg 0.7558) LR 1.22e-04   (AvgTime 1.2)   
   [Train] sup_loss:0.073095 lv_loss:0.029663 epi_loss:0.000007 total_loss:0.079028 pseudo_update_count:598298
   [Train] Epoch: [80][100/358]  Loss:0.220 (Avg 0.1672) IoU:0.631 (Avg 0.6484) Dice:0.7491 (Avg 0.7584) LR 1.22e-04   (AvgTime 1.2)   
   [Train] sup_loss:0.214451 lv_loss:0.028691 epi_loss:0.000013 total_loss:0.220189 pseudo_update_count:698391
   [Train] Epoch: [80][120/358]  Loss:0.116 (Avg 0.1605) IoU:0.745 (Avg 0.6488) Dice:0.8419 (Avg 0.7588) LR 1.22e-04   (AvgTime 1.2)   
   [Train] sup_loss:0.109230 lv_loss:0.033186 epi_loss:0.000013 total_loss:0.115867 pseudo_update_count:648130
   [Train] Epoch: [80][140/358]  Loss:0.139 (Avg 0.1621) IoU:0.583 (Avg 0.6479) Dice:0.7087 (Avg 0.7578) LR 1.22e-04   (AvgTime 1.2)   
   [Train] sup_loss:0.131796 lv_loss:0.037751 epi_loss:0.000011 total_loss:0.139346 pseudo_update_count:547460
   [Train] Epoch: [80][160/358]  Loss:0.106 (Avg 0.1590) IoU:0.666 (Avg 0.6468) Dice:0.7651 (Avg 0.7571) LR 1.22e-04   (AvgTime 1.2)   
   [Train] sup_loss:0.100621 lv_loss:0.026537 epi_loss:0.000013 total_loss:0.105929 pseudo_update_count:549032
   [Train] Epoch: [80][180/358]  Loss:0.126 (Avg 0.1606) IoU:0.672 (Avg 0.6477) Dice:0.7731 (Avg 0.7577) LR 1.22e-04   (AvgTime 1.2)   
   [Train] sup_loss:0.119939 lv_loss:0.030363 epi_loss:0.000015 total_loss:0.126012 pseudo_update_count:548811
   [Train] Epoch: [80][200/358]  Loss:0.153 (Avg 0.1609) IoU:0.655 (Avg 0.6467) Dice:0.7743 (Avg 0.7569) LR 1.22e-04   (AvgTime 1.2)   
   [Train] sup_loss:0.147537 lv_loss:0.026168 epi_loss:0.000010 total_loss:0.152771 pseudo_update_count:698954
   [Train] Epoch: [80][220/358]  Loss:0.196 (Avg 0.1606) IoU:0.553 (Avg 0.6470) Dice:0.6629 (Avg 0.7573) LR 1.22e-04   (AvgTime 1.2)   
   [Train] sup_loss:0.190495 lv_loss:0.028923 epi_loss:0.000008 total_loss:0.196280 pseudo_update_count:548481
   [Train] Epoch: [80][240/358]  Loss:0.178 (Avg 0.1601) IoU:0.551 (Avg 0.6465) Dice:0.6737 (Avg 0.7570) LR 1.22e-04   (AvgTime 1.2)   
   [Train] sup_loss:0.171189 lv_loss:0.035179 epi_loss:0.000012 total_loss:0.178226 pseudo_update_count:547801
   [Train] Epoch: [80][260/358]  Loss:0.142 (Avg 0.1605) IoU:0.560 (Avg 0.6469) Dice:0.6620 (Avg 0.7575) LR 1.22e-04   (AvgTime 1.2)   
   [Train] sup_loss:0.135610 lv_loss:0.029792 epi_loss:0.000009 total_loss:0.141569 pseudo_update_count:548917
   [Train] Epoch: [80][280/358]  Loss:0.129 (Avg 0.1595) IoU:0.616 (Avg 0.6485) Dice:0.7408 (Avg 0.7588) LR 1.22e-04   (AvgTime 1.2)   
   [Train] sup_loss:0.124529 lv_loss:0.024369 epi_loss:0.000012 total_loss:0.129404 pseudo_update_count:549579
   [Train] Epoch: [80][300/358]  Loss:0.134 (Avg 0.1614) IoU:0.611 (Avg 0.6471) Dice:0.7357 (Avg 0.7575) LR 1.22e-04   (AvgTime 1.2)   
   [Train] sup_loss:0.127016 lv_loss:0.034332 epi_loss:0.000012 total_loss:0.133883 pseudo_update_count:548531
   [Train] Epoch: [80][320/358]  Loss:0.178 (Avg 0.1616) IoU:0.647 (Avg 0.6484) Dice:0.7664 (Avg 0.7586) LR 1.22e-04   (AvgTime 1.2)   
   [Train] sup_loss:0.172392 lv_loss:0.030304 epi_loss:0.000008 total_loss:0.178454 pseudo_update_count:598774
   [Train] Epoch: [80][340/358]  Loss:0.163 (Avg 0.1617) IoU:0.636 (Avg 0.6481) Dice:0.7378 (Avg 0.7581) LR 1.22e-04   (AvgTime 1.2)   
   [Train] sup_loss:0.156876 lv_loss:0.031453 epi_loss:0.000019 total_loss:0.163167 pseudo_update_count:349066
[Train-Epoch-Metrics] epoch=80 sup_loss:0.156961 lv_loss:0.030313 epi_loss:0.000011 total_loss:0.163024 pseudo_update_count:213827165 labeled_seen:1429 unlabeled_seen:4287 Dice:0.757703 IoU:0.647612
Validation
   [Val] Epoch: [80][20/90]  Loss:0.125 (Avg 0.1718) IoU:0.721 (Avg 0.6600) Dice:0.8207 (Avg 0.7697) (AvgTime 0.5)   
   [Val] sup_loss:0.125229 lv_loss:0.000000 epi_loss:0.000000 total_loss:0.125229 pseudo_update_count:0
   [Val] Epoch: [80][40/90]  Loss:0.138 (Avg 0.1742) IoU:0.702 (Avg 0.6564) Dice:0.8030 (Avg 0.7665) (AvgTime 0.5)   
   [Val] sup_loss:0.137789 lv_loss:0.000000 epi_loss:0.000000 total_loss:0.137789 pseudo_update_count:0
   [Val] Epoch: [80][60/90]  Loss:0.163 (Avg 0.1710) IoU:0.664 (Avg 0.6631) Dice:0.7762 (Avg 0.7725) (AvgTime 0.5)   
   [Val] sup_loss:0.163128 lv_loss:0.000000 epi_loss:0.000000 total_loss:0.163128 pseudo_update_count:0
   [Val] Epoch: [80][80/90]  Loss:0.190 (Avg 0.1750) IoU:0.579 (Avg 0.6552) Dice:0.6752 (Avg 0.7646) (AvgTime 0.5)   
   [Val] sup_loss:0.190353 lv_loss:0.000000 epi_loss:0.000000 total_loss:0.190353 pseudo_update_count:0
[Val-Epoch-Metrics] epoch=80 sup_loss:0.174540 lv_loss:0.000000 epi_loss:0.000000 total_loss:0.174540 pseudo_update_count:0 labeled_seen:1429 unlabeled_seen:0 Dice:0.764891 IoU:0.656111
	 Saving best model, mean dice increased from: 0.7646 to 0.7649
	 Saving to QaTa-Covid19/LViT/QaTa_Covid19_LViT_25pct_labels/models/
	 early_stopping_count: 0/100000
