image,mask_area
covid_1.png,0.14074457908163265
covid_100.png,0.15816326530612246
covid_1000.png,0.3512436224489796
covid_1001.png,0.014987244897959183
covid_1007.png,0.027642697704081634
covid_1009.png,0.01725924744897959
covid_1010.png,0.013153698979591837
covid_1011.png,0.12039620535714286
covid_1014.png,0.0992904974489796
covid_1015.png,0.09460698341836735
covid_1018.png,0.20729033801020408
covid_1020.png,0.06389508928571429
covid_1023.png,0.015206473214285714
covid_1024.png,0.04123485331632653
covid_1025.png,0.19098772321428573
covid_1026.png,0.25390625
covid_1030.png,0.06736288265306123
covid_1032.png,0.015744579081632654
covid_1033.png,0.3223453443877551
covid_1035.png,0.26303411989795916
covid_1036.png,0.19453523596938777
covid_1037.png,0.2330596301020408
covid_104.png,0.20876514668367346
covid_1040.png,0.06509088010204081
covid_1041.png,0.09392936862244898
covid_1043.png,0.016980229591836735
covid_1045.png,0.24557557397959184
covid_1047.png,0.006696428571428571
covid_1049.png,0.08872767857142858
covid_1051.png,0.16786910076530612
covid_1052.png,0.05915178571428571
covid_1053.png,0.16354432397959184
covid_1054.png,0.13352997448979592
covid_1055.png,0.1343670280612245
covid_1059.png,0.22606425382653061
covid_106.png,0.23028938137755103
covid_1061.png,0.19469467474489796
covid_1062.png,0.20754942602040816
covid_1063.png,0.13233418367346939
covid_1065.png,0.04799107142857143
covid_1066.png,0.11928013392857142
covid_1068.png,0.26229671556122447
covid_1069.png,0.28926179846938777
covid_107.png,0.282405931122449
covid_1070.png,0.09498565051020408
covid_1071.png,0.22179926658163265
covid_1074.png,0.15276227678571427
covid_1075.png,0.02792171556122449
covid_1078.png,0.30333227040816324
covid_108.png,0.04316804846938776
covid_1081.png,0.15264269770408162
covid_1087.png,0.21701610331632654
covid_1088.png,0.06987404336734694
covid_109.png,0.232421875
covid_1090.png,0.11511479591836735
covid_1091.png,0.3379703443877551
covid_1092.png,0.06985411352040816
covid_1094.png,0.07370057397959184
covid_1095.png,0.40126753826530615
covid_11.png,0.07503587372448979
covid_1100.png,0.08492107780612244
covid_1101.png,0.06112484056122449
covid_1102.png,0.02792171556122449
covid_1103.png,0.2979113520408163
covid_1107.png,0.05787627551020408
covid_1109.png,0.4639867665816326
covid_111.png,0.03868383290816327
covid_1110.png,0.08842873086734694
covid_1113.png,0.2304089604591837
covid_1115.png,0.28798628826530615
covid_1118.png,0.032146843112244895
covid_112.png,0.06578842474489796
covid_1120.png,0.43447066326530615
covid_1121.png,0.02072704081632653
covid_1127.png,0.06465242346938775
covid_1130.png,0.12356505102040816
covid_1136.png,0.27828045280612246
covid_1137.png,0.10293765943877552
covid_1138.png,0.08440290178571429
covid_114.png,0.054408482142857144
covid_1140.png,0.10010762117346939
covid_1142.png,0.1971061862244898
covid_1147.png,0.11541374362244898
covid_1148.png,0.09022241709183673
covid_1149.png,0.008111447704081632
covid_115.png,0.25566007653061223
covid_1150.png,0.28762755102040816
covid_1153.png,0.061423788265306124
covid_1156.png,0.17737563775510204
covid_1157.png,0.12448182397959184
covid_1158.png,0.08272879464285714
covid_116.png,0.4112523915816326
covid_1160.png,0.04767219387755102
covid_1163.png,0.16410235969387754
covid_1167.png,0.15890066964285715
covid_1168.png,0.38657924107142855
covid_1169.png,0.06283880739795919
covid_1171.png,0.21721540178571427
covid_1172.png,0.1181640625
covid_1175.png,0.05919164540816327
covid_1176.png,0.1581433354591837
covid_1177.png,0.2978515625
covid_1178.png,0.0048828125
covid_1180.png,0.29922672193877553
covid_1181.png,0.014010682397959183
covid_1182.png,0.19559151785714285
covid_1183.png,0.1719347895408163
covid_1184.png,0.18572624362244897
covid_1185.png,0.13103874362244897
covid_1187.png,0.02277981505102041
covid_1188.png,0.14016661352040816
covid_1190.png,0.17057955994897958
covid_1194.png,0.23545121173469388
covid_1196.png,0.11005261479591837
covid_1197.png,0.15955835459183673
covid_1198.png,0.47498804209183676
covid_1200.png,0.20069355867346939
covid_1201.png,0.01913265306122449
covid_1203.png,0.1263153698979592
covid_1204.png,0.2510562818877551
covid_1205.png,0.07025271045918367
covid_1207.png,0.06194196428571429
covid_1208.png,0.0745376275510204
covid_121.png,0.1611328125
covid_1211.png,0.06985411352040816
covid_1212.png,0.13928970025510204
covid_1213.png,0.15919961734693877
covid_1214.png,0.19806281887755103
covid_1216.png,0.06899713010204081
covid_1218.png,0.18096301020408162
covid_1221.png,0.043646364795918366
covid_1222.png,0.20334422831632654
covid_1223.png,0.3242984693877551
covid_1224.png,0.24605389030612246
covid_1225.png,0.12838807397959184
covid_1226.png,0.2401745854591837
covid_1229.png,0.43393255739795916
covid_123.png,0.06800063775510204
covid_1231.png,0.16071428571428573
covid_1234.png,0.06973453443877552
covid_1235.png,0.07342155612244898
covid_1236.png,0.07688934948979592
covid_124.png,0.10317681760204081
covid_1240.png,0.16709183673469388
covid_1241.png,0.11365991709183673
covid_1243.png,0.16922433035714285
covid_1247.png,0.050701530612244895
covid_1248.png,0.34632095025510207
covid_1249.png,0.00821109693877551
covid_125.png,0.01572464923469388
covid_1250.png,0.1888153698979592
covid_1252.png,0.06682477678571429
covid_1253.png,0.15363919005102042
covid_1254.png,0.3681640625
covid_1258.png,0.19017059948979592
covid_1259.png,0.09825414540816327
covid_126.png,0.1016422193877551
covid_1260.png,0.09046157525510204
covid_1261.png,0.09369021045918367
covid_1262.png,0.1804249043367347
covid_1264.png,0.11545360331632654
covid_1265.png,0.37948421556122447
covid_1266.png,0.044064891581632654
covid_1267.png,0.10943478954081633
covid_127.png,0.07995854591836735
covid_1274.png,0.10120376275510204
covid_1276.png,0.3266103316326531
covid_1277.png,0.2500597895408163
covid_1279.png,0.14421237244897958
covid_128.png,0.12059550382653061
covid_1281.png,0.017877072704081634
covid_1285.png,0.2842992665816326
covid_1288.png,0.10845822704081633
covid_1289.png,0.013691804846938776
covid_129.png,0.02272002551020408
covid_1290.png,0.17663823341836735
covid_1291.png,0.009825414540816327
covid_1297.png,0.04021843112244898
covid_130.png,0.2785794005102041
covid_1302.png,0.2915537308673469
covid_1304.png,0.1667530293367347
covid_1305.png,0.1201171875
covid_1307.png,0.19919882015306123
covid_1308.png,0.34157764668367346
covid_1309.png,0.13693797831632654
covid_131.png,0.29544005102040816
covid_1310.png,0.23377710459183673
covid_1312.png,0.16505899234693877
covid_1314.png,0.06032764668367347
covid_1316.png,0.068359375
covid_1319.png,0.03246572066326531
covid_1320.png,0.15666852678571427
covid_1321.png,0.1737484056122449
covid_1324.png,0.12029655612244898
covid_1325.png,0.47855548469387754
covid_1329.png,0.15577168367346939
covid_133.png,0.10528938137755102
covid_1330.png,0.04563934948979592
covid_1331.png,0.032525510204081634
covid_1332.png,0.04185267857142857
covid_1334.png,0.02668606505102041
covid_1335.png,0.0401985012755102
covid_1338.png,0.03806600765306122
covid_1343.png,0.025769292091836735
covid_1344.png,0.33248963647959184
covid_1345.png,0.02708466198979592
covid_1346.png,0.15694754464285715
covid_135.png,0.24346301020408162
covid_1350.png,0.21611926020408162
covid_1352.png,0.3617466517857143
covid_1354.png,0.1797472895408163
covid_1355.png,0.20459980867346939
covid_1356.png,0.0742984693877551
covid_1357.png,0.21195392219387754
covid_1358.png,0.07236527423469388
covid_1359.png,0.1314373405612245
covid_136.png,0.03481744260204082
covid_1361.png,0.3324697066326531
covid_1363.png,0.35867745535714285
covid_1364.png,0.06600765306122448
covid_1365.png,0.09436782525510204
covid_1366.png,0.28623246173469385
covid_1368.png,0.15192522321428573
covid_137.png,0.06313775510204081
covid_1371.png,0.07621173469387756
covid_1373.png,0.06489158163265306
covid_1374.png,0.04221141581632653
covid_1379.png,0.11192602040816327
covid_1380.png,0.36631058673469385
covid_1381.png,0.006477200255102041
covid_1383.png,0.4174306441326531
covid_1384.png,0.2907166772959184
covid_1385.png,0.2902782206632653
covid_1389.png,0.07192681760204081
covid_139.png,0.02618781887755102
covid_1390.png,0.06748246173469388
covid_1391.png,0.2559191645408163
covid_1392.png,0.08525988520408163
covid_1394.png,0.041493941326530615
covid_1395.png,0.23856026785714285
covid_1397.png,0.2138671875
covid_1398.png,0.3050063775510204
covid_14.png,0.012794961734693877
covid_140.png,0.009127869897959183
covid_1400.png,0.11447704081632654
covid_1402.png,0.20609454719387754
covid_1404.png,0.41019610969387754
covid_1405.png,0.037428252551020405
covid_1407.png,0.18901466836734693
covid_1409.png,0.04819036989795918
covid_1410.png,0.007513552295918368
covid_1411.png,0.12942442602040816
covid_1412.png,0.26223692602040816
covid_1414.png,0.21057876275510204
covid_1415.png,0.30428890306122447
covid_1416.png,0.24392139668367346
covid_1417.png,0.19846141581632654
covid_1420.png,0.12619579081632654
covid_1421.png,0.27877869897959184
covid_1427.png,0.3538345025510204
covid_1428.png,0.025510204081632654
covid_1431.png,0.1317562181122449
covid_1432.png,0.13950892857142858
covid_1435.png,0.04532047193877551
covid_1436.png,0.006756218112244898
covid_1438.png,0.0225406568877551
covid_144.png,0.2897201849489796
covid_1440.png,0.22303491709183673
covid_1442.png,0.09321189413265306
covid_1444.png,0.12191087372448979
covid_1445.png,0.08225047831632654
covid_1447.png,0.20657286352040816
covid_1448.png,0.13145727040816327
covid_1449.png,0.048529177295918366
covid_1450.png,0.023098692602040817
covid_1451.png,0.20244738520408162
covid_1454.png,0.06297831632653061
covid_1455.png,0.11900111607142858
covid_1456.png,0.3829320790816326
covid_1460.png,0.09925063775510204
covid_1461.png,0.12442203443877552
covid_1465.png,0.14995216836734693
covid_1472.png,0.051658163265306124
covid_1474.png,0.07477678571428571
covid_1475.png,0.3125797193877551
covid_1477.png,0.23072783801020408
covid_1478.png,0.05367107780612245
covid_1479.png,0.09363042091836735
covid_1480.png,0.025988520408163265
covid_1482.png,0.15477519132653061
covid_1483.png,0.03651147959183673
covid_1484.png,0.17908960459183673
covid_1485.png,0.02961575255102041
covid_1487.png,0.18415178571428573
covid_1488.png,0.09237484056122448
covid_1492.png,0.056162308673469385
covid_1494.png,0.019909917091836735
covid_1495.png,0.3201929209183674
covid_15.png,0.007075095663265306
covid_150.png,0.04844945790816327
covid_1500.png,0.25157445790816324
covid_1502.png,0.07615194515306123
covid_1503.png,0.16127232142857142
covid_1504.png,0.22735969387755103
covid_1508.png,0.24541613520408162
covid_151.png,0.07880261479591837
covid_1510.png,0.17336973852040816
covid_1511.png,0.3225247130102041
covid_1512.png,0.22971141581632654
covid_1515.png,0.26173867984693877
covid_1516.png,0.08673469387755102
covid_1517.png,0.4346301020408163
covid_1519.png,0.22873485331632654
covid_152.png,0.15415736607142858
covid_1520.png,0.2440609056122449
covid_1522.png,0.006397480867346939
covid_1524.png,0.18395248724489796
covid_1526.png,0.00665656887755102
covid_1529.png,0.019810267857142856
covid_1530.png,0.11362005739795919
covid_1533.png,0.015365911989795918
covid_1534.png,0.1474609375
covid_1541.png,0.07280373086734694
covid_1543.png,0.021364795918367346
covid_1547.png,0.31814014668367346
covid_1548.png,0.18508848852040816
covid_1549.png,0.323062818877551
covid_155.png,0.3940927933673469
covid_1550.png,0.14403300382653061
covid_1552.png,0.10552853954081633
covid_1554.png,0.11796476403061225
covid_1555.png,0.10947464923469388
covid_1556.png,0.22169961734693877
covid_1557.png,0.027782206632653062
covid_1558.png,0.10024713010204081
covid_1559.png,0.11989795918367346
covid_1561.png,0.08633609693877552
covid_1563.png,0.1953125
covid_1564.png,0.3637595663265306
covid_1565.png,0.34590242346938777
covid_1567.png,0.03354193239795918
covid_1568.png,0.08231026785714286
covid_157.png,0.3571229272959184
covid_1570.png,0.01620296556122449
covid_1575.png,0.28055245535714285
covid_1576.png,0.5823102678571429
covid_1577.png,0.08844866071428571
covid_1578.png,0.040935905612244895
covid_1579.png,0.36672911352040816
covid_158.png,0.06939572704081633
covid_1582.png,0.042649872448979595
covid_1583.png,0.07983896683673469
covid_1584.png,0.09317203443877552
covid_1585.png,0.22708067602040816
covid_1586.png,0.409000318877551
covid_1587.png,0.039919483418367346
covid_159.png,0.17914939413265307
covid_1590.png,0.15174585459183673
covid_1591.png,0.15284199617346939
covid_1592.png,0.27541055484693877
covid_1596.png,0.009486607142857142
covid_1597.png,0.381038743622449
covid_1598.png,0.4308235012755102
covid_16.png,0.1649593431122449
covid_160.png,0.047173947704081634
covid_1600.png,0.014628507653061224
covid_1601.png,0.29300860969387754
covid_1602.png,0.14736128826530612
covid_1603.png,0.02184311224489796
covid_1604.png,0.07130899234693877
covid_1608.png,0.03346221301020408
covid_1609.png,0.08848852040816327
covid_1611.png,0.18146125637755103
covid_1612.png,0.20657286352040816
covid_1614.png,0.21623883928571427
covid_1615.png,0.05129942602040816
covid_1616.png,0.21906887755102042
covid_162.png,0.11439732142857142
covid_1620.png,0.3075374681122449
covid_1621.png,0.24250637755102042
covid_1622.png,0.06389508928571429
covid_1626.png,0.24416055484693877
covid_1627.png,0.33167251275510207
covid_1630.png,0.08442283163265306
covid_1632.png,0.039182079081632654
covid_1633.png,0.0283203125
covid_1635.png,0.376773756377551
covid_1636.png,0.030512595663265307
covid_1637.png,0.12155213647959184
covid_1639.png,0.02375637755102041
covid_1640.png,0.3292610012755102
covid_1641.png,0.21253188775510204
covid_1642.png,0.44168526785714285
covid_1644.png,0.17653858418367346
covid_1645.png,0.1442920918367347
covid_1646.png,0.011559311224489796
covid_1647.png,0.378109056122449
covid_1649.png,0.22604432397959184
covid_165.png,0.04318797831632653
covid_1650.png,0.06839923469387756
covid_1652.png,0.054767219387755105
covid_1655.png,0.16725127551020408
covid_1662.png,0.3308952487244898
covid_1665.png,0.13506457270408162
covid_1666.png,0.19939811862244897
covid_1667.png,0.1602359693877551
covid_1668.png,0.27596859056122447
covid_1669.png,0.11375956632653061
covid_167.png,0.16701211734693877
covid_1672.png,0.05624202806122449
covid_1673.png,0.03830516581632653
covid_1677.png,0.21177455357142858
covid_1678.png,0.23660714285714285
covid_1679.png,0.13474569515306123
covid_1681.png,0.034458705357142856
covid_1682.png,0.05269451530612245
covid_1684.png,0.15613042091836735
covid_1686.png,0.2504982461734694
covid_1687.png,0.12350526147959184
covid_169.png,0.09072066326530612
covid_1690.png,0.4296875
covid_1693.png,0.24840561224489796
covid_17.png,0.2871691645408163
covid_1700.png,0.04446348852040816
covid_1701.png,0.04498166454081633
covid_1702.png,0.05135921556122449
covid_1704.png,0.06020806760204082
covid_1705.png,0.01136001275510204
covid_1706.png,0.22189891581632654
covid_1708.png,0.1132015306122449
covid_1709.png,0.12232940051020408
covid_1710.png,0.08219068877551021
covid_1711.png,0.020348373724489797
covid_1713.png,0.18504862882653061
covid_1716.png,0.14134247448979592
covid_1717.png,0.011120854591836735
covid_1719.png,0.3175023915816326
covid_1721.png,0.48214285714285715
covid_1724.png,0.103515625
covid_1726.png,0.15973772321428573
covid_1727.png,0.27869897959183676
covid_1729.png,0.2971141581632653
covid_173.png,0.018714126275510203
covid_1731.png,0.12264827806122448
covid_1732.png,0.18443080357142858
covid_1733.png,0.1989795918367347
covid_1734.png,0.13073979591836735
covid_1736.png,0.2711854272959184
covid_1737.png,0.3454440369897959
covid_174.png,0.20310507015306123
covid_1744.png,0.3358577806122449
covid_1746.png,0.3662109375
covid_1747.png,0.03280452806122449
covid_175.png,0.07306281887755102
covid_1752.png,0.18634406887755103
covid_1754.png,0.020228794642857144
covid_1756.png,0.19202407525510204
covid_1757.png,0.016402264030612245
covid_1760.png,0.14592633928571427
covid_1761.png,0.09217554209183673
covid_1763.png,0.009705835459183673
covid_1765.png,0.033282844387755105
covid_1767.png,0.1924625318877551
covid_1769.png,0.1372967155612245
covid_1770.png,0.4996811224489796
covid_1771.png,0.12053571428571429
covid_1774.png,0.05197704081632653
covid_1775.png,0.30173788265306123
covid_1776.png,0.13066007653061223
covid_1777.png,0.034677933673469385
covid_1778.png,0.34225526147959184
covid_1779.png,0.1498126594387755
covid_178.png,0.007114955357142857
covid_1781.png,0.26305404974489793
covid_1782.png,0.035076530612244895
covid_1784.png,0.06662547831632654
covid_1785.png,0.28413982780612246
covid_1788.png,0.14255819515306123
covid_1789.png,0.16926419005102042
covid_1790.png,0.08864795918367346
covid_1793.png,0.2224170918367347
covid_1794.png,0.17673788265306123
covid_1795.png,0.03794642857142857
covid_1796.png,0.17036033163265307
covid_1797.png,0.4270169005102041
covid_180.png,0.03294403698979592
covid_1800.png,0.01887356505102041
covid_1801.png,0.02734375
covid_1804.png,0.08288823341836735
covid_1807.png,0.15864158163265307
covid_1808.png,0.10459183673469388
covid_1813.png,0.15433673469387754
covid_1816.png,0.06610730229591837
covid_1817.png,0.06666533801020408
covid_1819.png,0.1708386479591837
covid_1820.png,0.1703204719387755
covid_1822.png,0.2236328125
covid_1823.png,0.00874920280612245
covid_1824.png,0.07256457270408163
covid_1825.png,0.31839923469387754
covid_1826.png,0.10353555484693877
covid_1827.png,0.15192522321428573
covid_1828.png,0.047731983418367346
covid_1829.png,0.08051658163265306
covid_1835.png,0.1600964604591837
covid_1836.png,0.06859853316326531
covid_184.png,0.1959502551020408
covid_1842.png,0.017598054846938774
covid_1844.png,0.2122528698979592
covid_1845.png,0.25607860331632654
covid_1846.png,0.2551219706632653
covid_1851.png,0.11403858418367346
covid_1853.png,0.2333386479591837
covid_1854.png,0.13227439413265307
covid_1857.png,0.08603714923469388
covid_1858.png,0.3032326211734694
covid_1861.png,0.04954559948979592
covid_1866.png,0.08071588010204081
covid_1867.png,0.0799984056122449
covid_187.png,0.3441685267857143
covid_1870.png,0.00661670918367347
covid_1871.png,0.09095982142857142
covid_1872.png,0.2853156887755102
covid_1873.png,0.45521763392857145
covid_1874.png,0.026167889030612245
covid_1876.png,0.29065688775510207
covid_1878.png,0.06447305484693877
covid_188.png,0.04432397959183673
covid_1880.png,0.06481186224489796
covid_1881.png,0.31523038903061223
covid_1882.png,0.04846938775510204
covid_1885.png,0.14289700255102042
covid_1887.png,0.1390704719387755
covid_1888.png,0.0341796875
covid_1890.png,0.31190210459183676
covid_1891.png,0.028160873724489797
covid_1892.png,0.39351482780612246
covid_1895.png,0.21779336734693877
covid_1896.png,0.20838647959183673
covid_1901.png,0.045001594387755105
covid_1902.png,0.07708864795918367
covid_1903.png,0.11447704081632654
covid_1907.png,0.048927774234693876
covid_1908.png,0.03435905612244898
covid_191.png,0.14449139030612246
covid_1911.png,0.006397480867346939
covid_1912.png,0.08344626913265306
covid_1913.png,0.03900271045918367
covid_1914.png,0.050103635204081634
covid_1918.png,0.353694993622449
covid_1919.png,0.1071029974489796
covid_192.png,0.27796157525510207
covid_1921.png,0.11407844387755102
covid_1923.png,0.09857302295918367
covid_1927.png,0.18112244897959184
covid_193.png,0.23563058035714285
covid_1930.png,0.03461814413265306
covid_1933.png,0.13825334821428573
covid_1934.png,0.2704480229591837
covid_1935.png,0.14522879464285715
covid_1938.png,0.0771484375
covid_1939.png,0.06664540816326531
covid_1941.png,0.13960857780612246
covid_1943.png,0.16460060586734693
covid_1944.png,0.0733219068877551
covid_1947.png,0.1491749043367347
covid_1948.png,0.02375637755102041
covid_1950.png,0.035076530612244895
covid_1951.png,0.11049107142857142
covid_1952.png,0.17257254464285715
covid_1953.png,0.28437898596938777
covid_1957.png,0.2524513711734694
covid_196.png,0.17508370535714285
covid_1962.png,0.01110092474489796
covid_1963.png,0.04974489795918367
covid_1964.png,0.07728794642857142
covid_1968.png,0.17845184948979592
covid_1969.png,0.33591757015306123
covid_197.png,0.16059470663265307
covid_1970.png,0.10692362882653061
covid_1975.png,0.13309151785714285
covid_1977.png,0.09554368622448979
covid_198.png,0.26157924107142855
covid_1980.png,0.05610251913265306
covid_1981.png,0.12244897959183673
covid_1983.png,0.22251674107142858
covid_1985.png,0.007075095663265306
covid_1986.png,0.07553411989795919
covid_199.png,0.2940250318877551
covid_1990.png,0.09767617984693877
covid_1991.png,0.09964923469387756
covid_1997.png,0.20129145408163265
covid_20.png,0.04396524234693878
covid_200.png,0.10923549107142858
covid_2001.png,0.14351482780612246
covid_2004.png,0.03300382653061224
covid_2005.png,0.06891741071428571
covid_2010.png,0.0725845025510204
covid_2012.png,0.24320392219387754
covid_2015.png,0.09998804209183673
covid_2016.png,0.06000876913265306
covid_2018.png,0.09693877551020408
covid_2022.png,0.2682955994897959
covid_2024.png,0.24980070153061223
covid_2026.png,0.12382413903061225
covid_2027.png,0.033322704081632654
covid_2028.png,0.027622767857142856
covid_203.png,0.02365672831632653
covid_2032.png,0.14044563137755103
covid_2033.png,0.05494658801020408
covid_2036.png,0.09452726403061225
covid_2037.png,0.03888313137755102
covid_2038.png,0.28419961734693877
covid_204.png,0.19176498724489796
covid_2040.png,0.01207748724489796
covid_2041.png,0.1162906568877551
covid_2043.png,0.2372448979591837
covid_2046.png,0.1477000956632653
covid_205.png,0.019152582908163265
covid_2055.png,0.18999123086734693
covid_2056.png,0.21861049107142858
covid_2058.png,0.009506536989795918
covid_2059.png,0.18949298469387754
covid_206.png,0.2031847895408163
covid_2061.png,0.1129623724489796
covid_2063.png,0.14921476403061223
covid_2068.png,0.29707429846938777
covid_2069.png,0.02166374362244898
covid_2073.png,0.10875717474489796
covid_2074.png,0.03724888392857143
covid_2077.png,0.07192681760204081
covid_2078.png,0.1602160395408163
covid_2079.png,0.060467155612244895
covid_208.png,0.11840322066326531
covid_2081.png,0.05139907525510204
covid_2082.png,0.08350605867346939
covid_2083.png,0.023477359693877552
covid_2084.png,0.30568399234693877
covid_2086.png,0.4573301977040816
covid_2087.png,0.24358258928571427
covid_2088.png,0.06405452806122448
covid_209.png,0.054368622448979595
covid_2091.png,0.05141900510204082
covid_2092.png,0.12599649234693877
covid_2093.png,0.09893176020408163
covid_2094.png,0.19292091836734693
covid_2095.png,0.14562739158163265
covid_2096.png,0.09528459821428571
covid_2098.png,0.19415656887755103
covid_2099.png,0.16673309948979592
covid_210.png,0.009347098214285714
covid_2105.png,0.3852439413265306
covid_2106.png,0.04255022321428571
covid_2108.png,0.20276626275510204
covid_2110.png,0.1708984375
covid_2112.png,0.12358498086734694
covid_2114.png,0.16808832908163265
covid_2116.png,0.35536910076530615
covid_212.png,0.3585578762755102
covid_2121.png,0.47301498724489793
covid_2123.png,0.20537707270408162
covid_2124.png,0.07788584183673469
covid_2128.png,0.050302933673469385
covid_213.png,0.015385841836734694
covid_2130.png,0.016302614795918366
covid_2133.png,0.12840800382653061
covid_2135.png,0.04322783801020408
covid_2137.png,0.28348214285714285
covid_2143.png,0.006556919642857143
covid_2144.png,0.10315688775510204
covid_2145.png,0.09811463647959184
covid_2146.png,0.020627391581632654
covid_2148.png,0.18096301020408162
covid_2149.png,0.19162547831632654
covid_215.png,0.20768893494897958
covid_2151.png,0.06610730229591837
covid_2152.png,0.16436144770408162
covid_2154.png,0.0752750318877551
covid_2155.png,0.47654257015306123
covid_2157.png,0.2752710459183674
covid_2158.png,0.10357541454081633
covid_2160.png,0.16866629464285715
covid_2162.png,0.17213408801020408
covid_2163.png,0.23395647321428573
covid_2166.png,0.1337890625
covid_217.png,0.03497688137755102
covid_2176.png,0.29139429209183676
covid_2178.png,0.18827726403061223
covid_2179.png,0.26992984693877553
covid_2180.png,0.10130341198979592
covid_2181.png,0.3112045599489796
covid_2183.png,0.03284438775510204
covid_2186.png,0.3788464604591837
covid_2187.png,0.026207748724489797
covid_219.png,0.04472257653061224
covid_2191.png,0.09821428571428571
covid_2197.png,0.03276466836734694
covid_2199.png,0.22789779974489796
covid_22.png,0.10718271683673469
covid_220.png,0.10646524234693877
covid_2201.png,0.11322146045918367
covid_2202.png,0.09386957908163265
covid_2203.png,0.09434789540816327
covid_2204.png,0.013911033163265306
covid_2206.png,0.13115832270408162
covid_2207.png,0.4006895727040816
covid_2210.png,0.03218670280612245
covid_2211.png,0.158203125
covid_2216.png,0.07587292729591837
covid_2218.png,0.24011479591836735
covid_2221.png,0.010821906887755101
covid_2222.png,0.5014150191326531
covid_2223.png,0.20902423469387754
covid_2224.png,0.1378547512755102
covid_2226.png,0.01873405612244898
covid_2228.png,0.30335220025510207
covid_2229.png,0.07081074617346939
covid_2230.png,0.03294403698979592
covid_2231.png,0.4307437818877551
covid_2232.png,0.033482142857142856
covid_2233.png,0.39688297193877553
covid_2235.png,0.014130261479591837
covid_2240.png,0.19459502551020408
covid_2243.png,0.02325813137755102
covid_2246.png,0.2907565369897959
covid_2248.png,0.2232342155612245
covid_225.png,0.005042251275510204
covid_2252.png,0.17970742984693877
covid_2253.png,0.08055644132653061
covid_2255.png,0.3458227040816326
covid_2257.png,0.07033242984693877
covid_2259.png,0.25839046556122447
covid_2260.png,0.05275430484693878
covid_2261.png,0.1690051020408163
covid_2264.png,0.32393973214285715
covid_2266.png,0.3549306441326531
covid_2268.png,0.06929607780612244
covid_227.png,0.1683673469387755
covid_2271.png,0.15148676658163265
covid_2272.png,0.09267378826530612
covid_2274.png,0.272281568877551
covid_2276.png,0.19850127551020408
covid_2278.png,0.01865433673469388
covid_228.png,0.181640625
covid_2281.png,0.019909917091836735
covid_2282.png,0.07669005102040816
covid_2284.png,0.27371651785714285
covid_2289.png,0.29878826530612246
covid_2290.png,0.028519610969387755
covid_2294.png,0.026566485969387755
covid_2296.png,0.33223054846938777
covid_2298.png,0.41908482142857145
covid_23.png,0.07268415178571429
covid_2302.png,0.1502311862244898
covid_2305.png,0.1129623724489796
covid_231.png,0.014150191326530613
covid_2311.png,0.4372010522959184
covid_2312.png,0.1466438137755102
covid_2318.png,0.2573341836734694
covid_2319.png,0.15880102040816327
covid_232.png,0.3947704081632653
covid_2320.png,0.029994419642857144
covid_2321.png,0.011778539540816327
covid_2322.png,0.1080795599489796
covid_2326.png,0.3977598852040816
covid_2327.png,0.1878985969387755
covid_2328.png,0.27812101403061223
covid_233.png,0.043466996173469385
covid_2330.png,0.06150350765306122
covid_2331.png,0.03244579081632653
covid_2333.png,0.05034279336734694
covid_2334.png,0.15106823979591838
covid_2336.png,0.10333625637755102
covid_2337.png,0.0999282525510204
covid_2341.png,0.22741948341836735
covid_2345.png,0.09634088010204081
covid_2346.png,0.11170679209183673
covid_2347.png,0.13426737882653061
covid_2348.png,0.07802535076530612
covid_235.png,0.04408482142857143
covid_2350.png,0.018215880102040817
covid_2352.png,0.057716836734693876
covid_2353.png,0.4741111288265306
covid_2355.png,0.12418287627551021
covid_2356.png,0.3999720982142857
covid_2357.png,0.20876514668367346
covid_2360.png,0.41972257653061223
covid_2363.png,0.36690848214285715
covid_2364.png,0.16661352040816327
covid_2367.png,0.17707669005102042
covid_2368.png,0.04721380739795918
covid_2369.png,0.04643654336734694
covid_237.png,0.3428332270408163
covid_2373.png,0.05974968112244898
covid_2377.png,0.036232461734693876
covid_2378.png,0.04842952806122449
covid_2379.png,0.13215481505102042
covid_2380.png,0.420101243622449
covid_2381.png,0.17145647321428573
covid_2382.png,0.42502391581632654
covid_2383.png,0.012994260204081632
covid_2385.png,0.2520727040816326
covid_239.png,0.08581792091836735
covid_2390.png,0.18411192602040816
covid_2391.png,0.0284000318877551
covid_2393.png,0.17255261479591838
covid_2394.png,0.12414301658163265
covid_2398.png,0.03932158801020408
covid_2399.png,0.053611288265306124
covid_24.png,0.38123804209183676
covid_2400.png,0.04081632653061224
covid_2402.png,0.09781568877551021
covid_2405.png,0.08621651785714286
covid_2406.png,0.1397082270408163
covid_2407.png,0.07278380102040816
covid_2408.png,0.13466597576530612
covid_241.png,0.13259327168367346
covid_2412.png,0.07202646683673469
covid_2413.png,0.23301977040816327
covid_2415.png,0.2973134566326531
covid_2418.png,0.020547672193877552
covid_242.png,0.17534279336734693
covid_2421.png,0.25259088010204084
covid_2424.png,0.12625558035714285
covid_2425.png,0.15427694515306123
covid_2426.png,0.23188376913265307
covid_2427.png,0.041135204081632654
covid_2429.png,0.22433035714285715
covid_243.png,0.39626514668367346
covid_2430.png,0.10028698979591837
covid_2432.png,0.1611926020408163
covid_2433.png,0.21649792729591838
covid_2434.png,0.1641222895408163
covid_2435.png,0.11188616071428571
covid_2436.png,0.10646524234693877
covid_2438.png,0.1223891900510204
covid_2439.png,0.02285953443877551
covid_2440.png,0.06068638392857143
covid_2441.png,0.11244419642857142
covid_2443.png,0.24214764030612246
covid_2444.png,0.1367785395408163
covid_2445.png,0.11453683035714286
covid_2447.png,0.05939094387755102
covid_245.png,0.14564732142857142
covid_2450.png,0.04294882015306122
covid_2455.png,0.014907525510204082
covid_2456.png,0.0243343431122449
covid_2457.png,0.030113998724489797
covid_2458.png,0.006636639030612245
covid_2459.png,0.18516820790816327
covid_246.png,0.03631218112244898
covid_2461.png,0.19190449617346939
covid_2465.png,0.2924107142857143
covid_2466.png,0.22881457270408162
covid_2468.png,0.04322783801020408
covid_2469.png,0.0703922193877551
covid_2471.png,0.05351163903061224
covid_2472.png,0.08119419642857142
covid_2473.png,0.12749123086734693
covid_2474.png,0.0875717474489796
covid_2476.png,0.07850366709183673
covid_2477.png,0.12966358418367346
covid_2478.png,0.16183035714285715
covid_2479.png,0.2807517538265306
covid_2481.png,0.04193239795918367
covid_2483.png,0.15387834821428573
covid_2484.png,0.04173309948979592
covid_2485.png,0.13795440051020408
covid_2486.png,0.2680165816326531
covid_2487.png,0.042490433673469385
covid_2488.png,0.17582110969387754
covid_2489.png,0.08364556760204081
covid_249.png,0.13366948341836735
covid_2490.png,0.03246572066326531
covid_2491.png,0.24302455357142858
covid_2492.png,0.21994579081632654
covid_2493.png,0.31325733418367346
covid_2494.png,0.12998246173469388
covid_2495.png,0.09105947066326531
covid_2497.png,0.14580676020408162
covid_2499.png,0.19724569515306123
covid_25.png,0.04161352040816327
covid_2500.png,0.1812420280612245
covid_2503.png,0.21279097576530612
covid_2509.png,0.012615593112244899
covid_251.png,0.2674585459183674
covid_2510.png,0.17428651147959184
covid_2511.png,0.08133370535714286
covid_2513.png,0.40768494897959184
covid_2514.png,0.07441804846938775
covid_2516.png,0.41133211096938777
covid_2517.png,0.08127391581632654
covid_2519.png,0.286930006377551
covid_252.png,0.11708785076530612
covid_2520.png,0.2640904017857143
covid_2521.png,0.123046875
covid_2523.png,0.07904177295918367
covid_2524.png,0.24433992346938777
covid_2526.png,0.20200892857142858
covid_2527.png,0.3385682397959184
covid_2528.png,0.025510204081632654
covid_2529.png,0.1328922193877551
covid_2531.png,0.3051857461734694
covid_2532.png,0.07479671556122448
covid_2534.png,0.016761001275510203
covid_2536.png,0.10313695790816327
covid_2538.png,0.021464445153061226
covid_2541.png,0.040158641581632654
covid_2543.png,0.0333625637755102
covid_2545.png,0.18857621173469388
covid_2546.png,0.1403858418367347
covid_2551.png,0.022401147959183673
covid_2553.png,0.0849609375
covid_2555.png,0.04946588010204082
covid_2556.png,0.3417171556122449
covid_2557.png,0.26981026785714285
covid_2558.png,0.0917171556122449
covid_2559.png,0.1739078443877551
covid_2560.png,0.2326610331632653
covid_2562.png,0.09574298469387756
covid_2563.png,0.11258370535714286
covid_2565.png,0.06602758290816327
covid_2566.png,0.3246372767857143
covid_2567.png,0.1338687818877551
covid_2568.png,0.07095025510204081
covid_2569.png,0.047173947704081634
covid_2570.png,0.009287308673469387
covid_2573.png,0.13699776785714285
covid_2574.png,0.04848931760204082
covid_2576.png,0.04418447066326531
covid_2577.png,0.3247169961734694
covid_2581.png,0.15778459821428573
covid_2583.png,0.22841597576530612
covid_2589.png,0.09165736607142858
covid_259.png,0.060048628826530615
covid_2590.png,0.11800462372448979
covid_2591.png,0.38512436224489793
covid_2593.png,0.09751674107142858
covid_2595.png,0.04723373724489796
covid_2596.png,0.19371811224489796
covid_2597.png,0.05859375
covid_2598.png,0.24619339923469388
covid_2603.png,0.20740991709183673
covid_2604.png,0.08739237882653061
covid_2606.png,0.15856186224489796
covid_2607.png,0.07091039540816327
covid_2609.png,0.09901147959183673
covid_2611.png,0.07330197704081633
covid_2615.png,0.03557477678571429
covid_2618.png,0.1627471301020408
covid_2619.png,0.3407007334183674
covid_2621.png,0.03372130102040816
covid_2625.png,0.017817283163265307
covid_2626.png,0.09396922831632654
covid_2627.png,0.20115194515306123
covid_2629.png,0.07142857142857142
covid_2630.png,0.27714445153061223
covid_2632.png,0.15122767857142858
covid_2633.png,0.09632095025510204
covid_2634.png,0.10552853954081633
covid_2636.png,0.10042649872448979
covid_2638.png,0.17566167091836735
covid_264.png,0.08077566964285714
covid_2645.png,0.21821189413265307
covid_2648.png,0.05775669642857143
covid_2651.png,0.044264190051020405
covid_2652.png,0.05385044642857143
covid_2654.png,0.1965282206632653
covid_2655.png,0.0447624362244898
covid_2656.png,0.07814492984693877
covid_2660.png,0.05564413265306122
covid_2664.png,0.04063695790816327
covid_2667.png,0.11363998724489796
covid_2668.png,0.08930564413265306
covid_2669.png,0.17185507015306123
covid_267.png,0.09458705357142858
covid_2670.png,0.11019212372448979
covid_2673.png,0.06722337372448979
covid_2677.png,0.24131058673469388
covid_268.png,0.11965880102040816
covid_2680.png,0.14498963647959184
covid_2681.png,0.1454280931122449
covid_2683.png,0.16125239158163265
covid_2684.png,0.042490433673469385
covid_2689.png,0.06050701530612245
covid_269.png,0.28916214923469385
covid_2690.png,0.076171875
covid_2691.png,0.1333904655612245
covid_2694.png,0.08362563775510204
covid_2695.png,0.30538504464285715
covid_2699.png,0.07302295918367346
covid_270.png,0.0052614795918367345
covid_2701.png,0.20946269132653061
covid_2702.png,0.6272720025510204
covid_2703.png,0.2902782206632653
covid_2704.png,0.009267378826530613
covid_2705.png,0.24509725765306123
covid_2708.png,0.058294802295918366
covid_2709.png,0.3477758290816326
covid_271.png,0.18955277423469388
covid_2710.png,0.17717633928571427
covid_2711.png,0.1498126594387755
covid_2712.png,0.12079480229591837
covid_2715.png,0.016262755102040817
covid_2719.png,0.17578125
covid_272.png,0.3817562181122449
covid_2720.png,0.18975207270408162
covid_2721.png,0.08942522321428571
covid_2722.png,0.04836973852040816
covid_2723.png,0.17492426658163265
covid_2724.png,0.024872448979591837
covid_2727.png,0.015644929846938774
covid_273.png,0.12775031887755103
covid_2730.png,0.0637954400510204
covid_2731.png,0.03107063137755102
covid_2736.png,0.026506696428571428
covid_2739.png,0.4099968112244898
covid_274.png,0.25745376275510207
covid_2741.png,0.25075733418367346
covid_2745.png,0.23969626913265307
covid_2748.png,0.0957828443877551
covid_2751.png,0.41322544642857145
covid_2752.png,0.007553411989795918
covid_2754.png,0.06650589923469388
covid_2758.png,0.12888632015306123
covid_2759.png,0.18616470025510204
covid_276.png,0.12968351403061223
covid_2760.png,0.10044642857142858
covid_2761.png,0.22743941326530612
covid_2764.png,0.14042570153061223
covid_2766.png,0.13040098852040816
covid_2767.png,0.06228077168367347
covid_2768.png,0.1517059948979592
covid_2770.png,0.09466677295918367
covid_2771.png,0.3823740433673469
covid_2772.png,0.017338966836734693
covid_2774.png,0.2193279655612245
covid_2775.png,0.08438297193877552
covid_2777.png,0.10744180484693877
covid_2778.png,0.025011957908163265
covid_2779.png,0.11328125
covid_2781.png,0.07027264030612244
covid_2783.png,0.43339445153061223
covid_2784.png,0.13382892219387754
covid_2785.png,0.09572305484693877
covid_2786.png,0.1133609693877551
covid_2788.png,0.03693000637755102
covid_279.png,0.019511320153061226
covid_2790.png,0.045021524234693876
covid_2791.png,0.19682716836734693
covid_2794.png,0.19884008290816327
covid_28.png,0.009028220663265306
covid_280.png,0.2427654655612245
covid_2800.png,0.06154336734693878
covid_2801.png,0.1835140306122449
covid_2802.png,0.24756855867346939
covid_2803.png,0.1670519770408163
covid_2804.png,0.026905293367346938
covid_2807.png,0.12045599489795919
covid_2808.png,0.10576769770408163
covid_2809.png,0.10819913903061225
covid_281.png,0.14409279336734693
covid_2810.png,0.3296396683673469
covid_2811.png,0.2443000637755102
covid_2813.png,0.054986447704081634
covid_2815.png,0.046595982142857144
covid_2817.png,0.12545838647959184
covid_2819.png,0.30530532525510207
covid_282.png,0.25410554846938777
covid_2820.png,0.040896045918367346
covid_2821.png,0.02451371173469388
covid_2824.png,0.08998325892857142
covid_2827.png,0.15053013392857142
covid_2829.png,0.06505102040816327
covid_283.png,0.09927056760204081
covid_2830.png,0.14457110969387754
covid_2831.png,0.19559151785714285
covid_2833.png,0.1726921237244898
covid_2834.png,0.21171476403061223
covid_2836.png,0.06722337372448979
covid_2838.png,0.17956792091836735
covid_2839.png,0.28079161352040816
covid_2840.png,0.064453125
covid_2843.png,0.20627391581632654
covid_2845.png,0.11692841198979592
covid_2846.png,0.09935028698979592
covid_2847.png,0.06507095025510204
covid_2848.png,0.13295200892857142
covid_2850.png,0.20798788265306123
covid_2851.png,0.14736128826530612
covid_2852.png,0.08231026785714286
covid_2855.png,0.05141900510204082
covid_2858.png,0.010642538265306123
covid_2859.png,0.13123804209183673
covid_286.png,0.05054209183673469
covid_2860.png,0.19738520408163265
covid_2862.png,0.030811543367346938
covid_2865.png,0.05759725765306122
covid_2868.png,0.2471301020408163
covid_2869.png,0.3052455357142857
covid_287.png,0.13789461096938777
covid_2871.png,0.03714923469387755
covid_2875.png,0.020268654336734693
covid_2876.png,0.26528619260204084
covid_2878.png,0.19606983418367346
covid_2879.png,0.2617984693877551
covid_2880.png,0.008310746173469387
covid_2881.png,0.025390625
covid_2882.png,0.1683075573979592
covid_2884.png,0.04316804846938776
covid_2885.png,0.22395169005102042
covid_2886.png,0.29739317602040816
covid_2887.png,0.15792410714285715
covid_2889.png,0.2839205994897959
covid_2894.png,0.31552933673469385
covid_2896.png,0.40842235331632654
covid_2899.png,0.3381497130102041
covid_29.png,0.004065688775510204
covid_290.png,0.21010044642857142
covid_2900.png,0.24946189413265307
covid_2903.png,0.14235889668367346
covid_2904.png,0.15182557397959184
covid_291.png,0.08440290178571429
covid_2912.png,0.16689253826530612
covid_2913.png,0.03983976403061224
covid_2916.png,0.04350685586734694
covid_2918.png,0.3031529017857143
covid_2920.png,0.12956393494897958
covid_2923.png,0.02220184948979592
covid_2924.png,0.26915258290816324
covid_2925.png,0.31459263392857145
covid_2929.png,0.28720902423469385
covid_293.png,0.1634845344387755
covid_2932.png,0.24738919005102042
covid_2934.png,0.10618622448979592
covid_2937.png,0.0703922193877551
covid_2938.png,0.33944515306122447
covid_2939.png,0.1102718431122449
covid_2941.png,0.11840322066326531
covid_2944.png,0.11216517857142858
covid_2945.png,0.02307876275510204
covid_2948.png,0.0693359375
covid_2949.png,0.07940051020408163
covid_295.png,0.13996731505102042
covid_2951.png,0.1422393176020408
covid_2955.png,0.13087930484693877
covid_2956.png,0.07445790816326531
covid_2957.png,0.2874083227040816
covid_2958.png,0.09769610969387756
covid_2959.png,0.016761001275510203
covid_296.png,0.07924107142857142
covid_2962.png,0.1851482780612245
covid_2963.png,0.42109773596938777
covid_2967.png,0.3521006058673469
covid_2968.png,0.13364955357142858
covid_297.png,0.1318957270408163
covid_2970.png,0.028081154336734693
covid_2972.png,0.28529575892857145
covid_2973.png,0.17677774234693877
covid_2974.png,0.06014827806122449
covid_2976.png,0.10335618622448979
covid_2977.png,0.2577327806122449
covid_2979.png,0.29514110331632654
covid_298.png,0.04934630102040816
covid_2982.png,0.17552216198979592
covid_2984.png,0.36997767857142855
covid_2986.png,0.06505102040816327
covid_2988.png,0.3157485650510204
covid_299.png,0.06756218112244898
covid_2990.png,0.1325733418367347
covid_2992.png,0.06847895408163265
covid_2993.png,0.04081632653061224
covid_2995.png,0.16161112882653061
covid_2996.png,0.03162866709183673
covid_2998.png,0.021065848214285716
covid_2999.png,0.04876833545918367
covid_3000.png,0.046197385204081634
covid_3001.png,0.015306122448979591
covid_3005.png,0.08553890306122448
covid_3008.png,0.23539142219387754
covid_3009.png,0.04709422831632653
covid_301.png,0.25233179209183676
covid_3013.png,0.07961973852040816
covid_3015.png,0.016043526785714284
covid_3016.png,0.07537468112244898
covid_3018.png,0.2758888711734694
covid_3019.png,0.20031489158163265
covid_302.png,0.2617984693877551
covid_3020.png,0.2754703443877551
covid_3022.png,0.26614317602040816
covid_3023.png,0.19495376275510204
covid_3024.png,0.33043686224489793
covid_3027.png,0.0885483099489796
covid_303.png,0.12910554846938777
covid_3030.png,0.06423389668367346
covid_3039.png,0.08161272321428571
covid_3041.png,0.011937978316326531
covid_3042.png,0.09287308673469388
covid_3044.png,0.06546954719387756
covid_3045.png,0.15459582270408162
covid_3047.png,0.0235172193877551
covid_3049.png,0.1298230229591837
covid_305.png,0.06572863520408163
covid_3050.png,0.26014429209183676
covid_3052.png,0.2742944834183674
covid_3053.png,0.05337213010204082
covid_3057.png,0.043666294642857144
covid_3058.png,0.07473692602040816
covid_3061.png,0.1829559948979592
covid_3065.png,0.008808992346938776
covid_3067.png,0.1262157206632653
covid_3068.png,0.05056202168367347
covid_3069.png,0.008111447704081632
covid_3070.png,0.013592155612244899
covid_3074.png,0.23005022321428573
covid_3075.png,0.15802375637755103
covid_3081.png,0.03138950892857143
covid_3082.png,0.2814094387755102
covid_3085.png,0.10933514030612244
covid_3086.png,0.09293287627551021
covid_3087.png,0.056321747448979595
covid_309.png,0.07489636479591837
covid_3091.png,0.05899234693877551
covid_3092.png,0.08344626913265306
covid_3093.png,0.12063536352040816
covid_3095.png,0.21578045280612246
covid_3097.png,0.09273357780612244
covid_3099.png,0.06381536989795919
covid_31.png,0.5055604272959183
covid_310.png,0.09759646045918367
covid_3101.png,0.13897082270408162
covid_3103.png,0.1398078762755102
covid_3105.png,0.2501594387755102
covid_3106.png,0.10732222576530612
covid_3107.png,0.0194515306122449
covid_3108.png,0.18740035076530612
covid_3109.png,0.0989516900510204
covid_311.png,0.032525510204081634
covid_3110.png,0.05528539540816327
covid_3113.png,0.08242984693877552
covid_3116.png,0.09524473852040816
covid_312.png,0.3571627869897959
covid_3120.png,0.278140943877551
covid_3122.png,0.12705277423469388
covid_3126.png,0.10499043367346939
covid_3127.png,0.014748086734693877
covid_3128.png,0.0692562181122449
covid_3129.png,0.16290656887755103
covid_3132.png,0.02325813137755102
covid_3134.png,0.16535794005102042
covid_3136.png,0.22016501913265307
covid_3137.png,0.3693797831632653
covid_3139.png,0.3615672831632653
covid_314.png,0.0770687181122449
covid_3140.png,0.13299186862244897
covid_3142.png,0.13454639668367346
covid_3143.png,0.09644052933673469
covid_3145.png,0.2510562818877551
covid_3146.png,0.3181002869897959
covid_315.png,0.35281808035714285
covid_3151.png,0.33328683035714285
covid_3152.png,0.1756218112244898
covid_3154.png,0.11563297193877552
covid_3157.png,0.14540816326530612
covid_3158.png,0.41111288265306123
covid_3162.png,0.34785554846938777
covid_3164.png,0.1382732780612245
covid_3167.png,0.2261639030612245
covid_317.png,0.05715880102040816
covid_3170.png,0.2713249362244898
covid_3171.png,0.1339485012755102
covid_3174.png,0.12501992984693877
covid_3176.png,0.06259964923469388
covid_3178.png,0.29380580357142855
covid_3179.png,0.19529257015306123
covid_3180.png,0.13518415178571427
covid_3188.png,0.12950414540816327
covid_3189.png,0.11158721301020408
covid_319.png,0.015963807397959183
covid_3192.png,0.1065250318877551
covid_3193.png,0.06305803571428571
covid_3195.png,0.046875
covid_3196.png,0.02375637755102041
covid_3197.png,0.37392378826530615
covid_3199.png,0.10558832908163265
covid_32.png,0.16603555484693877
covid_3200.png,0.20649314413265307
covid_3201.png,0.12037627551020408
covid_3202.png,0.005361128826530612
covid_3203.png,0.10833864795918367
covid_3205.png,0.1884167729591837
covid_3206.png,0.2290935905612245
covid_3207.png,0.072265625
covid_3209.png,0.08063616071428571
covid_3211.png,0.06742267219387756
covid_3212.png,0.03228635204081633
covid_3213.png,0.12571747448979592
covid_3214.png,0.007114955357142857
covid_3215.png,0.0048828125
covid_3216.png,0.2163982780612245
covid_3217.png,0.09628109056122448
covid_3218.png,0.04908721301020408
covid_3219.png,0.12161192602040816
covid_322.png,0.03453842474489796
covid_3221.png,0.05604272959183673
covid_3222.png,0.3073580994897959
covid_3225.png,0.2019092793367347
covid_3226.png,0.02965561224489796
covid_3227.png,0.49471859056122447
covid_3228.png,0.07284359056122448
covid_323.png,0.3705955038265306
covid_3230.png,0.017020089285714284
covid_3232.png,0.054388552295918366
covid_3233.png,0.13444674744897958
covid_3234.png,0.02401546556122449
covid_3236.png,0.010104432397959183
covid_3237.png,0.13616071428571427
covid_3248.png,0.16655373086734693
covid_3249.png,0.33376514668367346
covid_3250.png,0.010762117346938776
covid_3252.png,0.2510961415816326
covid_3253.png,0.06670519770408163
covid_3254.png,0.2264827806122449
covid_326.png,0.01070232780612245
covid_3261.png,0.006596779336734694
covid_3267.png,0.3034119897959184
covid_3269.png,0.06572863520408163
covid_3270.png,0.041693239795918366
covid_3274.png,0.08077566964285714
covid_3275.png,0.05446827168367347
covid_3276.png,0.005420918367346939
covid_3277.png,0.11304209183673469
covid_3278.png,0.02000956632653061
covid_3280.png,0.04625717474489796
covid_3281.png,0.2386798469387755
covid_3283.png,0.1984016262755102
covid_3284.png,0.2710459183673469
covid_3285.png,0.2590282206632653
covid_3287.png,0.07539461096938775
covid_3288.png,0.2645288584183674
covid_329.png,0.21546157525510204
covid_3290.png,0.06279894770408163
covid_3292.png,0.14014668367346939
covid_3293.png,0.23985570790816327
covid_3294.png,0.11680883290816327
covid_3295.png,0.010722257653061224
covid_33.png,0.1002670599489796
covid_3300.png,0.14885602678571427
covid_3303.png,0.01189811862244898
covid_3305.png,0.44296077806122447
covid_3306.png,0.13624043367346939
covid_3307.png,0.07156808035714286
covid_331.png,0.25426498724489793
covid_3310.png,0.048748405612244895
covid_3311.png,0.10385443239795919
covid_3312.png,0.0654296875
covid_3313.png,0.031090561224489797
covid_3314.png,0.06921635841836735
covid_3315.png,0.07672991071428571
covid_3316.png,0.06479193239795919
covid_3317.png,0.20699139030612246
covid_3319.png,0.06959502551020408
covid_332.png,0.05592315051020408
covid_3320.png,0.07200653698979592
covid_3321.png,0.07583306760204081
covid_3328.png,0.08745216836734694
covid_3329.png,0.04960538903061224
covid_333.png,0.29408482142857145
covid_3330.png,0.17707669005102042
covid_3331.png,0.02281967474489796
covid_3333.png,0.08803013392857142
covid_3334.png,0.5477319834183674
covid_3335.png,0.11182637117346939
covid_3337.png,0.24410076530612246
covid_334.png,0.41896524234693877
covid_3341.png,0.03513632015306122
covid_3342.png,0.2041015625
covid_3348.png,0.2496611926020408
covid_3349.png,0.11461654974489796
covid_335.png,0.11186623086734694
covid_3352.png,0.29994419642857145
covid_3353.png,0.26949139030612246
covid_3354.png,0.07391980229591837
covid_3356.png,0.16045519770408162
covid_3357.png,0.3088329081632653
covid_3359.png,0.005919164540816327
covid_3360.png,0.08111447704081633
covid_3362.png,0.12878667091836735
covid_3363.png,0.2645687181122449
covid_3365.png,0.017956792091836735
covid_3366.png,0.07374043367346939
covid_3369.png,0.1871014030612245
covid_337.png,0.21364795918367346
covid_3375.png,0.28063217474489793
covid_3379.png,0.03521603954081633
covid_3380.png,0.3284438775510204
covid_3382.png,0.046795280612244895
covid_3383.png,0.14666374362244897
covid_3385.png,0.2340361926020408
covid_3386.png,0.046755420918367346
covid_3387.png,0.12705277423469388
covid_3389.png,0.07190688775510204
covid_339.png,0.10564811862244898
covid_3392.png,0.11924027423469388
covid_3393.png,0.3244579081632653
covid_3396.png,0.02708466198979592
covid_3405.png,0.2224170918367347
covid_3406.png,0.09765625
covid_3411.png,0.06947544642857142
covid_3413.png,0.19333944515306123
covid_3416.png,0.12073501275510204
covid_3417.png,0.19591039540816327
covid_342.png,0.18837691326530612
covid_3420.png,0.16212930484693877
covid_3427.png,0.16338488520408162
covid_3428.png,0.01881377551020408
covid_3429.png,0.041493941326530615
covid_343.png,0.2588687818877551
covid_3430.png,0.06959502551020408
covid_3432.png,0.1075015943877551
covid_3433.png,0.0292171556122449
covid_3434.png,0.2831433354591837
covid_3435.png,0.17061941964285715
covid_3438.png,0.06837930484693877
covid_344.png,0.02188297193877551
covid_3440.png,0.04856903698979592
covid_3441.png,0.31552933673469385
covid_3442.png,0.3304966517857143
covid_3443.png,0.4197624362244898
covid_3445.png,0.05098054846938776
covid_3446.png,0.3835499043367347
covid_3449.png,0.09998804209183673
covid_345.png,0.37753109056122447
covid_3450.png,0.15690768494897958
covid_3453.png,0.07266422193877552
covid_3457.png,0.020228794642857144
covid_3458.png,0.17695711096938777
covid_3459.png,0.08950494260204081
covid_3460.png,0.05020328443877551
covid_3465.png,0.3812978316326531
covid_3467.png,0.04430404974489796
covid_3468.png,0.05622209821428571
covid_3469.png,0.10558832908163265
covid_347.png,0.18903459821428573
covid_3470.png,0.06686463647959184
covid_3474.png,0.35413345025510207
covid_3476.png,0.07906170280612244
covid_3477.png,0.1404655612244898
covid_3478.png,0.36971859056122447
covid_3481.png,0.09867267219387756
covid_3486.png,0.146484375
covid_3489.png,0.054368622448979595
covid_349.png,0.3608896683673469
covid_3492.png,0.20946269132653061
covid_3497.png,0.16978236607142858
covid_350.png,0.3690210459183674
covid_3500.png,0.25209263392857145
covid_3508.png,0.017956792091836735
covid_3510.png,0.0995296556122449
covid_3511.png,0.17380819515306123
covid_3513.png,0.25868941326530615
covid_3514.png,0.06708386479591837
covid_352.png,0.23923788265306123
covid_3520.png,0.20170998086734693
covid_3521.png,0.07461734693877552
covid_3525.png,0.03814572704081633
covid_353.png,0.043247767857142856
covid_3530.png,0.0713687818877551
covid_3531.png,0.22199856505102042
covid_3534.png,0.021205357142857144
covid_3536.png,0.038404815051020405
covid_3539.png,0.1873405612244898
covid_3540.png,0.2625757334183674
covid_3541.png,0.11274314413265306
covid_3545.png,0.18821747448979592
covid_3546.png,0.32174744897959184
covid_3548.png,0.32164779974489793
covid_355.png,0.10335618622448979
covid_3550.png,0.38608099489795916
covid_3551.png,0.018096301020408163
covid_3553.png,0.012715242346938776
covid_3555.png,0.3193957270408163
covid_3557.png,0.15300143494897958
covid_3559.png,0.013392857142857142
covid_3560.png,0.04428411989795918
covid_3561.png,0.22255660076530612
covid_3562.png,0.11983816964285714
covid_3564.png,0.26698022959183676
covid_3566.png,0.1875
covid_3567.png,0.14564732142857142
covid_3568.png,0.07033242984693877
covid_3569.png,0.10146285076530612
covid_357.png,0.07055165816326531
covid_3570.png,0.2981106505102041
covid_3571.png,0.2762874681122449
covid_3579.png,0.15638950892857142
covid_3580.png,0.036451690051020405
covid_3581.png,0.17249282525510204
covid_3582.png,0.08069595025510204
covid_3583.png,0.046018016581632654
covid_3585.png,0.1787109375
covid_3586.png,0.15501434948979592
covid_3589.png,0.4557358099489796
covid_359.png,0.294921875
covid_3591.png,0.15443638392857142
covid_3592.png,0.02188297193877551
covid_3595.png,0.06206154336734694
covid_3597.png,0.25785235969387754
covid_3598.png,0.14662388392857142
covid_360.png,0.044044961734693876
covid_3601.png,0.06700414540816327
covid_3602.png,0.18046476403061223
covid_3603.png,0.06887755102040816
covid_3604.png,0.15870137117346939
covid_3608.png,0.036631058673469385
covid_3610.png,0.07190688775510204
covid_3615.png,0.11005261479591837
covid_362.png,0.19212372448979592
covid_3620.png,0.08753188775510204
covid_3621.png,0.13857222576530612
covid_3622.png,0.11658960459183673
covid_3628.png,0.02325813137755102
covid_3631.png,0.325015943877551
covid_3637.png,0.062001753826530615
covid_3638.png,0.10989317602040816
covid_364.png,0.04490194515306122
covid_3641.png,0.20240752551020408
covid_3642.png,0.06558912627551021
covid_3644.png,0.15967793367346939
covid_3645.png,0.05741788903061224
covid_3648.png,0.0725845025510204
covid_3653.png,0.14104352678571427
covid_3654.png,0.03384088010204082
covid_3657.png,0.3428332270408163
covid_3659.png,0.07184709821428571
covid_366.png,0.08942522321428571
covid_3660.png,0.16428172831632654
covid_3664.png,0.13267299107142858
covid_3667.png,0.030472735969387755
covid_3669.png,0.025151466836734693
covid_367.png,0.11122847576530612
covid_3673.png,0.368961256377551
covid_3674.png,0.05141900510204082
covid_3675.png,0.04681521045918367
covid_3677.png,0.33970424107142855
covid_3678.png,0.01829559948979592
covid_3679.png,0.041015625
covid_3680.png,0.14213966836734693
covid_3681.png,0.11178651147959184
covid_3683.png,0.07358099489795919
covid_3686.png,0.007952008928571428
covid_3687.png,0.19796316964285715
covid_3688.png,0.055982940051020405
covid_3689.png,0.02770248724489796
covid_3690.png,0.23288026147959184
covid_3697.png,0.004065688775510204
covid_3698.png,0.19684709821428573
covid_3699.png,0.18263711734693877
covid_37.png,0.28380102040816324
covid_370.png,0.08950494260204081
covid_3700.png,0.07186702806122448
covid_3704.png,0.16428172831632654
covid_3705.png,0.41288663903061223
covid_3706.png,0.01895328443877551
covid_3707.png,0.029715401785714284
covid_3710.png,0.05959024234693878
covid_3711.png,0.09592235331632654
covid_3712.png,0.0437858737244898
covid_3716.png,0.0450813137755102
covid_3718.png,0.42532286352040816
covid_3719.png,0.32304288903061223
covid_372.png,0.13865194515306123
covid_3723.png,0.043088329081632654
covid_3728.png,0.15764508928571427
covid_3729.png,0.1659558354591837
covid_3737.png,0.07607222576530612
covid_3739.png,0.2874282525510204
covid_3742.png,0.024274553571428572
covid_3744.png,0.2940250318877551
covid_3745.png,0.06764190051020408
covid_3746.png,0.3797233737244898
covid_3747.png,0.39634486607142855
covid_3749.png,0.047373246173469385
covid_375.png,0.019591039540816327
covid_3754.png,0.2520129145408163
covid_3755.png,0.12258848852040816
covid_3756.png,0.09795519770408163
covid_3757.png,0.1299426020408163
covid_3759.png,0.2795360331632653
covid_3760.png,0.19252232142857142
covid_3762.png,0.03960060586734694
covid_3763.png,0.18901466836734693
covid_3764.png,0.20804767219387754
covid_3766.png,0.28860411352040816
covid_3767.png,0.14951371173469388
covid_3768.png,0.02423469387755102
covid_377.png,0.24962133290816327
covid_3773.png,0.26747847576530615
covid_3775.png,0.033302774234693876
covid_3776.png,0.05787627551020408
covid_3780.png,0.3989955357142857
covid_3781.png,0.14090401785714285
covid_3782.png,0.059849330357142856
covid_3783.png,0.11282286352040816
covid_3784.png,0.274234693877551
covid_3785.png,0.2013313137755102
covid_3787.png,0.018215880102040817
covid_3789.png,0.030253507653061226
covid_3790.png,0.05873325892857143
covid_3792.png,0.010483099489795918
covid_3793.png,0.1565888073979592
covid_3795.png,0.12665417729591838
covid_3796.png,0.19780373086734693
covid_3798.png,0.01056281887755102
covid_38.png,0.0713687818877551
covid_380.png,0.04494180484693878
covid_3800.png,0.10178172831632654
covid_3805.png,0.29844945790816324
covid_3806.png,0.05709901147959184
covid_381.png,0.18779894770408162
covid_3813.png,0.1513671875
covid_3815.png,0.18576610331632654
covid_3816.png,0.23489317602040816
covid_3819.png,0.06008848852040816
covid_382.png,0.16896524234693877
covid_3823.png,0.23297991071428573
covid_3827.png,0.006676498724489796
covid_383.png,0.14186065051020408
covid_3831.png,0.20908402423469388
covid_3833.png,0.08175223214285714
covid_3841.png,0.06232063137755102
covid_3844.png,0.2824657206632653
covid_3846.png,0.03463807397959184
covid_3848.png,0.06598772321428571
covid_385.png,0.10616629464285714
covid_3851.png,0.05052216198979592
covid_3853.png,0.05620216836734694
covid_3855.png,0.08948501275510204
covid_3856.png,0.07148836096938775
covid_3858.png,0.03107063137755102
covid_3859.png,0.15270248724489796
covid_3861.png,0.27572943239795916
covid_3865.png,0.3103077168367347
covid_3867.png,0.31441326530612246
covid_3869.png,0.24431999362244897
covid_387.png,0.24874441964285715
covid_3870.png,0.06216119260204082
covid_3872.png,0.31311782525510207
covid_3874.png,0.22526705994897958
covid_3875.png,0.03374123086734694
covid_3876.png,0.1749641262755102
covid_3877.png,0.16667330994897958
covid_3879.png,0.05448820153061224
covid_388.png,0.1460857780612245
covid_3880.png,0.07704878826530612
covid_3884.png,0.04332748724489796
covid_3886.png,0.1329719387755102
covid_3889.png,0.12880660076530612
covid_3890.png,0.03411989795918367
covid_3893.png,0.025111607142857144
covid_3895.png,0.06108498086734694
covid_3897.png,0.6711176658163265
covid_39.png,0.17522321428571427
covid_390.png,0.2514748086734694
covid_3900.png,0.27720424107142855
covid_3901.png,0.13121811224489796
covid_3902.png,0.06353635204081633
covid_3908.png,0.2451171875
covid_391.png,0.22044403698979592
covid_3910.png,0.25386639030612246
covid_3913.png,0.05307318239795918
covid_3917.png,0.19870057397959184
covid_3918.png,0.33290816326530615
covid_3919.png,0.04398517219387755
covid_3920.png,0.09582270408163265
covid_3921.png,0.3259327168367347
covid_3923.png,0.2600845025510204
covid_3924.png,0.0613639987244898
covid_3925.png,0.03049266581632653
covid_3926.png,0.34883211096938777
covid_3928.png,0.35257892219387754
covid_3929.png,0.01411033163265306
covid_393.png,0.16639429209183673
covid_3930.png,0.3205715880102041
covid_3932.png,0.21837133290816327
covid_3934.png,0.2256656568877551
covid_3938.png,0.009167729591836735
covid_3939.png,0.07075095663265306
covid_394.png,0.2741549744897959
covid_3941.png,0.37601642219387754
covid_3942.png,0.34727758290816324
covid_3945.png,0.18654336734693877
covid_3949.png,0.0673828125
covid_395.png,0.23036910076530612
covid_3952.png,0.24362244897959184
covid_3953.png,0.16282684948979592
covid_3957.png,0.09478635204081633
covid_3959.png,0.3582389987244898
covid_3960.png,0.3671875
covid_3961.png,0.38610092474489793
covid_3963.png,0.332828443877551
covid_3964.png,0.14522879464285715
covid_3965.png,0.015923947704081634
covid_3966.png,0.09014269770408163
covid_3967.png,0.17434630102040816
covid_3968.png,0.14373405612244897
covid_397.png,0.11403858418367346
covid_3974.png,0.04468271683673469
covid_3976.png,0.021783322704081634
covid_3979.png,0.1468231823979592
covid_398.png,0.1103515625
covid_3981.png,0.09341119260204081
covid_3983.png,0.04595822704081633
covid_3984.png,0.031130420918367346
covid_3987.png,0.15898038903061223
covid_3989.png,0.32993861607142855
covid_399.png,0.12824856505102042
covid_3990.png,0.08693399234693877
covid_3991.png,0.057696906887755105
covid_3992.png,0.21143574617346939
covid_3993.png,0.44858099489795916
covid_3995.png,0.027981505102040817
covid_3996.png,0.37569754464285715
covid_3998.png,0.28188775510204084
covid_4.png,0.15296157525510204
covid_4000.png,0.0185546875
covid_4002.png,0.18132174744897958
covid_4004.png,0.3669284119897959
covid_4006.png,0.23692602040816327
covid_4007.png,0.2488639987244898
covid_401.png,0.12904575892857142
covid_4010.png,0.5125159438775511
covid_4017.png,0.07772640306122448
covid_4019.png,0.19575095663265307
covid_4020.png,0.030871332908163265
covid_4021.png,0.20442044005102042
covid_4022.png,0.2932876275510204
covid_4023.png,0.21755420918367346
covid_4025.png,0.16212930484693877
covid_4028.png,0.03380102040816327
covid_4029.png,0.18720105229591838
covid_4032.png,0.016661352040816327
covid_4033.png,0.41280691964285715
covid_4035.png,0.23084741709183673
covid_4036.png,0.016302614795918366
covid_4037.png,0.008231026785714286
covid_4040.png,0.1537189094387755
covid_4041.png,0.021105707908163265
covid_4042.png,0.1126235650510204
covid_4043.png,0.36086973852040816
covid_4046.png,0.11639030612244898
covid_4047.png,0.01251594387755102
covid_4049.png,0.20290577168367346
covid_4051.png,0.13450653698979592
covid_4053.png,0.027682557397959183
covid_4055.png,0.08709343112244898
covid_4058.png,0.03471779336734694
covid_4059.png,0.17151626275510204
covid_4060.png,0.2741549744897959
covid_4062.png,0.009646045918367346
covid_4065.png,0.17693718112244897
covid_4068.png,0.054029815051020405
covid_407.png,0.22849569515306123
covid_4073.png,0.01931202168367347
covid_4074.png,0.46910873724489793
covid_4075.png,0.025271045918367346
covid_4076.png,0.2790377869897959
covid_4081.png,0.17281170280612246
covid_4082.png,0.012037627551020409
covid_4083.png,0.12211017219387756
covid_4085.png,0.13253348214285715
covid_4088.png,0.1904296875
covid_4089.png,0.2157605229591837
covid_4091.png,0.08480149872448979
covid_4093.png,0.006816007653061225
covid_4094.png,0.1219905931122449
covid_4095.png,0.03316326530612245
covid_4096.png,0.12035634566326531
covid_4097.png,0.03398038903061224
covid_4098.png,0.16844706632653061
covid_4099.png,0.01020408163265306
covid_41.png,0.1371173469387755
covid_4101.png,0.10235969387755102
covid_4105.png,0.32461734693877553
covid_4107.png,0.14427216198979592
covid_4108.png,0.020348373724489797
covid_4109.png,0.044602997448979595
covid_4111.png,0.048509247448979595
covid_4115.png,0.31277901785714285
covid_4116.png,0.08484135841836735
covid_412.png,0.05406967474489796
covid_4120.png,0.14891581632653061
covid_4122.png,0.03053252551020408
covid_4123.png,0.20788823341836735
covid_4124.png,0.03196747448979592
covid_4125.png,0.19465481505102042
covid_4129.png,0.0680404974489796
covid_4130.png,0.05640146683673469
covid_4134.png,0.1266143176020408
covid_4136.png,0.08019770408163265
covid_4138.png,0.09175701530612244
covid_4139.png,0.07868303571428571
covid_414.png,0.03968032525510204
covid_4141.png,0.1455676020408163
covid_4144.png,0.2949816645408163
covid_4146.png,0.041294642857142856
covid_4151.png,0.13897082270408162
covid_4153.png,0.1739875637755102
covid_4154.png,0.09913105867346939
covid_4155.png,0.1776546556122449
covid_4156.png,0.1446906887755102
covid_4157.png,0.043287627551020405
covid_4159.png,0.07688934948979592
covid_416.png,0.03296396683673469
covid_4161.png,0.04587850765306122
covid_4164.png,0.12878667091836735
covid_4167.png,0.28591358418367346
covid_417.png,0.11276307397959184
covid_4173.png,0.16149154974489796
covid_4175.png,0.15615035076530612
covid_4176.png,0.09259406887755102
covid_4179.png,0.11973852040816327
covid_4181.png,0.016621492346938774
covid_4183.png,0.2188097895408163
covid_4184.png,0.3057836415816326
covid_4185.png,0.04982461734693878
covid_4186.png,0.12308673469387756
covid_4187.png,0.12364477040816327
covid_419.png,0.01233657525510204
covid_4191.png,0.13960857780612246
covid_4194.png,0.11051100127551021
covid_4196.png,0.040138711734693876
covid_4198.png,0.21805245535714285
covid_420.png,0.10692362882653061
covid_4201.png,0.11461654974489796
covid_4207.png,0.23391661352040816
covid_4208.png,0.2674585459183674
covid_4209.png,0.44168526785714285
covid_421.png,0.23710538903061223
covid_4211.png,0.03910235969387755
covid_4216.png,0.1384327168367347
covid_4219.png,0.37300701530612246
covid_4221.png,0.21141581632653061
covid_4224.png,0.19901945153061223
covid_4225.png,0.16840720663265307
covid_4226.png,0.22654257015306123
covid_4227.png,0.08677455357142858
covid_423.png,0.35532924107142855
covid_4230.png,0.24539620535714285
covid_4231.png,0.19025031887755103
covid_4232.png,0.046396683673469385
covid_4234.png,0.30976961096938777
covid_4236.png,0.6137994260204082
covid_4237.png,0.30797592474489793
covid_4238.png,0.15754544005102042
covid_4239.png,0.07936065051020408
covid_4240.png,0.3391661352040816
covid_4241.png,0.027184311224489797
covid_4243.png,0.10353555484693877
covid_4247.png,0.2470703125
covid_4248.png,0.23090720663265307
covid_425.png,0.006875797193877551
covid_4251.png,0.1699816645408163
covid_4252.png,0.16043526785714285
covid_4253.png,0.19130660076530612
covid_4254.png,0.2620376275510204
covid_4255.png,0.21691645408163265
covid_4257.png,0.24232700892857142
covid_4258.png,0.19626913265306123
covid_4259.png,0.12348533163265306
covid_4260.png,0.0836654974489796
covid_4262.png,0.10845822704081633
covid_4267.png,0.42051977040816324
covid_4268.png,0.16753029336734693
covid_4269.png,0.3571229272959184
covid_427.png,0.24932238520408162
covid_4272.png,0.06837930484693877
covid_4273.png,0.025191326530612245
covid_4274.png,0.05897241709183673
covid_4276.png,0.12643494897959184
covid_4279.png,0.016800860969387755
covid_4281.png,0.08179209183673469
covid_4282.png,0.1243423150510204
covid_4283.png,0.28577407525510207
covid_4285.png,0.29017857142857145
covid_4287.png,0.03413982780612245
covid_4288.png,0.27957589285714285
covid_4290.png,0.03944116709183673
covid_4292.png,0.08856823979591837
covid_4295.png,0.1872608418367347
covid_4296.png,0.05119977678571429
covid_4297.png,0.026646205357142856
covid_4299.png,0.043247767857142856
covid_430.png,0.19266183035714285
covid_4300.png,0.022022480867346938
covid_4301.png,0.1755420918367347
covid_4302.png,0.16649394132653061
covid_4303.png,0.08749202806122448
covid_4304.png,0.4538424744897959
covid_4307.png,0.02881855867346939
covid_4308.png,0.14644451530612246
covid_4309.png,0.30628188775510207
covid_4312.png,0.07101004464285714
covid_4313.png,0.2293327487244898
covid_4314.png,0.31776147959183676
covid_4315.png,0.07796556122448979
covid_4317.png,0.024394132653061226
covid_4323.png,0.30269451530612246
covid_4326.png,0.05586336096938776
covid_4327.png,0.05389030612244898
covid_4328.png,0.035455197704081634
covid_4329.png,0.03862404336734694
covid_4330.png,0.10562818877551021
covid_4332.png,0.03236607142857143
covid_4333.png,0.1536591198979592
covid_4337.png,0.06564891581632654
covid_434.png,0.054189253826530615
covid_4340.png,0.05943080357142857
covid_4342.png,0.3131576849489796
covid_4344.png,0.30369100765306123
covid_4345.png,0.018395248724489797
covid_4346.png,0.07868303571428571
covid_4347.png,0.20202885841836735
covid_4349.png,0.014748086734693877
covid_435.png,0.2680763711734694
covid_4350.png,0.05237563775510204
covid_4351.png,0.0174984056122449
covid_4353.png,0.560546875
covid_4354.png,0.2398955676020408
covid_4356.png,0.2076092155612245
covid_4357.png,0.03200733418367347
covid_4358.png,0.4107142857142857
covid_4359.png,0.04185267857142857
covid_4361.png,0.13697783801020408
covid_4362.png,0.25996492346938777
covid_4363.png,0.21111686862244897
covid_4366.png,0.2534279336734694
covid_4368.png,0.11511479591836735
covid_4371.png,0.11218510841836735
covid_4372.png,0.21892936862244897
covid_4375.png,0.24344308035714285
covid_4379.png,0.05913185586734694
covid_438.png,0.20212850765306123
covid_4381.png,0.31283880739795916
covid_4383.png,0.12073501275510204
covid_4386.png,0.2728794642857143
covid_4387.png,0.08793048469387756
covid_4389.png,0.049705038265306124
covid_4390.png,0.06873804209183673
covid_4391.png,0.11365991709183673
covid_4392.png,0.005221619897959184
covid_4394.png,0.06814014668367346
covid_4395.png,0.015166613520408163
covid_4398.png,0.0496452487244898
covid_44.png,0.11860251913265306
covid_440.png,0.11898118622448979
covid_4400.png,0.5492865114795918
covid_4402.png,0.12727200255102042
covid_4405.png,0.17954799107142858
covid_4406.png,0.11381935586734694
covid_4408.png,0.05530532525510204
covid_4409.png,0.024394132653061226
covid_4410.png,0.1826969068877551
covid_4411.png,0.028619260204081634
covid_4413.png,0.061224489795918366
covid_4418.png,0.014409279336734694
covid_4419.png,0.013891103316326531
covid_442.png,0.21595982142857142
covid_4420.png,0.17817283163265307
covid_4422.png,0.08304767219387756
covid_4423.png,0.14841757015306123
covid_4426.png,0.12810905612244897
covid_4428.png,0.30697943239795916
covid_4430.png,0.2863719706632653
covid_4431.png,0.21954719387755103
covid_4432.png,0.3936344068877551
covid_4434.png,0.29432397959183676
covid_4438.png,0.18540736607142858
covid_4439.png,0.2746532206632653
covid_4442.png,0.030293367346938774
covid_4443.png,0.01526626275510204
covid_4444.png,0.06429368622448979
covid_4448.png,0.003985969387755102
covid_4450.png,0.2958187181122449
covid_4451.png,0.3278659119897959
covid_4454.png,0.07886240433673469
covid_4458.png,0.13817362882653061
covid_4461.png,0.2587292729591837
covid_4462.png,0.2091438137755102
covid_4463.png,0.012197066326530613
covid_4466.png,0.07116948341836735
covid_4468.png,0.05408960459183673
covid_447.png,0.07800542091836735
covid_4472.png,0.1607342155612245
covid_4475.png,0.09761639030612244
covid_4477.png,0.04729352678571429
covid_4478.png,0.15798389668367346
covid_4480.png,0.1732501594387755
covid_4482.png,0.06951530612244898
covid_4483.png,0.15985730229591838
covid_4484.png,0.07676977040816327
covid_4485.png,0.5395607461734694
covid_4488.png,0.024713010204081634
covid_4489.png,0.13518415178571427
covid_449.png,0.310546875
covid_4490.png,0.29771205357142855
covid_4492.png,0.013671875
covid_4497.png,0.08091517857142858
covid_4499.png,0.03950095663265306
covid_45.png,0.14600605867346939
covid_4500.png,0.23577008928571427
covid_4503.png,0.17689732142857142
covid_4504.png,0.01735889668367347
covid_4505.png,0.04023836096938776
covid_4509.png,0.042470503826530615
covid_451.png,0.15060985331632654
covid_4510.png,0.0645328443877551
covid_4512.png,0.07206632653061225
covid_4514.png,0.037388392857142856
covid_4515.png,0.0641342474489796
covid_4516.png,0.2175342793367347
covid_452.png,0.05658083545918367
covid_4522.png,0.17468510841836735
covid_4523.png,0.07284359056122448
covid_4524.png,0.08207110969387756
covid_4526.png,0.0879703443877551
covid_4530.png,0.2496611926020408
covid_4532.png,0.09982860331632654
covid_4537.png,0.150390625
covid_4538.png,0.1485969387755102
covid_4539.png,0.10897640306122448
covid_4540.png,0.2206433354591837
covid_4544.png,0.0938297193877551
covid_4548.png,0.01815609056122449
covid_4551.png,0.10030691964285714
covid_4553.png,0.25352758290816324
covid_4557.png,0.056919642857142856
covid_4559.png,0.5155452806122449
covid_4563.png,0.046875
covid_4566.png,0.17823262117346939
covid_4567.png,0.08348612882653061
covid_4568.png,0.23768335459183673
covid_4569.png,0.3776905293367347
covid_4571.png,0.18602519132653061
covid_4572.png,0.1532605229591837
covid_4573.png,0.09295280612244898
covid_4574.png,0.03184789540816327
covid_4575.png,0.03627232142857143
covid_4576.png,0.018574617346938774
covid_4579.png,0.3495495854591837
covid_4580.png,0.1824577487244898
covid_4581.png,0.15686782525510204
covid_4582.png,0.04569913903061224
covid_4583.png,0.07268415178571429
covid_4586.png,0.30970982142857145
covid_4587.png,0.08737244897959184
covid_4589.png,0.28342235331632654
covid_459.png,0.25743383290816324
covid_4592.png,0.2136280293367347
covid_4593.png,0.049147002551020405
covid_4594.png,0.21886957908163265
covid_4595.png,0.027204241071428572
covid_4596.png,0.03981983418367347
covid_460.png,0.10512994260204081
covid_4603.png,0.16755022321428573
covid_461.png,0.03930165816326531
covid_467.png,0.03186782525510204
covid_469.png,0.12950414540816327
covid_47.png,0.004264987244897959
covid_480.png,0.346500318877551
covid_481.png,0.18674266581632654
covid_483.png,0.20725047831632654
covid_486.png,0.04635682397959184
covid_488.png,0.10696348852040816
covid_489.png,0.1568877551020408
covid_49.png,0.11631058673469388
covid_490.png,0.1416613520408163
covid_492.png,0.12878667091836735
covid_497.png,0.16200972576530612
covid_498.png,0.014090401785714286
covid_499.png,0.07794563137755102
covid_50.png,0.13596141581632654
covid_502.png,0.02919722576530612
covid_503.png,0.392578125
covid_505.png,0.13741629464285715
covid_509.png,0.2606823979591837
covid_510.png,0.2418486926020408
covid_511.png,0.04565927933673469
covid_514.png,0.1399872448979592
covid_517.png,0.018833705357142856
covid_519.png,0.029097576530612245
covid_52.png,0.07015306122448979
covid_521.png,0.26209741709183676
covid_522.png,0.054388552295918366
covid_529.png,0.1717952806122449
covid_530.png,0.16248804209183673
covid_533.png,0.053830516581632654
covid_534.png,0.05113998724489796
covid_536.png,0.28067203443877553
covid_538.png,0.26510682397959184
covid_54.png,0.1944156568877551
covid_543.png,0.17982700892857142
covid_546.png,0.07969945790816327
covid_547.png,0.13530373086734693
covid_549.png,0.20242745535714285
covid_55.png,0.06397480867346939
covid_551.png,0.08932557397959184
covid_553.png,0.14122289540816327
covid_554.png,0.07708864795918367
covid_556.png,0.34604193239795916
covid_557.png,0.10036670918367346
covid_558.png,0.061623086734693876
covid_56.png,0.15888073979591838
covid_560.png,0.04103555484693878
covid_568.png,0.08759167729591837
covid_572.png,0.12191087372448979
covid_575.png,0.2216198979591837
covid_577.png,0.08749202806122448
covid_578.png,0.1568279655612245
covid_580.png,0.10686383928571429
covid_581.png,0.04840959821428571
covid_582.png,0.008450255102040817
covid_583.png,0.2312858737244898
covid_584.png,0.04805086096938776
covid_585.png,0.23190369897959184
covid_586.png,0.055963010204081634
covid_588.png,0.19630899234693877
covid_589.png,0.0911391900510204
covid_590.png,0.1825374681122449
covid_591.png,0.04551977040816327
covid_592.png,0.14311623086734693
covid_594.png,0.23409598214285715
covid_599.png,0.018036511479591837
covid_6.png,0.29440369897959184
covid_60.png,0.09416852678571429
covid_600.png,0.07106983418367346
covid_601.png,0.04858896683673469
covid_602.png,0.03716916454081633
covid_604.png,0.07106983418367346
covid_605.png,0.11322146045918367
covid_607.png,0.5237165178571429
covid_609.png,0.08587771045918367
covid_611.png,0.2598453443877551
covid_614.png,0.10229990433673469
covid_617.png,0.012456154336734694
covid_618.png,0.008569834183673469
covid_62.png,0.007354113520408163
covid_623.png,0.10114397321428571
covid_625.png,0.08950494260204081
covid_627.png,0.060267857142857144
covid_629.png,0.06497130102040816
covid_630.png,0.04565927933673469
covid_632.png,0.13630022321428573
covid_633.png,0.34861288265306123
covid_634.png,0.20721061862244897
covid_635.png,0.18427136479591838
covid_636.png,0.006855867346938775
covid_637.png,0.23961654974489796
covid_640.png,0.09964923469387756
covid_643.png,0.19182477678571427
covid_645.png,0.42837213010204084
covid_65.png,0.08850845025510204
covid_650.png,0.05291374362244898
covid_651.png,0.13337053571428573
covid_653.png,0.07842394770408163
covid_654.png,0.08492107780612244
covid_658.png,0.08107461734693877
covid_659.png,0.4364437181122449
covid_66.png,0.11342075892857142
covid_662.png,0.16994180484693877
covid_663.png,0.31287866709183676
covid_664.png,0.06792091836734694
covid_667.png,0.03126992984693878
covid_668.png,0.09060108418367346
covid_67.png,0.24962133290816327
covid_673.png,0.14415258290816327
covid_676.png,0.28334263392857145
covid_679.png,0.05719866071428571
covid_680.png,0.11973852040816327
covid_682.png,0.05133928571428571
covid_684.png,0.023198341836734693
covid_686.png,0.24665178571428573
covid_688.png,0.31246014030612246
covid_689.png,0.04761240433673469
covid_69.png,0.1278698979591837
covid_691.png,0.013173628826530613
covid_692.png,0.13526387117346939
covid_693.png,0.02489237882653061
covid_695.png,0.10915577168367346
covid_696.png,0.058274872448979595
covid_697.png,0.12059550382653061
covid_7.png,0.24166932397959184
covid_700.png,0.2926498724489796
covid_701.png,0.10616629464285714
covid_702.png,0.18345424107142858
covid_704.png,0.1923030931122449
covid_705.png,0.42223373724489793
covid_708.png,0.32089046556122447
covid_709.png,0.12908561862244897
covid_71.png,0.06214126275510204
covid_710.png,0.26060267857142855
covid_711.png,0.02889827806122449
covid_712.png,0.15937898596938777
covid_713.png,0.03675063775510204
covid_714.png,0.42735570790816324
covid_717.png,0.11063058035714286
covid_718.png,0.1306202168367347
covid_72.png,0.014090401785714286
covid_720.png,0.05239556760204082
covid_721.png,0.09097975127551021
covid_724.png,0.2093829719387755
covid_725.png,0.21633848852040816
covid_729.png,0.03439891581632653
covid_733.png,0.28322305484693877
covid_734.png,0.22724011479591838
covid_736.png,0.11071029974489796
covid_739.png,0.02130500637755102
covid_740.png,0.010243941326530613
covid_741.png,0.0986328125
covid_742.png,0.16386320153061223
covid_743.png,0.05592315051020408
covid_745.png,0.32734773596938777
covid_747.png,0.10726243622448979
covid_749.png,0.10821906887755102
covid_750.png,0.05016342474489796
covid_751.png,0.0948062818877551
covid_757.png,0.26149952168367346
covid_76.png,0.0782047193877551
covid_761.png,0.18116230867346939
covid_762.png,0.3220264668367347
covid_765.png,0.18387276785714285
covid_767.png,0.26136001275510207
covid_77.png,0.058274872448979595
covid_770.png,0.516960299744898
covid_776.png,0.08177216198979592
covid_777.png,0.10863759566326531
covid_778.png,0.005919164540816327
covid_779.png,0.272640306122449
covid_78.png,0.08416374362244898
covid_781.png,0.09105947066326531
covid_782.png,0.04538026147959184
covid_784.png,0.04819036989795918
covid_785.png,0.04944595025510204
covid_786.png,0.3809789540816326
covid_788.png,0.10339604591836735
covid_79.png,0.32581313775510207
covid_790.png,0.23848054846938777
covid_791.png,0.16037547831632654
covid_792.png,0.16944355867346939
covid_793.png,0.23457429846938777
covid_794.png,0.13751594387755103
covid_798.png,0.29549984056122447
covid_80.png,0.2797751913265306
covid_800.png,0.014150191326530613
covid_802.png,0.05277423469387755
covid_804.png,0.4157565369897959
covid_808.png,0.06056680484693878
covid_809.png,0.14467075892857142
covid_81.png,0.10243941326530612
covid_811.png,0.25290975765306123
covid_812.png,0.09265385841836735
covid_819.png,0.11306202168367346
covid_820.png,0.2284558354591837
covid_823.png,0.014748086734693877
covid_826.png,0.14498963647959184
covid_828.png,0.010104432397959183
covid_829.png,0.008410395408163265
covid_832.png,0.26608338647959184
covid_834.png,0.14821827168367346
covid_837.png,0.2333187181122449
covid_845.png,0.057318239795918366
covid_847.png,0.27102598852040816
covid_848.png,0.0810546875
covid_850.png,0.07826450892857142
covid_851.png,0.03077168367346939
covid_852.png,0.013612085459183673
covid_853.png,0.43106265943877553
covid_856.png,0.05235570790816327
covid_858.png,0.09919084821428571
covid_859.png,0.10202088647959184
covid_860.png,0.06678491709183673
covid_861.png,0.2802734375
covid_862.png,0.06991390306122448
covid_863.png,0.06377551020408163
covid_864.png,0.09223533163265306
covid_866.png,0.12559789540816327
covid_867.png,0.09976881377551021
covid_871.png,0.021922831632653062
covid_874.png,0.05795599489795918
covid_878.png,0.12133290816326531
covid_879.png,0.03437898596938776
covid_880.png,0.009287308673469387
covid_884.png,0.01881377551020408
covid_888.png,0.38767538265306123
covid_889.png,0.3462611607142857
covid_89.png,0.17175542091836735
covid_891.png,0.33438297193877553
covid_892.png,0.09434789540816327
covid_896.png,0.07252471301020408
covid_898.png,0.5014748086734694
covid_9.png,0.31752232142857145
covid_900.png,0.23580994897959184
covid_901.png,0.026068239795918366
covid_902.png,0.25942681760204084
covid_904.png,0.021942761479591837
covid_911.png,0.04081632653061224
covid_912.png,0.30911192602040816
covid_915.png,0.07077088647959184
covid_92.png,0.21446508290816327
covid_920.png,0.20948262117346939
covid_922.png,0.4027622767857143
covid_923.png,0.5096061862244898
covid_924.png,0.035455197704081634
covid_927.png,0.005121970663265306
covid_928.png,0.3214086415816326
covid_929.png,0.282405931122449
covid_931.png,0.008948501275510204
covid_933.png,0.11565290178571429
covid_934.png,0.08314732142857142
covid_935.png,0.041693239795918366
covid_939.png,0.38123804209183676
covid_940.png,0.01558514030612245
covid_942.png,0.05293367346938776
covid_944.png,0.21334901147959184
covid_945.png,0.03774713010204082
covid_946.png,0.12153220663265306
covid_950.png,0.07077088647959184
covid_951.png,0.049924266581632654
covid_954.png,0.07864317602040816
covid_957.png,0.14538823341836735
covid_959.png,0.0205078125
covid_96.png,0.19471460459183673
covid_960.png,0.1436344068877551
covid_962.png,0.11152742346938775
covid_967.png,0.20826690051020408
covid_968.png,0.11599170918367346
covid_969.png,0.14636479591836735
covid_97.png,0.1434948979591837
covid_970.png,0.3216079400510204
covid_971.png,0.030691964285714284
covid_973.png,0.042071906887755105
covid_98.png,0.06935586734693877
covid_980.png,0.16639429209183673
covid_981.png,0.3057836415816326
covid_982.png,0.19650829081632654
covid_983.png,0.39124282525510207
covid_987.png,0.13347018494897958
covid_988.png,0.11898118622448979
covid_991.png,0.3490513392857143
covid_993.png,0.14110331632653061
covid_994.png,0.025151466836734693
covid_995.png,0.37765066964285715
covid_997.png,0.2286750637755102
covid_998.png,0.12368463010204081
sub-S10037_ses-E24704_run-1_bp-chest_vp-ap_dx.png,0.19471460459183673
sub-S10037_ses-E25408_run-1_bp-chest_vp-ap_cr.png,0.18022560586734693
sub-S10039_ses-E17269_run-1_bp-chest_vp-ap_dx.png,0.00972576530612245
sub-S10040_ses-E17270_run-1_bp-chest_vp-pa_dx.png,0.03477758290816327
sub-S10040_ses-E20660_run-1_bp-chest_vp-pa_cr.png,0.1939373405612245
sub-S10040_ses-E22581_run-1_bp-chest_vp-ap_cr.png,0.21643813775510204
sub-S10047_ses-E19223_run-1_bp-chest_vp-ap_dx.png,0.13440688775510204
sub-S10047_ses-E25544_run-1_bp-chest_vp-ap_dx.png,0.07049186862244898
sub-S10049_ses-E23373_run-1_bp-chest_vp-ap_cr.png,0.11102917729591837
sub-S10049_ses-E23848_run-1_bp-chest_vp-pa_dx.png,0.08850845025510204
sub-S10050_ses-E17289_run-1_bp-chest_vp-pa_dx.png,0.06395487882653061
sub-S10050_ses-E19466_run-1_bp-chest_vp-pa_dx.png,0.07778619260204081
sub-S10050_ses-E19704_run-1_bp-chest_vp-ap_dx.png,0.24784757653061223
sub-S10051_ses-E22626_run-1_bp-chest_vp-ap_dx.png,0.15642936862244897
sub-S10054_ses-E19491_run-1_bp-chest_vp-ap_cr.png,0.030034279336734693
sub-S10054_ses-E19880_run-1_bp-chest_vp-ap_cr.png,0.09665975765306123
sub-S10054_ses-E22394_run-1_bp-chest_vp-ap_cr.png,0.12340561224489796
sub-S10056_ses-E18255_run-1_bp-chest_vp-ap_cr.png,0.14927455357142858
sub-S10056_ses-E19033_run-1_bp-chest_vp-ap_cr.png,0.09157764668367346
sub-S10056_ses-E20096_run-1_bp-chest_vp-ap_cr.png,0.08775111607142858
sub-S10056_ses-E22437_run-1_bp-chest_vp-ap_cr.png,0.22090242346938777
sub-S10056_ses-E22883_run-1_bp-chest_vp-ap_cr.png,0.02188297193877551
sub-S10056_ses-E25918_run-1_bp-chest_vp-ap_cr.png,0.23935746173469388
sub-S10058_ses-E17303_run-1_bp-chest_vp-pa_cr.png,0.05819515306122449
sub-S10059_ses-E18286_run-1_bp-chest_vp-ap_dx.png,0.22052375637755103
sub-S10059_ses-E21442_run-1_bp-chest_vp-ap_dx.png,0.030512595663265307
sub-S10059_ses-E22473_run-1_bp-chest_vp-ap_dx.png,0.2233936543367347
sub-S10059_ses-E24917_run-1_bp-chest_vp-ap_dx.png,0.1672313456632653
sub-S10059_ses-E25947_run-1_bp-chest_vp-ap_dx.png,0.16222895408163265
sub-S10059_ses-E26176_run-1_bp-chest_vp-ap_dx.png,0.05743781887755102
sub-S10059_ses-E26403_run-1_bp-chest_vp-ap_dx.png,0.2881656568877551
sub-S10060_ses-E25484_run-1_bp-chest_vp-pa_dx.png,0.03685028698979592
sub-S10062_ses-E26833_run-1_bp-chest_vp-pa_dx.png,0.056740274234693876
sub-S10064_ses-E17315_run-1_bp-chest_vp-ap_dx.png,0.1348453443877551
sub-S10064_ses-E19331_acq-2_run-1_bp-chest_vp-ap_dx.png,0.25037866709183676
sub-S10064_ses-E20578_run-1_bp-chest_cr.png,0.09857302295918367
sub-S10064_ses-E21285_run-1_bp-chest_vp-ap_dx.png,0.08250956632653061
sub-S10064_ses-E21775_run-1_bp-chest_vp-ap_dx.png,0.09958944515306123
sub-S10064_ses-E22119_acq-1_run-1_bp-chest_vp-ap_dx.png,0.1780731823979592
sub-S10064_ses-E26001_run-1_bp-chest_vp-ap_dx.png,0.1553332270408163
sub-S10064_ses-E26428_run-1_bp-chest_vp-ap_dx.png,0.08755181760204081
sub-S10065_ses-E24811_run-1_bp-chest_vp-pa_dx.png,0.03455835459183673
sub-S10066_ses-E18339_run-1_bp-chest_vp-ap_dx.png,0.20543686224489796
sub-S10066_ses-E19350_run-1_bp-chest_vp-ap_cr.png,0.1822783801020408
sub-S10066_ses-E19962_run-1_bp-chest_vp-ap_dx.png,0.2770248724489796
sub-S10066_ses-E24439_run-1_bp-chest_vp-pa_dx.png,0.02987484056122449
sub-S10066_ses-E26442_run-2_bp-chest_vp-ap_dx.png,0.20452008928571427
sub-S10068_ses-E17321_run-1_bp-chest_vp-ap_dx.png,0.21795280612244897
sub-S10070_ses-E19393_run-1_bp-chest_vp-ap_dx.png,0.02574936224489796
sub-S10071_ses-E19998_run-1_bp-chest_vp-ap_dx.png,0.03392059948979592
sub-S10071_ses-E21136_run-1_bp-chest_vp-ap_dx.png,0.045778858418367346
sub-S10071_ses-E24056_run-1_bp-chest_vp-ap_dx.png,0.057916135204081634
sub-S10072_ses-E21149_run-1_bp-chest_vp-pa_dx.png,0.07603236607142858
sub-S10073_ses-E17335_run-1_bp-chest_vp-pa_cr.png,0.036013233418367346
sub-S10073_ses-E22359_run-1_bp-chest_vp-ap_dx.png,0.0489875637755102
sub-S10075_ses-E17340_run-1_bp-chest_vp-pa_cr.png,0.03358179209183673
sub-S10075_ses-E20013_run-1_bp-chest_vp-ap_cr.png,0.09137834821428571
sub-S10075_ses-E20210_run-1_bp-chest_cr.png,0.11138791454081633
sub-S10075_ses-E22810_run-1_bp-chest_vp-ap_dx.png,0.23092713647959184
sub-S10075_ses-E23335_run-1_bp-chest_vp-ap_dx.png,0.22072305484693877
sub-S10078_ses-E25412_acq-1_run-1_bp-chest_vp-pa_dx.png,0.013791454081632654
sub-S10078_ses-E25791_run-1_bp-chest_vp-ap_dx.png,0.11122847576530612
sub-S10079_ses-E23849_run-1_bp-chest_vp-ap_cr.png,0.08484135841836735
sub-S10079_ses-E26332_run-1_bp-chest_vp-ap_dx.png,0.12904575892857142
sub-S10081_ses-E18210_run-2_bp-chest_vp-pa_cr.png,0.1675701530612245
sub-S10081_ses-E22377_run-1_bp-chest_vp-pa_cr.png,0.09426817602040816
sub-S10081_ses-E23865_run-1_bp-chest_vp-pa_cr.png,0.16637436224489796
sub-S10081_ses-E25440_run-1_bp-chest_vp-ap_cr.png,0.15770487882653061
sub-S10082_ses-E17355_run-1_bp-chest_vp-ap_cr.png,0.09564333545918367
sub-S10083_ses-E23690_run-1_bp-chest_vp-ap_cr.png,0.16240832270408162
sub-S10083_ses-E23894_run-1_bp-chest_vp-ap_dx.png,0.09528459821428571
sub-S10087_ses-E17366_run-1_bp-chest_vp-pa_cr.png,0.015644929846938774
sub-S10087_ses-E20478_run-1_bp-chest_vp-ap_dx.png,0.05397002551020408
sub-S10087_ses-E23426_run-1_bp-chest_vp-ap_dx.png,0.08824936224489796
sub-S10087_ses-E23884_run-1_bp-chest_vp-ap_dx.png,0.05333227040816327
sub-S10087_ses-E25594_run-1_bp-chest_vp-ap_dx.png,0.1380939094387755
sub-S10087_ses-E25890_run-1_bp-chest_vp-ap_dx.png,0.06421396683673469
sub-S10088_ses-E17368_run-1_bp-chest_vp-ap_dx.png,0.11152742346938775
sub-S10088_ses-E22082_run-1_bp-chest_vp-ap_dx.png,0.03989955357142857
sub-S10089_ses-E17372_run-1_bp-chest_vp-ap_cr.png,0.08482142857142858
sub-S10095_ses-E19297_run-1_bp-chest_vp-ap_dx.png,0.04553970025510204
sub-S10097_ses-E20871_acq-1_run-1_bp-chest_vp-pa_cr.png,0.0914779974489796
sub-S10101_ses-E17391_run-1_bp-chest_vp-pa_cr.png,0.010503029336734694
sub-S10101_ses-E19321_run-1_bp-chest_vp-ap_dx.png,0.16298628826530612
sub-S10101_ses-E23962_run-1_bp-chest_vp-ap_dx.png,0.14971301020408162
sub-S10101_ses-E25991_run-1_bp-chest_vp-ap_dx.png,0.12472098214285714
sub-S10101_ses-E26182_run-1_bp-chest_vp-ap_cr.png,0.09436782525510204
sub-S10101_ses-E26418_run-1_bp-chest_vp-ap_dx.png,0.22496811224489796
sub-S10103_ses-E17401_run-1_bp-chest_cr.png,0.07469706632653061
sub-S10106_ses-E20760_run-1_bp-chest_vp-pa_cr.png,0.03338249362244898
sub-S10107_ses-E18362_run-1_bp-chest_cr.png,0.173828125
sub-S10107_ses-E19365_run-1_bp-chest_vp-ap_dx.png,0.1539580676020408
sub-S10107_ses-E26063_run-1_bp-chest_vp-ap_dx.png,0.14269770408163265
sub-S10108_ses-E17411_run-1_bp-chest_vp-pa_cr.png,0.04125478316326531
sub-S10108_ses-E23575_run-1_bp-chest_vp-ap_dx.png,0.21269132653061223
sub-S10108_ses-E24001_run-1_bp-chest_vp-ap_dx.png,0.17522321428571427
sub-S10108_ses-E24676_run-1_bp-chest_vp-ap_dx.png,0.20575573979591838
sub-S10108_ses-E25135_run-1_bp-chest_cr.png,0.19931839923469388
sub-S10108_ses-E26463_run-1_bp-chest_vp-ap_dx.png,0.24579480229591838
sub-S10109_ses-E17413_run-1_bp-chest_vp-ap_cr.png,0.014927455357142858
sub-S10109_ses-E23297_run-1_bp-chest_vp-ap_cr.png,0.050860969387755105
sub-S10109_ses-E23600_run-1_bp-chest_vp-ap_cr.png,0.03539540816326531
sub-S10109_ses-E25174_run-1_bp-chest_vp-pa_cr.png,0.0244140625
sub-S10110_ses-E23588_run-1_bp-chest_vp-pa_dx.png,0.05157844387755102
sub-S10112_ses-E24040_run-1_bp-chest_vp-ap_cr.png,0.13440688775510204
sub-S10112_ses-E26292_run-1_bp-chest_vp-pa_cr.png,0.08751195790816327
sub-S10114_ses-E19664_run-1_bp-chest_vp-ap_dx.png,0.12579719387755103
sub-S10114_ses-E20653_run-1_bp-chest_vp-ap_cr.png,0.13865194515306123
sub-S10114_ses-E24496_run-1_bp-chest_vp-pa_cr.png,0.15686782525510204
sub-S10115_ses-E19412_run-1_bp-chest_vp-pa_dx.png,0.03794642857142857
sub-S10115_ses-E21142_run-1_bp-chest_vp-ap_cr.png,0.09275350765306123
sub-S10116_ses-E20003_run-1_bp-chest_vp-ap_dx.png,0.03244579081632653
sub-S10116_ses-E23627_run-1_bp-chest_vp-ap_dx.png,0.05000398596938776
sub-S10116_ses-E24508_run-1_bp-chest_vp-pa_dx.png,0.09865274234693877
sub-S10116_ses-E25778_run-1_bp-chest_vp-ap_dx.png,0.04432397959183673
sub-S10117_ses-E19423_run-1_bp-chest_vp-ap_dx.png,0.022421077806122448
sub-S10117_ses-E23752_run-1_bp-chest_vp-ap_cr.png,0.038763552295918366
sub-S10117_ses-E24091_run-1_bp-chest_vp-ap_cr.png,0.13982780612244897
sub-S10117_ses-E24695_run-1_bp-chest_vp-ap_dx.png,0.09018255739795919
sub-S10118_ses-E18441_run-1_bp-chest_vp-ap_dx.png,0.06814014668367346
sub-S10118_ses-E20010_run-1_bp-chest_vp-ap_dx.png,0.0947265625
sub-S10118_ses-E20674_run-1_bp-chest_vp-ap_dx.png,0.07449776785714286
sub-S10118_ses-E25202_run-1_bp-chest_cr.png,0.2760682397959184
sub-S10122_ses-E20213_run-1_bp-chest_vp-ap_cr.png,0.24822624362244897
sub-S10122_ses-E22826_run-1_bp-chest_vp-ap_dx.png,0.25107621173469385
sub-S10124_ses-E18517_run-1_bp-chest_vp-ap_dx.png,0.02473294005102041
sub-S10125_ses-E17448_run-1_bp-chest_vp-ap_dx.png,0.10000797193877552
sub-S10126_ses-E17460_acq-1_run-1_bp-chest_vp-ll_dx.png,0.029635682397959183
sub-S10128_ses-E22127_run-1_bp-chest_vp-ap_cr.png,0.041872608418367346
sub-S10128_ses-E23265_run-1_bp-chest_vp-ap_cr.png,0.05763711734693878
sub-S10133_ses-E17494_run-1_bp-chest_vp-pa_cr.png,0.0645328443877551
sub-S10134_ses-E19734_run-1_bp-chest_vp-ap_cr.png,0.07603236607142858
sub-S10134_ses-E22407_run-1_bp-chest_vp-ap_dx.png,0.11118861607142858
sub-S10134_ses-E23180_run-1_bp-chest_vp-ap_cr.png,0.00918765943877551
sub-S10138_ses-E17505_run-1_bp-chest_vp-ap_dx.png,0.03246572066326531
sub-S10139_ses-E17507_run-1_bp-chest_vp-ap_dx.png,0.1576251594387755
sub-S10139_ses-E17873_run-1_bp-chest_vp-ap_cr.png,0.1527423469387755
sub-S10139_ses-E18692_run-1_bp-chest_vp-pa_cr.png,0.10022720025510204
sub-S10141_ses-E17517_run-1_bp-chest_vp-pa_cr.png,0.02180325255102041
sub-S10141_ses-E26310_run-1_bp-chest_vp-pa_cr.png,0.16236846301020408
sub-S10143_ses-E17524_run-1_bp-chest_dx.png,0.048828125
sub-S10147_ses-E17531_run-1_bp-chest_vp-pa_dx.png,0.08203125
sub-S10147_ses-E20052_run-1_bp-chest_vp-ap_cr.png,0.09052136479591837
sub-S10147_ses-E20442_run-1_bp-chest_vp-ap_cr.png,0.26413026147959184
sub-S10147_ses-E21202_run-1_bp-chest_vp-pa_cr.png,0.17107780612244897
sub-S10147_ses-E21531_run-1_bp-chest_vp-ap_cr.png,0.2149035395408163
sub-S10147_ses-E23387_run-1_bp-chest_vp-ap_cr.png,0.19820232780612246
sub-S10147_ses-E23761_run-1_bp-chest_vp-ap_cr.png,0.06694435586734694
sub-S10147_ses-E24735_run-1_bp-chest_vp-ap_cr.png,0.08673469387755102
sub-S10147_ses-E25007_run-1_bp-chest_vp-ap_cr.png,0.12653459821428573
sub-S10147_ses-E25254_run-1_bp-chest_vp-ap_cr.png,0.08795041454081633
sub-S10151_ses-E19485_run-1_bp-chest_vp-ap_cr.png,0.07589285714285714
sub-S10151_ses-E23391_run-1_bp-chest_vp-pa_cr.png,0.08115433673469388
sub-S10158_ses-E19726_run-1_bp-chest_vp-ap_dx.png,0.10813934948979592
sub-S10158_ses-E20465_run-1_bp-chest_vp-ap_dx.png,0.15569196428571427
sub-S10158_ses-E23890_run-1_bp-chest_vp-pa_cr.png,0.004105548469387755
sub-S10158_ses-E25874_run-1_bp-chest_cr.png,0.12368463010204081
sub-S10160_ses-E25928_run-1_bp-chest_vp-pa_cr.png,0.05512595663265306
sub-S10161_ses-E26398_run-1_bp-chest_vp-pa_cr.png,0.08434311224489796
sub-S10162_ses-E23907_run-1_bp-chest_vp-pa_dx.png,0.06030771683673469
sub-S10165_ses-E25058_run-1_bp-chest_vp-pa_cr.png,0.0509406887755102
sub-S10169_ses-E17571_run-1_bp-chest_vp-ap_dx.png,0.17265226403061223
sub-S10170_ses-E19563_run-1_bp-chest_vp-ap_dx.png,0.014728156887755101
sub-S10170_ses-E19764_run-1_bp-chest_vp-ap_dx.png,0.06923628826530612
sub-S10170_ses-E24387_run-1_bp-chest_cr.png,0.027682557397959183
sub-S10171_ses-E19788_run-1_bp-chest_vp-pa_cr.png,0.06742267219387756
sub-S10172_ses-E24819_run-1_bp-chest_vp-ap_dx.png,0.059669961734693876
sub-S10172_ses-E25693_run-1_bp-chest_vp-ap_dx.png,0.013113839285714286
sub-S10172_ses-E26534_run-1_bp-chest_vp-ap_dx.png,0.016721141581632654
sub-S10174_ses-E19353_run-1_bp-chest_vp-ap_cr.png,0.13034119897959184
sub-S10174_ses-E19950_run-1_bp-chest_vp-ap_cr.png,0.07800542091836735
sub-S10174_ses-E21629_run-1_bp-chest_vp-ap_cr.png,0.02676578443877551
sub-S10174_ses-E22742_run-1_bp-chest_vp-ap_cr.png,0.02654655612244898
sub-S10174_ses-E22931_run-1_bp-chest_vp-ap_cr.png,0.00860969387755102
sub-S10176_ses-E17587_run-1_bp-chest_vp-pa_cr.png,0.0799984056122449
sub-S10180_ses-E19624_acq-1_run-1_bp-chest_vp-ap_cr.png,0.01215720663265306
sub-S10182_ses-E25354_run-1_bp-chest_vp-ap_dx.png,0.04693478954081633
sub-S10183_ses-E17888_acq-1_run-1_bp-chest_vp-pa_dx.png,0.017458545918367346
sub-S10185_ses-E18898_run-1_bp-chest_vp-pa_cr.png,0.021324936224489797
sub-S10186_ses-E17599_run-2_bp-chest_vp-pa_dx.png,0.007613201530612245
sub-S10186_ses-E26050_run-1_bp-chest_vp-pa_cr.png,0.019571109693877552
sub-S10188_ses-E25170_run-1_bp-chest_vp-pa_dx.png,0.03017378826530612
sub-S10188_ses-E26080_run-1_bp-chest_vp-ap_dx.png,0.02122528698979592
sub-S10196_ses-E18431_run-1_bp-chest_vp-pa_cr.png,0.06634646045918367
sub-S10196_ses-E24099_run-1_bp-chest_vp-ap_cr.png,0.21153539540816327
sub-S10196_ses-E26224_run-1_bp-chest_vp-ap_cr.png,0.19110730229591838
sub-S10196_ses-E26225_run-1_bp-chest_vp-ap_cr.png,0.1807437818877551
sub-S10197_ses-E17622_run-1_bp-chest_vp-ap_cr.png,0.005221619897959184
sub-S10198_ses-E20030_run-1_bp-chest_vp-pa_cr.png,0.06628667091836735
sub-S10198_ses-E25246_run-1_bp-chest_vp-pa_cr.png,0.05494658801020408
sub-S10201_ses-E25257_run-1_bp-chest_vp-pa_dx.png,0.032326211734693876
sub-S10204_ses-E17637_run-1_bp-chest_vp-ap_dx.png,0.24549585459183673
sub-S10205_ses-E21020_acq-1_run-1_bp-chest_vp-ll_dx.png,0.06325733418367346
sub-S10208_ses-E17645_run-2_bp-chest_dx.png,0.01114078443877551
sub-S10209_ses-E20553_run-1_bp-chest_vp-ap_dx.png,0.22726004464285715
sub-S10209_ses-E22713_run-1_bp-chest_vp-ap_dx.png,0.20212850765306123
sub-S10209_ses-E24402_run-1_bp-chest_vp-pa_dx.png,0.08063616071428571
sub-S10213_ses-E17658_run-1_bp-chest_vp-pa_cr.png,0.014927455357142858
sub-S10213_ses-E18864_run-1_bp-chest_vp-ap_dx.png,0.278499681122449
sub-S10214_ses-E17659_run-1_bp-chest_vp-pa_cr.png,0.03633211096938776
sub-S10214_ses-E18561_run-1_bp-chest_vp-pa_cr.png,0.04348692602040816
sub-S10214_ses-E22525_run-1_bp-chest_vp-ap_cr.png,0.18369339923469388
sub-S10215_ses-E26452_run-1_bp-chest_vp-pa_dx.png,0.02112563775510204
sub-S10216_ses-E18872_run-1_bp-chest_vp-ap_dx.png,0.006058673469387755
sub-S10216_ses-E19591_run-1_bp-chest_vp-ap_dx.png,0.16111288265306123
sub-S10216_ses-E22530_run-1_bp-chest_vp-ap_dx.png,0.13721699617346939
sub-S10216_ses-E24800_run-1_bp-chest_vp-pa_dx.png,0.044842155612244895
sub-S10216_ses-E24923_run-1_bp-chest_vp-pa_dx.png,0.05707908163265306
sub-S10216_ses-E26007_run-1_bp-chest_vp-pa_dx.png,0.07969945790816327
sub-S10217_ses-E19621_run-1_bp-chest_vp-ap_dx.png,0.10345583545918367
sub-S10217_ses-E19958_run-1_bp-chest_vp-pa_dx.png,0.12007732780612244
sub-S10217_ses-E24661_run-1_bp-chest_vp-ap_dx.png,0.24852519132653061
sub-S10220_ses-E17670_run-1_bp-chest_vp-pa_cr.png,0.0400390625
sub-S10222_ses-E24066_run-1_bp-chest_vp-pa_cr.png,0.02588887117346939
sub-S10223_ses-E22613_run-1_bp-chest_vp-ap_dx.png,0.07190688775510204
sub-S10225_ses-E17687_run-1_bp-chest_vp-ap_cr.png,0.04940609056122449
sub-S10228_ses-E17694_run-1_bp-chest_vp-ap_dx.png,0.01725924744897959
sub-S10228_ses-E18349_run-1_bp-chest_vp-ap_dx.png,0.04651626275510204
sub-S10228_ses-E25699_run-1_bp-chest_vp-pa_dx.png,0.14983258928571427
sub-S10230_ses-E17696_run-1_bp-chest_vp-ap_dx.png,0.004524075255102041
sub-S10231_ses-E17697_run-1_bp-chest_vp-ap_dx.png,0.014787946428571428
sub-S10232_ses-E22369_run-1_bp-chest_vp-ap_dx.png,0.047951211734693876
sub-S10232_ses-E25865_run-1_bp-chest_vp-pa_dx.png,0.00625797193877551
sub-S10233_ses-E17702_acq-1_run-1_bp-chest_vp-pa_dx.png,0.10345583545918367
sub-S10233_ses-E25252_acq-1_run-1_bp-chest_vp-pa_dx.png,0.14353475765306123
sub-S10233_ses-E26559_run-1_bp-chest_vp-ap_cr.png,0.0670639349489796
sub-S10235_ses-E17704_run-1_bp-chest_vp-pa_dx.png,0.03184789540816327
sub-S10235_ses-E25543_run-1_bp-chest_vp-pa_dx.png,0.07633131377551021
sub-S10236_ses-E25024_run-1_bp-chest_vp-ap_dx.png,0.016063456632653062
sub-S10236_ses-E25269_run-1_bp-chest_vp-pa_dx.png,0.04902742346938776
sub-S10237_ses-E17708_run-1_bp-chest_vp-ap_cr.png,0.03394052933673469
sub-S10239_ses-E19287_run-1_bp-chest_vp-pa_dx.png,0.03966039540816327
sub-S10241_ses-E19897_run-1_bp-chest_vp-ap_dx.png,0.05939094387755102
sub-S10241_ses-E24601_run-1_bp-chest_vp-pa_dx.png,0.06172273596938776
sub-S10242_ses-E25074_run-1_bp-chest_vp-pa_dx.png,0.026227678571428572
sub-S10247_ses-E24419_run-1_bp-chest_vp-pa_cr.png,0.10758131377551021
sub-S10249_ses-E17734_run-1_bp-chest_vp-pa_cr.png,0.06899713010204081
sub-S10251_ses-E17953_run-1_bp-chest_cr.png,0.023058832908163265
sub-S10252_ses-E24086_run-1_bp-chest_vp-pa_dx.png,0.030412946428571428
sub-S10253_ses-E17741_run-1_bp-chest_vp-pa_dx.png,0.013731664540816327
sub-S10256_ses-E17744_run-1_bp-chest_dx.png,0.06626674107142858
sub-S10256_ses-E19116_run-2_bp-chest_vp-ap_dx.png,0.17926897321428573
sub-S10256_ses-E21659_run-1_bp-chest_vp-ap_dx.png,0.10616629464285714
sub-S10256_ses-E23750_run-1_bp-chest_vp-ap_dx.png,0.20089285714285715
sub-S10256_ses-E23751_run-1_bp-chest_dx.png,0.10435267857142858
sub-S10256_ses-E25761_run-1_bp-chest_vp-ap_dx.png,0.08968431122448979
sub-S10256_ses-E26608_run-2_bp-chest_dx.png,0.014488998724489796
sub-S10259_ses-E20432_run-1_bp-chest_vp-ap_dx.png,0.1825573979591837
sub-S10259_ses-E20969_run-1_bp-chest_vp-ap_dx.png,0.10534917091836735
sub-S10264_ses-E24897_run-1_bp-chest_vp-pa_dx.png,0.015565210459183673
sub-S10268_ses-E17764_run-1_bp-chest_vp-pa_dx.png,0.034099968112244895
sub-S10268_ses-E18218_run-1_bp-chest_vp-pa_dx.png,0.12382413903061225
sub-S10268_ses-E19874_run-1_bp-chest_vp-ap_dx.png,0.24200813137755103
sub-S10269_ses-E17765_run-1_bp-chest_vp-ap_cr.png,0.08579799107142858
sub-S10269_ses-E18770_run-1_bp-chest_vp-ap_cr.png,0.14467075892857142
sub-S10269_ses-E19158_run-1_bp-chest_vp-ap_cr.png,0.1669921875
sub-S10269_ses-E21544_run-1_bp-chest_vp-ap_cr.png,0.06002869897959184
sub-S10270_ses-E17768_run-1_bp-chest_dx.png,0.007334183673469388
sub-S10271_ses-E20978_run-1_bp-chest_vp-ap_cr.png,0.15684789540816327
sub-S10271_ses-E25858_run-1_bp-chest_vp-pa_cr.png,0.02503188775510204
sub-S10274_ses-E24382_run-1_bp-chest_vp-pa_dx.png,0.04526068239795918
sub-S10274_ses-E25641_run-1_bp-chest_vp-ap_dx.png,0.24539620535714285
sub-S10275_ses-E17783_run-1_bp-chest_vp-pa_dx.png,0.033083545918367346
sub-S10275_ses-E21261_run-1_bp-chest_vp-ap_cr.png,0.14805883290816327
sub-S10275_ses-E23236_run-1_bp-chest_vp-ap_cr.png,0.12290736607142858
sub-S10275_ses-E24394_run-1_bp-chest_vp-ap_cr.png,0.17087850765306123
sub-S10275_ses-E24797_run-1_bp-chest_vp-pa_cr.png,0.07124920280612244
sub-S10275_ses-E26406_run-1_bp-chest_vp-ap_cr.png,0.17978714923469388
sub-S10276_ses-E19599_run-1_bp-chest_vp-ap_dx.png,0.02409518494897959
sub-S10276_ses-E20564_run-1_bp-chest_vp-ap_dx.png,0.017418686224489797
sub-S10277_ses-E17785_acq-1_run-1_bp-chest_vp-ll_dx.png,0.019112723214285716
sub-S10277_ses-E19778_acq-1_run-1_bp-chest_vp-ll_dx.png,0.02712452168367347
sub-S10279_ses-E17793_run-1_bp-chest_vp-pa_dx.png,0.032884247448979595
sub-S10279_ses-E18693_run-1_bp-chest_vp-ap_dx.png,0.018395248724489797
sub-S10279_ses-E20912_run-1_bp-chest_vp-ap_dx.png,0.04940609056122449
sub-S10279_ses-E22731_run-1_bp-chest_vp-ap_dx.png,0.03960060586734694
sub-S10279_ses-E24152_run-1_bp-chest_vp-pa_dx.png,0.037228954081632654
sub-S10281_ses-E17796_run-1_bp-chest_vp-ap_cr.png,0.004623724489795918
sub-S10281_ses-E21798_run-1_bp-chest_vp-ap_dx.png,0.23395647321428573
sub-S10281_ses-E25508_run-1_bp-chest_vp-pa_dx.png,0.10616629464285714
sub-S10282_ses-E20388_run-1_bp-chest_vp-pa_cr.png,0.047951211734693876
sub-S10285_ses-E17804_run-1_bp-chest_vp-ap_cr.png,0.03669084821428571
sub-S10286_ses-E23649_run-1_bp-chest_vp-ap_dx.png,0.11120854591836735
sub-S10286_ses-E24071_run-1_bp-chest_vp-ap_dx.png,0.11770567602040816
sub-S10286_ses-E25531_run-1_bp-chest_vp-ap_dx.png,0.03166852678571429
sub-S10287_ses-E24492_run-1_bp-chest_vp-pa_dx.png,0.10198102678571429
sub-S10288_ses-E20676_acq-1_run-1_bp-chest_vp-pa_cr.png,0.019670758928571428
sub-S10293_ses-E20707_run-1_bp-chest_vp-ap_dx.png,0.20005580357142858
sub-S10293_ses-E21511_run-1_bp-chest_vp-ap_dx.png,0.18357382015306123
sub-S10293_ses-E22185_run-1_bp-chest_vp-pa_dx.png,0.18108258928571427
sub-S10293_ses-E24860_run-1_bp-chest_vp-ap_dx.png,0.0548469387755102
sub-S10293_ses-E25795_run-1_bp-chest_vp-ap_dx.png,0.27144451530612246
sub-S10294_ses-E17817_run-1_bp-chest_vp-pa_cr.png,0.011559311224489796
sub-S10294_ses-E26234_run-1_bp-chest_vp-ap_cr.png,0.08707350127551021
sub-S10295_ses-E19715_run-1_bp-chest_vp-ap_dx.png,0.03734853316326531
sub-S10295_ses-E25857_run-1_bp-chest_cr.png,0.022580516581632654
sub-S10298_ses-E17824_run-1_bp-chest_vp-pa_cr.png,0.004823022959183673
sub-S10298_ses-E23850_run-1_bp-chest_vp-ap_cr.png,0.08221061862244898
sub-S10298_ses-E25433_run-1_bp-chest_vp-ap_cr.png,0.05526546556122449
sub-S10298_ses-E25850_run-1_bp-chest_vp-pa_cr.png,0.10365513392857142
sub-S10298_ses-E26329_run-1_bp-chest_vp-pa_cr.png,0.11409837372448979
sub-S10300_ses-E17830_run-1_bp-chest_cr.png,0.13299186862244897
sub-S10300_ses-E18248_run-1_bp-chest_vp-ap_dx.png,0.14929448341836735
sub-S10300_ses-E18795_run-1_bp-chest_vp-ap_dx.png,0.13490513392857142
sub-S10300_ses-E19024_run-1_bp-chest_vp-ap_dx.png,0.08340640943877552
sub-S10300_ses-E20325_run-1_bp-chest_vp-ap_dx.png,0.13841278698979592
sub-S10300_ses-E20868_run-1_bp-chest_vp-ap_dx.png,0.23762356505102042
sub-S10300_ses-E21019_acq-2_run-1_bp-chest_vp-ap_dx.png,0.1757214604591837
sub-S10300_ses-E21571_run-1_bp-chest_vp-ap_dx.png,0.10841836734693877
sub-S10300_ses-E25915_run-1_bp-chest_vp-pa_cr.png,0.04067681760204082
sub-S10301_ses-E18519_run-1_bp-chest_vp-ap_dx.png,0.21916852678571427
sub-S10302_ses-E17832_run-1_bp-chest_vp-ap_cr.png,0.023417570153061226
sub-S10304_ses-E19271_run-1_bp-chest_vp-ap_dx.png,0.07603236607142858
sub-S10304_ses-E24604_run-1_bp-chest_vp-ap_dx.png,0.08707350127551021
sub-S10304_ses-E25599_run-1_bp-chest_vp-pa_cr.png,0.029755261479591837
sub-S10305_ses-E25620_acq-1_run-1_bp-chest_vp-ll_cr.png,0.035255899234693876
sub-S10306_ses-E24372_run-1_bp-chest_vp-ap_cr.png,0.15272241709183673
sub-S10307_ses-E17843_run-1_bp-chest_vp-pa_cr.png,0.1883171237244898
sub-S10307_ses-E18263_run-1_bp-chest_vp-ap_cr.png,0.23417570153061223
sub-S10307_ses-E18664_run-1_bp-chest_vp-ap_cr.png,0.15997688137755103
sub-S10307_ses-E19536_run-1_bp-chest_vp-ap_cr.png,0.18474968112244897
sub-S10307_ses-E19754_run-1_bp-chest_vp-ap_cr.png,0.18580596301020408
sub-S10307_ses-E20242_run-1_bp-chest_vp-ap_cr.png,0.18867586096938777
sub-S10307_ses-E21877_run-1_bp-chest_vp-ap_cr.png,0.17169563137755103
sub-S10307_ses-E22457_run-1_bp-chest_vp-ap_cr.png,0.1871611926020408
sub-S10307_ses-E23469_run-1_bp-chest_vp-ap_cr.png,0.24033402423469388
sub-S10307_ses-E25479_run-1_bp-chest_vp-ap_cr.png,0.23290019132653061
sub-S10309_ses-E19284_run-1_bp-chest_vp-ap_dx.png,0.03148915816326531
sub-S10309_ses-E23918_run-1_bp-chest_vp-ap_dx.png,0.03766741071428571
sub-S10309_ses-E24617_run-1_bp-chest_vp-ap_dx.png,0.0821109693877551
sub-S10309_ses-E25930_run-1_bp-chest_vp-ap_dx.png,0.08709343112244898
sub-S10309_ses-E26392_run-1_bp-chest_vp-ap_dx.png,0.07411910076530612
sub-S10310_ses-E17851_run-1_bp-chest_vp-pa_cr.png,0.08071588010204081
sub-S10310_ses-E18298_acq-2_run-1_bp-chest_vp-ap_dx.png,0.15718670280612246
sub-S10310_ses-E21262_run-1_bp-chest_dx.png,0.1998565051020408
sub-S10310_ses-E22495_run-1_bp-chest_vp-ap_dx.png,0.22287547831632654
sub-S10310_ses-E25962_run-1_bp-chest_vp-ap_dx.png,0.1935985331632653
sub-S10311_ses-E18299_run-1_bp-chest_vp-ap_cr.png,0.02897799744897959
sub-S10312_ses-E19566_acq-2_run-1_bp-chest_vp-ap_dx.png,0.011200573979591837
sub-S10312_ses-E20554_run-1_bp-chest_vp-ap_dx.png,0.06626674107142858
sub-S10312_ses-E23493_run-1_bp-chest_vp-ap_dx.png,0.09518494897959184
sub-S10312_ses-E24657_run-1_bp-chest_vp-pa_cr.png,0.03236607142857143
sub-S10313_ses-E25652_run-1_bp-chest_vp-pa_cr.png,0.021863042091836735
sub-S10314_ses-E17858_acq-1_run-1_bp-chest_vp-pa_dx.png,0.0441047512755102
sub-S10314_ses-E26532_acq-1_run-1_bp-chest_vp-ll_dx.png,0.09006297831632654
sub-S10316_ses-E17862_run-1_bp-chest_vp-pa_cr.png,0.05626195790816327
sub-S10317_ses-E17863_acq-1_run-1_bp-chest_vp-pa_cr.png,0.05209661989795918
sub-S10317_ses-E20901_acq-1_run-1_bp-chest_vp-pa_dx.png,0.04781170280612245
sub-S10318_ses-E21066_run-1_bp-chest_vp-ap_dx.png,0.026207748724489797
sub-S10319_ses-E17867_run-1_bp-chest_vp-pa_cr.png,0.028360172193877552
sub-S10319_ses-E18682_run-1_bp-chest_vp-ap_cr.png,0.19838169642857142
sub-S10319_ses-E19597_run-1_bp-chest_vp-ap_dx.png,0.02311862244897959
sub-S10319_ses-E24632_run-1_bp-chest_vp-pa_cr.png,0.05903220663265306
sub-S10319_ses-E24633_run-1_bp-chest_vp-ap_dx.png,0.08950494260204081
sub-S10322_ses-E19791_acq-2_run-1_bp-chest_vp-ap_dx.png,0.12119339923469388
sub-S10322_ses-E20584_run-1_bp-chest_vp-pa_dx.png,0.009526466836734694
sub-S10322_ses-E21292_run-1_bp-chest_vp-ap_dx.png,0.007732780612244898
sub-S10323_ses-E17877_run-1_bp-chest_vp-pa_dx.png,0.03806600765306122
sub-S10324_ses-E17879_run-1_bp-chest_vp-pa_cr.png,0.0537109375
sub-S10324_ses-E20610_run-1_bp-chest_vp-ap_dx.png,0.04039779974489796
sub-S10324_ses-E21783_run-1_bp-chest_vp-ap_dx.png,0.026167889030612245
sub-S10324_ses-E23564_run-1_bp-chest_vp-ap_dx.png,0.12061543367346939
sub-S10324_ses-E25145_run-1_bp-chest_vp-pa_cr.png,0.02375637755102041
sub-S10327_ses-E26469_run-1_bp-chest_vp-ap_cr.png,0.022221779336734693
sub-S10328_ses-E17885_run-1_bp-chest_vp-pa_cr.png,0.006995376275510204
sub-S10328_ses-E18371_run-1_bp-chest_vp-ap_dx.png,0.01873405612244898
sub-S10328_ses-E23594_run-1_bp-chest_vp-pa_cr.png,0.011559311224489796
sub-S10329_ses-E24038_run-1_bp-chest_vp-pa_cr.png,0.021464445153061226
sub-S10329_ses-E26059_run-1_bp-chest_vp-pa_cr.png,0.12894610969387754
sub-S10330_ses-E18374_run-1_bp-chest_vp-ap_cr.png,0.16450095663265307
sub-S10330_ses-E22562_run-1_bp-chest_vp-ap_cr.png,0.21155532525510204
sub-S10330_ses-E25735_run-1_bp-chest_vp-pa_cr.png,0.07146843112244898
sub-S10330_ses-E26055_run-1_bp-chest_vp-ap_cr.png,0.21936782525510204
sub-S10331_ses-E17893_run-1_bp-chest_vp-ap_cr.png,0.05994897959183673
sub-S10334_ses-E17896_run-1_bp-chest_vp-ap_dx.png,0.014229910714285714
sub-S10335_ses-E17897_run-1_bp-chest_vp-ap_dx.png,0.03950095663265306
sub-S10338_ses-E23604_run-1_bp-chest_vp-ap_dx.png,0.13466597576530612
sub-S10338_ses-E24059_run-1_bp-chest_vp-ap_dx.png,0.15900031887755103
sub-S10338_ses-E25173_run-1_bp-chest_vp-ap_dx.png,0.12920519770408162
sub-S10341_ses-E17907_run-1_bp-chest_vp-pa_cr.png,0.005998883928571429
sub-S10343_ses-E19672_run-1_bp-chest_vp-ap_dx.png,0.0616828762755102
sub-S10349_ses-E20420_run-1_bp-chest_vp-ap_dx.png,0.02684550382653061
sub-S10353_ses-E17931_run-1_bp-chest_vp-pa_cr.png,0.004942602040816327
sub-S10355_ses-E17939_run-1_bp-chest_vp-pa_cr.png,0.03587372448979592
sub-S10357_ses-E19002_run-1_bp-chest_vp-ap_dx.png,0.06935586734693877
sub-S10357_ses-E19226_run-1_bp-chest_vp-ap_dx.png,0.08599728954081633
sub-S10357_ses-E19712_run-1_bp-chest_cr.png,0.08163265306122448
sub-S10357_ses-E21197_run-1_bp-chest_vp-ap_dx.png,0.052734375
sub-S10357_ses-E21399_run-1_bp-chest_vp-ap_dx.png,0.16334502551020408
sub-S10357_ses-E21715_run-1_bp-chest_vp-ap_dx.png,0.06572863520408163
sub-S10357_ses-E23392_run-1_bp-chest_vp-ap_dx.png,0.17313058035714285
sub-S10357_ses-E24566_run-1_bp-chest_vp-ap_dx.png,0.10433274872448979
sub-S10357_ses-E25563_run-1_bp-chest_vp-ap_dx.png,0.10477120535714286
sub-S10357_ses-E25847_run-1_bp-chest_vp-ap_dx.png,0.11947943239795919
sub-S10357_ses-E26342_run-1_bp-chest_vp-ap_dx.png,0.1241031568877551
sub-S10358_ses-E21169_run-1_bp-chest_vp-ap_dx.png,0.009088010204081632
sub-S10358_ses-E24515_acq-1_run-1_bp-chest_vp-pa_dx.png,0.04819036989795918
sub-S10359_ses-E17958_run-1_bp-chest_vp-ap_dx.png,0.026088169642857144
sub-S10361_ses-E17961_run-1_bp-chest_vp-pa_dx.png,0.013113839285714286
sub-S10361_ses-E23845_run-1_bp-chest_vp-ap_dx.png,0.022660235969387755
sub-S10361_ses-E25435_run-1_bp-chest_vp-pa_dx.png,0.029157366071428572
sub-S10361_ses-E25541_run-1_bp-chest_vp-ap_dx.png,0.038564253826530615
sub-S10362_ses-E21201_run-1_bp-chest_vp-ap_dx.png,0.0040058992346938774
sub-S10363_ses-E17963_run-1_bp-chest_vp-ap_cr.png,0.027104591836734693
sub-S10364_ses-E17964_run-1_bp-chest_vp-pa_dx.png,0.020966198979591837
sub-S10364_ses-E22362_run-1_bp-chest_vp-ap_dx.png,0.011459661989795918
sub-S10364_ses-E24298_run-1_bp-chest_vp-pa_dx.png,0.05943080357142857
sub-S10364_ses-E25831_run-1_bp-chest_vp-ap_dx.png,0.05747767857142857
sub-S10365_ses-E17965_run-1_bp-chest_vp-pa_dx.png,0.01371173469387755
sub-S10369_ses-E26246_run-1_bp-chest_vp-pa_dx.png,0.058494100765306124
sub-S10372_ses-E18251_run-1_bp-chest_vp-ap_cr.png,0.07894212372448979
sub-S10373_ses-E17976_run-1_bp-chest_vp-pa_cr.png,0.03675063775510204
sub-S10373_ses-E19037_run-1_bp-chest_vp-ap_dx.png,0.07641103316326531
sub-S10373_ses-E19268_run-1_bp-chest_vp-ap_dx.png,0.14124282525510204
sub-S10373_ses-E19510_run-1_bp-chest_vp-ap_dx.png,0.07288345025510204
sub-S10373_ses-E19740_run-1_bp-chest_vp-ap_dx.png,0.04739317602040816
sub-S10373_ses-E19887_run-1_bp-chest_vp-ap_dx.png,0.06871811224489796
sub-S10373_ses-E20504_run-1_bp-chest_vp-ap_dx.png,0.05287388392857143
sub-S10373_ses-E21028_run-1_bp-chest_vp-ap_dx.png,0.057517538265306124
sub-S10373_ses-E23448_run-1_bp-chest_cr.png,0.15479512117346939
sub-S10373_ses-E24217_run-1_bp-chest_cr.png,0.1991390306122449
sub-S10373_ses-E24605_run-1_bp-chest_vp-ap_dx.png,0.08248963647959184
sub-S10373_ses-E26360_run-1_bp-chest_cr.png,0.16131218112244897
sub-S10374_ses-E18256_run-1_bp-chest_vp-ap_dx.png,0.17508370535714285
sub-S10374_ses-E18812_run-1_bp-chest_vp-ap_dx.png,0.17059948979591838
sub-S10374_ses-E19032_run-1_bp-chest_vp-ap_dx.png,0.15027104591836735
sub-S10374_ses-E19276_run-1_bp-chest_vp-ap_dx.png,0.11489556760204081
sub-S10374_ses-E19544_run-1_bp-chest_vp-ap_dx.png,0.17956792091836735
sub-S10374_ses-E19903_run-1_bp-chest_vp-ap_dx.png,0.14357461734693877
sub-S10374_ses-E20091_run-1_bp-chest_vp-ap_dx.png,0.1373565051020408
sub-S10374_ses-E21026_run-1_bp-chest_vp-ap_dx.png,0.14277742346938777
sub-S10374_ses-E21244_run-1_bp-chest_vp-ap_dx.png,0.1265545280612245
sub-S10374_ses-E21739_run-1_bp-chest_vp-ap_dx.png,0.1571667729591837
sub-S10374_ses-E23203_run-1_bp-chest_vp-ap_dx.png,0.15541294642857142
sub-S10374_ses-E23466_run-1_bp-chest_vp-pa_cr.png,0.03619260204081633
sub-S10374_ses-E23467_run-1_bp-chest_vp-ap_dx.png,0.16872608418367346
sub-S10375_ses-E19034_run-1_bp-chest_cr.png,0.12984295280612246
sub-S10375_ses-E19530_run-1_bp-chest_cr.png,0.03607302295918367
sub-S10375_ses-E19531_run-1_bp-chest_cr.png,0.07928093112244898
sub-S10375_ses-E19743_run-1_bp-chest_cr.png,0.05333227040816327
sub-S10375_ses-E19907_run-1_bp-chest_cr.png,0.1155532525510204
sub-S10375_ses-E20089_run-1_bp-chest_cr.png,0.06979432397959184
sub-S10375_ses-E21574_run-1_bp-chest_vp-ap_dx.png,0.0186344068877551
sub-S10375_ses-E22695_run-1_bp-chest_vp-ap_dx.png,0.08416374362244898
sub-S10376_ses-E19282_run-1_bp-chest_vp-pa_dx.png,0.06548947704081633
sub-S10377_ses-E17985_run-1_bp-chest_vp-pa_cr.png,0.005161830357142857
sub-S10377_ses-E19577_run-1_bp-chest_vp-pa_cr.png,0.013771524234693877
sub-S10378_ses-E17988_run-1_bp-chest_vp-ap_dx.png,0.06831951530612244
sub-S10378_ses-E25091_run-1_bp-chest_vp-ap_dx.png,0.11252391581632654
sub-S10379_ses-E17989_run-1_bp-chest_vp-pa_cr.png,0.020647321428571428
sub-S10379_ses-E18318_run-1_bp-chest_vp-ap_dx.png,0.12665417729591838
sub-S10379_ses-E19087_run-1_bp-chest_vp-ap_dx.png,0.07190688775510204
sub-S10379_ses-E19337_run-1_bp-chest_vp-ap_dx.png,0.11073022959183673
sub-S10379_ses-E19596_run-1_bp-chest_vp-ap_dx.png,0.09691884566326531
sub-S10379_ses-E19774_run-1_bp-chest_vp-ap_dx.png,0.08866788903061225
sub-S10379_ses-E19933_run-1_bp-chest_vp-ap_dx.png,0.08246970663265306
sub-S10379_ses-E20561_run-1_bp-chest_vp-ap_dx.png,0.0694156568877551
sub-S10379_ses-E21064_run-1_bp-chest_vp-ap_dx.png,0.058713329081632654
sub-S10379_ses-E21295_run-1_bp-chest_vp-ap_dx.png,0.05630181760204082
sub-S10379_ses-E22515_run-1_bp-chest_dx.png,0.0797592474489796
sub-S10379_ses-E23526_run-1_bp-chest_vp-ap_dx.png,0.1188217474489796
sub-S10379_ses-E24417_run-1_bp-chest_vp-ap_dx.png,0.0411750637755102
sub-S10379_ses-E25109_run-1_bp-chest_vp-ap_dx.png,0.1310188137755102
sub-S10382_ses-E19590_run-1_bp-chest_vp-ap_dx.png,0.09915098852040816
sub-S10382_ses-E19771_run-1_bp-chest_vp-ap_dx.png,0.15802375637755103
sub-S10382_ses-E21061_run-1_bp-chest_vp-ap_dx.png,0.11284279336734694
sub-S10382_ses-E21458_run-1_bp-chest_vp-ap_dx.png,0.18981186224489796
sub-S10382_ses-E21615_run-1_bp-chest_vp-ap_dx.png,0.04083625637755102
sub-S10382_ses-E23262_run-1_bp-chest_vp-ap_dx.png,0.15401785714285715
sub-S10382_ses-E23533_run-1_bp-chest_vp-ap_dx.png,0.22791772959183673
sub-S10382_ses-E25323_run-1_bp-chest_vp-ap_dx.png,0.10656489158163265
sub-S10385_ses-E19612_run-1_bp-chest_vp-ap_dx.png,0.022421077806122448
sub-S10385_ses-E21294_run-1_bp-chest_vp-ap_dx.png,0.11684869260204081
sub-S10386_ses-E26794_run-1_bp-chest_vp-pa_dx.png,0.15670838647959184
sub-S10386_ses-E26923_run-1_bp-chest_vp-pa_dx.png,0.16938376913265307
sub-S10388_ses-E18003_run-1_bp-chest_vp-ap_cr.png,0.038364955357142856
sub-S10389_ses-E19109_run-1_bp-chest_vp-ap_dx.png,0.05883290816326531
sub-S10389_ses-E19642_run-1_bp-chest_vp-ap_dx.png,0.05169802295918367
sub-S10389_ses-E19804_run-1_bp-chest_cr.png,0.1271922831632653
sub-S10389_ses-E21324_run-1_bp-chest_vp-ap_dx.png,0.046595982142857144
sub-S10389_ses-E21806_acq-1_run-1_bp-chest_vp-ap_dx.png,0.0564811862244898
sub-S10389_ses-E21806_acq-2_run-1_bp-chest_vp-ap_dx.png,0.09958944515306123
sub-S10389_ses-E24666_run-1_bp-chest_cr.png,0.12039620535714286
sub-S10389_ses-E25734_run-1_bp-chest_vp-ap_dx.png,0.058474170918367346
sub-S10389_ses-E26474_run-1_bp-chest_vp-ap_dx.png,0.09273357780612244
sub-S10391_ses-E18008_run-1_bp-chest_vp-pa_cr.png,0.01789700255102041
sub-S10391_ses-E18941_run-1_bp-chest_vp-ap_dx.png,0.05528539540816327
sub-S10391_ses-E19133_run-1_bp-chest_vp-ap_dx.png,0.1494140625
sub-S10391_ses-E19668_run-1_bp-chest_vp-ap_dx.png,0.11154735331632654
sub-S10391_ses-E19838_run-1_bp-chest_vp-ap_dx.png,0.01327327806122449
sub-S10391_ses-E20204_run-1_bp-chest_vp-ap_dx.png,0.05365114795918367
sub-S10391_ses-E21352_run-1_bp-chest_vp-ap_dx.png,0.13448660714285715
sub-S10391_ses-E21833_run-1_bp-chest_vp-ap_cr.png,0.0419921875
sub-S10391_ses-E23316_run-1_bp-chest_vp-ap_dx.png,0.03384088010204082
sub-S10392_ses-E18010_run-1_bp-chest_dx.png,0.09231505102040816
sub-S10392_ses-E23765_run-1_bp-chest_vp-ap_dx.png,0.16629464285714285
sub-S10392_ses-E23766_run-1_bp-chest_vp-pa_dx.png,0.20266661352040816
sub-S10392_ses-E24516_run-1_bp-chest_vp-ap_dx.png,0.20701132015306123
sub-S10392_ses-E24969_run-1_bp-chest_dx.png,0.04466278698979592
sub-S10392_ses-E25790_run-1_bp-chest_vp-ap_dx.png,0.28822544642857145
sub-S10392_ses-E26144_run-1_bp-chest_vp-ap_dx.png,0.12862723214285715
sub-S10393_ses-E24306_run-1_bp-chest_vp-ap_cr.png,0.029635682397959183
sub-S10393_ses-E24898_run-1_bp-chest_vp-ap_cr.png,0.09907126913265306
sub-S10395_ses-E19005_run-1_bp-chest_vp-ap_dx.png,0.028160873724489797
sub-S10395_ses-E19484_run-1_bp-chest_vp-ap_dx.png,0.03142936862244898
sub-S10396_ses-E18756_run-1_bp-chest_cr.png,0.21201371173469388
sub-S10396_ses-E19003_run-1_bp-chest_cr.png,0.1844905931122449
sub-S10396_ses-E19713_run-1_bp-chest_dx.png,0.1963687818877551
sub-S10396_ses-E19870_run-1_bp-chest_vp-ap_dx.png,0.18610491071428573
sub-S10396_ses-E20977_run-1_bp-chest_cr.png,0.17045998086734693
sub-S10396_ses-E21199_run-1_bp-chest_cr.png,0.2526905293367347
sub-S10396_ses-E21716_run-1_bp-chest_cr.png,0.19557158801020408
sub-S10400_ses-E18029_run-1_bp-chest_vp-ap_dx.png,0.11780532525510204
sub-S10400_ses-E21215_run-1_bp-chest_vp-ap_dx.png,0.019292091836734693
sub-S10400_ses-E21939_run-1_bp-chest_vp-ap_dx.png,0.010582748724489796
sub-S10400_ses-E26692_run-1_bp-chest_vp-ap_dx.png,0.05412946428571429
sub-S10400_ses-E27128_run-1_bp-chest_vp-ap_dx.png,0.028738839285714284
sub-S10402_ses-E18803_run-1_bp-chest_vp-ap_dx.png,0.034099968112244895
sub-S10402_ses-E19267_run-1_bp-chest_vp-ap_dx.png,0.03764748086734694
sub-S10402_ses-E21411_run-1_bp-chest_vp-ap_dx.png,0.005400988520408163
sub-S10402_ses-E21735_run-1_bp-chest_vp-ap_dx.png,0.05765704719387755
sub-S10402_ses-E22425_run-1_bp-chest_vp-ap_dx.png,0.04314811862244898
sub-S10404_ses-E21408_run-1_bp-chest_vp-pa_cr.png,0.08713329081632654
sub-S10404_ses-E22241_run-1_bp-chest_vp-pa_cr.png,0.021823182397959183
sub-S10404_ses-E22885_run-1_bp-chest_vp-pa_cr.png,0.030253507653061226
sub-S10405_ses-E18044_run-1_bp-chest_vp-pa_cr.png,0.03599330357142857
sub-S10405_ses-E18821_run-1_bp-chest_vp-ap_dx.png,0.16280691964285715
sub-S10405_ses-E19290_run-1_bp-chest_cr.png,0.13185586734693877
sub-S10405_ses-E19547_run-1_bp-chest_cr.png,0.17889030612244897
sub-S10405_ses-E19758_run-1_bp-chest_cr.png,0.20557637117346939
sub-S10405_ses-E20090_run-1_bp-chest_vp-ap_dx.png,0.17787388392857142
sub-S10405_ses-E20244_run-1_bp-chest_vp-ap_dx.png,0.09253427933673469
sub-S10405_ses-E21428_run-1_bp-chest_vp-ap_dx.png,0.19630899234693877
sub-S10405_ses-E21581_run-1_bp-chest_vp-ap_dx.png,0.14455117984693877
sub-S10405_ses-E22704_run-1_bp-chest_vp-ap_dx.png,0.13398836096938777
sub-S10405_ses-E22896_run-1_bp-chest_vp-ap_dx.png,0.06375558035714286
sub-S10405_ses-E24230_run-1_bp-chest_cr.png,0.1126235650510204
sub-S10405_ses-E24231_run-1_bp-chest_cr.png,0.1388313137755102
sub-S10405_ses-E26387_run-1_bp-chest_cr.png,0.2215202487244898
sub-S10407_ses-E18051_run-2_bp-chest_dx.png,0.006696428571428571
sub-S10409_ses-E18053_run-1_bp-chest_vp-pa_dx.png,0.053392059948979595
sub-S10409_ses-E18280_run-1_bp-chest_vp-ap_cr.png,0.16940369897959184
sub-S10409_ses-E19181_run-1_bp-chest_vp-ap_dx.png,0.11114875637755102
sub-S10409_ses-E19769_run-1_bp-chest_vp-ap_dx.png,0.16093351403061223
sub-S10409_ses-E20113_run-1_bp-chest_vp-ap_dx.png,0.12878667091836735
sub-S10409_ses-E20349_run-1_bp-chest_vp-ap_dx.png,0.04436383928571429
sub-S10409_ses-E20542_run-1_bp-chest_vp-ap_dx.png,0.22349330357142858
sub-S10409_ses-E20887_run-1_bp-chest_vp-ap_dx.png,0.1289660395408163
sub-S10409_ses-E21593_run-1_bp-chest_vp-ap_dx.png,0.1265545280612245
sub-S10409_ses-E22482_run-1_bp-chest_vp-ap_dx.png,0.18116230867346939
sub-S10409_ses-E23067_run-1_bp-chest_vp-ap_dx.png,0.11786511479591837
sub-S10410_ses-E19074_run-1_bp-chest_vp-ap_dx.png,0.010323660714285714
sub-S10410_ses-E19781_run-1_bp-chest_vp-ap_dx.png,0.0956234056122449
sub-S10410_ses-E20130_run-1_bp-chest_vp-ap_dx.png,0.012496014030612245
sub-S10410_ses-E20555_run-1_bp-chest_cr.png,0.04139429209183673
sub-S10410_ses-E23964_run-1_bp-chest_vp-ap_dx.png,0.22429049744897958
sub-S10410_ses-E24407_run-1_bp-chest_vp-pa_cr.png,0.08677455357142858
sub-S10410_ses-E25672_run-1_bp-chest_cr.png,0.2719228316326531
sub-S10411_ses-E18057_run-1_bp-chest_vp-pa_cr.png,0.06417410714285714
sub-S10411_ses-E18314_run-1_bp-chest_vp-ap_dx.png,0.09775589923469388
sub-S10411_ses-E19088_run-1_bp-chest_vp-ap_dx.png,0.0712890625
sub-S10411_ses-E19322_run-1_bp-chest_vp-ap_dx.png,0.19070870535714285
sub-S10411_ses-E19581_run-1_bp-chest_vp-ap_dx.png,0.02293925382653061
sub-S10411_ses-E19782_run-1_bp-chest_dx.png,0.15296157525510204
sub-S10411_ses-E20133_run-1_bp-chest_vp-ap_dx.png,0.0498046875
sub-S10411_ses-E20544_run-1_bp-chest_vp-ap_dx.png,0.08645567602040816
sub-S10411_ses-E21281_run-1_bp-chest_vp-ap_dx.png,0.03864397321428571
sub-S10411_ses-E21599_run-1_bp-chest_vp-ap_dx.png,0.06929607780612244
sub-S10411_ses-E21768_run-1_bp-chest_vp-ap_dx.png,0.08569834183673469
sub-S10411_ses-E22510_run-1_bp-chest_vp-ap_dx.png,0.10104432397959184
sub-S10411_ses-E24249_run-1_bp-chest_cr.png,0.20601482780612246
sub-S10411_ses-E26419_run-1_bp-chest_cr.png,0.18728077168367346
sub-S10413_ses-E18873_run-1_bp-chest_vp-pa_cr.png,0.06351642219387756
sub-S10413_ses-E22751_run-1_bp-chest_vp-ap_dx.png,0.09000318877551021
sub-S10413_ses-E23260_run-1_bp-chest_vp-ap_dx.png,0.11260363520408163
sub-S10414_ses-E18067_acq-1_run-1_bp-chest_cr.png,0.00408561862244898
sub-S10417_ses-E23719_run-1_bp-chest_vp-pa_dx.png,0.03242586096938776
sub-S10417_ses-E24449_run-1_bp-chest_vp-ap_dx.png,0.1256377551020408
sub-S10418_ses-E18354_run-1_bp-chest_vp-ap_cr.png,0.05893255739795918
sub-S10418_ses-E24660_run-1_bp-chest_vp-ap_dx.png,0.07240513392857142
sub-S10418_ses-E26264_run-1_bp-chest_vp-ap_cr.png,0.010443239795918368
sub-S10420_ses-E18910_run-1_bp-chest_vp-ap_dx.png,0.02911750637755102
sub-S10420_ses-E21329_run-1_bp-chest_vp-ap_dx.png,0.18482940051020408
sub-S10420_ses-E21479_run-1_bp-chest_vp-ap_dx.png,0.0538703762755102
sub-S10420_ses-E21810_run-1_bp-chest_vp-ap_dx.png,0.014728156887755101
sub-S10422_ses-E18085_run-1_bp-chest_vp-pa_dx.png,0.006118463010204082
sub-S10422_ses-E19394_run-1_bp-chest_vp-ap_dx.png,0.21195392219387754
sub-S10422_ses-E19652_run-1_bp-chest_vp-pa_dx.png,0.18775908801020408
sub-S10424_ses-E18088_run-1_bp-chest_vp-ap_cr.png,0.008011798469387755
sub-S10424_ses-E26119_run-1_bp-chest_vp-ap_cr.png,0.21000079719387754
sub-S10431_ses-E24952_run-1_bp-chest_vp-ap_dx.png,0.029237085459183673
sub-S10433_ses-E24568_run-1_bp-chest_vp-pa_dx.png,0.030153858418367346
sub-S10437_ses-E19015_acq-1_run-1_bp-chest_vp-ap_dx.png,0.07061144770408163
sub-S10437_ses-E19495_run-1_bp-chest_vp-ap_dx.png,0.1920440051020408
sub-S10437_ses-E20319_run-1_bp-chest_vp-ap_dx.png,0.045579559948979595
sub-S10437_ses-E20467_run-1_bp-chest_vp-ap_dx.png,0.10568797831632654
sub-S10437_ses-E22402_run-1_bp-chest_vp-ap_dx.png,0.1822783801020408
sub-S10437_ses-E22675_run-1_bp-chest_vp-ap_dx.png,0.004643654336734694
sub-S10437_ses-E22680_run-1_bp-chest_vp-ap_dx.png,0.029536033163265307
sub-S10437_ses-E22862_run-1_bp-chest_vp-ap_dx.png,0.08416374362244898
sub-S10437_ses-E23171_run-1_bp-chest_vp-ap_dx.png,0.07001355229591837
sub-S10439_ses-E23352_run-1_bp-chest_vp-ap_dx.png,0.020946269132653062
sub-S10439_ses-E23816_run-1_bp-chest_vp-ap_dx.png,0.06451291454081633
sub-S10439_ses-E24136_run-1_bp-chest_vp-ap_dx.png,0.1833545918367347
sub-S10439_ses-E24158_run-1_bp-chest_vp-ap_dx.png,0.08842873086734694
sub-S10439_ses-E24845_run-1_bp-chest_vp-ap_dx.png,0.07868303571428571
sub-S10439_ses-E24869_run-1_bp-chest_vp-ap_dx.png,0.15076929209183673
sub-S10439_ses-E24886_run-1_bp-chest_vp-ap_dx.png,0.1671516262755102
sub-S10439_ses-E25814_run-1_bp-chest_vp-ap_dx.png,0.1689453125
sub-S10439_ses-E26517_run-2_bp-chest_vp-ap_dx.png,0.15615035076530612
sub-S10443_ses-E18126_acq-1_run-1_bp-chest_cr.png,0.01634247448979592
sub-S10443_ses-E19554_acq-1_run-1_bp-chest_cr.png,0.014748086734693877
sub-S10447_ses-E23707_run-1_bp-chest_vp-ap_dx.png,0.015684789540816327
sub-S10448_ses-E23534_run-1_bp-chest_vp-ap_dx.png,0.057716836734693876
sub-S10450_ses-E18137_run-1_bp-chest_vp-pa_cr.png,0.0186344068877551
sub-S10453_ses-E23101_run-2_bp-chest_dx.png,0.005899234693877551
sub-S10456_ses-E18148_run-1_bp-chest_vp-ap_cr.png,0.02325813137755102
sub-S10456_ses-E19204_run-1_bp-chest_vp-ap_cr.png,0.030552455357142856
sub-S10457_ses-E18150_run-1_bp-chest_dx.png,0.015246332908163265
sub-S10459_ses-E20184_run-1_bp-chest_vp-pa_dx.png,0.031050701530612245
sub-S10459_ses-E20940_run-1_bp-chest_vp-ap_dx.png,0.005620216836734694
sub-S10461_ses-E26801_acq-1_run-1_bp-chest_vp-ll_dx.png,0.008011798469387755
sub-S10464_ses-E22599_run-1_bp-chest_vp-ap_dx.png,0.01251594387755102
sub-S10468_ses-E21665_run-1_bp-chest_vp-pa_dx.png,0.05135921556122449
sub-S10469_ses-E18611_run-1_bp-chest_vp-pa_dx.png,0.010084502551020409
sub-S10470_ses-E25525_run-1_bp-chest_vp-ap_dx.png,0.01522640306122449
sub-S10470_ses-E25525_run-1_bp-chest_vp-pa_dx.png,0.009386957908163265
sub-S10473_ses-E18176_run-1_bp-chest_vp-ap_cr.png,0.005799585459183673
sub-S10473_ses-E20966_run-1_bp-chest_vp-ap_cr.png,0.12892617984693877
sub-S10473_ses-E21905_run-1_bp-chest_vp-ap_dx.png,0.01598373724489796
sub-S10473_ses-E22035_acq-2_run-1_bp-chest_vp-ap_dx.png,0.07674984056122448
sub-S10473_ses-E23760_run-1_bp-chest_vp-ap_cr.png,0.13087930484693877
sub-S10473_ses-E23802_run-1_bp-chest_vp-ap_cr.png,0.07152822066326531
sub-S10473_ses-E24195_run-1_bp-chest_vp-ap_cr.png,0.15025111607142858
sub-S10473_ses-E26549_acq-1_run-1_bp-chest_vp-pa_dx.png,0.02662627551020408
sub-S10474_ses-E18177_run-1_bp-chest_vp-ap_dx.png,0.26454878826530615
sub-S10474_ses-E18737_run-1_bp-chest_vp-ap_dx.png,0.09548389668367346
sub-S10474_ses-E19701_run-1_bp-chest_vp-ap_dx.png,0.21693638392857142
sub-S10474_ses-E20958_run-1_bp-chest_vp-ap_dx.png,0.1683673469387755
sub-S10474_ses-E21384_run-1_bp-chest_vp-ap_dx.png,0.1949139030612245
sub-S10474_ses-E22836_run-1_bp-chest_vp-ap_dx.png,0.14130261479591838
sub-S10474_ses-E23367_run-1_bp-chest_vp-ap_dx.png,0.24125079719387754
sub-S10474_ses-E24300_run-1_bp-chest_vp-pa_dx.png,0.01829559948979592
sub-S10474_ses-E24990_run-1_bp-chest_vp-ap_dx.png,0.17916932397959184
sub-S10474_ses-E25539_run-1_bp-chest_vp-ap_dx.png,0.24288504464285715
sub-S10475_ses-E18179_run-1_bp-chest_vp-ap_dx.png,0.08458227040816327
sub-S10475_ses-E19465_run-1_bp-chest_vp-ap_cr.png,0.06150350765306122
sub-S10475_ses-E23762_acq-1_run-1_bp-chest_vp-ll_dx.png,0.028360172193877552
sub-S10475_ses-E24538_run-1_bp-chest_vp-ap_dx.png,0.13928970025510204
sub-S10475_ses-E25236_acq-2_run-1_bp-chest_vp-pa_dx.png,0.04496173469387755
sub-S10476_ses-E20428_run-1_bp-chest_vp-ap_dx.png,0.11746651785714286
sub-S10476_ses-E23376_run-1_bp-chest_vp-ap_dx.png,0.13249362244897958
sub-S10477_ses-E18745_run-1_bp-chest_vp-ap_dx.png,0.025430484693877552
sub-S10477_ses-E19469_run-1_bp-chest_vp-ap_dx.png,0.10574776785714286
sub-S10477_ses-E21704_run-1_bp-chest_vp-ap_dx.png,0.1437938456632653
sub-S10477_ses-E23372_run-1_bp-chest_vp-ap_dx.png,0.09671954719387756
sub-S10477_ses-E24551_run-1_bp-chest_vp-ap_dx.png,0.1538982780612245
sub-S10477_ses-E25830_run-1_bp-chest_vp-ap_dx.png,0.12966358418367346
sub-S10479_ses-E18186_run-1_bp-chest_vp-ap_dx.png,0.18249760841836735
sub-S10479_ses-E20438_run-1_bp-chest_vp-ap_dx.png,0.1844905931122449
sub-S10479_ses-E23377_run-1_bp-chest_vp-ap_dx.png,0.17364875637755103
sub-S10479_ses-E24280_run-1_bp-chest_vp-ap_cr.png,0.14512914540816327
sub-S10480_ses-E23810_run-1_bp-chest_vp-ap_cr.png,0.076171875
sub-S10480_ses-E24140_run-1_bp-chest_vp-pa_cr.png,0.021324936224489797
sub-S10482_ses-E18189_run-1_bp-chest_vp-pa_dx.png,0.12677375637755103
sub-S10482_ses-E24305_run-1_bp-chest_vp-pa_dx.png,0.12033641581632654
sub-S10483_ses-E19222_run-1_bp-chest_vp-pa_dx.png,0.09229512117346939
sub-S10484_ses-E18191_run-1_bp-chest_vp-pa_cr.png,0.019591039540816327
sub-S10485_ses-E18192_run-1_bp-chest_vp-pa_dx.png,0.11495535714285714
sub-S10486_ses-E24130_run-1_bp-chest_vp-ap_cr.png,0.13285235969387754
sub-S10486_ses-E24741_run-1_bp-chest_vp-ap_cr.png,0.037209024234693876
sub-S10487_ses-E18194_run-1_bp-chest_vp-pa_cr.png,0.031210140306122448
sub-S10488_ses-E18195_run-1_bp-chest_vp-pa_cr.png,0.049147002551020405
sub-S10488_ses-E20965_run-1_bp-chest_vp-pa_cr.png,0.029356664540816327
sub-S10488_ses-E22048_run-1_bp-chest_vp-pa_cr.png,0.033302774234693876
sub-S10488_ses-E25550_run-1_bp-chest_vp-pa_cr.png,0.14536830357142858
sub-S10490_ses-E18197_run-1_bp-chest_vp-ap_dx.png,0.006696428571428571
sub-S10491_ses-E23389_run-1_bp-chest_vp-ap_dx.png,0.18943319515306123
sub-S10492_ses-E19711_run-1_bp-chest_vp-ap_dx.png,0.2342155612244898
sub-S10492_ses-E19867_acq-1_run-1_bp-chest_vp-ap_dx.png,0.3983577806122449
sub-S10492_ses-E20975_run-1_bp-chest_vp-ap_cr.png,0.07928093112244898
sub-S10492_ses-E23388_run-1_bp-chest_vp-ap_dx.png,0.21233258928571427
sub-S10492_ses-E24317_run-1_bp-chest_vp-ap_cr.png,0.07240513392857142
sub-S10492_ses-E25006_run-1_bp-chest_vp-ap_dx.png,0.23018973214285715
sub-S10494_ses-E18200_run-1_bp-chest_vp-pa_cr.png,0.09319196428571429
sub-S10494_ses-E23862_run-1_bp-chest_vp-pa_dx.png,0.07497608418367346
sub-S10495_ses-E18202_run-1_bp-chest_vp-ap_dx.png,0.1024593431122449
sub-S10495_ses-E19230_run-1_bp-chest_vp-ap_dx.png,0.28689014668367346
sub-S10495_ses-E21396_run-1_bp-chest_vp-ap_dx.png,0.05020328443877551
sub-S10495_ses-E21546_run-1_bp-chest_vp-ap_dx.png,0.02210220025510204
sub-S10495_ses-E24314_run-1_bp-chest_vp-ap_dx.png,0.25940688775510207
sub-S10495_ses-E25856_run-1_bp-chest_vp-ap_dx.png,0.3247767857142857
sub-S10495_ses-E26220_run-1_bp-chest_vp-ap_dx.png,0.26070232780612246
sub-S10495_ses-E26343_run-1_bp-chest_vp-ap_dx.png,0.08284837372448979
sub-S10497_ses-E18205_run-1_bp-chest_vp-ap_cr.png,0.10989317602040816
sub-S10497_ses-E19471_run-1_bp-chest_vp-ap_dx.png,0.15921954719387754
sub-S10497_ses-E23151_run-1_bp-chest_vp-ap_cr.png,0.028081154336734693
sub-S10498_ses-E19723_acq-1_run-1_bp-chest_vp-pa_dx.png,0.03168845663265306
sub-S10499_ses-E18207_run-1_bp-chest_vp-ap_cr.png,0.07611208545918367
sub-S10499_ses-E18760_run-2_bp-chest_vp-ap_cr.png,0.05235570790816327
sub-S10499_ses-E19236_run-1_bp-chest_vp-ap_cr.png,0.05275430484693878
sub-S10499_ses-E19873_run-1_bp-chest_vp-ap_cr.png,0.10610650510204081
sub-S10499_ses-E21729_run-1_bp-chest_vp-ap_dx.png,0.11782525510204081
sub-S10499_ses-E22206_run-1_bp-chest_vp-ap_dx.png,0.022660235969387755
sub-S10499_ses-E23398_run-1_bp-chest_vp-ap_cr.png,0.08737244897959184
sub-S10502_ses-E18211_run-1_bp-chest_vp-ap_cr.png,0.13153698979591838
sub-S10502_ses-E19475_run-1_bp-chest_vp-ap_cr.png,0.11086973852040816
sub-S10502_ses-E20056_run-1_bp-chest_vp-ap_cr.png,0.09683912627551021
sub-S10502_ses-E22384_run-1_bp-chest_vp-ap_cr.png,0.15064971301020408
sub-S10503_ses-E18213_run-1_bp-chest_vp-ap_cr.png,0.10827885841836735
sub-S10503_ses-E22379_run-1_bp-chest_vp-ap_cr.png,0.0637954400510204
sub-S10503_ses-E25002_run-1_bp-chest_vp-ap_cr.png,0.039361447704081634
sub-S10504_ses-E25458_run-1_bp-chest_vp-ap_cr.png,0.12773038903061223
sub-S10504_ses-E26217_run-1_bp-chest_vp-ap_cr.png,0.20280612244897958
sub-S10505_ses-E18216_run-1_bp-chest_vp-pa_cr.png,0.03846460459183673
sub-S10506_ses-E18217_run-1_bp-chest_cr.png,0.1249202806122449
sub-S10506_ses-E24564_run-1_bp-chest_vp-ap_dx.png,0.09490593112244898
sub-S10507_ses-E18219_run-1_bp-chest_vp-ap_cr.png,0.07716836734693877
sub-S10507_ses-E23165_run-1_bp-chest_vp-ap_cr.png,0.00914779974489796
sub-S10507_ses-E26348_run-1_bp-chest_vp-pa_cr.png,0.06554926658163265
sub-S10508_ses-E18220_run-1_bp-chest_vp-ap_cr.png,0.0262874681122449
sub-S10508_ses-E19243_run-1_bp-chest_vp-ap_dx.png,0.22873485331632654
sub-S10508_ses-E19489_run-1_bp-chest_vp-ap_cr.png,0.10301737882653061
sub-S10508_ses-E22397_run-1_bp-chest_vp-ap_dx.png,0.2518734056122449
sub-S10509_ses-E18221_run-1_bp-chest_vp-pa_cr.png,0.04390545280612245
sub-S10511_ses-E18227_run-1_bp-chest_vp-ap_dx.png,0.06503109056122448
sub-S10511_ses-E18642_run-1_bp-chest_vp-ap_dx.png,0.09052136479591837
sub-S10511_ses-E18789_run-1_bp-chest_vp-ap_dx.png,0.06855867346938775
sub-S10511_ses-E19013_run-1_bp-chest_vp-ap_dx.png,0.12998246173469388
sub-S10511_ses-E20069_run-1_bp-chest_vp-ap_dx.png,0.11272321428571429
sub-S10511_ses-E20071_run-1_bp-chest_vp-ap_dx.png,0.09468670280612244
sub-S10511_ses-E20999_run-1_bp-chest_vp-ap_dx.png,0.07983896683673469
sub-S10511_ses-E21407_run-1_bp-chest_vp-ap_dx.png,0.08254942602040816
sub-S10511_ses-E21548_run-1_bp-chest_vp-ap_dx.png,0.07979910714285714
sub-S10511_ses-E22689_run-1_bp-chest_vp-ap_dx.png,0.09512515943877552
sub-S10511_ses-E23172_run-1_bp-chest_vp-ap_dx.png,0.13139748086734693
sub-S10511_ses-E23420_run-1_bp-chest_vp-pa_dx.png,0.1826171875
sub-S10511_ses-E24361_run-1_bp-chest_vp-ap_dx.png,0.03655133928571429
sub-S10511_ses-E25274_run-2_bp-chest_vp-ap_dx.png,0.1794483418367347
sub-S10511_ses-E25889_run-1_bp-chest_vp-ap_dx.png,0.1051498724489796
sub-S10512_ses-E26244_acq-1_run-1_bp-chest_vp-ll_dx.png,0.023457429846938774
sub-S10513_ses-E18229_run-1_bp-chest_vp-ap_cr.png,0.22319435586734693
sub-S10513_ses-E23777_run-1_bp-chest_vp-ap_cr.png,0.25589923469387754
sub-S10513_ses-E24953_run-1_bp-chest_vp-ap_cr.png,0.15300143494897958
sub-S10513_ses-E26171_run-1_bp-chest_vp-ap_cr.png,0.2540258290816326
sub-S10513_ses-E26221_run-1_bp-chest_vp-ap_cr.png,0.2943638392857143
sub-S10513_ses-E26358_run-1_bp-chest_vp-ap_cr.png,0.2553212691326531
sub-S10514_ses-E18232_run-1_bp-chest_vp-ap_dx.png,0.20091278698979592
sub-S10514_ses-E19521_run-1_bp-chest_vp-ap_dx.png,0.18363360969387754
sub-S10514_ses-E20869_run-1_bp-chest_vp-ap_cr.png,0.08914620535714286
sub-S10514_ses-E23429_run-1_bp-chest_vp-ap_dx.png,0.23951690051020408
sub-S10514_ses-E23882_acq-1_run-1_bp-chest_vp-pa_dx.png,0.036790497448979595
sub-S10515_ses-E18233_run-1_bp-chest_vp-ap_dx.png,0.12450175382653061
sub-S10516_ses-E23430_run-1_bp-chest_vp-ap_cr.png,0.004583864795918368
sub-S10516_ses-E23876_run-1_bp-chest_vp-pa_cr.png,0.036212531887755105
sub-S10516_ses-E25591_run-1_bp-chest_vp-pa_cr.png,0.0836654974489796
sub-S10517_ses-E20477_run-1_bp-chest_vp-ap_cr.png,0.05494658801020408
sub-S10518_ses-E18241_run-1_bp-chest_vp-ap_cr.png,0.23674665178571427
sub-S10518_ses-E24215_run-1_bp-chest_vp-ap_cr.png,0.1092952806122449
sub-S10518_ses-E25283_run-1_bp-chest_vp-ap_cr.png,0.2297313456632653
sub-S10518_ses-E26369_run-1_bp-chest_vp-ap_cr.png,0.21767378826530612
sub-S10519_ses-E18243_run-1_bp-chest_vp-ap_cr.png,0.04974489795918367
sub-S10519_ses-E25039_acq-1_run-1_bp-chest_vp-pa_dx.png,0.038942920918367346
sub-S10520_ses-E22405_run-1_bp-chest_vp-ap_dx.png,0.03812579719387755
sub-S10520_ses-E23437_run-2_bp-chest_vp-pa_dx.png,0.019292091836734693
sub-S10521_ses-E18247_run-1_bp-chest_vp-ap_cr.png,0.16547751913265307
sub-S10521_ses-E21015_run-1_bp-chest_vp-ap_dx.png,0.15611049107142858
sub-S10521_ses-E25040_run-1_bp-chest_vp-ap_cr.png,0.07497608418367346
sub-S10522_ses-E18249_run-1_bp-chest_vp-pa_cr.png,0.2690330038265306
sub-S10522_ses-E25601_run-1_bp-chest_vp-pa_cr.png,0.13048070790816327
sub-S10523_ses-E18250_run-1_bp-chest_vp-ap_dx.png,0.1629264987244898
sub-S10523_ses-E22430_run-1_bp-chest_vp-ap_dx.png,0.15593112244897958
sub-S10524_ses-E18252_run-1_bp-chest_vp-ap_dx.png,0.04197225765306122
sub-S10524_ses-E23451_run-1_bp-chest_vp-ap_dx.png,0.07776626275510204
sub-S10524_ses-E25051_run-1_bp-chest_vp-pa_dx.png,0.05580357142857143
sub-S10525_ses-E18253_run-1_bp-chest_cr.png,0.12115353954081633
sub-S10525_ses-E22432_run-1_bp-chest_cr.png,0.043447066326530615
sub-S10525_ses-E26380_run-1_bp-chest_cr.png,0.034498565051020405
sub-S10527_ses-E18257_run-1_bp-chest_vp-ap_dx.png,0.0045041454081632655
sub-S10527_ses-E23457_run-1_bp-chest_vp-pa_dx.png,0.0594108737244898
sub-S10528_ses-E18258_run-1_bp-chest_vp-ap_cr.png,0.25649713010204084
sub-S10529_ses-E22423_run-1_bp-chest_vp-ap_cr.png,0.027682557397959183
sub-S10530_ses-E18261_run-1_bp-chest_vp-ap_dx.png,0.14365433673469388
sub-S10530_ses-E19278_run-1_bp-chest_vp-ap_dx.png,0.13364955357142858
sub-S10530_ses-E19528_run-1_bp-chest_vp-ap_dx.png,0.1302216198979592
sub-S10530_ses-E19744_run-1_bp-chest_vp-ap_dx.png,0.16667330994897958
sub-S10530_ses-E19900_run-1_bp-chest_vp-ap_dx.png,0.18247767857142858
sub-S10530_ses-E20506_run-1_bp-chest_vp-ap_dx.png,0.1758410395408163
sub-S10530_ses-E21016_run-1_bp-chest_vp-ap_dx.png,0.13936941964285715
sub-S10530_ses-E22448_run-1_bp-chest_vp-ap_dx.png,0.12765066964285715
sub-S10530_ses-E23468_run-1_bp-chest_vp-ap_dx.png,0.1722735969387755
sub-S10530_ses-E25922_run-1_bp-chest_vp-ap_dx.png,0.17418686224489796
sub-S10530_ses-E26391_run-1_bp-chest_vp-ap_dx.png,0.16481983418367346
sub-S10531_ses-E25611_run-1_bp-chest_vp-ap_cr.png,0.018594547193877552
sub-S10532_ses-E18264_run-1_bp-chest_vp-ap_cr.png,0.05472735969387755
sub-S10532_ses-E18667_run-1_bp-chest_vp-ap_cr.png,0.09046157525510204
sub-S10532_ses-E18832_run-1_bp-chest_vp-ap_cr.png,0.050123565051020405
sub-S10532_ses-E19532_run-1_bp-chest_vp-ap_dx.png,0.07680963010204081
sub-S10532_ses-E25925_run-1_bp-chest_vp-ap_dx.png,0.13783482142857142
sub-S10532_ses-E26401_acq-1_run-1_bp-chest_vp-pa_dx.png,0.06178252551020408
sub-S10533_ses-E18265_run-1_bp-chest_vp-ap_dx.png,0.09638073979591837
sub-S10533_ses-E23917_run-1_bp-chest_vp-ap_dx.png,0.1902702487244898
sub-S10534_ses-E25941_run-1_bp-chest_vp-ap_dx.png,0.06216119260204082
sub-S10535_ses-E19539_run-1_bp-chest_vp-ap_dx.png,0.014668367346938776
sub-S10536_ses-E18268_run-1_bp-chest_vp-pa_cr.png,0.1302814094387755
sub-S10536_ses-E20514_run-1_bp-chest_vp-pa_cr.png,0.01823580994897959
sub-S10536_ses-E25054_run-1_bp-chest_vp-pa_cr.png,0.008091517857142858
sub-S10538_ses-E21239_run-1_bp-chest_vp-ap_dx.png,0.04615752551020408
sub-S10538_ses-E22450_run-1_bp-chest_vp-pa_dx.png,0.12902582908163265
sub-S10538_ses-E25055_run-1_bp-chest_vp-pa_dx.png,0.032904177295918366
sub-S10538_ses-E25945_run-1_bp-chest_vp-ap_dx.png,0.09058115433673469
sub-S10539_ses-E18273_run-1_bp-chest_vp-ap_dx.png,0.06018813775510204
sub-S10539_ses-E23484_run-1_bp-chest_vp-ap_cr.png,0.08826929209183673
sub-S10539_ses-E25632_run-1_bp-chest_vp-ap_dx.png,0.08958466198979592
sub-S10540_ses-E18274_run-1_bp-chest_vp-ap_dx.png,0.030731823979591837
sub-S10540_ses-E19761_run-1_bp-chest_vp-ap_dx.png,0.010881696428571428
sub-S10540_ses-E20533_run-1_bp-chest_vp-ap_dx.png,0.1240234375
sub-S10540_ses-E21270_run-1_bp-chest_vp-ap_dx.png,0.05412946428571429
sub-S10540_ses-E22721_acq-2_run-1_bp-chest_vp-ap_dx.png,0.0389030612244898
sub-S10540_ses-E22903_run-1_bp-chest_vp-ap_dx.png,0.04468271683673469
sub-S10540_ses-E23220_run-1_bp-chest_vp-ap_dx.png,0.03200733418367347
sub-S10541_ses-E19904_run-1_bp-chest_vp-ap_dx.png,0.18959263392857142
sub-S10541_ses-E25065_run-1_bp-chest_vp-pa_dx.png,0.013193558673469387
sub-S10541_ses-E25940_run-1_bp-chest_vp-ap_dx.png,0.22090242346938777
sub-S10542_ses-E18823_run-1_bp-chest_vp-ap_dx.png,0.14718191964285715
sub-S10542_ses-E20521_run-1_bp-chest_vp-ap_dx.png,0.10064572704081633
sub-S10542_ses-E24615_run-1_bp-chest_vp-ap_dx.png,0.15919961734693877
sub-S10543_ses-E18277_run-1_bp-chest_vp-ap_cr.png,0.05098054846938776
sub-S10543_ses-E19552_run-1_bp-chest_vp-ap_cr.png,0.14122289540816327
sub-S10543_ses-E22096_run-1_bp-chest_vp-ap_dx.png,0.18809789540816327
sub-S10543_ses-E22705_run-1_bp-chest_vp-ap_dx.png,0.17897002551020408
sub-S10544_ses-E18283_run-1_bp-chest_vp-pa_cr.png,0.057138871173469385
sub-S10544_ses-E23213_run-1_bp-chest_vp-pa_cr.png,0.16701211734693877
sub-S10545_ses-E18284_run-1_bp-chest_vp-ap_cr.png,0.1647999043367347
sub-S10545_ses-E20108_run-1_bp-chest_vp-ap_dx.png,0.20535714285714285
sub-S10545_ses-E21265_run-1_bp-chest_vp-ap_dx.png,0.18791852678571427
sub-S10545_ses-E21441_run-1_bp-chest_vp-ap_dx.png,0.1971859056122449
sub-S10545_ses-E21760_run-1_bp-chest_vp-ap_cr.png,0.1587810905612245
sub-S10545_ses-E22468_run-1_bp-chest_vp-ap_dx.png,0.21356823979591838
sub-S10545_ses-E23235_run-1_bp-chest_vp-ap_dx.png,0.19965720663265307
sub-S10545_ses-E23944_run-1_bp-chest_vp-ap_cr.png,0.19122688137755103
sub-S10545_ses-E24392_run-1_bp-chest_vp-ap_cr.png,0.16424186862244897
sub-S10545_ses-E25084_run-1_bp-chest_vp-ap_dx.png,0.2587292729591837
sub-S10545_ses-E25471_run-1_bp-chest_vp-pa_dx.png,0.05861367984693878
sub-S10545_ses-E25638_run-1_bp-chest_vp-ap_dx.png,0.21725526147959184
sub-S10546_ses-E18289_run-1_bp-chest_vp-ap_dx.png,0.1380939094387755
sub-S10546_ses-E26409_run-1_bp-chest_vp-pa_dx.png,0.03587372448979592
sub-S10547_ses-E18290_run-1_bp-chest_vp-ap_cr.png,0.022999043367346938
sub-S10548_ses-E18292_run-1_bp-chest_vp-ap_cr.png,0.1488360969387755
sub-S10548_ses-E22496_run-1_bp-chest_vp-ap_dx.png,0.1551937181122449
sub-S10548_ses-E23477_run-1_bp-chest_vp-ap_dx.png,0.20149075255102042
sub-S10548_ses-E24395_acq-1_run-1_bp-chest_vp-pa_dx.png,0.03842474489795918
sub-S10548_ses-E24612_run-1_bp-chest_vp-ap_dx.png,0.20135124362244897
sub-S10549_ses-E18293_run-1_bp-chest_vp-ap_dx.png,0.19242267219387754
sub-S10549_ses-E20534_run-1_bp-chest_vp-ap_dx.png,0.19931839923469388
sub-S10549_ses-E21034_run-1_bp-chest_vp-ap_dx.png,0.2295519770408163
sub-S10549_ses-E23489_run-1_bp-chest_vp-pa_dx.png,0.11415816326530612
sub-S10551_ses-E18295_run-1_bp-chest_vp-pa_cr.png,0.04157366071428571
sub-S10552_ses-E18296_run-1_bp-chest_vp-ap_cr.png,0.18728077168367346
sub-S10552_ses-E24629_run-1_bp-chest_vp-ap_cr.png,0.15587133290816327
sub-S10552_ses-E25993_run-1_bp-chest_vp-ap_cr.png,0.1666533801020408
sub-S10553_ses-E18297_run-1_bp-chest_vp-ap_cr.png,0.10560825892857142
sub-S10553_ses-E19315_run-1_bp-chest_vp-ap_cr.png,0.05179767219387755
sub-S10553_ses-E20548_run-1_bp-chest_vp-ap_cr.png,0.1751434948979592
sub-S10553_ses-E23500_run-1_bp-chest_vp-ap_cr.png,0.06786112882653061
sub-S10553_ses-E23824_acq-1_run-1_bp-chest_vp-ll_dx.png,0.06226084183673469
sub-S10553_ses-E24406_run-1_bp-chest_vp-ap_cr.png,0.2398357780612245
sub-S10553_ses-E26412_run-1_bp-chest_vp-pa_cr.png,0.26450892857142855
sub-S10554_ses-E18300_run-1_bp-chest_vp-pa_cr.png,0.20382254464285715
sub-S10554_ses-E19576_run-1_bp-chest_vp-ap_cr.png,0.1923828125
sub-S10554_ses-E20352_run-1_bp-chest_vp-ap_cr.png,0.024932238520408163
sub-S10554_ses-E22487_run-1_bp-chest_vp-ap_cr.png,0.2448780293367347
sub-S10554_ses-E23506_run-1_bp-chest_vp-ap_cr.png,0.23459422831632654
sub-S10554_ses-E25482_run-1_bp-chest_vp-ap_cr.png,0.18622448979591838
sub-S10554_ses-E25483_run-1_bp-chest_vp-ap_cr.png,0.1500518176020408
sub-S10555_ses-E18302_run-1_bp-chest_vp-ap_dx.png,0.23929767219387754
sub-S10555_ses-E18673_run-1_bp-chest_vp-ap_cr.png,0.21398676658163265
sub-S10555_ses-E18835_run-1_bp-chest_vp-ap_dx.png,0.2764269770408163
sub-S10555_ses-E19183_run-1_bp-chest_vp-ap_dx.png,0.23433514030612246
sub-S10555_ses-E19922_run-1_bp-chest_vp-ap_dx.png,0.27285953443877553
sub-S10555_ses-E20115_run-1_bp-chest_vp-ap_dx.png,0.2676379145408163
sub-S10555_ses-E20351_run-1_bp-chest_vp-ap_cr.png,0.19038982780612246
sub-S10555_ses-E20886_run-1_bp-chest_vp-ap_dx.png,0.23056839923469388
sub-S10555_ses-E21053_run-1_bp-chest_vp-ap_dx.png,0.23158482142857142
sub-S10555_ses-E21435_run-1_bp-chest_vp-ap_dx.png,0.22510762117346939
sub-S10555_ses-E21601_run-1_bp-chest_vp-ap_dx.png,0.24974091198979592
sub-S10555_ses-E21767_run-1_bp-chest_vp-ap_cr.png,0.23295998086734693
sub-S10555_ses-E21986_run-1_bp-chest_vp-ap_dx.png,0.24463887117346939
sub-S10555_ses-E22107_run-1_bp-chest_vp-ap_dx.png,0.2124920280612245
sub-S10555_ses-E22278_run-1_bp-chest_vp-ap_dx.png,0.20752949617346939
sub-S10555_ses-E22718_run-1_bp-chest_vp-ap_dx.png,0.23531170280612246
sub-S10555_ses-E23072_run-1_bp-chest_vp-ap_dx.png,0.21091757015306123
sub-S10555_ses-E23232_run-1_bp-chest_vp-ap_dx.png,0.25069754464285715
sub-S10555_ses-E23951_run-1_bp-chest_vp-ap_cr.png,0.22686144770408162
sub-S10555_ses-E25310_run-1_bp-chest_vp-ap_cr.png,0.1129623724489796
sub-S10555_ses-E25654_run-1_bp-chest_vp-ap_dx.png,0.24693080357142858
sub-S10556_ses-E18303_run-1_bp-chest_vp-ap_cr.png,0.21526227678571427
sub-S10556_ses-E19311_run-2_bp-chest_vp-ap_cr.png,0.26743861607142855
sub-S10556_ses-E20753_run-1_bp-chest_vp-ap_cr.png,0.15053013392857142
sub-S10556_ses-E21600_run-1_bp-chest_vp-ap_cr.png,0.1968670280612245
sub-S10556_ses-E22279_run-1_bp-chest_vp-ap_cr.png,0.16109295280612246
sub-S10556_ses-E22476_run-1_bp-chest_vp-ap_cr.png,0.19331951530612246
sub-S10556_ses-E22716_run-1_bp-chest_vp-ap_cr.png,0.18568638392857142
sub-S10556_ses-E22901_run-1_bp-chest_vp-ap_cr.png,0.20099250637755103
sub-S10556_ses-E23497_run-1_bp-chest_vp-ap_cr.png,0.26869419642857145
sub-S10556_ses-E23948_run-1_bp-chest_vp-pa_cr.png,0.23850047831632654
sub-S10557_ses-E18306_run-1_bp-chest_vp-ap_dx.png,0.10473134566326531
sub-S10558_ses-E18307_run-1_bp-chest_vp-ap_dx.png,0.13737643494897958
sub-S10558_ses-E20580_run-1_bp-chest_vp-ap_cr.png,0.05295360331632653
sub-S10558_ses-E21284_run-1_bp-chest_vp-ap_cr.png,0.03398038903061224
sub-S10558_ses-E22733_run-1_bp-chest_vp-ap_cr.png,0.10556839923469388
sub-S10558_ses-E23242_run-1_bp-chest_vp-ap_cr.png,0.12362484056122448
sub-S10558_ses-E25334_acq-1_run-1_bp-chest_vp-pa_dx.png,0.02588887117346939
sub-S10559_ses-E22506_run-1_bp-chest_vp-ap_cr.png,0.01598373724489796
sub-S10559_ses-E23514_run-1_bp-chest_vp-ap_dx.png,0.1041733099489796
sub-S10559_ses-E25677_run-1_bp-chest_vp-ap_dx.png,0.14787946428571427
sub-S10560_ses-E18309_run-1_bp-chest_vp-ap_cr.png,0.09052136479591837
sub-S10560_ses-E19784_run-1_bp-chest_vp-ap_cr.png,0.07776626275510204
sub-S10560_ses-E23966_run-1_bp-chest_vp-ap_dx.png,0.17444595025510204
sub-S10560_ses-E25488_acq-1_run-1_bp-chest_vp-pa_dx.png,0.02853954081632653
sub-S10560_ses-E25674_run-1_bp-chest_vp-ap_cr.png,0.08627630739795919
sub-S10560_ses-E25998_run-1_bp-chest_vp-ap_cr.png,0.09251434948979592
sub-S10562_ses-E18313_run-1_bp-chest_vp-ap_dx.png,0.26428970025510207
sub-S10562_ses-E24424_run-1_bp-chest_vp-pa_dx.png,0.14122289540816327
sub-S10562_ses-E25104_run-1_bp-chest_vp-ap_dx.png,0.2171954719387755
sub-S10564_ses-E19310_run-1_bp-chest_vp-ap_cr.png,0.10740194515306123
sub-S10564_ses-E21276_run-1_bp-chest_vp-ap_cr.png,0.09576291454081633
sub-S10564_ses-E22478_run-1_bp-chest_vp-ap_cr.png,0.18694196428571427
sub-S10564_ses-E23239_run-1_bp-chest_vp-ap_dx.png,0.08998325892857142
sub-S10564_ses-E23955_run-1_bp-chest_vp-ap_cr.png,0.17873086734693877
sub-S10565_ses-E18319_run-1_bp-chest_vp-ap_cr.png,0.03830516581632653
sub-S10565_ses-E24411_acq-1_run-1_bp-chest_vp-ll_dx.png,0.03300382653061224
sub-S10565_ses-E25997_run-2_bp-chest_vp-ap_dx.png,0.04725366709183673
sub-S10566_ses-E18859_run-1_bp-chest_vp-ap_dx.png,0.3483936543367347
sub-S10566_ses-E19085_run-1_bp-chest_vp-ap_dx.png,0.24605389030612246
sub-S10566_ses-E19601_run-1_bp-chest_vp-ap_dx.png,0.263492506377551
sub-S10566_ses-E19773_run-1_bp-chest_vp-ap_dx.png,0.3246372767857143
sub-S10566_ses-E19937_run-1_bp-chest_vp-ap_dx.png,0.30263472576530615
sub-S10566_ses-E20140_run-1_bp-chest_vp-ap_dx.png,0.26486766581632654
sub-S10566_ses-E20559_run-1_bp-chest_vp-ap_dx.png,0.2733777104591837
sub-S10566_ses-E20566_run-1_bp-chest_vp-ap_dx.png,0.29310825892857145
sub-S10566_ses-E21286_run-1_bp-chest_vp-ap_dx.png,0.2695910395408163
sub-S10566_ses-E21471_run-1_bp-chest_vp-ap_dx.png,0.2938655931122449
sub-S10566_ses-E22504_run-1_bp-chest_vp-ap_dx.png,0.31423389668367346
sub-S10566_ses-E22753_run-2_bp-chest_vp-ap_dx.png,0.2777622767857143
sub-S10566_ses-E23256_run-1_bp-chest_vp-ap_dx.png,0.27297911352040816
sub-S10566_ses-E24410_run-1_bp-chest_vp-ap_dx.png,0.271484375
sub-S10566_ses-E24636_acq-2_run-1_bp-chest_vp-ap_dx.png,0.3415577168367347
sub-S10566_ses-E25332_run-1_bp-chest_vp-ap_dx.png,0.23098692602040816
sub-S10566_ses-E25681_run-1_bp-chest_vp-pa_cr.png,0.2349529655612245
sub-S10567_ses-E18322_run-1_bp-chest_vp-ap_dx.png,0.13458625637755103
sub-S10567_ses-E21606_run-1_bp-chest_vp-ap_dx.png,0.06889748086734694
sub-S10568_ses-E18323_run-1_bp-chest_vp-ap_cr.png,0.07627152423469388
sub-S10568_ses-E26003_run-1_bp-chest_vp-ap_cr.png,0.10385443239795919
sub-S10569_ses-E18324_run-2_bp-chest_vp-ap_dx.png,0.09279336734693877
sub-S10569_ses-E25682_acq-1_run-1_bp-chest_vp-pa_dx.png,0.0865951849489796
sub-S10570_ses-E18325_run-1_bp-chest_vp-ap_cr.png,0.15294164540816327
sub-S10570_ses-E19335_run-1_bp-chest_vp-ap_cr.png,0.14377391581632654
sub-S10570_ses-E23522_run-1_bp-chest_vp-ap_dx.png,0.18064413265306123
sub-S10570_ses-E26017_run-1_bp-chest_vp-ap_dx.png,0.16856664540816327
sub-S10573_ses-E23732_run-1_bp-chest_vp-ap_dx.png,0.019072863520408163
sub-S10573_ses-E23981_run-1_bp-chest_cr.png,0.12057557397959184
sub-S10573_ses-E25697_run-1_bp-chest_vp-ap_dx.png,0.031907684948979595
sub-S10573_ses-E26013_run-1_bp-chest_vp-ap_dx.png,0.020806760204081634
sub-S10574_ses-E19602_run-1_bp-chest_vp-pa_cr.png,0.1028579400510204
sub-S10574_ses-E25316_run-1_bp-chest_vp-ap_cr.png,0.2774633290816326
sub-S10575_ses-E22517_run-1_bp-chest_vp-ap_cr.png,0.013113839285714286
sub-S10576_ses-E18332_run-1_bp-chest_vp-ap_dx.png,0.09119897959183673
sub-S10576_ses-E18869_run-1_bp-chest_vp-ap_dx.png,0.1006656568877551
sub-S10576_ses-E19089_run-1_bp-chest_vp-ap_dx.png,0.0830078125
sub-S10576_ses-E19340_run-1_bp-chest_vp-ap_dx.png,0.07346141581632654
sub-S10576_ses-E19593_run-1_bp-chest_vp-ap_dx.png,0.08502072704081633
sub-S10576_ses-E19785_run-1_bp-chest_dx.png,0.03509646045918367
sub-S10576_ses-E20153_run-1_bp-chest_vp-ap_dx.png,0.07776626275510204
sub-S10576_ses-E21051_run-1_bp-chest_vp-ap_dx.png,0.08422353316326531
sub-S10576_ses-E21298_run-1_bp-chest_vp-ap_dx.png,0.08482142857142858
sub-S10576_ses-E21781_run-1_bp-chest_vp-ap_cr.png,0.03300382653061224
sub-S10576_ses-E23985_run-1_bp-chest_vp-ap_dx.png,0.10624601403061225
sub-S10576_ses-E24431_run-1_bp-chest_vp-ap_dx.png,0.09632095025510204
sub-S10576_ses-E26009_run-1_bp-chest_cr.png,0.1048110650510204
sub-S10577_ses-E18336_run-1_bp-chest_vp-ap_cr.png,0.15927933673469388
sub-S10577_ses-E22523_run-1_bp-chest_vp-pa_cr.png,0.11154735331632654
sub-S10577_ses-E23539_run-1_bp-chest_vp-pa_cr.png,0.04627710459183673
sub-S10578_ses-E18340_run-1_bp-chest_vp-ap_cr.png,0.1680285395408163
sub-S10578_ses-E21468_run-1_bp-chest_vp-ap_cr.png,0.05765704719387755
sub-S10578_ses-E23253_run-1_bp-chest_vp-ap_dx.png,0.17131696428571427
sub-S10578_ses-E23974_acq-1_run-1_bp-chest_vp-ll_dx.png,0.01735889668367347
sub-S10578_ses-E26027_run-1_bp-chest_vp-ap_cr.png,0.15539301658163265
sub-S10579_ses-E18341_run-1_bp-chest_vp-ap_cr.png,0.013871173469387755
sub-S10579_ses-E23538_run-1_bp-chest_vp-ap_cr.png,0.13002232142857142
sub-S10579_ses-E25339_acq-1_run-1_bp-chest_vp-pa_dx.png,0.1175063775510204
sub-S10579_ses-E26445_run-1_bp-chest_vp-ap_cr.png,0.17665816326530612
sub-S10580_ses-E18344_run-1_bp-chest_vp-ap_cr.png,0.3135961415816326
sub-S10580_ses-E22533_run-1_bp-chest_vp-pa_cr.png,0.2500597895408163
sub-S10580_ses-E23725_run-1_bp-chest_vp-pa_cr.png,0.10299744897959184
sub-S10582_ses-E18884_run-1_bp-chest_vp-ap_cr.png,0.20212850765306123
sub-S10582_ses-E19603_run-1_bp-chest_vp-ap_cr.png,0.2312858737244898
sub-S10582_ses-E22532_run-1_bp-chest_vp-ap_cr.png,0.22341358418367346
sub-S10582_ses-E22737_run-1_bp-chest_vp-ap_cr.png,0.23274075255102042
sub-S10582_ses-E22935_run-1_bp-chest_vp-ap_cr.png,0.25133529974489793
sub-S10582_ses-E26044_run-1_bp-chest_vp-ap_cr.png,0.08143335459183673
sub-S10583_ses-E18348_run-1_bp-chest_vp-pa_cr.png,0.02907764668367347
sub-S10583_ses-E24645_run-1_bp-chest_vp-ap_cr.png,0.01070232780612245
sub-S10583_ses-E25700_run-1_bp-chest_vp-pa_cr.png,0.007473692602040816
sub-S10584_ses-E19798_run-1_bp-chest_vp-ap_dx.png,0.22757892219387754
sub-S10584_ses-E20600_run-1_bp-chest_vp-ap_dx.png,0.22429049744897958
sub-S10584_ses-E22536_run-1_bp-chest_vp-ap_dx.png,0.23092713647959184
sub-S10584_ses-E23994_run-1_bp-chest_vp-ap_cr.png,0.21954719387755103
sub-S10584_ses-E24453_run-1_bp-chest_vp-pa_dx.png,0.20452008928571427
sub-S10585_ses-E25369_run-1_bp-chest_vp-pa_cr.png,0.03493702168367347
sub-S10586_ses-E24433_run-1_bp-chest_vp-pa_dx.png,0.07774633290816327
sub-S10587_ses-E22540_run-1_bp-chest_vp-ap_dx.png,0.2058952487244898
sub-S10589_ses-E18357_run-1_bp-chest_vp-ap_dx.png,0.1875797193877551
sub-S10589_ses-E19609_run-1_bp-chest_vp-ap_dx.png,0.2639708227040816
sub-S10589_ses-E19795_run-1_bp-chest_vp-ap_dx.png,0.20260682397959184
sub-S10589_ses-E20590_run-1_bp-chest_vp-ap_dx.png,0.19429607780612246
sub-S10589_ses-E23541_run-1_bp-chest_vp-ap_dx.png,0.11975845025510204
sub-S10589_ses-E23734_run-1_bp-chest_vp-ap_dx.png,0.1141780931122449
sub-S10589_ses-E24815_run-1_bp-chest_vp-ap_dx.png,0.08713329081632654
sub-S10589_ses-E24972_run-1_bp-chest_vp-ap_dx.png,0.015246332908163265
sub-S10589_ses-E25368_run-1_bp-chest_vp-ap_dx.png,0.08759167729591837
sub-S10589_ses-E25710_run-1_bp-chest_vp-ap_dx.png,0.05428890306122449
sub-S10589_ses-E26537_run-4_bp-chest_vp-ap_dx.png,0.19895966198979592
sub-S10591_ses-E18361_run-1_bp-chest_vp-ap_cr.png,0.0400390625
sub-S10593_ses-E18364_run-1_bp-chest_vp-pa_cr.png,0.03706951530612245
sub-S10593_ses-E26462_run-1_bp-chest_vp-pa_cr.png,0.05115991709183673
sub-S10594_ses-E18366_run-1_bp-chest_vp-pa_cr.png,0.18415178571428573
sub-S10594_ses-E21098_run-1_bp-chest_vp-ap_cr.png,0.14088408801020408
sub-S10594_ses-E23601_run-1_bp-chest_vp-pa_cr.png,0.18150111607142858
sub-S10594_ses-E26471_run-1_bp-chest_vp-pa_cr.png,0.1556122448979592
sub-S10595_ses-E25156_run-1_bp-chest_vp-pa_dx.png,0.013193558673469387
sub-S10595_ses-E26048_run-1_bp-chest_vp-ap_dx.png,0.008410395408163265
sub-S10596_ses-E18369_run-1_bp-chest_vp-ap_dx.png,0.06323740433673469
sub-S10596_ses-E19387_run-1_bp-chest_vp-ap_dx.png,0.059271364795918366
sub-S10596_ses-E19808_run-1_bp-chest_vp-ap_dx.png,0.09323182397959184
sub-S10596_ses-E19971_run-1_bp-chest_vp-ap_dx.png,0.07166772959183673
sub-S10596_ses-E20605_run-1_bp-chest_vp-ap_dx.png,0.024872448979591837
sub-S10596_ses-E21320_run-1_bp-chest_vp-ap_dx.png,0.027483258928571428
sub-S10596_ses-E21461_run-1_bp-chest_vp-ap_dx.png,0.017199457908163265
sub-S10596_ses-E22549_run-1_bp-chest_vp-ap_dx.png,0.055564413265306124
sub-S10596_ses-E23579_run-1_bp-chest_vp-ap_dx.png,0.05604272959183673
sub-S10596_ses-E24668_run-1_bp-chest_vp-pa_cr.png,0.0558235012755102
sub-S10597_ses-E18370_run-1_bp-chest_vp-ap_dx.png,0.09361049107142858
sub-S10598_ses-E18372_acq-1_run-1_bp-chest_vp-ll_dx.png,0.0660873724489796
sub-S10598_ses-E19982_run-1_bp-chest_vp-ap_cr.png,0.006098533163265306
sub-S10598_ses-E21316_run-1_bp-chest_vp-ap_dx.png,0.004823022959183673
sub-S10599_ses-E18375_run-1_bp-chest_vp-pa_cr.png,0.2533482142857143
sub-S10599_ses-E24032_run-1_bp-chest_vp-ap_cr.png,0.2723812181122449
sub-S10600_ses-E18376_run-1_bp-chest_vp-ap_cr.png,0.14100366709183673
sub-S10600_ses-E19974_run-1_bp-chest_vp-ap_cr.png,0.14696269132653061
sub-S10600_ses-E23590_run-1_bp-chest_vp-ap_cr.png,0.16950334821428573
sub-S10600_ses-E25371_run-1_bp-chest_vp-pa_cr.png,0.13936941964285715
sub-S10602_ses-E18379_run-1_bp-chest_vp-pa_dx.png,0.03282445790816327
sub-S10603_ses-E18380_run-1_bp-chest_vp-ap_cr.png,0.20876514668367346
sub-S10603_ses-E24473_run-1_bp-chest_vp-ap_cr.png,0.20557637117346939
sub-S10605_ses-E18383_run-1_bp-chest_vp-ap_dx.png,0.08312739158163265
sub-S10605_ses-E21109_run-1_bp-chest_vp-ap_dx.png,0.08543925382653061
sub-S10606_ses-E18385_run-1_bp-chest_vp-ap_dx.png,0.10247927295918367
sub-S10606_ses-E19643_run-1_bp-chest_vp-ap_cr.png,0.06756218112244898
sub-S10606_ses-E26052_run-1_bp-chest_vp-ap_cr.png,0.014967315051020409
sub-S10607_ses-E18386_run-1_bp-chest_vp-ap_dx.png,0.10965401785714286
sub-S10608_ses-E23796_run-1_bp-chest_vp-ap_dx.png,0.027403539540816327
sub-S10608_ses-E25743_run-1_bp-chest_vp-ap_dx.png,0.1745655293367347
sub-S10609_ses-E18388_run-1_bp-chest_vp-ap_dx.png,0.21725526147959184
sub-S10609_ses-E20624_run-2_bp-chest_vp-ap_dx.png,0.23877949617346939
sub-S10609_ses-E25383_acq-1_run-1_bp-chest_vp-pa_dx.png,0.03766741071428571
sub-S10609_ses-E26453_run-1_bp-chest_vp-ap_dx.png,0.19951769770408162
sub-S10610_ses-E18389_run-1_bp-chest_vp-ap_dx.png,0.10405373086734694
sub-S10610_ses-E23602_run-1_bp-chest_vp-ap_dx.png,0.07330197704081633
sub-S10610_ses-E24034_acq-1_run-1_bp-chest_vp-pa_dx.png,0.03186782525510204
sub-S10611_ses-E18390_run-1_bp-chest_vp-ap_dx.png,0.1267139668367347
sub-S10612_ses-E21335_run-1_bp-chest_vp-pa_cr.png,0.03519610969387755
sub-S10612_ses-E24043_run-1_bp-chest_vp-pa_cr.png,0.00701530612244898
sub-S10613_ses-E18392_run-1_bp-chest_vp-ap_cr.png,0.010443239795918368
sub-S10613_ses-E19385_run-1_bp-chest_vp-ap_dx.png,0.05448820153061224
sub-S10613_ses-E25162_acq-1_run-1_bp-chest_vp-ll_dx.png,0.04745296556122449
sub-S10614_ses-E18394_run-1_bp-chest_vp-ap_dx.png,0.12741151147959184
sub-S10614_ses-E24481_acq-1_run-1_bp-chest_vp-ll_dx.png,0.060626594387755105
sub-S10614_ses-E25739_run-1_bp-chest_vp-ap_dx.png,0.12872688137755103
sub-S10614_ses-E26599_run-1_bp-chest_vp-ap_cr.png,0.18698182397959184
sub-S10615_ses-E18395_run-1_bp-chest_vp-ap_cr.png,0.1971859056122449
sub-S10615_ses-E19809_run-1_bp-chest_vp-ap_dx.png,0.14905532525510204
sub-S10615_ses-E20638_run-1_bp-chest_vp-ap_dx.png,0.2277782206632653
sub-S10615_ses-E24042_run-1_bp-chest_vp-ap_cr.png,0.19602997448979592
sub-S10615_ses-E24484_run-1_bp-chest_vp-ap_cr.png,0.22783801020408162
sub-S10615_ses-E24838_run-1_bp-chest_vp-pa_dx.png,0.07892219387755102
sub-S10615_ses-E25511_run-1_bp-chest_vp-ap_dx.png,0.38416772959183676
sub-S10615_ses-E26289_run-1_bp-chest_vp-ap_cr.png,0.23682637117346939
sub-S10616_ses-E18397_run-1_bp-chest_vp-ap_dx.png,0.11324139030612244
sub-S10616_ses-E18706_run-1_bp-chest_vp-ap_cr.png,0.10528938137755102
sub-S10616_ses-E19981_run-1_bp-chest_vp-ap_cr.png,0.09823421556122448
sub-S10616_ses-E20182_run-1_bp-chest_vp-ap_cr.png,0.06517059948979592
sub-S10616_ses-E20790_run-1_bp-chest_vp-ap_cr.png,0.006277901785714286
sub-S10616_ses-E21336_run-1_bp-chest_vp-pa_cr.png,0.10098453443877552
sub-S10616_ses-E21655_run-1_bp-chest_vp-ap_cr.png,0.13813376913265307
sub-S10618_ses-E18400_run-1_bp-chest_cr.png,0.14768016581632654
sub-S10618_ses-E18709_run-1_bp-chest_cr.png,0.17851163903061223
sub-S10618_ses-E18922_run-1_bp-chest_cr.png,0.16169084821428573
sub-S10618_ses-E19819_run-1_bp-chest_cr.png,0.21105707908163265
sub-S10618_ses-E22002_run-1_bp-chest_vp-ap_dx.png,0.15134725765306123
sub-S10618_ses-E22155_run-1_bp-chest_vp-ap_dx.png,0.1126235650510204
sub-S10618_ses-E22978_run-1_bp-chest_vp-ap_dx.png,0.14114317602040816
sub-S10618_ses-E24039_run-1_bp-chest_cr.png,0.16109295280612246
sub-S10618_ses-E25751_run-1_bp-chest_cr.png,0.22464923469387754
sub-S10618_ses-E26459_run-1_bp-chest_cr.png,0.2242705676020408
sub-S10620_ses-E18403_run-1_bp-chest_vp-pa_cr.png,0.057896205357142856
sub-S10621_ses-E18405_run-1_bp-chest_vp-ap_dx.png,0.08902662627551021
sub-S10621_ses-E21130_run-1_bp-chest_vp-ap_dx.png,0.0340202487244898
sub-S10621_ses-E24680_run-1_bp-chest_vp-ap_dx.png,0.16858657525510204
sub-S10621_ses-E25389_acq-1_run-1_bp-chest_vp-pa_dx.png,0.08071588010204081
sub-S10623_ses-E18409_run-1_bp-chest_vp-ap_cr.png,0.25271045918367346
sub-S10623_ses-E24488_run-1_bp-chest_vp-ap_cr.png,0.06363600127551021
sub-S10623_ses-E24700_run-1_bp-chest_vp-ap_cr.png,0.2639708227040816
sub-S10624_ses-E19113_run-1_bp-chest_vp-pa_dx.png,0.006696428571428571
sub-S10625_ses-E18612_run-1_bp-chest_vp-ap_cr.png,0.017338966836734693
sub-S10625_ses-E18939_run-1_bp-chest_vp-ap_dx.png,0.12195073341836735
sub-S10625_ses-E21342_acq-1_run-1_bp-chest_vp-pa_dx.png,0.029934630102040817
sub-S10625_ses-E21666_run-1_bp-chest_vp-ap_cr.png,0.013333067602040817
sub-S10625_ses-E21831_run-1_bp-chest_vp-ap_cr.png,0.02126514668367347
sub-S10625_ses-E22971_run-1_bp-chest_vp-ap_cr.png,0.0628188775510204
sub-S10627_ses-E18417_acq-1_run-1_bp-chest_vp-pa_dx.png,0.07872289540816327
sub-S10627_ses-E19828_run-1_bp-chest_vp-ap_cr.png,0.14987244897959184
sub-S10627_ses-E22585_run-1_bp-chest_vp-ap_cr.png,0.16535794005102042
sub-S10627_ses-E22797_run-1_bp-chest_vp-pa_dx.png,0.006875797193877551
sub-S10628_ses-E18419_run-1_bp-chest_vp-ap_cr.png,0.06331712372448979
sub-S10628_ses-E19660_run-1_bp-chest_vp-ap_cr.png,0.07571348852040816
sub-S10628_ses-E23295_run-1_bp-chest_vp-ap_cr.png,0.0774673150510204
sub-S10629_ses-E18420_run-1_bp-chest_vp-ap_dx.png,0.02770248724489796
sub-S10629_ses-E22572_run-1_bp-chest_vp-ap_cr.png,0.009028220663265306
sub-S10630_ses-E18421_run-1_bp-chest_vp-ap_dx.png,0.095703125
sub-S10631_ses-E18423_run-1_bp-chest_vp-ap_dx.png,0.1338488520408163
sub-S10632_ses-E18427_run-1_bp-chest_vp-pa_cr.png,0.04691485969387755
sub-S10633_ses-E21354_run-1_bp-chest_vp-pa_cr.png,0.025011957908163265
sub-S10634_ses-E18429_run-1_bp-chest_vp-pa_dx.png,0.06148357780612245
sub-S10634_ses-E22580_run-1_bp-chest_vp-ap_dx.png,0.021245216836734693
sub-S10635_ses-E18432_run-1_bp-chest_vp-ap_dx.png,0.04055723852040816
sub-S10635_ses-E24075_acq-1_run-1_bp-chest_vp-ll_dx.png,0.04466278698979592
sub-S10636_ses-E18433_run-1_bp-chest_vp-ap_cr.png,0.07742745535714286
sub-S10636_ses-E19126_run-1_bp-chest_vp-ap_cr.png,0.05741788903061224
sub-S10636_ses-E19837_run-2_bp-chest_vp-ap_cr.png,0.17851163903061223
sub-S10636_ses-E20194_run-1_bp-chest_vp-ap_cr.png,0.028459821428571428
sub-S10636_ses-E20667_run-1_bp-chest_vp-pa_cr.png,0.12559789540816327
sub-S10636_ses-E21667_run-1_bp-chest_vp-ap_cr.png,0.06766183035714286
sub-S10636_ses-E22793_run-1_bp-chest_vp-ap_cr.png,0.010901626275510204
sub-S10636_ses-E24697_run-1_bp-chest_vp-ap_cr.png,0.12567761479591838
sub-S10638_ses-E18437_run-1_bp-chest_vp-pa_dx.png,0.013432716836734694
sub-S10640_ses-E18440_run-1_bp-chest_vp-ap_cr.png,0.35975366709183676
sub-S10640_ses-E24187_run-1_bp-chest_vp-pa_cr.png,0.017817283163265307
sub-S10640_ses-E24273_run-1_bp-chest_vp-pa_cr.png,0.21287069515306123
sub-S10640_ses-E25201_run-1_bp-chest_vp-ap_cr.png,0.29609773596938777
sub-S10640_ses-E25400_run-1_bp-chest_vp-ap_cr.png,0.27700494260204084
sub-S10641_ses-E18442_run-1_bp-chest_vp-ap_cr.png,0.11316167091836735
sub-S10641_ses-E20008_run-1_bp-chest_vp-ap_cr.png,0.04693478954081633
sub-S10641_ses-E20678_run-1_bp-chest_vp-ap_cr.png,0.11445711096938775
sub-S10641_ses-E24502_acq-1_run-1_bp-chest_vp-pa_dx.png,0.07011320153061225
sub-S10642_ses-E18443_run-1_bp-chest_vp-ap_cr.png,0.012097417091836735
sub-S10642_ses-E18959_run-1_bp-chest_vp-ap_dx.png,0.003985969387755102
sub-S10643_ses-E18444_run-1_bp-chest_vp-ap_dx.png,0.0478515625
sub-S10643_ses-E23640_run-1_bp-chest_vp-ap_dx.png,0.05580357142857143
sub-S10643_ses-E25205_run-1_bp-chest_vp-pa_dx.png,0.060068558673469385
sub-S10644_ses-E19682_run-1_bp-chest_vp-ap_cr.png,0.0320671237244898
sub-S10644_ses-E22610_run-1_bp-chest_vp-ap_dx.png,0.17137675382653061
sub-S10644_ses-E23636_run-1_bp-chest_vp-ap_cr.png,0.2416095344387755
sub-S10644_ses-E26296_acq-1_run-1_bp-chest_vp-pa_dx.png,0.041115274234693876
sub-S10644_ses-E26499_run-1_bp-chest_vp-ap_cr.png,0.22028459821428573
sub-S10645_ses-E18446_run-1_bp-chest_vp-ap_cr.png,0.2334781568877551
sub-S10645_ses-E20017_run-1_bp-chest_vp-ap_cr.png,0.16025589923469388
sub-S10645_ses-E22611_run-1_bp-chest_vp-ap_cr.png,0.22321428571428573
sub-S10645_ses-E23635_run-1_bp-chest_vp-pa_cr.png,0.21243223852040816
sub-S10645_ses-E25787_acq-1_run-1_bp-chest_vp-pa_dx.png,0.09843351403061225
sub-S10646_ses-E25221_acq-1_run-1_bp-chest_vp-ll_dx.png,0.03842474489795918
sub-S10648_ses-E18451_run-1_bp-chest_vp-ap_dx.png,0.044602997448979595
sub-S10648_ses-E26128_run-1_bp-chest_vp-ap_cr.png,0.04944595025510204
sub-S10649_ses-E20688_run-1_bp-chest_vp-ap_cr.png,0.24629304846938777
sub-S10649_ses-E22619_run-1_bp-chest_vp-ap_cr.png,0.22331393494897958
sub-S10649_ses-E25218_run-1_bp-chest_vp-ap_cr.png,0.22560586734693877
sub-S10649_ses-E25524_run-1_bp-chest_vp-ap_cr.png,0.18084343112244897
sub-S10650_ses-E18453_run-1_bp-chest_vp-ap_cr.png,0.19481425382653061
sub-S10651_ses-E20817_acq-1_run-1_bp-chest_vp-ll_dx.png,0.044602997448979595
sub-S10651_ses-E22623_run-1_bp-chest_vp-ap_dx.png,0.0057597257653061226
sub-S10651_ses-E24288_run-1_bp-chest_vp-pa_cr.png,0.09283322704081633
sub-S10652_ses-E18455_run-1_bp-chest_vp-ap_dx.png,0.29213169642857145
sub-S10652_ses-E19693_run-1_bp-chest_vp-ap_dx.png,0.08896683673469388
sub-S10652_ses-E21500_run-1_bp-chest_vp-ap_dx.png,0.10951450892857142
sub-S10652_ses-E24526_run-1_bp-chest_vp-ap_dx.png,0.21010044642857142
sub-S10652_ses-E25414_run-1_bp-chest_vp-ap_dx.png,0.2272002551020408
sub-S10652_ses-E26137_run-1_bp-chest_vp-ap_dx.png,0.34873246173469385
sub-S10652_ses-E26506_run-1_bp-chest_vp-ap_dx.png,0.27736367984693877
sub-S10654_ses-E25232_run-1_bp-chest_vp-pa_dx.png,0.014927455357142858
sub-S10656_ses-E19697_run-1_bp-chest_vp-ap_cr.png,0.08759167729591837
sub-S10656_ses-E20691_run-1_bp-chest_vp-ap_cr.png,0.21751434948979592
sub-S10656_ses-E22830_run-1_bp-chest_vp-ap_dx.png,0.026885363520408163
sub-S10656_ses-E26318_run-1_bp-chest_vp-ap_cr.png,0.15931919642857142
sub-S10657_ses-E18973_run-1_bp-chest_vp-pa_cr.png,0.02911750637755102
sub-S10657_ses-E23657_run-1_bp-chest_vp-pa_cr.png,0.10546875
sub-S10658_ses-E18464_run-1_bp-chest_vp-ap_cr.png,0.014708227040816327
sub-S10658_ses-E22039_run-1_bp-chest_vp-ap_cr.png,0.00843032525510204
sub-S10658_ses-E22633_run-1_bp-chest_vp-ap_cr.png,0.04954559948979592
sub-S10658_ses-E23365_run-1_bp-chest_vp-ap_cr.png,0.018315529336734693
sub-S10658_ses-E23662_run-1_bp-chest_vp-ap_cr.png,0.04723373724489796
sub-S10658_ses-E26150_run-1_bp-chest_vp-ap_cr.png,0.04761240433673469
sub-S10658_ses-E26515_run-1_bp-chest_vp-ap_cr.png,0.04007892219387755
sub-S10659_ses-E18466_run-1_bp-chest_vp-ap_dx.png,0.23682637117346939
sub-S10659_ses-E19447_run-1_bp-chest_vp-ap_dx.png,0.22704081632653061
sub-S10659_ses-E19687_run-1_bp-chest_vp-ap_dx.png,0.22108179209183673
sub-S10659_ses-E19847_run-1_bp-chest_vp-ap_dx.png,0.22235730229591838
sub-S10659_ses-E20040_run-1_bp-chest_vp-ap_dx.png,0.24360251913265307
sub-S10659_ses-E20219_run-1_bp-chest_vp-ap_dx.png,0.1922233737244898
sub-S10659_ses-E20705_run-1_bp-chest_vp-ap_dx.png,0.23509247448979592
sub-S10659_ses-E21181_run-1_bp-chest_vp-ap_dx.png,0.2159797512755102
sub-S10659_ses-E21846_run-1_bp-chest_vp-ap_dx.png,0.21137595663265307
sub-S10659_ses-E23363_run-1_bp-chest_vp-ap_dx.png,0.20744977678571427
sub-S10659_ses-E26151_run-1_bp-chest_vp-ap_dx.png,0.18897480867346939
sub-S10662_ses-E18469_run-1_bp-chest_vp-ap_dx.png,0.11037149234693877
sub-S10662_ses-E22628_run-1_bp-chest_vp-ap_dx.png,0.1623485331632653
sub-S10662_ses-E26145_run-1_bp-chest_vp-pa_dx.png,0.007294323979591837
sub-S10663_ses-E18470_run-1_bp-chest_vp-ap_cr.png,0.2504185267857143
sub-S10663_ses-E19848_run-1_bp-chest_vp-ap_dx.png,0.2979312818877551
sub-S10663_ses-E20038_run-1_bp-chest_vp-ap_dx.png,0.29984454719387754
sub-S10663_ses-E20701_acq-2_run-1_bp-chest_vp-ap_dx.png,0.35387436224489793
sub-S10663_ses-E21179_run-1_bp-chest_vp-ap_dx.png,0.36194595025510207
sub-S10663_ses-E21385_run-1_bp-chest_vp-ap_dx.png,0.34719786352040816
sub-S10663_ses-E21519_run-1_bp-chest_vp-ap_dx.png,0.31076610331632654
sub-S10663_ses-E22630_run-1_bp-chest_vp-ap_dx.png,0.2581114477040816
sub-S10663_ses-E24729_run-1_bp-chest_vp-ap_cr.png,0.2683952487244898
sub-S10666_ses-E18473_run-1_bp-chest_vp-ap_dx.png,0.12779017857142858
sub-S10666_ses-E19463_run-1_bp-chest_vp-ap_dx.png,0.18524792729591838
sub-S10666_ses-E19849_run-1_bp-chest_vp-ap_dx.png,0.06692442602040816
sub-S10666_ses-E20037_run-1_bp-chest_vp-ap_dx.png,0.15417729591836735
sub-S10666_ses-E20700_run-1_bp-chest_vp-ap_cr.png,0.17067920918367346
sub-S10666_ses-E22642_run-1_bp-chest_vp-ap_dx.png,0.049525669642857144
sub-S10666_ses-E23685_run-1_bp-chest_cr.png,0.18604512117346939
sub-S10666_ses-E25235_run-1_bp-chest_cr.png,0.18576610331632654
sub-S10666_ses-E25802_run-1_bp-chest_cr.png,0.20527742346938777
sub-S10667_ses-E18474_run-1_bp-chest_cr.png,0.1729312818877551
sub-S10668_ses-E18475_run-1_bp-chest_vp-ap_cr.png,0.011479591836734694
sub-S10668_ses-E23672_acq-1_run-1_bp-chest_vp-ll_dx.png,0.030572385204081634
sub-S10674_ses-E18489_run-1_bp-chest_vp-ap_cr.png,0.02264030612244898
sub-S10674_ses-E19868_run-1_bp-chest_vp-ap_cr.png,0.18062420280612246
sub-S10674_ses-E20046_run-1_bp-chest_vp-ap_dx.png,0.06481186224489796
sub-S10674_ses-E20835_run-1_bp-chest_vp-ap_cr.png,0.020049426020408163
sub-S10674_ses-E21206_run-1_bp-chest_vp-ap_cr.png,0.18724091198979592
sub-S10674_ses-E23390_run-1_bp-chest_vp-ap_cr.png,0.2573142538265306
sub-S10674_ses-E24740_run-1_bp-chest_vp-ap_cr.png,0.024752869897959183
sub-S10674_ses-E25248_run-1_bp-chest_vp-ap_cr.png,0.18650350765306123
sub-S10675_ses-E18490_run-1_bp-chest_vp-ap_dx.png,0.19445551658163265
sub-S10675_ses-E18997_run-1_bp-chest_vp-ap_cr.png,0.09064094387755102
sub-S10675_ses-E20050_run-1_bp-chest_vp-ap_dx.png,0.19258211096938777
sub-S10675_ses-E20439_run-1_bp-chest_vp-ap_cr.png,0.1025390625
sub-S10675_ses-E20848_run-1_bp-chest_vp-ap_dx.png,0.2051578443877551
sub-S10675_ses-E20970_run-1_bp-chest_vp-ap_dx.png,0.06656568877551021
sub-S10675_ses-E21924_run-1_bp-chest_vp-ap_dx.png,0.2433235012755102
sub-S10675_ses-E22653_run-1_bp-chest_vp-ap_dx.png,0.19218351403061223
sub-S10675_ses-E23394_run-1_bp-chest_vp-ap_dx.png,0.20609454719387754
sub-S10675_ses-E26330_run-1_bp-chest_vp-ap_cr.png,0.20756935586734693
sub-S10678_ses-E18495_run-1_bp-chest_vp-pa_cr.png,0.00408561862244898
sub-S10679_ses-E20985_run-1_bp-chest_vp-pa_dx.png,0.0390625
sub-S10679_ses-E21711_run-1_bp-chest_vp-pa_dx.png,0.01588408801020408
sub-S10679_ses-E24326_run-1_bp-chest_vp-pa_dx.png,0.009546396683673469
sub-S10679_ses-E25004_run-1_bp-chest_vp-pa_dx.png,0.02658641581632653
sub-S10680_ses-E18498_run-1_bp-chest_vp-pa_cr.png,0.013970822704081632
sub-S10681_ses-E23889_run-1_bp-chest_vp-ap_cr.png,0.03489716198979592
sub-S10682_ses-E18502_run-1_bp-chest_vp-pa_cr.png,0.10469148596938775
sub-S10683_ses-E18505_run-1_bp-chest_vp-pa_cr.png,0.013592155612244899
sub-S10686_ses-E22212_run-1_bp-chest_vp-pa_dx.png,0.055982940051020405
sub-S10688_ses-E25449_run-1_bp-chest_vp-pa_cr.png,0.17649872448979592
sub-S10689_ses-E24621_run-1_bp-chest_vp-ap_dx.png,0.16501913265306123
sub-S10689_ses-E26381_run-1_bp-chest_vp-ap_dx.png,0.0760921556122449
sub-S10690_ses-E18521_run-1_bp-chest_vp-ap_dx.png,0.20368303571428573
sub-S10691_ses-E18522_run-1_bp-chest_vp-ap_dx.png,0.007772640306122449
sub-S10692_ses-E18814_run-1_bp-chest_vp-ap_cr.png,0.11611128826530612
sub-S10692_ses-E22243_run-1_bp-chest_vp-ap_cr.png,0.04276945153061224
sub-S10693_ses-E18526_run-1_bp-chest_vp-pa_dx.png,0.017458545918367346
sub-S10693_ses-E20343_run-1_bp-chest_vp-pa_dx.png,0.04585857780612245
sub-S10693_ses-E20872_run-1_bp-chest_vp-ap_cr.png,0.04468271683673469
sub-S10693_ses-E21575_run-1_bp-chest_vp-pa_dx.png,0.01678093112244898
sub-S10693_ses-E21878_run-1_bp-chest_vp-ap_dx.png,0.009885204081632654
sub-S10694_ses-E23470_run-1_bp-chest_cr.png,0.05104033801020408
sub-S10694_ses-E23915_run-1_bp-chest_vp-ap_dx.png,0.08541932397959184
sub-S10694_ses-E24367_acq-2_run-1_bp-chest_vp-ap_dx.png,0.2513950892857143
sub-S10694_ses-E24616_run-1_bp-chest_vp-ap_dx.png,0.17330994897959184
sub-S10694_ses-E26397_run-1_bp-chest_vp-ap_dx.png,0.21364795918367346
sub-S10695_ses-E19176_run-1_bp-chest_vp-ap_cr.png,0.14524872448979592
sub-S10695_ses-E20241_run-1_bp-chest_vp-ap_cr.png,0.169921875
sub-S10695_ses-E21030_run-1_bp-chest_vp-ap_cr.png,0.18604512117346939
sub-S10695_ses-E21421_run-1_bp-chest_vp-ap_cr.png,0.1646404655612245
sub-S10695_ses-E21576_run-1_bp-chest_vp-ap_cr.png,0.15041055484693877
sub-S10695_ses-E21583_run-1_bp-chest_vp-ap_cr.png,0.08667490433673469
sub-S10695_ses-E21880_run-1_bp-chest_vp-ap_cr.png,0.15397799744897958
sub-S10695_ses-E21957_run-1_bp-chest_vp-ap_cr.png,0.15784438775510204
sub-S10695_ses-E22251_run-1_bp-chest_vp-ap_cr.png,0.1543765943877551
sub-S10695_ses-E22453_run-1_bp-chest_vp-ap_cr.png,0.1630859375
sub-S10696_ses-E25294_run-1_bp-chest_vp-pa_cr.png,0.03200733418367347
sub-S10698_ses-E18536_run-1_bp-chest_vp-pa_dx.png,0.09604193239795919
sub-S10698_ses-E19292_run-1_bp-chest_vp-pa_dx.png,0.07509566326530612
sub-S10698_ses-E19553_run-1_bp-chest_vp-ap_dx.png,0.17061941964285715
sub-S10698_ses-E20880_run-1_bp-chest_vp-ap_dx.png,0.09673947704081633
sub-S10698_ses-E21748_run-1_bp-chest_vp-ap_dx.png,0.1493542729591837
sub-S10699_ses-E20529_run-1_bp-chest_vp-ap_dx.png,0.14283721301020408
sub-S10699_ses-E25958_run-1_bp-chest_vp-ap_dx.png,0.08326690051020408
sub-S10700_ses-E23942_run-1_bp-chest_vp-pa_cr.png,0.02961575255102041
sub-S10700_ses-E25087_run-1_bp-chest_vp-ap_dx.png,0.06060666454081633
sub-S10703_ses-E25114_run-1_bp-chest_vp-ap_dx.png,0.03176817602040816
sub-S10703_ses-E25644_run-1_bp-chest_vp-ap_dx.png,0.07577327806122448
sub-S10707_ses-E24630_run-1_bp-chest_cr.png,0.030951052295918366
sub-S10708_ses-E23983_run-1_bp-chest_vp-pa_cr.png,0.05042251275510204
sub-S10708_ses-E26011_run-1_bp-chest_vp-pa_cr.png,0.07587292729591837
sub-S10709_ses-E21997_run-1_bp-chest_vp-pa_cr.png,0.015106823979591837
sub-S10709_ses-E24432_run-1_bp-chest_vp-pa_cr.png,0.013034119897959183
sub-S10717_ses-E20385_run-1_bp-chest_vp-ap_cr.png,0.03888313137755102
sub-S10717_ses-E22780_run-1_bp-chest_vp-ap_dx.png,0.05444834183673469
sub-S10719_ses-E24016_run-1_bp-chest_vp-ap_dx.png,0.15124760841836735
sub-S10719_ses-E24675_run-1_bp-chest_vp-ap_dx.png,0.12984295280612246
sub-S10719_ses-E25718_run-1_bp-chest_vp-ap_dx.png,0.08266900510204081
sub-S10720_ses-E18588_run-1_bp-chest_vp-ap_cr.png,0.06895727040816327
sub-S10721_ses-E18882_run-1_bp-chest_vp-ap_dx.png,0.10562818877551021
sub-S10722_ses-E18590_run-1_bp-chest_vp-pa_cr.png,0.06718351403061225
sub-S10723_ses-E22764_run-1_bp-chest_vp-pa_dx.png,0.026606345663265307
sub-S10723_ses-E26283_run-1_bp-chest_vp-pa_dx.png,0.055365114795918366
sub-S10725_ses-E18603_acq-1_run-1_bp-chest_vp-pa_dx.png,0.04661591198979592
sub-S10725_ses-E18917_run-1_bp-chest_vp-ap_dx.png,0.049525669642857144
sub-S10725_ses-E23299_run-1_bp-chest_vp-ap_dx.png,0.04518096301020408
sub-S10726_ses-E18605_run-1_bp-chest_vp-pa_dx.png,0.034677933673469385
sub-S10730_ses-E24711_run-1_bp-chest_vp-ap_dx.png,0.10419323979591837
sub-S10730_ses-E26109_run-1_bp-chest_vp-ap_dx.png,0.010403380102040817
sub-S10733_ses-E23315_run-1_bp-chest_vp-ap_dx.png,0.035455197704081634
sub-S10733_ses-E25193_run-1_bp-chest_vp-ap_dx.png,0.005580357142857143
sub-S10733_ses-E25396_run-1_bp-chest_vp-ap_cr.png,0.007912149234693877
sub-S10734_ses-E18617_run-1_bp-chest_vp-pa_cr.png,0.00723453443877551
sub-S10735_ses-E18622_run-1_bp-chest_vp-ap_dx.png,0.11623086734693877
sub-S10735_ses-E20686_run-1_bp-chest_vp-ap_dx.png,0.024972098214285716
sub-S10735_ses-E24101_run-1_bp-chest_vp-ap_dx.png,0.046974649234693876
sub-S10736_ses-E19209_run-1_bp-chest_vp-pa_cr.png,0.04041772959183673
sub-S10737_ses-E18627_run-1_bp-chest_vp-ap_cr.png,0.02379623724489796
sub-S10737_ses-E20022_run-1_bp-chest_vp-ap_cr.png,0.15892059948979592
sub-S10737_ses-E21513_run-1_bp-chest_vp-ap_cr.png,0.13805404974489796
sub-S10737_ses-E22029_run-1_bp-chest_vp-ap_cr.png,0.07734773596938775
sub-S10737_ses-E23339_run-1_bp-chest_vp-ap_dx.png,0.1963687818877551
sub-S10737_ses-E23660_run-1_bp-chest_vp-ap_dx.png,0.1564094387755102
sub-S10737_ses-E24111_acq-1_run-1_bp-chest_vp-ll_dx.png,0.09887197066326531
sub-S10737_ses-E26146_run-1_bp-chest_vp-ap_dx.png,0.15654894770408162
sub-S10738_ses-E25804_run-1_bp-chest_vp-pa_cr.png,0.005440848214285714
sub-S10739_ses-E20434_run-1_bp-chest_vp-pa_cr.png,0.0068359375
sub-S10739_ses-E25851_run-1_bp-chest_vp-pa_cr.png,0.12494021045918367
sub-S10740_ses-E18635_run-1_bp-chest_vp-ap_dx.png,0.1507892219387755
sub-S10740_ses-E20302_run-1_bp-chest_vp-ap_dx.png,0.13759566326530612
sub-S10740_ses-E22050_run-2_bp-chest_vp-ap_dx.png,0.1524234693877551
sub-S10740_ses-E22647_run-1_bp-chest_vp-ap_dx.png,0.14407286352040816
sub-S10740_ses-E23015_run-1_bp-chest_vp-ap_dx.png,0.09215561224489796
sub-S10740_ses-E27133_run-1_bp-chest_vp-ap_dx.png,0.09725765306122448
sub-S10741_ses-E18636_run-1_bp-chest_vp-ap_dx.png,0.08183195153061225
sub-S10745_ses-E19476_run-1_bp-chest_vp-pa_cr.png,0.2220184948979592
sub-S10748_ses-E20499_run-1_bp-chest_vp-ap_dx.png,0.13976801658163265
sub-S10748_ses-E21236_run-1_bp-chest_vp-ap_dx.png,0.1504504145408163
sub-S10748_ses-E22404_run-1_bp-chest_vp-ap_dx.png,0.11371970663265306
sub-S10748_ses-E23432_run-1_bp-chest_vp-ap_dx.png,0.09887197066326531
sub-S10748_ses-E26364_run-1_bp-chest_vp-pa_dx.png,0.12713249362244897
sub-S10750_ses-E18654_run-1_bp-chest_vp-ap_cr.png,0.06953523596938775
sub-S10750_ses-E25628_acq-1_run-1_bp-chest_vp-ap_dx.png,0.09558354591836735
sub-S10753_ses-E18657_run-1_bp-chest_vp-ap_cr.png,0.20617426658163265
sub-S10753_ses-E19038_run-1_bp-chest_vp-ap_cr.png,0.20326450892857142
sub-S10753_ses-E22427_run-1_bp-chest_vp-ap_cr.png,0.2985690369897959
sub-S10755_ses-E18662_run-1_bp-chest_vp-ap_cr.png,0.004743303571428571
sub-S10756_ses-E18663_run-1_bp-chest_vp-ap_cr.png,0.11660953443877552
sub-S10756_ses-E18825_run-1_bp-chest_vp-ap_dx.png,0.23913823341836735
sub-S10756_ses-E19535_run-1_bp-chest_vp-ap_dx.png,0.21014030612244897
sub-S10756_ses-E22454_run-1_bp-chest_vp-ap_cr.png,0.10301737882653061
sub-S10757_ses-E18665_run-1_bp-chest_cr.png,0.1283282844387755
sub-S10759_ses-E25088_run-1_bp-chest_vp-pa_dx.png,0.0166812818877551
sub-S10761_ses-E21446_run-1_bp-chest_vp-pa_cr.png,0.019670758928571428
sub-S10761_ses-E21610_run-1_bp-chest_vp-ap_cr.png,0.09763632015306123
sub-S10761_ses-E22923_run-1_bp-chest_vp-ap_cr.png,0.18827726403061223
sub-S10762_ses-E18690_run-1_bp-chest_vp-ap_dx.png,0.07868303571428571
sub-S10762_ses-E19097_run-1_bp-chest_vp-ap_cr.png,0.13795440051020408
sub-S10762_ses-E19625_run-1_bp-chest_vp-ap_cr.png,0.1096938775510204
sub-S10762_ses-E19800_run-1_bp-chest_vp-ap_dx.png,0.1541374362244898
sub-S10762_ses-E20171_run-1_bp-chest_vp-ap_dx.png,0.12290736607142858
sub-S10762_ses-E20597_run-1_bp-chest_vp-pa_cr.png,0.13187579719387754
sub-S10762_ses-E22756_run-1_bp-chest_vp-ap_dx.png,0.09739716198979592
sub-S10762_ses-E23573_run-1_bp-chest_vp-ap_dx.png,0.17111766581632654
sub-S10762_ses-E25719_run-1_bp-chest_vp-ap_cr.png,0.1337890625
sub-S10763_ses-E18691_run-1_bp-chest_vp-ap_cr.png,0.050681600765306124
sub-S10764_ses-E18694_run-1_bp-chest_vp-ap_dx.png,0.010841836734693877
sub-S10764_ses-E21992_run-1_bp-chest_vp-ap_dx.png,0.01420998086734694
sub-S10764_ses-E23726_run-1_bp-chest_vp-pa_dx.png,0.04607780612244898
sub-S10764_ses-E26189_run-1_bp-chest_vp-ap_dx.png,0.09145806760204081
sub-S10765_ses-E18697_run-1_bp-chest_vp-ap_cr.png,0.02694515306122449
sub-S10767_ses-E24416_run-1_bp-chest_vp-pa_cr.png,0.021245216836734693
sub-S10768_ses-E18702_run-1_bp-chest_vp-ap_cr.png,0.20665258290816327
sub-S10768_ses-E19635_run-1_bp-chest_vp-ap_cr.png,0.2505580357142857
sub-S10768_ses-E20175_run-1_bp-chest_vp-ap_cr.png,0.18000637755102042
sub-S10768_ses-E20391_run-1_bp-chest_vp-ap_cr.png,0.20398198341836735
sub-S10768_ses-E21107_run-1_bp-chest_vp-ap_cr.png,0.1866031568877551
sub-S10768_ses-E21319_run-1_bp-chest_vp-pa_cr.png,0.1994579081632653
sub-S10768_ses-E21990_run-1_bp-chest_vp-ap_cr.png,0.2658840880102041
sub-S10768_ses-E22555_run-1_bp-chest_vp-ap_cr.png,0.2061144770408163
sub-S10768_ses-E22765_run-1_bp-chest_vp-ap_cr.png,0.20748963647959184
sub-S10768_ses-E22767_run-1_bp-chest_vp-ap_cr.png,0.2333187181122449
sub-S10768_ses-E22951_run-1_bp-chest_vp-ap_cr.png,0.22255660076530612
sub-S10768_ses-E25157_run-1_bp-chest_vp-ap_cr.png,0.1854870854591837
sub-S10768_ses-E25515_run-1_bp-chest_vp-ap_cr.png,0.22660235969387754
sub-S10768_ses-E26198_run-1_bp-chest_vp-ap_cr.png,0.1555125956632653
sub-S10769_ses-E18707_run-1_bp-chest_vp-ap_dx.png,0.17432637117346939
sub-S10771_ses-E18710_run-1_bp-chest_vp-ap_cr.png,0.035076530612244895
sub-S10771_ses-E18928_acq-1_run-1_bp-chest_vp-pa_dx.png,0.005241549744897959
sub-S10771_ses-E22309_run-1_bp-chest_vp-ap_cr.png,0.010981345663265306
sub-S10773_ses-E20628_run-1_bp-chest_vp-ap_dx.png,0.1830157844387755
sub-S10773_ses-E21330_run-1_bp-chest_vp-ap_dx.png,0.17803332270408162
sub-S10773_ses-E23293_run-1_bp-chest_vp-ap_dx.png,0.00980548469387755
sub-S10773_ses-E23609_run-1_bp-chest_vp-ap_dx.png,0.1359016262755102
sub-S10773_ses-E25180_run-1_bp-chest_vp-pa_dx.png,0.03511639030612245
sub-S10775_ses-E18719_run-1_bp-chest_vp-pa_dx.png,0.02517139668367347
sub-S10775_ses-E23381_run-1_bp-chest_vp-ap_dx.png,0.09508529974489796
sub-S10776_ses-E18720_run-1_bp-chest_vp-ap_dx.png,0.14498963647959184
sub-S10776_ses-E20198_run-1_bp-chest_vp-ap_cr.png,0.06572863520408163
sub-S10776_ses-E22021_run-1_bp-chest_vp-ap_dx.png,0.10534917091836735
sub-S10776_ses-E22604_run-1_bp-chest_vp-ap_dx.png,0.08707350127551021
sub-S10776_ses-E22790_run-1_bp-chest_vp-ap_dx.png,0.02311862244897959
sub-S10777_ses-E19212_run-1_bp-chest_vp-ap_dx.png,0.1864437181122449
sub-S10777_ses-E19677_run-1_bp-chest_vp-pa_dx.png,0.16294642857142858
sub-S10777_ses-E20932_run-1_bp-chest_vp-ap_dx.png,0.02122528698979592
sub-S10777_ses-E21830_run-1_bp-chest_vp-ap_dx.png,0.07196667729591837
sub-S10777_ses-E21913_run-1_bp-chest_vp-ap_dx.png,0.12334582270408163
sub-S10777_ses-E22334_run-1_bp-chest_vp-ap_dx.png,0.20406170280612246
sub-S10777_ses-E22988_run-1_bp-chest_vp-ap_dx.png,0.21137595663265307
sub-S10778_ses-E18723_run-1_bp-chest_vp-ap_cr.png,0.30994897959183676
sub-S10778_ses-E20002_run-1_bp-chest_vp-ap_cr.png,0.2914540816326531
sub-S10778_ses-E23648_run-1_bp-chest_vp-ap_cr.png,0.33181202168367346
sub-S10778_ses-E24176_run-1_bp-chest_vp-pa_cr.png,0.06558912627551021
sub-S10778_ses-E24277_run-1_bp-chest_vp-ap_cr.png,0.07262436224489796
sub-S10778_ses-E25390_run-1_bp-chest_vp-ap_cr.png,0.40238360969387754
sub-S10778_ses-E26493_run-1_bp-chest_vp-ap_cr.png,0.3079161352040816
sub-S10781_ses-E18729_run-1_bp-chest_vp-ap_dx.png,0.15808354591836735
sub-S10781_ses-E19130_run-1_bp-chest_vp-pa_cr.png,0.02969547193877551
sub-S10781_ses-E19834_run-1_bp-chest_vp-pa_cr.png,0.08663504464285714
sub-S10781_ses-E20405_run-1_bp-chest_vp-ap_cr.png,0.032306281887755105
sub-S10782_ses-E18730_run-1_bp-chest_vp-ap_dx.png,0.038942920918367346
sub-S10783_ses-E18987_run-1_bp-chest_vp-pa_cr.png,0.02863919005102041
sub-S10784_ses-E21186_run-1_bp-chest_vp-ap_dx.png,0.07374043367346939
sub-S10785_ses-E20222_run-1_bp-chest_vp-ap_dx.png,0.029177295918367346
sub-S10785_ses-E22652_run-1_bp-chest_vp-ap_dx.png,0.06327726403061225
sub-S10785_ses-E22833_run-1_bp-chest_vp-pa_dx.png,0.010224011479591837
sub-S10787_ses-E21182_run-1_bp-chest_vp-ap_dx.png,0.030652104591836735
sub-S10789_ses-E19474_run-1_bp-chest_vp-pa_cr.png,0.1278499681122449
sub-S10789_ses-E19859_run-1_bp-chest_vp-pa_cr.png,0.14080436862244897
sub-S10790_ses-E18750_run-1_bp-chest_vp-ap_dx.png,0.013153698979591837
sub-S10790_ses-E18998_run-1_bp-chest_vp-ap_dx.png,0.08500079719387756
sub-S10790_ses-E22360_run-1_bp-chest_vp-ap_dx.png,0.14580676020408162
sub-S10791_ses-E18754_acq-1_run-1_bp-chest_vp-pa_dx.png,0.031548947704081634
sub-S10791_ses-E25839_run-2_bp-chest_cr.png,0.04197225765306122
sub-S10793_ses-E22665_run-1_bp-chest_vp-pa_dx.png,0.009287308673469387
sub-S10793_ses-E22848_run-1_bp-chest_vp-pa_dx.png,0.18142139668367346
sub-S10794_ses-E18761_run-1_bp-chest_vp-ap_dx.png,0.19836176658163265
sub-S10794_ses-E19237_run-1_bp-chest_vp-ap_dx.png,0.20284598214285715
sub-S10794_ses-E20449_run-1_bp-chest_vp-ap_dx.png,0.22628348214285715
sub-S10794_ses-E20456_run-1_bp-chest_vp-ap_dx.png,0.21464445153061223
sub-S10794_ses-E21395_run-1_bp-chest_vp-ap_dx.png,0.15158641581632654
sub-S10794_ses-E23407_run-1_bp-chest_vp-ap_dx.png,0.13783482142857142
sub-S10794_ses-E25000_run-1_bp-chest_vp-ap_dx.png,0.03981983418367347
sub-S10794_ses-E25260_run-1_bp-chest_vp-ap_dx.png,0.18407206632653061
sub-S10794_ses-E25459_run-1_bp-chest_vp-ap_dx.png,0.19397720025510204
sub-S10794_ses-E25569_run-1_bp-chest_vp-ap_dx.png,0.1498126594387755
sub-S10794_ses-E26346_run-1_bp-chest_vp-ap_dx.png,0.14000717474489796
sub-S10795_ses-E18762_run-1_bp-chest_vp-ap_cr.png,0.017916932397959183
sub-S10795_ses-E20065_run-1_bp-chest_vp-ap_dx.png,0.14295679209183673
sub-S10795_ses-E22852_run-1_bp-chest_vp-ap_cr.png,0.02311862244897959
sub-S10796_ses-E20849_run-1_bp-chest_vp-ap_dx.png,0.14391342474489796
sub-S10796_ses-E22673_run-1_bp-chest_vp-ap_dx.png,0.13368941326530612
sub-S10799_ses-E18768_run-1_bp-chest_vp-ap_cr.png,0.0166812818877551
sub-S10799_ses-E21194_acq-1_run-1_bp-chest_vp-pa_dx.png,0.05195711096938776
sub-S10800_ses-E18769_run-1_bp-chest_vp-pa_cr.png,0.19672751913265307
sub-S10800_ses-E21207_run-1_bp-chest_vp-pa_cr.png,0.20786830357142858
sub-S10801_ses-E18776_run-1_bp-chest_vp-ap_cr.png,0.10200095663265306
sub-S10801_ses-E20070_run-1_bp-chest_vp-ap_cr.png,0.20436065051020408
sub-S10801_ses-E21219_run-1_bp-chest_vp-ap_cr.png,0.0166015625
sub-S10801_ses-E21403_run-1_bp-chest_vp-ap_cr.png,0.008071588010204082
sub-S10801_ses-E22688_run-1_bp-chest_vp-ap_cr.png,0.16127232142857142
sub-S10801_ses-E23174_run-1_bp-chest_vp-ap_cr.png,0.15816326530612246
sub-S10802_ses-E18777_run-1_bp-chest_vp-ap_dx.png,0.01797672193877551
sub-S10802_ses-E20234_run-1_bp-chest_vp-ap_dx.png,0.016641422193877552
sub-S10802_ses-E21218_run-1_bp-chest_vp-ap_dx.png,0.050462372448979595
sub-S10802_ses-E22419_run-1_bp-chest_vp-ap_dx.png,0.0924545599489796
sub-S10803_ses-E22864_run-1_bp-chest_vp-ap_cr.png,0.01620296556122449
sub-S10804_ses-E18780_run-1_bp-chest_vp-ap_cr.png,0.04380580357142857
sub-S10804_ses-E20995_run-1_bp-chest_vp-ap_cr.png,0.11798469387755102
sub-S10805_ses-E20336_run-1_bp-chest_vp-ap_dx.png,0.13225446428571427
sub-S10805_ses-E21943_run-1_bp-chest_vp-ap_dx.png,0.04900749362244898
sub-S10805_ses-E22071_run-1_bp-chest_vp-ap_dx.png,0.06736288265306123
sub-S10805_ses-E22872_run-1_bp-chest_vp-pa_cr.png,0.024972098214285716
sub-S10807_ses-E18785_run-1_bp-chest_vp-ap_dx.png,0.008031728316326531
sub-S10807_ses-E20480_run-1_bp-chest_vp-ap_dx.png,0.22831632653061223
sub-S10807_ses-E21008_run-1_bp-chest_vp-ap_dx.png,0.11455676020408163
sub-S10807_ses-E24584_run-1_bp-chest_vp-ap_dx.png,0.05193718112244898
sub-S10808_ses-E18786_run-1_bp-chest_vp-ap_cr.png,0.011977838010204082
sub-S10808_ses-E19503_acq-1_run-1_bp-chest_vp-ll_dx.png,0.03746811224489796
sub-S10808_ses-E22869_run-1_bp-chest_vp-ap_cr.png,0.015525350765306123
sub-S10809_ses-E18788_run-1_bp-chest_vp-ap_dx.png,0.1171875
sub-S10809_ses-E19248_run-1_bp-chest_vp-ap_dx.png,0.06353635204081633
sub-S10809_ses-E21009_run-1_bp-chest_vp-ap_dx.png,0.05996890943877551
sub-S10809_ses-E21222_run-1_bp-chest_vp-ap_dx.png,0.08587771045918367
sub-S10809_ses-E21552_run-1_bp-chest_vp-ap_dx.png,0.011499521683673469
sub-S10809_ses-E25585_run-1_bp-chest_vp-ap_dx.png,0.11527423469387756
sub-S10810_ses-E18792_run-1_bp-chest_vp-pa_cr.png,0.11278300382653061
sub-S10810_ses-E19735_run-1_bp-chest_vp-pa_cr.png,0.025629783163265307
sub-S10810_ses-E20723_run-1_bp-chest_vp-pa_cr.png,0.11862244897959184
sub-S10810_ses-E22875_run-1_bp-chest_vp-ap_cr.png,0.11216517857142858
sub-S10811_ses-E18793_run-1_bp-chest_vp-ap_dx.png,0.0953842474489796
sub-S10811_ses-E22683_run-1_bp-chest_vp-ap_dx.png,0.08651546556122448
sub-S10813_ses-E18806_acq-1_run-1_bp-chest_vp-ll_dx.png,0.07613201530612244
sub-S10813_ses-E22087_run-1_bp-chest_vp-ap_cr.png,0.006118463010204082
sub-S10813_ses-E22696_run-1_bp-chest_vp-ap_dx.png,0.16974250637755103
sub-S10815_ses-E18808_run-1_bp-chest_vp-ap_dx.png,0.14114317602040816
sub-S10815_ses-E19747_run-3_bp-chest_vp-ap_cr.png,0.26369180484693877
sub-S10815_ses-E20097_run-1_bp-chest_vp-ap_dx.png,0.060825892857142856
sub-S10815_ses-E21249_run-1_bp-chest_vp-ap_dx.png,0.0509406887755102
sub-S10815_ses-E21741_run-1_bp-chest_vp-ap_dx.png,0.19405691964285715
sub-S10815_ses-E22439_run-1_bp-chest_vp-ap_dx.png,0.06533003826530612
sub-S10815_ses-E22697_run-1_bp-chest_vp-ap_dx.png,0.16222895408163265
sub-S10815_ses-E23201_run-1_bp-chest_vp-ap_dx.png,0.06080596301020408
sub-S10815_ses-E27028_run-1_bp-chest_vp-ap_dx.png,0.11617107780612244
sub-S10816_ses-E18809_run-1_bp-chest_vp-ap_dx.png,0.1571667729591837
sub-S10816_ses-E21560_run-1_bp-chest_vp-ap_cr.png,0.1974250637755102
sub-S10816_ses-E21740_acq-1_run-1_bp-chest_vp-pa_dx.png,0.06786112882653061
sub-S10816_ses-E22880_run-1_bp-chest_vp-ap_cr.png,0.06712372448979592
sub-S10816_ses-E23195_run-1_bp-chest_vp-ap_cr.png,0.14485012755102042
sub-S10817_ses-E18810_run-1_bp-chest_vp-ap_dx.png,0.08998325892857142
sub-S10817_ses-E20086_run-1_bp-chest_vp-ap_dx.png,0.1900310905612245
sub-S10817_ses-E22422_run-1_bp-chest_vp-ap_dx.png,0.23582987882653061
sub-S10817_ses-E24378_acq-1_run-1_bp-chest_vp-ll_dx.png,0.18933354591836735
sub-S10817_ses-E26384_run-1_bp-chest_vp-ap_dx.png,0.19349888392857142
sub-S10819_ses-E19546_run-1_bp-chest_cr.png,0.03651147959183673
sub-S10820_ses-E23932_run-1_bp-chest_vp-pa_cr.png,0.04418447066326531
sub-S10821_ses-E18818_run-1_bp-chest_vp-ap_cr.png,0.016581632653061226
sub-S10821_ses-E19555_run-1_bp-chest_vp-ap_cr.png,0.08256935586734694
sub-S10821_ses-E20252_run-1_bp-chest_vp-ap_cr.png,0.09373007015306123
sub-S10822_ses-E18820_run-1_bp-chest_vp-ap_dx.png,0.02032844387755102
sub-S10822_ses-E19296_run-1_bp-chest_vp-pa_dx.png,0.034658003826530615
sub-S10823_ses-E18822_run-1_bp-chest_vp-ap_dx.png,0.1709781568877551
sub-S10824_ses-E18826_run-1_bp-chest_vp-ap_dx.png,0.1480389030612245
sub-S10824_ses-E21258_run-1_bp-chest_vp-ap_cr.png,0.13950892857142858
sub-S10826_ses-E18831_run-1_bp-chest_vp-pa_cr.png,0.03170838647959184
sub-S10826_ses-E21241_run-1_bp-chest_vp-pa_cr.png,0.03691007653061224
sub-S10829_ses-E18836_run-1_bp-chest_vp-ap_dx.png,0.08103475765306123
sub-S10829_ses-E22481_run-1_bp-chest_vp-ap_dx.png,0.0205078125
sub-S10829_ses-E23783_run-1_bp-chest_vp-ap_dx.png,0.03788663903061224
sub-S10829_ses-E24913_run-1_bp-chest_vp-ap_dx.png,0.11469626913265306
sub-S10830_ses-E18837_run-1_bp-chest_vp-ap_dx.png,0.012914540816326531
sub-S10830_ses-E19557_run-1_bp-chest_vp-ap_dx.png,0.09777582908163265
sub-S10830_ses-E19768_run-1_bp-chest_vp-ap_dx.png,0.1197983099489796
sub-S10832_ses-E19571_run-1_bp-chest_vp-ap_dx.png,0.07991868622448979
sub-S10833_ses-E19572_run-1_bp-chest_vp-ap_cr.png,0.028659119897959183
sub-S10834_ses-E18842_run-1_bp-chest_vp-ap_dx.png,0.011260363520408163
sub-S10834_ses-E20552_run-1_bp-chest_vp-ap_dx.png,0.23162468112244897
sub-S10834_ses-E21975_run-1_bp-chest_vp-ap_dx.png,0.023297991071428572
sub-S10834_ses-E25979_run-1_bp-chest_vp-ap_dx.png,0.15748565051020408
sub-S10834_ses-E26656_acq-1_run-1_bp-chest_cr.png,0.026526626275510203
sub-S10836_ses-E21438_run-1_bp-chest_vp-pa_dx.png,0.008071588010204082
sub-S10837_ses-E18852_run-1_bp-chest_vp-ap_cr.png,0.1714764030612245
sub-S10837_ses-E19783_run-1_bp-chest_vp-ap_cr.png,0.06592793367346939
sub-S10837_ses-E20361_run-1_bp-chest_vp-ap_cr.png,0.1973254145408163
sub-S10837_ses-E20581_run-1_bp-chest_vp-ap_cr.png,0.10688376913265306
sub-S10837_ses-E20896_run-1_bp-chest_vp-ap_cr.png,0.04709422831632653
sub-S10837_ses-E21772_run-1_bp-chest_vp-ap_dx.png,0.2744140625
sub-S10837_ses-E22114_run-1_bp-chest_vp-ap_cr.png,0.01251594387755102
sub-S10837_ses-E23244_run-1_bp-chest_vp-ap_cr.png,0.15724649234693877
sub-S10837_ses-E23965_run-1_bp-chest_vp-ap_cr.png,0.06433354591836735
sub-S10837_ses-E24409_acq-1_run-1_bp-chest_vp-pa_dx.png,0.06056680484693878
sub-S10839_ses-E18854_run-1_bp-chest_vp-ap_cr.png,0.005520567602040816
sub-S10839_ses-E20579_acq-1_run-1_bp-chest_vp-ll_dx.png,0.028659119897959183
sub-S10840_ses-E19588_run-1_bp-chest_vp-ap_dx.png,0.11471619897959184
sub-S10840_ses-E22120_run-1_bp-chest_vp-ap_cr.png,0.05644132653061224
sub-S10840_ses-E22500_run-1_bp-chest_vp-ap_cr.png,0.02198262117346939
sub-S10840_ses-E22734_run-1_bp-chest_vp-ap_dx.png,0.009845344387755101
sub-S10841_ses-E18858_run-1_bp-chest_vp-ap_cr.png,0.04141422193877551
sub-S10841_ses-E21605_run-1_bp-chest_vp-ap_cr.png,0.04627710459183673
sub-S10845_ses-E22524_run-1_bp-chest_vp-ap_cr.png,0.02220184948979592
sub-S10845_ses-E26031_run-1_bp-chest_vp-pa_cr.png,0.005361128826530612
sub-S10846_ses-E18874_run-1_bp-chest_vp-ap_dx.png,0.0068359375
sub-S10846_ses-E19348_run-1_bp-chest_vp-pa_dx.png,0.042849170918367346
sub-S10846_ses-E19789_run-1_bp-chest_vp-ap_dx.png,0.29567920918367346
sub-S10846_ses-E20567_run-1_bp-chest_vp-ap_dx.png,0.07001355229591837
sub-S10846_ses-E21075_run-1_bp-chest_vp-ap_dx.png,0.1949736926020408
sub-S10846_ses-E21289_run-1_bp-chest_vp-ap_dx.png,0.10780054209183673
sub-S10846_ses-E21455_run-1_bp-chest_vp-ap_dx.png,0.16826769770408162
sub-S10846_ses-E21762_run-1_bp-chest_vp-ap_dx.png,0.1051498724489796
sub-S10846_ses-E21987_run-1_bp-chest_vp-ap_dx.png,0.019292091836734693
sub-S10846_ses-E23537_run-1_bp-chest_vp-ap_dx.png,0.2829639668367347
sub-S10846_ses-E24438_run-1_bp-chest_vp-ap_dx.png,0.05078125
sub-S10846_ses-E24650_run-1_bp-chest_vp-ap_dx.png,0.14130261479591838
sub-S10846_ses-E26028_run-1_bp-chest_vp-ap_dx.png,0.06457270408163265
sub-S10846_ses-E26263_run-1_bp-chest_vp-ap_dx.png,0.025928730867346938
sub-S10846_ses-E26443_run-1_bp-chest_vp-ap_dx.png,0.1552136479591837
sub-S10847_ses-E20569_run-1_bp-chest_vp-pa_cr.png,0.09456712372448979
sub-S10847_ses-E21456_run-1_bp-chest_vp-ap_cr.png,0.09404894770408163
sub-S10847_ses-E22130_run-1_bp-chest_vp-ap_cr.png,0.16117267219387754
sub-S10847_ses-E23087_run-1_bp-chest_vp-ap_cr.png,0.20071348852040816
sub-S10847_ses-E24245_run-1_bp-chest_vp-ap_cr.png,0.10190130739795919
sub-S10847_ses-E26444_run-1_bp-chest_vp-ap_cr.png,0.17478475765306123
sub-S10847_ses-E26533_run-1_bp-chest_vp-ap_dx.png,0.02405532525510204
sub-S10850_ses-E18879_run-1_bp-chest_vp-ap_dx.png,0.06196189413265306
sub-S10850_ses-E21078_run-1_bp-chest_vp-ap_cr.png,0.04613759566326531
sub-S10851_ses-E18880_run-1_bp-chest_vp-ap_dx.png,0.13863201530612246
sub-S10851_ses-E19357_run-1_bp-chest_cr.png,0.26315369897959184
sub-S10851_ses-E19362_run-1_bp-chest_vp-ap_dx.png,0.28926179846938777
sub-S10851_ses-E19619_run-1_bp-chest_cr.png,0.21119658801020408
sub-S10851_ses-E19801_run-1_bp-chest_cr.png,0.25332828443877553
sub-S10851_ses-E20261_run-1_bp-chest_vp-ap_dx.png,0.2250079719387755
sub-S10851_ses-E21792_run-1_bp-chest_vp-ap_dx.png,0.17271205357142858
sub-S10851_ses-E22141_run-1_bp-chest_vp-ap_dx.png,0.2023875956632653
sub-S10851_ses-E22779_run-1_bp-chest_vp-ap_dx.png,0.24906329719387754
sub-S10851_ses-E23252_run-1_bp-chest_vp-ap_dx.png,0.17173549107142858
sub-S10852_ses-E21462_run-1_bp-chest_vp-ap_cr.png,0.02574936224489796
sub-S10853_ses-E18885_run-1_bp-chest_vp-ap_cr.png,0.0223812181122449
sub-S10855_ses-E18889_run-1_bp-chest_vp-ap_dx.png,0.06491151147959184
sub-S10855_ses-E20911_run-1_bp-chest_vp-ap_dx.png,0.13787468112244897
sub-S10855_ses-E21631_run-1_bp-chest_vp-ap_dx.png,0.05678013392857143
sub-S10855_ses-E23997_run-1_bp-chest_vp-ap_dx.png,0.16912468112244897
sub-S10855_ses-E24456_run-1_bp-chest_dx.png,0.010542889030612245
sub-S10857_ses-E22554_run-1_bp-chest_vp-pa_dx.png,0.06973453443877552
sub-S10858_ses-E18893_run-1_bp-chest_vp-ap_dx.png,0.24876434948979592
sub-S10858_ses-E20782_run-1_bp-chest_vp-pa_cr.png,0.029336734693877552
sub-S10858_ses-E21096_run-1_bp-chest_vp-ap_dx.png,0.24687101403061223
sub-S10858_ses-E22144_run-1_bp-chest_vp-ap_dx.png,0.04811065051020408
sub-S10858_ses-E23581_run-1_bp-chest_vp-ap_dx.png,0.2395966198979592
sub-S10858_ses-E26049_run-1_bp-chest_vp-ap_dx.png,0.22000558035714285
sub-S10859_ses-E21099_acq-1_run-1_bp-chest_vp-pa_dx.png,0.01420998086734694
sub-S10860_ses-E18895_run-1_bp-chest_vp-pa_dx.png,0.06323740433673469
sub-S10861_ses-E18896_run-1_bp-chest_vp-ap_dx.png,0.05678013392857143
sub-S10861_ses-E19631_acq-1_run-1_bp-chest_vp-pa_dx.png,0.01779735331632653
sub-S10862_ses-E18899_acq-1_run-1_bp-chest_vp-ll_dx.png,0.09474649234693877
sub-S10865_ses-E24465_run-1_bp-chest_vp-pa_dx.png,0.08440290178571429
sub-S10865_ses-E26287_run-1_bp-chest_vp-ap_dx.png,0.04791135204081633
sub-S10868_ses-E25364_run-1_bp-chest_vp-pa_cr.png,0.08033721301020408
sub-S10869_ses-E18911_run-1_bp-chest_vp-ap_dx.png,0.16075414540816327
sub-S10869_ses-E21481_run-1_bp-chest_vp-ap_cr.png,0.1847297512755102
sub-S10870_ses-E18913_run-1_bp-chest_vp-ap_dx.png,0.1793486926020408
sub-S10870_ses-E20927_run-1_bp-chest_vp-ap_dx.png,0.05807557397959184
sub-S10871_ses-E20162_run-1_bp-chest_vp-pa_cr.png,0.010622608418367346
sub-S10874_ses-E18919_run-1_bp-chest_vp-ap_dx.png,0.041015625
sub-S10874_ses-E22567_acq-2_run-1_bp-chest_vp-ap_dx.png,0.0382453762755102
sub-S10874_ses-E23274_run-1_bp-chest_vp-ap_dx.png,0.029017857142857144
sub-S10875_ses-E18921_run-1_bp-chest_vp-ap_dx.png,0.02792171556122449
sub-S10877_ses-E19400_run-1_bp-chest_vp-ap_cr.png,0.11609135841836735
sub-S10877_ses-E21133_run-1_bp-chest_vp-ap_cr.png,0.0787826849489796
sub-S10877_ses-E24678_acq-1_run-1_bp-chest_vp-ll_dx.png,0.08679448341836735
sub-S10879_ses-E18930_run-1_bp-chest_vp-ap_dx.png,0.20250717474489796
sub-S10879_ses-E19114_run-1_bp-chest_vp-ap_dx.png,0.20705117984693877
sub-S10879_ses-E19406_run-1_bp-chest_vp-ap_dx.png,0.20442044005102042
sub-S10879_ses-E19662_run-1_bp-chest_vp-ap_dx.png,0.16944355867346939
sub-S10879_ses-E19823_run-1_bp-chest_vp-ap_dx.png,0.21055883290816327
sub-S10879_ses-E20183_run-1_bp-chest_vp-ap_dx.png,0.21902901785714285
sub-S10879_ses-E21141_run-1_bp-chest_vp-ap_dx.png,0.19706632653061223
sub-S10879_ses-E25187_run-1_bp-chest_vp-pa_dx.png,0.13420758928571427
sub-S10879_ses-E25768_run-1_bp-chest_vp-ap_dx.png,0.21269132653061223
sub-S10880_ses-E18932_run-1_bp-chest_vp-ap_dx.png,0.1371173469387755
sub-S10881_ses-E18933_run-1_bp-chest_vp-ap_dx.png,0.01403061224489796
sub-S10882_ses-E18934_run-1_bp-chest_vp-ap_cr.png,0.24196827168367346
sub-S10882_ses-E18937_run-1_bp-chest_vp-ap_cr.png,0.23196348852040816
sub-S10882_ses-E19405_run-2_bp-chest_vp-pa_cr.png,0.294124681122449
sub-S10882_ses-E21344_run-1_bp-chest_vp-ap_cr.png,0.22327407525510204
sub-S10882_ses-E21824_run-1_bp-chest_vp-ap_cr.png,0.16392299107142858
sub-S10882_ses-E21826_run-1_bp-chest_vp-ap_cr.png,0.2522720025510204
sub-S10882_ses-E25384_run-1_bp-chest_vp-ap_cr.png,0.2041015625
sub-S10882_ses-E26305_acq-1_run-1_bp-chest_vp-pa_dx.png,0.055943080357142856
sub-S10883_ses-E19992_run-1_bp-chest_vp-ap_cr.png,0.006596779336734694
sub-S10885_ses-E18943_run-1_bp-chest_vp-ap_dx.png,0.12169164540816327
sub-S10886_ses-E21153_run-1_bp-chest_vp-ap_dx.png,0.006138392857142857
sub-S10887_ses-E18949_run-1_bp-chest_vp-ap_dx.png,0.1533203125
sub-S10887_ses-E20670_run-1_bp-chest_vp-ap_dx.png,0.08956473214285714
sub-S10888_ses-E20665_run-1_bp-chest_vp-ap_cr.png,0.09404894770408163
sub-S10888_ses-E20943_run-1_bp-chest_vp-ap_cr.png,0.16786910076530612
sub-S10888_ses-E22601_run-1_bp-chest_vp-ap_cr.png,0.1437938456632653
sub-S10888_ses-E22789_run-1_bp-chest_vp-ap_cr.png,0.1605548469387755
sub-S10888_ses-E24077_run-1_bp-chest_vp-ap_cr.png,0.01305404974489796
sub-S10890_ses-E18954_run-1_bp-chest_vp-pa_cr.png,0.11509486607142858
sub-S10890_ses-E19671_run-1_bp-chest_vp-pa_cr.png,0.17350924744897958
sub-S10891_ses-E18955_run-1_bp-chest_vp-ap_dx.png,0.016222895408163265
sub-S10891_ses-E19125_run-1_bp-chest_vp-ap_dx.png,0.023636798469387755
sub-S10891_ses-E21353_run-1_bp-chest_vp-ap_dx.png,0.009705835459183673
sub-S10892_ses-E18957_run-1_bp-chest_vp-ap_cr.png,0.033860809948979595
sub-S10893_ses-E23329_run-1_bp-chest_vp-ap_cr.png,0.021185427295918366
sub-S10895_ses-E18964_run-1_bp-chest_vp-ap_dx.png,0.014907525510204082
sub-S10895_ses-E19679_run-1_bp-chest_vp-ap_dx.png,0.06947544642857142
sub-S10895_ses-E20011_run-1_bp-chest_vp-ap_cr.png,0.11963887117346939
sub-S10895_ses-E21669_run-1_bp-chest_vp-ap_dx.png,0.05002391581632653
sub-S10896_ses-E18965_run-1_bp-chest_vp-ap_cr.png,0.024115114795918366
sub-S10896_ses-E19694_run-1_bp-chest_vp-ap_dx.png,0.1339485012755102
sub-S10896_ses-E22622_run-1_bp-chest_vp-ap_cr.png,0.06628667091836735
sub-S10896_ses-E26129_run-1_bp-chest_vp-ap_cr.png,0.036431760204081634
sub-S10897_ses-E18966_run-1_bp-chest_vp-ap_dx.png,0.03419961734693878
sub-S10897_ses-E21501_run-1_bp-chest_vp-pa_dx.png,0.10530931122448979
sub-S10898_ses-E24102_run-1_bp-chest_vp-pa_cr.png,0.02841996173469388
sub-S10899_ses-E18969_run-1_bp-chest_vp-pa_dx.png,0.07248485331632654
sub-S10899_ses-E21364_run-1_bp-chest_vp-ap_dx.png,0.09273357780612244
sub-S10899_ses-E23132_run-1_bp-chest_vp-pa_cr.png,0.0607063137755102
sub-S10900_ses-E18970_run-1_bp-chest_vp-ap_cr.png,0.12137276785714286
sub-S10900_ses-E19135_run-1_bp-chest_vp-ap_cr.png,0.020467952806122448
sub-S10900_ses-E19685_run-1_bp-chest_vp-ap_cr.png,0.21247209821428573
sub-S10900_ses-E20287_run-1_bp-chest_vp-ap_cr.png,0.2116749043367347
sub-S10900_ses-E20941_run-1_bp-chest_vp-pa_cr.png,0.29781170280612246
sub-S10900_ses-E22043_run-1_bp-chest_vp-ap_cr.png,0.10465162627551021
sub-S10900_ses-E22811_run-1_bp-chest_vp-ap_cr.png,0.20772879464285715
sub-S10900_ses-E22994_run-1_bp-chest_vp-ap_cr.png,0.19437579719387754
sub-S10903_ses-E19149_run-1_bp-chest_vp-ap_dx.png,0.1341876594387755
sub-S10903_ses-E19445_run-1_bp-chest_vp-ap_dx.png,0.12705277423469388
sub-S10903_ses-E20697_run-1_bp-chest_vp-ap_cr.png,0.015963807397959183
sub-S10903_ses-E21176_run-1_bp-chest_vp-ap_dx.png,0.043048469387755105
sub-S10903_ses-E24522_run-1_bp-chest_vp-pa_dx.png,0.02076690051020408
sub-S10905_ses-E18984_run-1_bp-chest_vp-ap_dx.png,0.06401466836734694
sub-S10905_ses-E22625_run-1_bp-chest_vp-ap_cr.png,0.027582908163265307
sub-S10905_ses-E25423_run-1_bp-chest_vp-ap_dx.png,0.06612723214285714
sub-S10905_ses-E26164_run-1_bp-chest_vp-ap_dx.png,0.2156608737244898
sub-S10906_ses-E21380_run-1_bp-chest_cr.png,0.0684390943877551
sub-S10909_ses-E19004_acq-1_run-1_bp-chest_vp-pa_dx.png,0.032525510204081634
sub-S10912_ses-E19008_acq-1_run-1_bp-chest_vp-pa_dx.png,0.011858258928571428
sub-S10913_ses-E19010_run-1_bp-chest_vp-ap_dx.png,0.010024713010204082
sub-S10914_ses-E19727_run-1_bp-chest_vp-ap_cr.png,0.14024633290816327
sub-S10914_ses-E20993_run-1_bp-chest_vp-pa_cr.png,0.13271285076530612
sub-S10916_ses-E19017_run-1_bp-chest_vp-ap_dx.png,0.04805086096938776
sub-S10916_ses-E23034_run-1_bp-chest_vp-ap_cr.png,0.13661910076530612
sub-S10918_ses-E21234_run-1_bp-chest_vp-pa_cr.png,0.06459263392857142
sub-S10921_ses-E19029_run-1_bp-chest_vp-pa_cr.png,0.06544961734693877
sub-S10923_ses-E22882_run-1_bp-chest_vp-ap_dx.png,0.05357142857142857
sub-S10923_ses-E23198_run-1_bp-chest_vp-ap_dx.png,0.018973214285714284
sub-S10924_ses-E19047_run-1_bp-chest_vp-ap_cr.png,0.05703922193877551
sub-S10926_ses-E19755_run-1_bp-chest_cr.png,0.13317123724489796
sub-S10926_ses-E20527_run-1_bp-chest_cr.png,0.13450653698979592
sub-S10926_ses-E21260_run-1_bp-chest_cr.png,0.11581234056122448
sub-S10926_ses-E22464_run-1_bp-chest_cr.png,0.13303172831632654
sub-S10926_ses-E23474_run-1_bp-chest_cr.png,0.1825573979591837
sub-S10926_ses-E25953_run-1_bp-chest_cr.png,0.1356823979591837
sub-S10927_ses-E19053_run-1_bp-chest_vp-ap_dx.png,0.19983657525510204
sub-S10927_ses-E19308_run-1_bp-chest_vp-pa_dx.png,0.19092793367346939
sub-S10927_ses-E22912_run-1_bp-chest_vp-ap_dx.png,0.15613042091836735
sub-S10928_ses-E19054_run-1_bp-chest_vp-ap_dx.png,0.1387316645408163
sub-S10928_ses-E20543_run-1_bp-chest_vp-ap_cr.png,0.16053491709183673
sub-S10928_ses-E21046_run-1_bp-chest_vp-ap_cr.png,0.16896524234693877
sub-S10928_ses-E21594_run-1_bp-chest_vp-ap_cr.png,0.0914779974489796
sub-S10928_ses-E23222_run-1_bp-chest_vp-ap_dx.png,0.13911033163265307
sub-S10929_ses-E19055_run-1_bp-chest_vp-ap_dx.png,0.18040497448979592
sub-S10929_ses-E21591_run-1_bp-chest_vp-ap_dx.png,0.18708147321428573
sub-S10929_ses-E22275_run-1_bp-chest_vp-ap_dx.png,0.15425701530612246
sub-S10929_ses-E22910_run-1_bp-chest_vp-ap_dx.png,0.18421157525510204
sub-S10929_ses-E23229_run-1_bp-chest_vp-ap_dx.png,0.25843032525510207
sub-S10930_ses-E19057_run-1_bp-chest_vp-ap_dx.png,0.12713249362244897
sub-S10930_ses-E22261_acq-1_run-1_bp-chest_vp-pa_dx.png,0.021444515306122448
sub-S10932_ses-E20254_run-1_bp-chest_vp-ap_dx.png,0.15579161352040816
sub-S10932_ses-E21971_run-1_bp-chest_vp-ap_dx.png,0.07575334821428571
sub-S10932_ses-E22112_run-1_bp-chest_vp-ap_dx.png,0.10333625637755102
sub-S10932_ses-E22902_run-1_bp-chest_vp-ap_dx.png,0.08364556760204081
sub-S10935_ses-E22512_run-1_bp-chest_vp-ap_cr.png,0.18415178571428573
sub-S10935_ses-E25995_acq-1_run-1_bp-chest_vp-pa_dx.png,0.049107142857142856
sub-S10936_ses-E19080_run-1_bp-chest_vp-ap_cr.png,0.032505580357142856
sub-S10936_ses-E20136_run-1_bp-chest_vp-pa_cr.png,0.04565927933673469
sub-S10938_ses-E19098_run-1_bp-chest_vp-pa_dx.png,0.022480867346938774
sub-S10940_ses-E21094_run-1_bp-chest_vp-pa_dx.png,0.05347177933673469
sub-S10941_ses-E23605_run-1_bp-chest_vp-pa_dx.png,0.10684390943877552
sub-S10942_ses-E19103_run-1_bp-chest_vp-ap_cr.png,0.11503507653061225
sub-S10942_ses-E21650_run-1_bp-chest_vp-ap_cr.png,0.1328722895408163
sub-S10944_ses-E19105_run-1_bp-chest_vp-ap_cr.png,0.16386320153061223
sub-S10944_ses-E19397_run-1_bp-chest_vp-pa_cr.png,0.17400749362244897
sub-S10944_ses-E20633_run-1_bp-chest_vp-pa_cr.png,0.14773995535714285
sub-S10944_ses-E21819_run-1_bp-chest_vp-ap_cr.png,0.1339485012755102
sub-S10944_ses-E24060_run-1_bp-chest_vp-ap_cr.png,0.16761001275510204
sub-S10944_ses-E24834_run-1_bp-chest_vp-pa_cr.png,0.061822385204081634
sub-S10944_ses-E25379_run-1_bp-chest_vp-ap_cr.png,0.15794403698979592
sub-S10945_ses-E19111_run-1_bp-chest_vp-ap_dx.png,0.22456951530612246
sub-S10945_ses-E19634_run-1_bp-chest_vp-ap_dx.png,0.1846301020408163
sub-S10945_ses-E19806_run-1_bp-chest_vp-ap_cr.png,0.15322066326530612
sub-S10945_ses-E21797_run-1_bp-chest_vp-ap_dx.png,0.21693638392857142
sub-S10945_ses-E23721_run-1_bp-chest_vp-ap_dx.png,0.15949856505102042
sub-S10946_ses-E19112_run-1_bp-chest_vp-pa_dx.png,0.0673828125
sub-S10946_ses-E22947_run-1_bp-chest_vp-ap_dx.png,0.0594108737244898
sub-S10948_ses-E21491_acq-1_run-1_bp-chest_vp-pa_dx.png,0.01349250637755102
sub-S10948_ses-E22584_run-1_bp-chest_vp-ap_cr.png,0.08541932397959184
sub-S10949_ses-E19118_run-1_bp-chest_vp-ap_cr.png,0.09508529974489796
sub-S10949_ses-E22986_run-1_bp-chest_vp-ap_cr.png,0.07565369897959184
sub-S10949_ses-E23309_run-1_bp-chest_vp-ap_cr.png,0.11676897321428571
sub-S10950_ses-E22788_run-1_bp-chest_vp-ap_dx.png,0.044064891581632654
sub-S10951_ses-E19131_run-1_bp-chest_vp-pa_cr.png,0.020567602040816327
sub-S10952_ses-E19134_run-1_bp-chest_vp-pa_dx.png,0.25235172193877553
sub-S10955_ses-E19144_run-1_bp-chest_vp-pa_cr.png,0.01167889030612245
sub-S10955_ses-E20690_run-1_bp-chest_vp-pa_cr.png,0.16310586734693877
sub-S10955_ses-E24114_run-1_bp-chest_vp-pa_cr.png,0.13307158801020408
sub-S10955_ses-E25419_run-1_bp-chest_vp-ap_cr.png,0.10287786989795919
sub-S10955_ses-E26131_run-1_bp-chest_vp-pa_cr.png,0.15654894770408162
sub-S10957_ses-E19147_run-1_bp-chest_vp-pa_dx.png,0.022999043367346938
sub-S10960_ses-E19163_run-1_bp-chest_vp-ap_dx.png,0.16689253826530612
sub-S10961_ses-E19165_run-1_bp-chest_vp-ap_cr.png,0.016761001275510203
sub-S10961_ses-E22851_run-1_bp-chest_vp-ap_cr.png,0.010184151785714286
sub-S10965_ses-E19178_run-1_bp-chest_vp-ap_cr.png,0.028958067602040817
sub-S10965_ses-E21874_run-1_bp-chest_vp-ap_dx.png,0.19846141581632654
sub-S10965_ses-E22246_run-3_bp-chest_vp-ap_dx.png,0.05231584821428571
sub-S10969_ses-E19192_acq-1_run-1_bp-chest_vp-pa_cr.png,0.07828443877551021
sub-S10969_ses-E22122_run-1_bp-chest_vp-ap_dx.png,0.0264469068877551
sub-S10969_ses-E24165_run-1_bp-chest_vp-pa_dx.png,0.1364795918367347
sub-S10969_ses-E24440_run-1_bp-chest_vp-ap_dx.png,0.19078842474489796
sub-S10969_ses-E24847_run-1_bp-chest_vp-pa_dx.png,0.06658561862244898
sub-S10969_ses-E24927_run-1_bp-chest_vp-ap_dx.png,0.23353794642857142
sub-S10969_ses-E24928_run-1_bp-chest_vp-ap_dx.png,0.2291533801020408
sub-S10972_ses-E19196_run-1_bp-chest_vp-ap_dx.png,0.0973373724489796
sub-S10972_ses-E20776_run-1_bp-chest_vp-ap_dx.png,0.0418327487244898
sub-S10972_ses-E22945_run-1_bp-chest_vp-ap_dx.png,0.00408561862244898
sub-S10974_ses-E25711_run-1_bp-chest_vp-pa_cr.png,0.07850366709183673
sub-S10976_ses-E22158_run-1_bp-chest_vp-ap_dx.png,0.0272640306122449
sub-S10977_ses-E22762_run-1_bp-chest_vp-ap_cr.png,0.04430404974489796
sub-S10977_ses-E22952_run-1_bp-chest_vp-ap_dx.png,0.10704320790816327
sub-S10977_ses-E26727_run-1_bp-chest_vp-pa_cr.png,0.013691804846938776
sub-S10978_ses-E19215_run-1_bp-chest_cr.png,0.01895328443877551
sub-S10980_ses-E19221_run-1_bp-chest_vp-ap_cr.png,0.22000558035714285
sub-S10980_ses-E20964_run-1_bp-chest_vp-ap_dx.png,0.18191964285714285
sub-S10980_ses-E22361_run-1_bp-chest_vp-ap_dx.png,0.21063855229591838
sub-S10981_ses-E20974_run-1_bp-chest_vp-ap_dx.png,0.020308514030612245
sub-S10982_ses-E19227_acq-2_run-1_bp-chest_vp-ap_dx.png,0.10973373724489796
sub-S10982_ses-E20444_run-1_bp-chest_vp-ap_dx.png,0.07563376913265306
sub-S10983_ses-E19228_run-1_bp-chest_vp-pa_cr.png,0.10505022321428571
sub-S10983_ses-E19861_run-1_bp-chest_vp-pa_cr.png,0.19110730229591838
sub-S10983_ses-E20047_run-1_bp-chest_vp-pa_cr.png,0.15122767857142858
sub-S10985_ses-E19862_run-1_bp-chest_vp-ap_cr.png,0.013691804846938776
sub-S10987_ses-E26216_run-1_bp-chest_vp-pa_dx.png,0.021683673469387755
sub-S10988_ses-E20982_run-1_bp-chest_vp-pa_dx.png,0.03728874362244898
sub-S10989_ses-E20454_run-1_bp-chest_vp-pa_cr.png,0.14616549744897958
sub-S10989_ses-E24322_run-1_bp-chest_vp-ap_cr.png,0.10325653698979592
sub-S10992_ses-E19242_run-1_bp-chest_vp-ap_dx.png,0.054587850765306124
sub-S10993_ses-E19244_run-1_bp-chest_vp-ap_dx.png,0.05913185586734694
sub-S10993_ses-E22416_run-1_bp-chest_vp-ap_dx.png,0.07266422193877552
sub-S10996_ses-E26370_run-1_bp-chest_vp-pa_cr.png,0.06497130102040816
sub-S10998_ses-E24341_acq-1_run-1_bp-chest_vp-ll_dx.png,0.006277901785714286
sub-S10999_ses-E19255_run-1_bp-chest_cr.png,0.1384327168367347
sub-S10999_ses-E19733_run-1_bp-chest_vp-ap_dx.png,0.1484972895408163
sub-S10999_ses-E23428_acq-1_run-1_bp-chest_vp-ap_dx.png,0.15192522321428573
sub-S11000_ses-E19258_run-1_bp-chest_vp-ap_dx.png,0.024832589285714284
sub-S11000_ses-E21029_run-1_bp-chest_vp-ap_dx.png,0.05963010204081633
sub-S11000_ses-E24597_run-1_bp-chest_vp-pa_dx.png,0.01092155612244898
sub-S11001_ses-E19260_run-1_bp-chest_vp-ap_dx.png,0.06353635204081633
sub-S11001_ses-E20487_run-1_bp-chest_vp-ap_dx.png,0.016143176020408163
sub-S11001_ses-E24214_run-1_bp-chest_vp-ap_dx.png,0.030951052295918366
sub-S11002_ses-E19261_run-1_bp-chest_vp-ap_cr.png,0.01620296556122449
sub-S11002_ses-E24586_run-1_bp-chest_vp-ap_cr.png,0.10204081632653061
sub-S11003_ses-E19262_run-1_bp-chest_vp-ap_dx.png,0.04203204719387755
sub-S11005_ses-E19264_run-1_bp-chest_vp-ap_dx.png,0.03142936862244898
sub-S11005_ses-E23441_run-1_bp-chest_vp-ap_dx.png,0.01207748724489796
sub-S11005_ses-E23902_run-1_bp-chest_vp-pa_cr.png,0.00821109693877551
sub-S11005_ses-E25046_run-1_bp-chest_vp-ap_dx.png,0.04978475765306122
sub-S11005_ses-E26365_run-1_bp-chest_vp-ap_dx.png,0.03224649234693878
sub-S11007_ses-E19270_run-1_bp-chest_vp-pa_cr.png,0.17057955994897958
sub-S11007_ses-E19895_run-1_bp-chest_vp-ap_cr.png,0.20651307397959184
sub-S11007_ses-E20730_run-1_bp-chest_vp-pa_dx.png,0.051678093112244895
sub-S11008_ses-E19275_run-1_bp-chest_vp-ap_cr.png,0.017199457908163265
sub-S11008_ses-E19545_run-1_bp-chest_vp-ap_cr.png,0.028838488520408163
sub-S11008_ses-E19901_run-1_bp-chest_vp-ap_cr.png,0.02285953443877551
sub-S11009_ses-E19277_run-1_bp-chest_vp-ap_dx.png,0.07051179846938775
sub-S11009_ses-E20518_run-1_bp-chest_vp-ap_dx.png,0.1842315051020408
sub-S11009_ses-E25923_run-1_bp-chest_vp-ap_cr.png,0.07435825892857142
sub-S11010_ses-E19279_run-1_bp-chest_vp-ap_cr.png,0.07035235969387756
sub-S11010_ses-E22438_run-1_bp-chest_vp-ap_dx.png,0.12398357780612244
sub-S11010_ses-E24364_run-1_bp-chest_vp-ap_cr.png,0.04765226403061224
sub-S11011_ses-E19752_run-1_bp-chest_vp-ap_dx.png,0.1485969387755102
sub-S11012_ses-E19285_run-1_bp-chest_vp-ap_cr.png,0.13221460459183673
sub-S11012_ses-E25064_run-1_bp-chest_vp-ap_cr.png,0.18476961096938777
sub-S11013_ses-E19286_run-1_bp-chest_vp-pa_cr.png,0.16320551658163265
sub-S11013_ses-E22443_run-1_bp-chest_vp-pa_cr.png,0.017558195153061226
sub-S11014_ses-E19289_run-2_bp-chest_vp-ap_dx.png,0.21018016581632654
sub-S11014_ses-E25943_run-2_bp-chest_vp-ap_cr.png,0.2394969706632653
sub-S11015_ses-E19291_acq-1_run-1_bp-chest_vp-ll_dx.png,0.01287468112244898
sub-S11016_ses-E19293_run-2_bp-chest_vp-ap_dx.png,0.1649593431122449
sub-S11016_ses-E20525_run-2_bp-chest_vp-ap_dx.png,0.11148756377551021
sub-S11016_ses-E25955_run-1_bp-chest_vp-ap_cr.png,0.04771205357142857
sub-S11017_ses-E19294_run-1_bp-chest_vp-pa_cr.png,0.024135044642857144
sub-S11018_ses-E19295_run-1_bp-chest_vp-pa_cr.png,0.13839285714285715
sub-S11018_ses-E25636_run-1_bp-chest_vp-pa_cr.png,0.08695392219387756
sub-S11020_ses-E19300_run-1_bp-chest_vp-ap_dx.png,0.22741948341836735
sub-S11020_ses-E24603_acq-1_run-1_bp-chest_vp-pa_dx.png,0.13685825892857142
sub-S11021_ses-E22493_run-1_bp-chest_vp-ap_cr.png,0.1931999362244898
sub-S11022_ses-E19309_run-1_bp-chest_vp-ap_cr.png,0.17755500637755103
sub-S11022_ses-E19762_run-1_bp-chest_vp-pa_cr.png,0.07832429846938775
sub-S11022_ses-E25642_run-1_bp-chest_vp-ap_cr.png,0.18437101403061223
sub-S11023_ses-E19312_run-1_bp-chest_vp-ap_cr.png,0.03892299107142857
sub-S11023_ses-E23943_acq-1_run-1_bp-chest_vp-pa_dx.png,0.06224091198979592
sub-S11023_ses-E25971_run-1_bp-chest_vp-ap_cr.png,0.05325255102040816
sub-S11024_ses-E19317_run-1_bp-chest_vp-ap_dx.png,0.05235570790816327
sub-S11025_ses-E19318_run-1_bp-chest_vp-ap_cr.png,0.193359375
sub-S11025_ses-E19579_run-1_bp-chest_vp-ap_cr.png,0.14548788265306123
sub-S11025_ses-E19926_run-1_bp-chest_vp-ap_cr.png,0.1494937818877551
sub-S11025_ses-E20122_run-1_bp-chest_vp-ap_cr.png,0.14180086096938777
sub-S11025_ses-E21274_run-1_bp-chest_vp-ap_cr.png,0.10903619260204081
sub-S11025_ses-E22486_run-1_bp-chest_vp-ap_cr.png,0.07302295918367346
sub-S11025_ses-E22723_run-1_bp-chest_vp-ap_cr.png,0.1526825573979592
sub-S11025_ses-E25664_acq-1_run-1_bp-chest_vp-ll_dx.png,0.09542410714285714
sub-S11025_ses-E25989_run-1_bp-chest_vp-ap_cr.png,0.1851482780612245
sub-S11026_ses-E19319_run-1_bp-chest_vp-ap_dx.png,0.06176259566326531
sub-S11026_ses-E24420_acq-1_run-1_bp-chest_vp-ll_dx.png,0.020487882653061226
sub-S11027_ses-E19325_run-1_bp-chest_vp-ap_cr.png,0.08761160714285714
sub-S11028_ses-E19326_run-1_bp-chest_vp-pa_cr.png,0.11700813137755102
sub-S11028_ses-E26282_run-1_bp-chest_vp-pa_cr.png,0.06353635204081633
sub-S11030_ses-E19328_run-1_bp-chest_vp-pa_cr.png,0.02919722576530612
sub-S11030_ses-E24787_run-1_bp-chest_vp-pa_dx.png,0.13542330994897958
sub-S11030_ses-E25328_run-1_bp-chest_vp-ap_cr.png,0.14871651785714285
sub-S11031_ses-E19329_run-1_bp-chest_vp-pa_cr.png,0.19011080994897958
sub-S11033_ses-E23975_acq-1_run-1_bp-chest_vp-ll_dx.png,0.0372688137755102
sub-S11034_ses-E22505_run-1_bp-chest_vp-ap_dx.png,0.01823580994897959
sub-S11035_ses-E19338_run-1_bp-chest_vp-pa_cr.png,0.04653619260204082
sub-S11035_ses-E19592_run-1_bp-chest_vp-ap_cr.png,0.08103475765306123
sub-S11035_ses-E20157_run-1_bp-chest_vp-ap_cr.png,0.19842155612244897
sub-S11035_ses-E21063_run-1_bp-chest_vp-ap_cr.png,0.09753667091836735
sub-S11036_ses-E19341_run-1_bp-chest_vp-ap_cr.png,0.03356186224489796
sub-S11036_ses-E26024_run-1_bp-chest_vp-ap_cr.png,0.03481744260204082
sub-S11038_ses-E19343_run-1_bp-chest_vp-ap_cr.png,0.12071508290816327
sub-S11038_ses-E24649_run-1_bp-chest_vp-pa_dx.png,0.027044802295918366
sub-S11040_ses-E19346_run-1_bp-chest_vp-ap_dx.png,0.0489875637755102
sub-S11040_ses-E21083_run-1_bp-chest_vp-ap_dx.png,0.07635124362244898
sub-S11040_ses-E24646_run-1_bp-chest_vp-pa_dx.png,0.033203125
sub-S11041_ses-E19347_run-1_bp-chest_vp-ap_dx.png,0.12551817602040816
sub-S11041_ses-E20369_run-1_bp-chest_vp-ap_cr.png,0.02206234056122449
sub-S11041_ses-E21077_run-1_bp-chest_vp-ap_cr.png,0.12796954719387754
sub-S11041_ses-E21623_run-1_bp-chest_vp-ap_cr.png,0.10018734056122448
sub-S11041_ses-E21764_run-1_bp-chest_vp-ap_dx.png,0.14865672831632654
sub-S11041_ses-E22939_run-1_bp-chest_vp-ap_cr.png,0.06056680484693878
sub-S11041_ses-E23266_run-1_bp-chest_vp-ap_cr.png,0.11278300382653061
sub-S11042_ses-E19349_run-1_bp-chest_vp-ap_cr.png,0.17582110969387754
sub-S11042_ses-E22520_run-1_bp-chest_vp-ap_cr.png,0.02646683673469388
sub-S11043_ses-E19354_run-1_bp-chest_vp-ap_cr.png,0.01558514030612245
sub-S11044_ses-E21465_run-1_bp-chest_vp-ap_dx.png,0.019650829081632654
sub-S11044_ses-E22534_run-1_bp-chest_vp-ap_dx.png,0.04739317602040816
sub-S11045_ses-E19358_acq-2_run-1_bp-chest_vp-pa_dx.png,0.022122130102040817
sub-S11045_ses-E19628_run-1_bp-chest_vp-ap_cr.png,0.011200573979591837
sub-S11046_ses-E19361_run-1_bp-chest_vp-ap_cr.png,0.04241071428571429
sub-S11046_ses-E25705_acq-1_run-1_bp-chest_vp-pa_dx.png,0.0077128507653061226
sub-S11047_ses-E19363_run-1_bp-chest_vp-ap_dx.png,0.07393973214285714
sub-S11047_ses-E20599_run-1_bp-chest_vp-ap_cr.png,0.17998644770408162
sub-S11047_ses-E21448_run-1_bp-chest_vp-ap_dx.png,0.21165497448979592
sub-S11047_ses-E22538_run-1_bp-chest_vp-ap_dx.png,0.26915258290816324
sub-S11048_ses-E19364_run-1_bp-chest_vp-ap_cr.png,0.030034279336734693
sub-S11048_ses-E25358_acq-1_run-1_bp-chest_vp-pa_dx.png,0.10018734056122448
sub-S11051_ses-E19370_run-1_bp-chest_vp-ap_cr.png,0.08286830357142858
sub-S11051_ses-E23544_run-1_bp-chest_vp-ap_dx.png,0.042291135204081634
sub-S11052_ses-E21101_run-1_bp-chest_vp-ap_dx.png,0.058912627551020405
sub-S11052_ses-E24020_run-1_bp-chest_vp-ap_cr.png,0.2573939732142857
sub-S11052_ses-E25151_acq-2_run-1_bp-chest_vp-ap_dx.png,0.15296157525510204
sub-S11053_ses-E19372_run-1_bp-chest_vp-pa_cr.png,0.16844706632653061
sub-S11053_ses-E25372_run-1_bp-chest_vp-ap_cr.png,0.1728515625
sub-S11054_ses-E19373_run-1_bp-chest_vp-pa_dx.png,0.058892697704081634
sub-S11055_ses-E19374_run-1_bp-chest_vp-pa_cr.png,0.03868383290816327
sub-S11056_ses-E19375_run-1_bp-chest_vp-ap_cr.png,0.12870695153061223
sub-S11056_ses-E21325_run-1_bp-chest_vp-ap_cr.png,0.31544961734693877
sub-S11056_ses-E22142_run-1_bp-chest_vp-ap_cr.png,0.0185546875
sub-S11056_ses-E22557_run-1_bp-chest_vp-ap_dx.png,0.023158482142857144
sub-S11056_ses-E23287_run-2_bp-chest_vp-ap_dx.png,0.14134247448979592
sub-S11056_ses-E24030_run-1_bp-chest_vp-ap_dx.png,0.13626036352040816
sub-S11056_ses-E26058_run-1_bp-chest_vp-ap_cr.png,0.12037627551020408
sub-S11056_ses-E26467_run-1_bp-chest_vp-ap_cr.png,0.13823341836734693
sub-S11058_ses-E19377_run-1_bp-chest_vp-ap_cr.png,0.02214205994897959
sub-S11058_ses-E24664_run-1_bp-chest_vp-pa_dx.png,0.03380102040816327
sub-S11059_ses-E19378_run-1_bp-chest_vp-ap_dx.png,0.03380102040816327
sub-S11060_ses-E19379_run-1_bp-chest_vp-ap_dx.png,0.12372448979591837
sub-S11060_ses-E23586_run-1_bp-chest_vp-ap_dx.png,0.2561782525510204
sub-S11060_ses-E24841_run-1_bp-chest_vp-ap_dx.png,0.15100845025510204
sub-S11060_ses-E25506_run-1_bp-chest_vp-ap_dx.png,0.09829400510204081
sub-S11061_ses-E20920_run-1_bp-chest_vp-ap_cr.png,0.014947385204081632
sub-S11061_ses-E23279_run-1_bp-chest_vp-ap_dx.png,0.06457270408163265
sub-S11062_ses-E19811_run-1_bp-chest_vp-ap_dx.png,0.17560188137755103
sub-S11062_ses-E23576_run-1_bp-chest_vp-ap_dx.png,0.19923867984693877
sub-S11062_ses-E24483_run-1_bp-chest_vp-ap_cr.png,0.14987244897959184
sub-S11062_ses-E24839_acq-1_run-1_bp-chest_vp-ll_dx.png,0.009685905612244899
sub-S11064_ses-E19390_run-1_bp-chest_vp-ap_dx.png,0.2290935905612245
sub-S11064_ses-E19391_run-1_bp-chest_vp-ap_dx.png,0.21211336096938777
sub-S11064_ses-E22569_run-1_bp-chest_vp-ap_dx.png,0.11951929209183673
sub-S11064_ses-E24836_run-1_bp-chest_vp-ap_dx.png,0.08472177933673469
sub-S11064_ses-E24943_run-1_bp-chest_vp-pa_dx.png,0.02698501275510204
sub-S11064_ses-E26458_run-1_bp-chest_vp-ap_dx.png,0.06997369260204081
sub-S11066_ses-E19392_run-1_bp-chest_vp-ap_cr.png,0.10913584183673469
sub-S11066_ses-E19654_run-1_bp-chest_vp-ap_cr.png,0.13602120535714285
sub-S11066_ses-E23617_run-1_bp-chest_vp-ap_cr.png,0.07973931760204081
sub-S11066_ses-E23737_run-1_bp-chest_vp-pa_cr.png,0.02977519132653061
sub-S11066_ses-E26302_run-1_bp-chest_vp-ap_cr.png,0.14726163903061223
sub-S11068_ses-E19399_run-1_bp-chest_vp-ap_cr.png,0.024952168367346938
sub-S11070_ses-E19407_run-1_bp-chest_vp-ap_dx.png,0.05267458545918367
sub-S11070_ses-E24701_run-1_bp-chest_vp-pa_dx.png,0.015824298469387755
sub-S11071_ses-E26312_run-1_bp-chest_vp-pa_dx.png,0.03242586096938776
sub-S11073_ses-E19414_run-1_bp-chest_vp-ap_dx.png,0.14927455357142858
sub-S11073_ses-E26098_run-1_bp-chest_vp-ap_dx.png,0.12545838647959184
sub-S11073_ses-E26294_run-1_bp-chest_vp-pa_dx.png,0.010283801020408163
sub-S11074_ses-E19415_run-1_bp-chest_vp-ap_dx.png,0.2327606823979592
sub-S11075_ses-E19666_run-1_bp-chest_vp-ap_cr.png,0.038942920918367346
sub-S11078_ses-E19422_run-1_bp-chest_vp-ap_dx.png,0.14500956632653061
sub-S11078_ses-E26508_run-1_bp-chest_vp-ap_cr.png,0.1363201530612245
sub-S11079_ses-E24500_run-1_bp-chest_vp-pa_dx.png,0.08912627551020408
sub-S11080_ses-E21507_run-1_bp-chest_vp-ap_dx.png,0.020786830357142856
sub-S11080_ses-E22615_run-1_bp-chest_vp-ap_dx.png,0.015126753826530613
sub-S11081_ses-E19426_run-1_bp-chest_vp-pa_dx.png,0.014907525510204082
sub-S11082_ses-E19428_run-1_bp-chest_vp-ap_dx.png,0.2132294323979592
sub-S11082_ses-E22614_run-1_bp-chest_vp-ap_dx.png,0.14092394770408162
sub-S11082_ses-E23639_run-1_bp-chest_vp-ap_cr.png,0.16643415178571427
sub-S11083_ses-E19429_run-1_bp-chest_vp-ap_dx.png,0.016183035714285716
sub-S11083_ses-E25782_run-1_bp-chest_vp-pa_dx.png,0.022341358418367346
sub-S11084_ses-E19432_run-1_bp-chest_vp-pa_cr.png,0.16290656887755103
sub-S11084_ses-E20687_run-1_bp-chest_vp-pa_cr.png,0.16386320153061223
sub-S11084_ses-E23654_run-1_bp-chest_vp-pa_cr.png,0.14801897321428573
sub-S11084_ses-E25792_run-1_bp-chest_vp-pa_cr.png,0.06716358418367346
sub-S11085_ses-E19437_run-1_bp-chest_vp-ap_dx.png,0.06451291454081633
sub-S11086_ses-E19439_run-1_bp-chest_vp-ap_cr.png,0.023776307397959183
sub-S11086_ses-E21170_run-1_bp-chest_vp-ap_cr.png,0.02560985331632653
sub-S11086_ses-E22609_run-1_bp-chest_vp-ap_cr.png,0.046595982142857144
sub-S11088_ses-E19441_run-1_bp-chest_vp-ap_cr.png,0.07692920918367346
sub-S11088_ses-E25411_acq-1_run-1_bp-chest_vp-ll_dx.png,0.05915178571428571
sub-S11090_ses-E19448_run-1_bp-chest_vp-ap_cr.png,0.03655133928571429
sub-S11090_ses-E24715_run-1_bp-chest_vp-pa_dx.png,0.14209980867346939
sub-S11095_ses-E26512_run-1_bp-chest_vp-pa_dx.png,0.005580357142857143
sub-S11096_ses-E19458_run-1_bp-chest_vp-ap_dx.png,0.09384964923469388
sub-S11096_ses-E22641_run-1_bp-chest_vp-ap_dx.png,0.11553332270408163
sub-S11096_ses-E24737_run-1_bp-chest_vp-ap_dx.png,0.21789301658163265
sub-S11096_ses-E25245_run-1_bp-chest_vp-ap_dx.png,0.1123046875
sub-S11097_ses-E19851_run-1_bp-chest_vp-ap_dx.png,0.14209980867346939
sub-S11097_ses-E20703_run-1_bp-chest_vp-ap_cr.png,0.03844467474489796
sub-S11097_ses-E25240_run-2_bp-chest_vp-ap_dx.png,0.2515146683673469
sub-S11098_ses-E19464_run-1_bp-chest_vp-ap_dx.png,0.12707270408163265
sub-S11098_ses-E22347_run-1_bp-chest_vp-ap_dx.png,0.11876195790816327
sub-S11098_ses-E24541_run-1_bp-chest_vp-ap_dx.png,0.1854870854591837
sub-S11099_ses-E19472_run-1_bp-chest_vp-ap_dx.png,0.11069036989795919
sub-S11099_ses-E21189_run-1_bp-chest_vp-ap_dx.png,0.10174186862244898
sub-S11100_ses-E19473_run-1_bp-chest_vp-ap_dx.png,0.16027582908163265
sub-S11100_ses-E22655_run-1_bp-chest_vp-ap_dx.png,0.11728714923469388
sub-S11100_ses-E23860_run-1_bp-chest_vp-ap_dx.png,0.06993383290816327
sub-S11101_ses-E19477_run-1_bp-chest_vp-ap_cr.png,0.10114397321428571
sub-S11101_ses-E22672_run-1_bp-chest_vp-ap_cr.png,0.08217075892857142
sub-S11101_ses-E24327_run-1_bp-chest_vp-pa_cr.png,0.08529974489795919
sub-S11102_ses-E19483_run-1_bp-chest_vp-ap_dx.png,0.19252232142857142
sub-S11102_ses-E23397_run-1_bp-chest_vp-ap_dx.png,0.23154496173469388
sub-S11102_ses-E23688_run-1_bp-chest_vp-pa_dx.png,0.19437579719387754
sub-S11102_ses-E24204_run-1_bp-chest_vp-ap_dx.png,0.20894451530612246
sub-S11103_ses-E25872_run-2_bp-chest_vp-pa_dx.png,0.02467315051020408
sub-S11104_ses-E25901_acq-1_run-1_bp-chest_vp-pa_dx.png,0.06373565051020408
sub-S11106_ses-E19501_run-1_bp-chest_vp-ap_cr.png,0.14441167091836735
sub-S11108_ses-E19741_run-1_bp-chest_vp-pa_cr.png,0.14879623724489796
sub-S11108_ses-E23445_run-1_bp-chest_vp-ap_cr.png,0.16621492346938777
sub-S11108_ses-E24768_run-1_bp-chest_vp-ap_cr.png,0.06895727040816327
sub-S11108_ses-E25604_run-1_bp-chest_vp-pa_cr.png,0.14929448341836735
sub-S11109_ses-E19516_run-1_bp-chest_vp-ap_cr.png,0.05004384566326531
sub-S11109_ses-E22431_run-1_bp-chest_vp-pa_cr.png,0.038364955357142856
sub-S11112_ses-E20728_run-1_bp-chest_vp-ap_dx.png,0.17701690051020408
sub-S11113_ses-E19525_run-1_bp-chest_vp-pa_dx.png,0.01873405612244898
sub-S11113_ses-E21743_run-1_bp-chest_vp-pa_dx.png,0.019371811224489797
sub-S11115_ses-E20505_run-1_bp-chest_vp-pa_cr.png,0.2840999681122449
sub-S11115_ses-E22456_run-1_bp-chest_vp-ap_cr.png,0.2979113520408163
sub-S11121_ses-E19567_run-1_bp-chest_vp-ap_dx.png,0.08215082908163265
sub-S11122_ses-E19573_run-1_bp-chest_vp-ap_cr.png,0.14714205994897958
sub-S11123_ses-E20551_run-1_bp-chest_vp-pa_cr.png,0.20493861607142858
sub-S11123_ses-E24781_run-1_bp-chest_vp-ap_cr.png,0.18327487244897958
sub-S11123_ses-E25643_run-1_bp-chest_vp-pa_cr.png,0.2186902104591837
sub-S11124_ses-E22490_run-1_bp-chest_vp-ap_dx.png,0.11977838010204081
sub-S11126_ses-E19583_run-1_bp-chest_vp-ap_cr.png,0.1407844387755102
sub-S11126_ses-E20134_run-1_bp-chest_vp-ap_cr.png,0.08380500637755102
sub-S11126_ses-E21282_run-1_bp-chest_vp-ap_cr.png,0.1416613520408163
sub-S11128_ses-E19585_run-1_bp-chest_vp-ap_dx.png,0.16354432397959184
sub-S11128_ses-E20583_run-1_bp-chest_vp-ap_dx.png,0.2261639030612245
sub-S11128_ses-E22736_run-1_bp-chest_vp-ap_dx.png,0.14548788265306123
sub-S11128_ses-E23516_run-1_bp-chest_vp-ap_cr.png,0.1513073979591837
sub-S11132_ses-E19607_run-1_bp-chest_vp-ap_cr.png,0.16386320153061223
sub-S11132_ses-E20602_run-1_bp-chest_vp-pa_cr.png,0.2066326530612245
sub-S11132_ses-E26033_run-1_bp-chest_vp-ap_cr.png,0.181640625
sub-S11133_ses-E19610_run-1_bp-chest_vp-ap_dx.png,0.15913982780612246
sub-S11133_ses-E20589_run-1_bp-chest_vp-ap_dx.png,0.07222576530612244
sub-S11133_ses-E22539_run-1_bp-chest_vp-ap_dx.png,0.08135363520408163
sub-S11133_ses-E23540_run-1_bp-chest_vp-ap_dx.png,0.20170998086734693
sub-S11133_ses-E26035_run-1_bp-chest_vp-ap_dx.png,0.09165736607142858
sub-S11135_ses-E19618_run-1_bp-chest_vp-ap_dx.png,0.1683673469387755
sub-S11135_ses-E20586_run-1_bp-chest_vp-ap_dx.png,0.055943080357142856
sub-S11137_ses-E19959_run-1_bp-chest_vp-ap_dx.png,0.06786112882653061
sub-S11137_ses-E26039_run-1_bp-chest_vp-ap_dx.png,0.09919084821428571
sub-S11138_ses-E19626_run-1_bp-chest_vp-ap_cr.png,0.10803970025510204
sub-S11138_ses-E20595_run-1_bp-chest_vp-ap_cr.png,0.22335379464285715
sub-S11138_ses-E21794_run-1_bp-chest_vp-ap_dx.png,0.22781808035714285
sub-S11138_ses-E23557_acq-1_run-1_bp-chest_vp-pa_dx.png,0.1306202168367347
sub-S11139_ses-E19963_run-1_bp-chest_vp-ap_cr.png,0.21257174744897958
sub-S11139_ses-E20593_run-1_bp-chest_vp-ap_cr.png,0.1783123405612245
sub-S11139_ses-E20598_run-1_bp-chest_vp-ap_cr.png,0.21253188775510204
sub-S11140_ses-E19636_run-1_bp-chest_vp-ap_dx.png,0.13151705994897958
sub-S11141_ses-E19638_run-1_bp-chest_vp-ap_cr.png,0.09614158163265306
sub-S11141_ses-E23288_run-1_bp-chest_vp-ap_cr.png,0.11670918367346939
sub-S11142_ses-E19980_run-1_bp-chest_vp-pa_cr.png,0.17360889668367346
sub-S11142_ses-E24269_run-1_bp-chest_vp-pa_cr.png,0.02760283801020408
sub-S11142_ses-E26468_run-1_bp-chest_vp-ap_cr.png,0.17970742984693877
sub-S11143_ses-E19640_run-1_bp-chest_vp-ap_dx.png,0.18118223852040816
sub-S11144_ses-E19641_run-1_bp-chest_vp-ap_dx.png,0.17610012755102042
sub-S11144_ses-E26054_run-1_bp-chest_vp-pa_dx.png,0.10955436862244898
sub-S11145_ses-E19647_run-1_bp-chest_vp-ap_dx.png,0.10427295918367346
sub-S11146_ses-E19649_acq-1_run-1_bp-chest_vp-ap_cr.png,0.0594108737244898
sub-S11147_ses-E19650_run-1_bp-chest_vp-ap_dx.png,0.1456672512755102
sub-S11147_ses-E22566_run-1_bp-chest_vp-ap_cr.png,0.06463249362244898
sub-S11148_ses-E19651_run-1_bp-chest_vp-ap_cr.png,0.038982780612244895
sub-S11148_ses-E19970_run-1_bp-chest_vp-ap_cr.png,0.0667251275510204
sub-S11148_ses-E26084_run-1_bp-chest_vp-ap_cr.png,0.11069036989795919
sub-S11150_ses-E23620_run-1_bp-chest_vp-ap_dx.png,0.06875797193877552
sub-S11153_ses-E19675_run-1_bp-chest_vp-ap_cr.png,0.1808235012755102
sub-S11153_ses-E19839_run-1_bp-chest_vp-pa_cr.png,0.17534279336734693
sub-S11154_ses-E20668_run-1_bp-chest_vp-ap_dx.png,0.048549107142857144
sub-S11154_ses-E20669_run-1_bp-chest_vp-ap_cr.png,0.050900829081632654
sub-S11154_ses-E23630_run-1_bp-chest_vp-pa_dx.png,0.030572385204081634
sub-S11155_ses-E19678_run-1_bp-chest_vp-ap_dx.png,0.16155133928571427
sub-S11156_ses-E19680_run-1_bp-chest_vp-ap_dx.png,0.01030373086734694
sub-S11156_ses-E20208_run-1_bp-chest_vp-ap_dx.png,0.031130420918367346
sub-S11157_ses-E19681_run-1_bp-chest_vp-ap_dx.png,0.018096301020408163
sub-S11158_ses-E22612_acq-2_run-1_bp-chest_vp-ap_cr.png,0.09518494897959184
sub-S11158_ses-E26621_run-1_bp-chest_vp-pa_cr.png,0.014528858418367346
sub-S11159_ses-E20206_run-2_bp-chest_vp-ap_dx.png,0.024852519132653062
sub-S11160_ses-E19691_run-1_bp-chest_vp-ap_dx.png,0.12444196428571429
sub-S11161_ses-E19692_run-1_bp-chest_vp-ap_cr.png,0.010582748724489796
sub-S11161_ses-E20685_run-1_bp-chest_vp-ap_cr.png,0.11810427295918367
sub-S11161_ses-E23342_run-1_bp-chest_vp-ap_dx.png,0.10000797193877552
sub-S11161_ses-E23661_run-1_bp-chest_vp-ap_cr.png,0.14720184948979592
sub-S11161_ses-E24112_run-1_bp-chest_vp-ap_dx.png,0.14967315051020408
sub-S11162_ses-E19695_run-1_bp-chest_vp-ap_cr.png,0.023676658163265307
sub-S11163_ses-E19700_run-1_bp-chest_vp-ap_cr.png,0.09923070790816327
sub-S11163_ses-E20027_run-1_bp-chest_vp-ap_cr.png,0.10054607780612244
sub-S11163_ses-E20295_run-1_bp-chest_vp-pa_cr.png,0.1617705676020408
sub-S11163_ses-E22031_run-1_bp-chest_vp-pa_cr.png,0.14283721301020408
sub-S11163_ses-E26130_run-1_bp-chest_vp-ap_cr.png,0.06626674107142858
sub-S11165_ses-E26149_run-1_bp-chest_vp-pa_cr.png,0.08083545918367346
sub-S11167_ses-E19714_run-1_bp-chest_cr.png,0.04043765943877551
sub-S11167_ses-E21398_run-1_bp-chest_cr.png,0.10100446428571429
sub-S11171_ses-E19731_run-1_bp-chest_vp-pa_cr.png,0.15882095025510204
sub-S11171_ses-E24210_run-1_bp-chest_vp-ap_cr.png,0.19046954719387754
sub-S11172_ses-E19745_run-1_bp-chest_vp-ap_dx.png,0.15613042091836735
sub-S11172_ses-E22440_run-1_bp-chest_vp-ap_dx.png,0.16667330994897958
sub-S11173_ses-E19749_acq-1_run-1_bp-chest_vp-ap_cr.png,0.18193957270408162
sub-S11174_ses-E19751_run-1_bp-chest_vp-ap_dx.png,0.11543367346938775
sub-S11174_ses-E25475_run-1_bp-chest_vp-ap_dx.png,0.019471460459183673
sub-S11175_ses-E19753_run-1_bp-chest_vp-ap_dx.png,0.008370535714285714
sub-S11175_ses-E25053_run-1_bp-chest_vp-ap_dx.png,0.014389349489795918
sub-S11177_ses-E19767_acq-1_run-1_bp-chest_vp-ll_dx.png,0.0284000318877551
sub-S11177_ses-E21047_run-1_bp-chest_vp-ap_cr.png,0.049485809948979595
sub-S11177_ses-E21439_run-1_bp-chest_vp-ap_dx.png,0.13058035714285715
sub-S11177_ses-E22911_run-1_bp-chest_vp-ap_cr.png,0.0126953125
sub-S11178_ses-E19772_run-1_bp-chest_vp-ap_dx.png,0.0692562181122449
sub-S11178_ses-E20135_run-1_bp-chest_vp-ap_dx.png,0.028439891581632654
sub-S11178_ses-E22121_run-1_bp-chest_vp-ap_dx.png,0.04392538265306122
sub-S11179_ses-E19775_run-1_bp-chest_vp-ap_dx.png,0.048728475765306124
sub-S11179_ses-E23527_run-1_bp-chest_vp-ap_dx.png,0.21063855229591838
sub-S11179_ses-E25110_run-1_bp-chest_vp-pa_dx.png,0.19776387117346939
sub-S11180_ses-E20557_run-1_bp-chest_vp-ap_cr.png,0.09221540178571429
sub-S11180_ses-E21052_run-1_bp-chest_vp-ap_cr.png,0.04904735331632653
sub-S11180_ses-E23515_run-1_bp-chest_vp-pa_cr.png,0.2159797512755102
sub-S11180_ses-E24414_run-1_bp-chest_vp-ap_cr.png,0.25882892219387754
sub-S11180_ses-E24798_run-1_bp-chest_vp-pa_cr.png,0.21902901785714285
sub-S11180_ses-E25495_run-1_bp-chest_vp-ap_cr.png,0.19190449617346939
sub-S11180_ses-E26006_run-1_bp-chest_vp-ap_cr.png,0.24372209821428573
sub-S11180_ses-E26434_run-1_bp-chest_vp-pa_cr.png,0.2610411352040816
sub-S11182_ses-E19957_run-1_bp-chest_vp-ap_cr.png,0.18837691326530612
sub-S11182_ses-E20141_run-1_bp-chest_vp-pa_cr.png,0.29884805484693877
sub-S11182_ses-E21084_run-1_bp-chest_vp-ap_cr.png,0.1895129145408163
sub-S11182_ses-E21784_run-1_bp-chest_vp-ap_cr.png,0.24473852040816327
sub-S11182_ses-E22519_run-1_bp-chest_vp-pa_cr.png,0.263492506377551
sub-S11182_ses-E23263_run-1_bp-chest_vp-ap_cr.png,0.24376195790816327
sub-S11186_ses-E24821_run-1_bp-chest_vp-ap_dx.png,0.0243343431122449
sub-S11186_ses-E24936_run-1_bp-chest_vp-pa_dx.png,0.022221779336734693
sub-S11186_ses-E25357_run-1_bp-chest_vp-ap_dx.png,0.20561623086734693
sub-S11186_ses-E25708_run-1_bp-chest_vp-ap_dx.png,0.19288105867346939
sub-S11187_ses-E19969_run-1_bp-chest_vp-ap_cr.png,0.11358019770408163
sub-S11187_ses-E22776_run-1_bp-chest_vp-ap_cr.png,0.1116470025510204
sub-S11189_ses-E19813_run-1_bp-chest_vp-ap_dx.png,0.0872329400510204
sub-S11190_ses-E20181_acq-1_run-1_bp-chest_vp-ll_dx.png,0.0499641262755102
sub-S11191_ses-E19815_run-1_bp-chest_vp-pa_cr.png,0.017119738520408163
sub-S11192_ses-E19826_run-1_bp-chest_vp-ap_cr.png,0.037587691326530615
sub-S11193_ses-E19986_run-1_bp-chest_vp-ap_cr.png,0.0166015625
sub-S11193_ses-E26111_run-1_bp-chest_vp-ap_dx.png,0.010881696428571428
sub-S11195_ses-E21167_run-1_bp-chest_vp-ap_cr.png,0.10014748086734694
sub-S11195_ses-E25810_acq-1_run-1_bp-chest_vp-ll_dx.png,0.08808992346938775
sub-S11195_ses-E26134_run-1_bp-chest_vp-ap_cr.png,0.03790656887755102
sub-S11198_ses-E23837_run-1_bp-chest_vp-pa_dx.png,0.09159757653061225
sub-S11199_ses-E19864_run-1_bp-chest_vp-ap_dx.png,0.046576052295918366
sub-S11202_ses-E19869_run-1_bp-chest_vp-ap_dx.png,0.01323341836734694
sub-S11204_ses-E19877_acq-2_run-1_bp-chest_vp-pa_cr.png,0.11487563775510204
sub-S11205_ses-E19878_run-1_bp-chest_vp-ap_cr.png,0.028380102040816327
sub-S11205_ses-E25873_run-1_bp-chest_vp-ap_cr.png,0.015126753826530613
sub-S11205_ses-E26351_acq-1_run-1_bp-chest_vp-ll_dx.png,0.06680484693877552
sub-S11206_ses-E19879_run-1_bp-chest_vp-ap_cr.png,0.18484933035714285
sub-S11206_ses-E23399_run-1_bp-chest_vp-ap_cr.png,0.1604950573979592
sub-S11208_ses-E19893_run-1_bp-chest_vp-ap_cr.png,0.05885283801020408
sub-S11208_ses-E21251_run-1_bp-chest_vp-ap_cr.png,0.16822783801020408
sub-S11208_ses-E24624_run-1_bp-chest_vp-ap_cr.png,0.11479591836734694
sub-S11208_ses-E26389_run-1_bp-chest_vp-ap_cr.png,0.22074298469387754
sub-S11209_ses-E25919_run-1_bp-chest_vp-ap_cr.png,0.1796077806122449
sub-S11211_ses-E25957_run-1_bp-chest_vp-ap_cr.png,0.010403380102040817
sub-S11212_ses-E19913_run-1_bp-chest_vp-ap_cr.png,0.11184630102040816
sub-S11212_ses-E20539_run-1_bp-chest_vp-ap_dx.png,0.12137276785714286
sub-S11212_ses-E21043_run-1_bp-chest_vp-ap_dx.png,0.0509406887755102
sub-S11212_ses-E21757_run-1_bp-chest_vp-ap_dx.png,0.24170918367346939
sub-S11212_ses-E23478_run-1_bp-chest_vp-ap_dx.png,0.07627152423469388
sub-S11213_ses-E19916_run-1_bp-chest_vp-pa_dx.png,0.12721221301020408
sub-S11214_ses-E24608_run-1_bp-chest_vp-ap_dx.png,0.06654575892857142
sub-S11214_ses-E25973_run-1_bp-chest_dx.png,0.06863839285714286
sub-S11214_ses-E26417_run-1_bp-chest_vp-ap_dx.png,0.1902702487244898
sub-S11215_ses-E19925_run-1_bp-chest_vp-pa_cr.png,0.04376594387755102
sub-S11216_ses-E19927_run-1_bp-chest_vp-ap_dx.png,0.016721141581632654
sub-S11216_ses-E24653_run-1_bp-chest_vp-ap_dx.png,0.010582748724489796
sub-S11217_ses-E19929_acq-1_run-1_bp-chest_vp-pa_dx.png,0.01881377551020408
sub-S11217_ses-E21290_run-1_bp-chest_vp-ap_dx.png,0.12820870535714285
sub-S11218_ses-E19931_run-1_bp-chest_vp-pa_cr.png,0.21711575255102042
sub-S11218_ses-E19932_run-1_bp-chest_vp-ap_cr.png,0.18648357780612246
sub-S11218_ses-E20138_run-1_bp-chest_vp-ap_cr.png,0.1838329081632653
sub-S11218_ses-E20563_run-1_bp-chest_vp-pa_cr.png,0.2393176020408163
sub-S11218_ses-E25094_run-1_bp-chest_vp-ap_cr.png,0.15870137117346939
sub-S11218_ses-E26014_run-1_bp-chest_vp-ap_cr.png,0.23367745535714285
sub-S11220_ses-E21453_run-1_bp-chest_vp-pa_cr.png,0.04272959183673469
sub-S11221_ses-E19935_run-1_bp-chest_vp-pa_dx.png,0.1924625318877551
sub-S11226_ses-E19956_run-1_bp-chest_vp-ap_cr.png,0.19333944515306123
sub-S11226_ses-E23283_run-1_bp-chest_vp-pa_cr.png,0.1656768176020408
sub-S11226_ses-E24454_run-1_bp-chest_vp-pa_cr.png,0.015326052295918368
sub-S11226_ses-E26060_run-1_bp-chest_vp-pa_cr.png,0.1746452487244898
sub-S11226_ses-E26464_run-1_bp-chest_vp-ap_cr.png,0.10146285076530612
sub-S11227_ses-E19960_run-1_bp-chest_vp-ap_cr.png,0.1865234375
sub-S11228_ses-E19964_run-1_bp-chest_vp-ap_dx.png,0.013034119897959183
sub-S11230_ses-E19968_run-1_bp-chest_vp-ap_dx.png,0.16755022321428573
sub-S11230_ses-E20636_run-1_bp-chest_vp-pa_dx.png,0.04781170280612245
sub-S11230_ses-E21339_run-1_bp-chest_vp-ap_dx.png,0.17809311224489796
sub-S11231_ses-E23095_run-1_bp-chest_vp-pa_cr.png,0.0176578443877551
sub-S11233_ses-E21118_acq-2_run-1_bp-chest_vp-ap_dx.png,0.1854671556122449
sub-S11234_ses-E19977_run-1_bp-chest_vp-ap_cr.png,0.02451371173469388
sub-S11235_ses-E19979_run-1_bp-chest_vp-ap_dx.png,0.13193558673469388
sub-S11235_ses-E24669_run-1_bp-chest_vp-ap_dx.png,0.11346061862244898
sub-S11236_ses-E19989_run-1_bp-chest_vp-ap_dx.png,0.09829400510204081
sub-S11236_ses-E25185_run-1_bp-chest_vp-pa_dx.png,0.03278459821428571
sub-S11237_ses-E19995_run-1_bp-chest_vp-ap_cr.png,0.24890385841836735
sub-S11237_ses-E24052_run-2_bp-chest_vp-ap_dx.png,0.26321348852040816
sub-S11237_ses-E26096_run-1_bp-chest_vp-ap_cr.png,0.19993622448979592
sub-S11237_ses-E26476_run-1_bp-chest_vp-ap_dx.png,0.2645886479591837
sub-S11242_ses-E24517_run-1_bp-chest_cr.png,0.14644451530612246
sub-S11243_ses-E20021_run-1_bp-chest_vp-ap_cr.png,0.03529575892857143
sub-S11245_ses-E20026_run-1_bp-chest_vp-ap_dx.png,0.15244339923469388
sub-S11247_ses-E20029_run-1_bp-chest_vp-ap_cr.png,0.060845822704081634
sub-S11247_ses-E26163_run-1_bp-chest_vp-ap_cr.png,0.05319276147959184
sub-S11248_ses-E20031_run-1_bp-chest_vp-pa_dx.png,0.03822544642857143
sub-S11248_ses-E22186_run-1_bp-chest_vp-ap_dx.png,0.09777582908163265
sub-S11250_ses-E24881_run-1_bp-chest_vp-ap_dx.png,0.15150669642857142
sub-S11251_ses-E24122_run-1_bp-chest_vp-ap_cr.png,0.004743303571428571
sub-S11251_ses-E25805_run-1_bp-chest_vp-ap_cr.png,0.009486607142857142
sub-S11251_ses-E26227_run-1_bp-chest_vp-ap_cr.png,0.02782206632653061
sub-S11254_ses-E26919_run-1_bp-chest_vp-ap_cr.png,0.24280532525510204
sub-S11259_ses-E20059_run-1_bp-chest_vp-ap_cr.png,0.16240832270408162
sub-S11260_ses-E20061_run-1_bp-chest_vp-ap_cr.png,0.0047831632653061226
sub-S11263_ses-E22073_run-1_bp-chest_vp-ap_dx.png,0.1405652104591837
sub-S11263_ses-E22226_run-1_bp-chest_vp-ap_dx.png,0.05584343112244898
sub-S11265_ses-E22435_run-1_bp-chest_vp-ap_dx.png,0.13584183673469388
sub-S11266_ses-E20081_run-1_bp-chest_vp-pa_cr.png,0.04844945790816327
sub-S11267_ses-E22428_run-1_bp-chest_vp-ap_dx.png,0.018753985969387755
sub-S11268_ses-E21426_run-1_bp-chest_vp-ap_dx.png,0.025011957908163265
sub-S11268_ses-E21580_run-1_bp-chest_vp-ap_dx.png,0.06305803571428571
sub-S11269_ses-E20095_run-1_bp-chest_vp-ap_dx.png,0.025829081632653062
sub-S11269_ses-E22698_run-1_bp-chest_vp-ap_cr.png,0.0389030612244898
sub-S11271_ses-E20102_acq-1_run-1_bp-chest_vp-pa_dx.png,0.16565688775510204
sub-S11273_ses-E20104_run-1_bp-chest_vp-ap_cr.png,0.07577327806122448
sub-S11273_ses-E27005_run-1_bp-chest_vp-ap_cr.png,0.08396444515306123
sub-S11274_ses-E20110_run-2_bp-chest_vp-ap_dx.png,0.017059948979591837
sub-S11275_ses-E20117_run-1_bp-chest_vp-ap_dx.png,0.14700255102040816
sub-S11276_ses-E25662_run-1_bp-chest_vp-pa_dx.png,0.05235570790816327
sub-S11276_ses-E25981_run-1_bp-chest_vp-ap_dx.png,0.006536989795918368
sub-S11278_ses-E20123_run-1_bp-chest_vp-ap_dx.png,0.08003826530612244
sub-S11278_ses-E21059_acq-1_run-1_bp-chest_vp-ll_dx.png,0.05426897321428571
sub-S11280_ses-E20129_run-1_bp-chest_cr.png,0.20210857780612246
sub-S11280_ses-E20131_acq-2_run-1_bp-chest_vp-ap_dx.png,0.3553890306122449
sub-S11280_ses-E21607_run-1_bp-chest_cr.png,0.21849091198979592
sub-S11281_ses-E20139_run-1_bp-chest_cr.png,0.0283203125
sub-S11282_ses-E20142_run-1_bp-chest_vp-pa_cr.png,0.011041135204081632
sub-S11284_ses-E20145_acq-1_run-1_bp-chest_vp-pa_dx.png,0.0801578443877551
sub-S11284_ses-E23249_run-3_bp-chest_vp-ap_dx.png,0.04123485331632653
sub-S11284_ses-E24153_acq-1_run-1_bp-chest_vp-ll_dx.png,0.08613679846938775
sub-S11285_ses-E24656_run-1_bp-chest_vp-ap_dx.png,0.004105548469387755
sub-S11286_ses-E22291_run-1_bp-chest_vp-ap_dx.png,0.0905014349489796
sub-S11287_ses-E20152_acq-2_run-1_bp-chest_vp-ap_dx.png,0.1728515625
sub-S11287_ses-E20767_acq-2_run-1_bp-chest_vp-ap_dx.png,0.07979910714285714
sub-S11287_ses-E22743_run-1_bp-chest_vp-ap_dx.png,0.0963608099489796
sub-S11290_ses-E21636_run-1_bp-chest_vp-ap_cr.png,0.010722257653061224
sub-S11292_ses-E22757_run-1_bp-chest_vp-pa_dx.png,0.0480110012755102
sub-S11293_ses-E20173_run-1_bp-chest_vp-ap_dx.png,0.018275669642857144
sub-S11293_ses-E21104_run-1_bp-chest_vp-pa_dx.png,0.009606186224489796
sub-S11294_ses-E20174_acq-1_run-1_bp-chest_vp-pa_dx.png,0.1486766581632653
sub-S11294_ses-E22755_run-1_bp-chest_vp-ap_dx.png,0.13928970025510204
sub-S11296_ses-E22153_run-1_bp-chest_vp-ap_cr.png,0.03734853316326531
sub-S11300_ses-E20209_run-1_bp-chest_vp-ap_dx.png,0.009785554846938776
sub-S11303_ses-E20220_run-1_bp-chest_vp-ap_dx.png,0.03989955357142857
sub-S11304_ses-E20228_run-1_bp-chest_vp-ap_cr.png,0.12555803571428573
sub-S11306_ses-E26521_run-1_bp-chest_vp-ap_dx.png,0.1765186543367347
sub-S11308_ses-E20251_run-1_bp-chest_vp-ap_dx.png,0.03344228316326531
sub-S11308_ses-E26251_run-1_bp-chest_dx.png,0.035255899234693876
sub-S11308_ses-E26713_run-1_bp-chest_dx.png,0.027861926020408163
sub-S11310_ses-E20263_run-1_bp-chest_vp-ap_cr.png,0.010522959183673469
sub-S11310_ses-E22927_run-1_bp-chest_vp-ap_dx.png,0.03900271045918367
sub-S11310_ses-E23088_run-1_bp-chest_vp-ap_dx.png,0.10116390306122448
sub-S11312_ses-E20265_run-1_bp-chest_vp-pa_dx.png,0.04241071428571429
sub-S11317_ses-E20274_run-1_bp-chest_vp-ap_cr.png,0.14393335459183673
sub-S11317_ses-E21341_run-1_bp-chest_vp-ap_cr.png,0.13532366071428573
sub-S11317_ses-E23112_run-1_bp-chest_vp-ap_cr.png,0.02853954081632653
sub-S11317_ses-E23305_run-1_bp-chest_vp-ap_cr.png,0.1747448979591837
sub-S11320_ses-E20284_run-1_bp-chest_vp-ap_dx.png,0.029815051020408163
sub-S11320_ses-E22024_run-1_bp-chest_vp-ap_dx.png,0.09131855867346939
sub-S11321_ses-E20290_run-1_bp-chest_vp-pa_dx.png,0.029097576530612245
sub-S11322_ses-E20291_run-1_bp-chest_vp-pa_dx.png,0.04270966198979592
sub-S11323_ses-E20292_run-1_bp-chest_vp-ap_dx.png,0.01460857780612245
sub-S11323_ses-E21708_run-1_bp-chest_vp-ap_dx.png,0.1433952487244898
sub-S11324_ses-E22187_run-1_bp-chest_vp-ap_dx.png,0.02760283801020408
sub-S11326_ses-E23368_run-1_bp-chest_vp-ap_dx.png,0.0048828125
sub-S11326_ses-E24297_run-1_bp-chest_vp-ap_cr.png,0.009008290816326531
sub-S11326_ses-E25546_run-1_bp-chest_vp-ap_cr.png,0.01016422193877551
sub-S11327_ses-E20300_run-1_bp-chest_vp-pa_cr.png,0.010901626275510204
sub-S11331_ses-E20322_run-1_bp-chest_vp-ap_dx.png,0.008908641581632654
sub-S11331_ses-E22863_run-1_bp-chest_vp-ap_dx.png,0.10620615433673469
sub-S11333_ses-E22708_acq-1_run-1_bp-chest_vp-pa_dx.png,0.018096301020408163
sub-S11335_ses-E20354_run-1_bp-chest_cr.png,0.005919164540816327
sub-S11338_ses-E20359_run-1_bp-chest_vp-ap_dx.png,0.2001355229591837
sub-S11341_ses-E26928_run-1_bp-chest_vp-pa_dx.png,0.014927455357142858
sub-S11346_ses-E20382_run-1_bp-chest_vp-ap_dx.png,0.13825334821428573
sub-S11347_ses-E25373_run-1_bp-chest_vp-pa_cr.png,0.10835857780612244
sub-S11347_ses-E26053_run-1_bp-chest_vp-pa_cr.png,0.18004623724489796
sub-S11348_ses-E20394_run-1_bp-chest_vp-ap_dx.png,0.29159359056122447
sub-S11348_ses-E20784_run-1_bp-chest_vp-ap_dx.png,0.13129783163265307
sub-S11348_ses-E22948_run-1_bp-chest_vp-pa_dx.png,0.07573341836734694
sub-S11348_ses-E23587_run-1_bp-chest_vp-ap_cr.png,0.1338488520408163
sub-S11349_ses-E22593_run-1_bp-chest_vp-ap_dx.png,0.1480986926020408
sub-S11349_ses-E23615_run-1_bp-chest_vp-ap_dx.png,0.007672991071428571
sub-S11349_ses-E23749_run-1_bp-chest_vp-ap_dx.png,0.014010682397959183
sub-S11353_ses-E20423_run-1_bp-chest_vp-ap_dx.png,0.08201132015306123
sub-S11353_ses-E21698_run-1_bp-chest_vp-ap_dx.png,0.060666454081632654
sub-S11356_ses-E23355_run-1_bp-chest_vp-pa_dx.png,0.018494897959183673
sub-S11357_ses-E20443_run-1_bp-chest_vp-ap_dx.png,0.07760682397959184
sub-S11360_ses-E20448_run-1_bp-chest_vp-ap_dx.png,0.22040417729591838
sub-S11360_ses-E25848_run-1_bp-chest_vp-ap_dx.png,0.19451530612244897
sub-S11361_ses-E21730_run-1_bp-chest_vp-ap_dx.png,0.34018255739795916
sub-S11363_ses-E20455_run-1_bp-chest_vp-ap_cr.png,0.017777423469387755
sub-S11363_ses-E21731_run-1_bp-chest_vp-ap_dx.png,0.01518654336734694
sub-S11363_ses-E22368_run-1_bp-chest_vp-ap_dx.png,0.017418686224489797
sub-S11363_ses-E23405_acq-1_run-1_bp-chest_vp-pa_dx.png,0.05018335459183673
sub-S11364_ses-E25575_run-1_bp-chest_vp-ap_dx.png,0.05100047831632653
sub-S11365_ses-E20458_acq-1_run-1_bp-chest_vp-pa_cr.png,0.047193877551020405
sub-S11367_ses-E20462_run-1_bp-chest_vp-ap_dx.png,0.21293048469387754
sub-S11367_ses-E21712_run-1_bp-chest_vp-ap_dx.png,0.1697624362244898
sub-S11367_ses-E24571_run-1_bp-chest_vp-ap_dx.png,0.19899952168367346
sub-S11367_ses-E25014_acq-1_run-1_bp-chest_vp-ll_dx.png,0.1399872448979592
sub-S11371_ses-E20469_run-1_bp-chest_vp-ap_dx.png,0.00625797193877551
sub-S11372_ses-E20471_run-1_bp-chest_vp-pa_cr.png,0.2946229272959184
sub-S11372_ses-E25876_run-1_bp-chest_vp-pa_cr.png,0.2490832270408163
sub-S11374_ses-E24208_acq-1_run-1_bp-chest_vp-pa_dx.png,0.11465640943877552
sub-S11374_ses-E25883_run-1_bp-chest_vp-ap_cr.png,0.06032764668367347
sub-S11374_ses-E26245_run-1_bp-chest_vp-ap_cr.png,0.18791852678571427
sub-S11374_ses-E26379_run-1_bp-chest_vp-ap_cr.png,0.14815848214285715
sub-S11377_ses-E20486_run-1_bp-chest_vp-ap_cr.png,0.19015066964285715
sub-S11378_ses-E21032_run-1_bp-chest_vp-ap_dx.png,0.12374441964285714
sub-S11378_ses-E25597_run-1_bp-chest_vp-ap_cr.png,0.054567920918367346
sub-S11378_ses-E25893_run-1_bp-chest_vp-ap_cr.png,0.0723453443877551
sub-S11380_ses-E20493_run-1_bp-chest_vp-pa_cr.png,0.00466358418367347
sub-S11384_ses-E20503_run-1_bp-chest_vp-ap_dx.png,0.01558514030612245
sub-S11384_ses-E23447_acq-1_run-1_bp-chest_vp-ll_dx.png,0.021205357142857144
sub-S11385_ses-E20508_run-1_bp-chest_vp-pa_cr.png,0.1484972895408163
sub-S11385_ses-E23458_run-1_bp-chest_vp-ap_cr.png,0.18429129464285715
sub-S11385_ses-E25049_run-1_bp-chest_vp-ap_cr.png,0.15377869897959184
sub-S11385_ses-E25474_run-1_bp-chest_vp-ap_cr.png,0.09163743622448979
sub-S11386_ses-E20509_run-1_bp-chest_vp-ap_dx.png,0.023577008928571428
sub-S11386_ses-E23901_acq-2_run-1_bp-chest_vp-ap_dx.png,0.07906170280612244
sub-S11387_ses-E20511_acq-1_run-1_bp-chest_vp-pa_dx.png,0.026566485969387755
sub-S11390_ses-E20520_run-1_bp-chest_vp-ap_dx.png,0.2300701530612245
sub-S11390_ses-E23471_run-1_bp-chest_vp-ap_dx.png,0.12565768494897958
sub-S11390_ses-E24375_run-1_bp-chest_vp-ap_dx.png,0.09042171556122448
sub-S11390_ses-E25461_run-1_bp-chest_vp-ap_dx.png,0.033701371173469385
sub-S11390_ses-E26388_run-1_bp-chest_vp-ap_dx.png,0.11579241071428571
sub-S11392_ses-E20526_run-1_bp-chest_vp-ap_cr.png,0.0517578125
sub-S11394_ses-E25300_run-1_bp-chest_vp-ap_dx.png,0.16653380102040816
sub-S11394_ses-E25946_run-1_bp-chest_vp-ap_dx.png,0.09735730229591837
sub-S11395_ses-E20532_run-1_bp-chest_vp-ap_cr.png,0.017817283163265307
sub-S11395_ses-E23486_run-1_bp-chest_vp-ap_cr.png,0.040338010204081634
sub-S11398_ses-E20540_run-1_bp-chest_vp-ap_cr.png,0.026327327806122448
sub-S11398_ses-E21041_run-1_bp-chest_vp-ap_cr.png,0.05345184948979592
sub-S11398_ses-E25965_run-1_bp-chest_vp-ap_cr.png,0.06116470025510204
sub-S11399_ses-E20547_run-1_bp-chest_vp-ap_cr.png,0.09546396683673469
sub-S11399_ses-E24422_run-1_bp-chest_cr.png,0.16808832908163265
sub-S11399_ses-E25986_run-1_bp-chest_vp-ap_dx.png,0.10044642857142858
sub-S11400_ses-E20562_run-1_bp-chest_vp-ap_dx.png,0.22478874362244897
sub-S11400_ses-E26005_run-1_bp-chest_vp-ap_dx.png,0.08326690051020408
sub-S11401_ses-E20571_run-1_bp-chest_vp-ap_dx.png,0.12456154336734694
sub-S11401_ses-E25122_run-1_bp-chest_vp-ap_dx.png,0.14732142857142858
sub-S11402_ses-E20576_run-1_bp-chest_vp-ap_cr.png,0.04846938775510204
sub-S11402_ses-E22531_run-1_bp-chest_vp-ap_cr.png,0.04177295918367347
sub-S11402_ses-E23982_run-1_bp-chest_vp-ap_dx.png,0.1358019770408163
sub-S11402_ses-E25689_run-1_bp-chest_vp-ap_dx.png,0.06365593112244898
sub-S11403_ses-E20577_run-1_bp-chest_vp-pa_cr.png,0.08850845025510204
sub-S11403_ses-E26015_run-1_bp-chest_vp-pa_cr.png,0.2027264030612245
sub-S11403_ses-E26440_run-1_bp-chest_vp-pa_cr.png,0.18907445790816327
sub-S11404_ses-E24012_run-1_bp-chest_vp-pa_cr.png,0.0546875
sub-S11404_ses-E26043_run-1_bp-chest_vp-pa_cr.png,0.30821508290816324
sub-S11405_ses-E20596_run-1_bp-chest_vp-ap_dx.png,0.1598174426020408
sub-S11405_ses-E25136_run-1_bp-chest_vp-ap_cr.png,0.12386399872448979
sub-S11406_ses-E20609_run-1_bp-chest_vp-ap_cr.png,0.17649872448979592
sub-S11406_ses-E21102_run-1_bp-chest_vp-ap_dx.png,0.1783123405612245
sub-S11406_ses-E21321_run-1_bp-chest_vp-ap_dx.png,0.06513073979591837
sub-S11406_ses-E26062_run-1_bp-chest_vp-ap_cr.png,0.1717155612244898
sub-S11407_ses-E20613_run-1_bp-chest_vp-pa_cr.png,0.21454480229591838
sub-S11407_ses-E24168_run-1_bp-chest_vp-pa_cr.png,0.01251594387755102
sub-S11407_ses-E24932_run-1_bp-chest_vp-ap_cr.png,0.10650510204081633
sub-S11407_ses-E25362_run-1_bp-chest_vp-ap_cr.png,0.1587810905612245
sub-S11407_ses-E25736_run-1_bp-chest_vp-pa_cr.png,0.21301020408163265
sub-S11407_ses-E26047_run-1_bp-chest_vp-pa_cr.png,0.18718112244897958
sub-S11410_ses-E20617_run-1_bp-chest_vp-ap_cr.png,0.07312260841836735
sub-S11410_ses-E21991_acq-1_run-1_bp-chest_vp-pa_dx.png,0.032904177295918366
sub-S11410_ses-E23596_acq-1_run-1_bp-chest_vp-pa_dx.png,0.11565290178571429
sub-S11411_ses-E20618_run-1_bp-chest_vp-ap_cr.png,0.016362404336734693
sub-S11411_ses-E26473_acq-1_run-1_bp-chest_vp-ll_dx.png,0.03591358418367347
sub-S11413_ses-E20620_run-1_bp-chest_vp-ap_cr.png,0.11868223852040816
sub-S11413_ses-E22559_run-1_bp-chest_vp-ap_cr.png,0.10584741709183673
sub-S11414_ses-E20630_run-1_bp-chest_vp-ap_cr.png,0.04595822704081633
sub-S11416_ses-E20637_run-1_bp-chest_vp-pa_cr.png,0.12814891581632654
sub-S11416_ses-E24044_run-1_bp-chest_vp-pa_cr.png,0.13643973214285715
sub-S11416_ses-E26075_run-1_bp-chest_vp-pa_cr.png,0.15027104591836735
sub-S11421_ses-E20651_run-1_bp-chest_vp-ap_dx.png,0.15575175382653061
sub-S11422_ses-E20652_run-1_bp-chest_vp-ap_dx.png,0.10068558673469388
sub-S11422_ses-E22588_run-1_bp-chest_vp-ap_dx.png,0.11619100765306123
sub-S11422_ses-E26104_run-1_bp-chest_vp-ap_dx.png,0.06259964923469388
sub-S11424_ses-E20657_run-1_bp-chest_vp-ap_dx.png,0.17289142219387754
sub-S11424_ses-E25192_run-1_bp-chest_vp-ap_cr.png,0.06772161989795919
sub-S11424_ses-E26101_run-1_bp-chest_vp-ap_dx.png,0.2613998724489796
sub-S11425_ses-E20664_run-1_bp-chest_vp-ap_dx.png,0.01327327806122449
sub-S11426_ses-E24089_acq-1_run-1_bp-chest_vp-ll_dx.png,0.07882254464285714
sub-S11428_ses-E22616_run-1_bp-chest_vp-pa_cr.png,0.06895727040816327
sub-S11430_ses-E20692_run-1_bp-chest_vp-pa_dx.png,0.10919563137755102
sub-S11430_ses-E26867_run-1_bp-chest_vp-pa_dx.png,0.04143415178571429
sub-S11431_ses-E20694_acq-1_run-1_bp-chest_cr.png,0.09137834821428571
sub-S11431_ses-E23370_acq-1_run-1_bp-chest_vp-pa_cr.png,0.09586256377551021
sub-S11432_ses-E21175_run-1_bp-chest_vp-ap_cr.png,0.031529017857142856
sub-S11432_ses-E24520_run-1_bp-chest_vp-ap_cr.png,0.12262834821428571
sub-S11433_ses-E26147_run-1_bp-chest_vp-pa_cr.png,0.06802056760204081
sub-S11434_ses-E20713_run-1_bp-chest_vp-ap_dx.png,0.006417410714285714
sub-S11439_ses-E26385_run-1_bp-chest_vp-pa_dx.png,0.053053252551020405
sub-S11441_ses-E24628_run-1_bp-chest_cr.png,0.02138472576530612
sub-S11441_ses-E26420_run-1_bp-chest_vp-ap_dx.png,0.07732780612244898
sub-S11441_ses-E26421_run-1_bp-chest_vp-pa_cr.png,0.038962850765306124
sub-S11443_ses-E20748_run-1_bp-chest_vp-ap_cr.png,0.05963010204081633
sub-S11445_ses-E25098_run-1_bp-chest_vp-pa_cr.png,0.007095025510204082
sub-S11446_ses-E20764_run-1_bp-chest_vp-ap_dx.png,0.08761160714285714
sub-S11446_ses-E23084_run-1_bp-chest_vp-ap_cr.png,0.11045121173469388
sub-S11448_ses-E25130_run-1_bp-chest_vp-ap_dx.png,0.034677933673469385
sub-S11448_ses-E26449_run-1_bp-chest_vp-ap_dx.png,0.019391741071428572
sub-S11450_ses-E24002_run-1_bp-chest_vp-pa_cr.png,0.045778858418367346
sub-S11450_ses-E25137_run-1_bp-chest_vp-ap_dx.png,0.07577327806122448
sub-S11450_ses-E26456_run-1_bp-chest_vp-ap_dx.png,0.12601642219387754
sub-S11457_ses-E20803_run-1_bp-chest_vp-ap_dx.png,0.04653619260204082
sub-S11457_ses-E23323_run-1_bp-chest_vp-ap_dx.png,0.05612244897959184
sub-S11458_ses-E25774_run-1_bp-chest_vp-pa_dx.png,0.06957509566326531
sub-S11461_ses-E24499_run-1_bp-chest_vp-pa_cr.png,0.021942761479591837
sub-S11462_ses-E24097_run-1_bp-chest_vp-pa_dx.png,0.0869937818877551
sub-S11462_ses-E24855_run-1_bp-chest_vp-ap_cr.png,0.10020727040816327
sub-S11462_ses-E26211_run-1_bp-chest_vp-ap_cr.png,0.10708306760204081
sub-S11465_ses-E20821_run-1_bp-chest_vp-pa_cr.png,0.010722257653061224
sub-S11468_ses-E20832_run-1_bp-chest_vp-ap_cr.png,0.049685108418367346
sub-S11468_ses-E21859_run-1_bp-chest_vp-ap_cr.png,0.044642857142857144
sub-S11468_ses-E22033_run-1_bp-chest_vp-ap_cr.png,0.041493941326530615
sub-S11468_ses-E22646_run-1_bp-chest_vp-ap_cr.png,0.03324298469387755
sub-S11469_ses-E20838_run-1_bp-chest_vp-ap_cr.png,0.04135443239795918
sub-S11470_ses-E22842_run-1_bp-chest_vp-ap_cr.png,0.10259885204081633
sub-S11471_ses-E24987_run-1_bp-chest_vp-ap_dx.png,0.019770408163265307
sub-S11472_ses-E20841_run-1_bp-chest_vp-pa_dx.png,0.024374202806122448
sub-S11472_ses-E20843_run-1_bp-chest_vp-pa_cr.png,0.07834422831632654
sub-S11472_ses-E22192_run-1_bp-chest_vp-pa_cr.png,0.06638632015306123
sub-S11474_ses-E20852_run-1_bp-chest_vp-pa_cr.png,0.03716916454081633
sub-S11479_ses-E26259_run-1_bp-chest_vp-ap_cr.png,0.013771524234693877
sub-S11481_ses-E20894_run-1_bp-chest_vp-pa_cr.png,0.03146922831632653
sub-S11484_ses-E20910_run-1_bp-chest_vp-pa_cr.png,0.0431281887755102
sub-S11485_ses-E20914_run-1_bp-chest_vp-ap_cr.png,0.005899234693877551
sub-S11487_ses-E20917_run-1_bp-chest_cr.png,0.04673549107142857
sub-S11490_ses-E20929_run-1_bp-chest_vp-ap_cr.png,0.04239078443877551
sub-S11490_ses-E21337_run-1_bp-chest_vp-ap_cr.png,0.09215561224489796
sub-S11491_ses-E20945_run-1_bp-chest_vp-ap_cr.png,0.03942123724489796
sub-S11493_ses-E21689_run-1_bp-chest_vp-ap_dx.png,0.1454480229591837
sub-S11493_ses-E25834_run-1_bp-chest_vp-ap_dx.png,0.09600207270408163
sub-S11494_ses-E20959_run-1_bp-chest_vp-pa_dx.png,0.10528938137755102
sub-S11495_ses-E21529_run-1_bp-chest_vp-pa_cr.png,0.02774234693877551
sub-S11497_ses-E20981_run-1_bp-chest_vp-ap_dx.png,0.17167570153061223
sub-S11497_ses-E21393_run-1_bp-chest_vp-ap_dx.png,0.22431042729591838
sub-S11497_ses-E23158_run-1_bp-chest_vp-ap_cr.png,0.007692920918367347
sub-S11499_ses-E20989_run-1_bp-chest_vp-ap_cr.png,0.1691844706632653
sub-S11500_ses-E20996_run-1_bp-chest_vp-ap_dx.png,0.1682079081632653
sub-S11500_ses-E26355_run-1_bp-chest_vp-ap_dx.png,0.1385124362244898
sub-S11501_ses-E20997_acq-1_run-1_bp-chest_vp-pa_dx.png,0.010801977040816327
sub-S11502_ses-E21001_run-1_bp-chest_vp-pa_cr.png,0.016561702806122448
sub-S11503_ses-E22677_run-1_bp-chest_vp-pa_cr.png,0.018973214285714284
sub-S11505_ses-E24626_acq-1_run-1_bp-chest_vp-pa_dx.png,0.022520727040816327
sub-S11506_ses-E21017_run-1_bp-chest_vp-ap_dx.png,0.08362563775510204
sub-S11507_ses-E21025_run-1_bp-chest_vp-ap_dx.png,0.04906728316326531
sub-S11507_ses-E23456_run-1_bp-chest_vp-ap_dx.png,0.1886360012755102
sub-S11507_ses-E25624_run-1_bp-chest_vp-pa_dx.png,0.08791055484693877
sub-S11507_ses-E26394_run-1_bp-chest_vp-ap_dx.png,0.21189413265306123
sub-S11507_ses-E26708_run-1_bp-chest_vp-pa_dx.png,0.028838488520408163
sub-S11510_ses-E21037_run-1_bp-chest_vp-pa_cr.png,0.01779735331632653
sub-S11511_ses-E21039_run-1_bp-chest_vp-ap_cr.png,0.04966517857142857
sub-S11511_ses-E25647_run-1_bp-chest_vp-ap_cr.png,0.0349968112244898
sub-S11513_ses-E21049_run-1_bp-chest_vp-ap_cr.png,0.18181999362244897
sub-S11513_ses-E25309_run-1_bp-chest_vp-ap_cr.png,0.14512914540816327
sub-S11515_ses-E21060_run-1_bp-chest_vp-ap_cr.png,0.05377072704081633
sub-S11515_ses-E26008_run-1_bp-chest_vp-ap_cr.png,0.0311702806122449
sub-S11516_ses-E21070_run-1_bp-chest_vp-pa_dx.png,0.03296396683673469
sub-S11517_ses-E21071_run-1_bp-chest_vp-ap_dx.png,0.08091517857142858
sub-S11521_ses-E21085_run-1_bp-chest_vp-ap_cr.png,0.01717952806122449
sub-S11521_ses-E26025_acq-1_run-1_bp-chest_vp-ll_dx.png,0.018036511479591837
sub-S11524_ses-E21092_run-1_bp-chest_vp-ap_dx.png,0.0447624362244898
sub-S11525_ses-E21108_run-1_bp-chest_vp-pa_cr.png,0.027303890306122448
sub-S11526_ses-E21097_run-1_bp-chest_vp-ap_cr.png,0.034498565051020405
sub-S11526_ses-E23569_run-1_bp-chest_vp-ap_dx.png,0.06666533801020408
sub-S11526_ses-E25355_run-1_bp-chest_vp-ap_cr.png,0.06517059948979592
sub-S11527_ses-E21105_run-1_bp-chest_vp-ap_cr.png,0.013831313775510204
sub-S11527_ses-E26057_acq-1_run-1_bp-chest_vp-ll_dx.png,0.03463807397959184
sub-S11531_ses-E21124_run-1_bp-chest_vp-ap_dx.png,0.04001913265306122
sub-S11531_ses-E21652_run-1_bp-chest_vp-ap_dx.png,0.09086017219387756
sub-S11532_ses-E21125_run-1_bp-chest_vp-pa_dx.png,0.06497130102040816
sub-S11534_ses-E21143_run-1_bp-chest_vp-ap_dx.png,0.08486128826530612
sub-S11535_ses-E21144_run-1_bp-chest_vp-ap_dx.png,0.08737244897959184
sub-S11535_ses-E23324_run-2_bp-chest_vp-ap_dx.png,0.07017299107142858
sub-S11536_ses-E21148_run-1_bp-chest_vp-pa_cr.png,0.05000398596938776
sub-S11536_ses-E25393_run-1_bp-chest_vp-ap_cr.png,0.11049107142857142
sub-S11537_ses-E21150_run-1_bp-chest_vp-ap_cr.png,0.14407286352040816
sub-S11537_ses-E26309_acq-1_run-1_bp-chest_vp-pa_cr.png,0.054986447704081634
sub-S11538_ses-E21155_run-1_bp-chest_vp-ap_cr.png,0.10993303571428571
sub-S11538_ses-E22018_run-1_bp-chest_vp-ap_cr.png,0.30961017219387754
sub-S11539_ses-E21165_acq-1_run-1_bp-chest_vp-ll_cr.png,0.027323820153061226
sub-S11540_ses-E25228_run-1_bp-chest_vp-pa_cr.png,0.0859375
sub-S11541_ses-E21171_run-1_bp-chest_vp-pa_cr.png,0.07581313775510204
sub-S11542_ses-E21178_acq-1_run-1_bp-chest_vp-ll_dx.png,0.04350685586734694
sub-S11544_ses-E21196_run-1_bp-chest_vp-ap_dx.png,0.009566326530612245
sub-S11546_ses-E22052_run-1_bp-chest_vp-ap_cr.png,0.08420360331632654
sub-S11546_ses-E22660_run-1_bp-chest_vp-ap_cr.png,0.048728475765306124
sub-S11548_ses-E24319_run-1_bp-chest_vp-pa_cr.png,0.02560985331632653
sub-S11553_ses-E21224_run-1_bp-chest_vp-ap_cr.png,0.08400430484693877
sub-S11554_ses-E21225_run-1_bp-chest_vp-ap_dx.png,0.1503308354591837
sub-S11558_ses-E21245_run-1_bp-chest_vp-ap_cr.png,0.1554328762755102
sub-S11558_ses-E21564_run-1_bp-chest_vp-ap_cr.png,0.07318239795918367
sub-S11562_ses-E21257_run-1_bp-chest_vp-ap_cr.png,0.03431919642857143
sub-S11562_ses-E21756_acq-1_run-1_bp-chest_vp-ap_cr.png,0.054966517857142856
sub-S11564_ses-E21266_run-1_bp-chest_vp-ap_cr.png,0.1376155931122449
sub-S11566_ses-E21279_run-1_bp-chest_vp-ap_cr.png,0.017119738520408163
sub-S11567_ses-E25105_run-1_bp-chest_vp-ap_cr.png,0.13594148596938777
sub-S11568_ses-E21293_run-1_bp-chest_vp-ap_dx.png,0.016840720663265307
sub-S11568_ses-E21621_run-1_bp-chest_vp-ap_cr.png,0.06686463647959184
sub-S11574_ses-E21308_run-1_bp-chest_vp-pa_cr.png,0.017857142857142856
sub-S11574_ses-E21793_run-1_bp-chest_vp-pa_cr.png,0.06698421556122448
sub-S11579_ses-E21343_run-1_bp-chest_vp-ap_dx.png,0.023497289540816327
sub-S11581_ses-E21355_run-1_bp-chest_vp-pa_dx.png,0.04587850765306122
sub-S11583_ses-E21369_run-1_bp-chest_vp-pa_dx.png,0.20930325255102042
sub-S11584_ses-E21374_run-1_bp-chest_vp-pa_cr.png,0.021504304846938774
sub-S11585_ses-E22634_run-1_bp-chest_vp-ap_dx.png,0.014867665816326531
sub-S11586_ses-E21378_run-1_bp-chest_vp-ap_dx.png,0.06973453443877552
sub-S11586_ses-E25233_run-1_bp-chest_vp-pa_dx.png,0.17839205994897958
sub-S11586_ses-E26136_run-1_bp-chest_vp-ap_dx.png,0.1668327487244898
sub-S11590_ses-E21390_run-1_bp-chest_vp-pa_cr.png,0.04261001275510204
sub-S11591_ses-E21391_run-1_bp-chest_vp-pa_dx.png,0.021524234693877552
sub-S11593_ses-E21400_run-1_bp-chest_vp-ap_cr.png,0.09990832270408163
sub-S11594_ses-E21415_run-1_bp-chest_vp-ap_dx.png,0.05859375
sub-S11594_ses-E23178_run-1_bp-chest_vp-ap_dx.png,0.10259885204081633
sub-S11595_ses-E21417_run-1_bp-chest_vp-ap_cr.png,0.13201530612244897
sub-S11595_ses-E25610_run-1_bp-chest_vp-ap_cr.png,0.10973373724489796
sub-S11595_ses-E25911_run-1_bp-chest_vp-ap_cr.png,0.15646922831632654
sub-S11597_ses-E21422_acq-1_run-1_bp-chest_vp-pa_cr.png,0.04516103316326531
sub-S11598_ses-E26948_run-1_bp-chest_vp-pa_cr.png,0.006676498724489796
sub-S11600_ses-E21430_run-1_bp-chest_vp-pa_dx.png,0.04864875637755102
sub-S11603_ses-E21437_run-1_bp-chest_vp-pa_cr.png,0.010403380102040817
sub-S11604_ses-E21440_run-1_bp-chest_vp-ap_dx.png,0.1464046556122449
sub-S11609_ses-E21459_run-1_bp-chest_vp-ap_cr.png,0.03577407525510204
sub-S11610_ses-E21466_acq-2_run-1_bp-chest_vp-ap_dx.png,0.039361447704081634
sub-S11612_ses-E21480_acq-1_run-1_bp-chest_vp-pa_dx.png,0.015605070153061224
sub-S11612_ses-E23270_run-1_bp-chest_vp-ap_cr.png,0.026785714285714284
sub-S11613_ses-E21488_run-3_bp-chest_vp-ap_dx.png,0.1941764987244898
sub-S11613_ses-E22574_run-1_bp-chest_vp-ap_dx.png,0.15850207270408162
sub-S11613_ses-E26081_run-1_bp-chest_vp-ap_cr.png,0.05803571428571429
sub-S11614_ses-E23310_run-1_bp-chest_vp-ap_cr.png,0.022002551020408163
sub-S11616_ses-E21496_run-1_bp-chest_vp-ap_cr.png,0.21631855867346939
sub-S11619_ses-E21510_run-1_bp-chest_vp-ap_cr.png,0.015744579081632654
sub-S11620_ses-E23125_run-1_bp-chest_vp-ap_cr.png,0.03228635204081633
sub-S11624_ses-E21695_run-1_bp-chest_vp-ap_cr.png,0.13337053571428573
sub-S11624_ses-E25798_run-1_bp-chest_vp-ap_cr.png,0.11120854591836735
sub-S11628_ses-E21549_run-1_bp-chest_vp-ap_cr.png,0.23567044005102042
sub-S11629_ses-E21551_run-1_bp-chest_vp-pa_cr.png,0.021783322704081634
sub-S11629_ses-E22865_run-1_bp-chest_vp-ap_dx.png,0.11330117984693877
sub-S11634_ses-E21590_run-1_bp-chest_vp-ap_cr.png,0.07816485969387756
sub-S11634_ses-E21759_acq-1_run-1_bp-chest_vp-pa_dx.png,0.04506138392857143
sub-S11635_ses-E21592_run-1_bp-chest_vp-ap_cr.png,0.04145408163265306
sub-S11635_ses-E22273_run-1_bp-chest_vp-ap_cr.png,0.04348692602040816
sub-S11635_ses-E26576_run-1_bp-chest_vp-ap_cr.png,0.12314652423469388
sub-S11636_ses-E26835_run-1_bp-chest_vp-ap_dx.png,0.27427455357142855
sub-S11636_ses-E27033_run-2_bp-chest_vp-ap_cr.png,0.0848812181122449
sub-S11638_ses-E21618_run-1_bp-chest_vp-pa_dx.png,0.020926339285714284
sub-S11638_ses-E22928_run-1_bp-chest_vp-ap_dx.png,0.09060108418367346
sub-S11641_ses-E21643_run-1_bp-chest_vp-ap_cr.png,0.10642538265306123
sub-S11641_ses-E21801_acq-1_run-1_bp-chest_vp-ll_dx.png,0.01167889030612245
sub-S11644_ses-E21654_run-1_bp-chest_cr.png,0.14088408801020408
sub-S11645_ses-E21656_run-1_bp-chest_vp-ap_dx.png,0.06289859693877552
sub-S11646_ses-E21661_run-1_bp-chest_vp-ap_dx.png,0.027881855867346938
sub-S11646_ses-E22972_run-1_bp-chest_vp-ap_dx.png,0.016302614795918366
sub-S11647_ses-E21664_acq-1_run-1_bp-chest_vp-ap_cr.png,0.056540975765306124
sub-S11648_ses-E21670_run-1_bp-chest_vp-ap_dx.png,0.07272401147959184
sub-S11653_ses-E21678_run-1_bp-chest_vp-ap_dx.png,0.10768096301020408
sub-S11655_ses-E21685_run-1_bp-chest_vp-ap_cr.png,0.08059630102040816
sub-S11655_ses-E23007_run-1_bp-chest_vp-ap_cr.png,0.04270966198979592
sub-S11659_ses-E24524_run-1_bp-chest_vp-ap_dx.png,0.06399473852040816
sub-S11659_ses-E24857_run-1_bp-chest_vp-ap_dx.png,0.017020089285714284
sub-S11659_ses-E24958_run-1_bp-chest_vp-pa_dx.png,0.015166613520408163
sub-S11661_ses-E21710_run-1_bp-chest_vp-ap_dx.png,0.08964445153061225
sub-S11662_ses-E21713_run-1_bp-chest_vp-ap_dx.png,0.17889030612244897
sub-S11662_ses-E22371_run-1_bp-chest_vp-ap_cr.png,0.15965800382653061
sub-S11662_ses-E24213_run-1_bp-chest_vp-ap_cr.png,0.07192681760204081
sub-S11665_ses-E21733_run-1_bp-chest_vp-ap_dx.png,0.10596699617346939
sub-S11669_ses-E21754_run-1_bp-chest_vp-pa_dx.png,0.033860809948979595
sub-S11672_ses-E21776_run-1_bp-chest_vp-ap_cr.png,0.07684948979591837
sub-S11674_ses-E21779_run-1_bp-chest_vp-ap_cr.png,0.10668447066326531
sub-S11677_ses-E21803_run-1_bp-chest_vp-ap_dx.png,0.06973453443877552
sub-S11678_ses-E21807_acq-1_run-1_bp-chest_vp-ll_dx.png,0.016900510204081634
sub-S11678_ses-E23275_run-1_bp-chest_vp-ap_dx.png,0.12470105229591837
sub-S11679_ses-E21813_run-1_bp-chest_vp-ap_dx.png,0.16579639668367346
sub-S11683_ses-E21834_run-1_bp-chest_vp-ap_cr.png,0.04179288903061224
sub-S11684_ses-E21836_run-1_bp-chest_vp-pa_cr.png,0.01767777423469388
sub-S11685_ses-E21845_run-1_bp-chest_vp-ap_cr.png,0.07553411989795919
sub-S11692_ses-E21884_run-1_bp-chest_vp-pa_cr.png,0.01153938137755102
sub-S11694_ses-E24478_run-1_bp-chest_vp-ap_cr.png,0.13915019132653061
sub-S11696_ses-E23846_run-1_bp-chest_cr.png,0.01602359693877551
sub-S11697_ses-E21906_run-1_bp-chest_vp-ap_cr.png,0.05913185586734694
sub-S11700_ses-E21918_run-1_bp-chest_vp-ap_cr.png,0.05859375
sub-S11700_ses-E22657_run-1_bp-chest_vp-ap_cr.png,0.0555046237244898
sub-S11700_ses-E23150_run-1_bp-chest_vp-ap_cr.png,0.10265864158163265
sub-S11701_ses-E21925_run-1_bp-chest_vp-ap_dx.png,0.017378826530612245
sub-S11703_ses-E21930_run-1_bp-chest_vp-ap_cr.png,0.21107700892857142
sub-S11703_ses-E22220_run-1_bp-chest_vp-ap_dx.png,0.17970742984693877
sub-S11704_ses-E21935_run-1_bp-chest_vp-ap_cr.png,0.11306202168367346
sub-S11706_ses-E25454_run-1_bp-chest_vp-pa_cr.png,0.013891103316326531
sub-S11708_ses-E21961_run-1_bp-chest_vp-ap_dx.png,0.04173309948979592
sub-S11714_ses-E22277_run-1_bp-chest_vp-ap_cr.png,0.11011240433673469
sub-S11714_ses-E23075_run-1_bp-chest_vp-ap_cr.png,0.10231983418367346
sub-S11715_ses-E21994_run-1_bp-chest_vp-ap_dx.png,0.04956552933673469
sub-S11718_ses-E22015_run-1_bp-chest_vp-ap_dx.png,0.004185267857142857
sub-S11719_ses-E23111_run-1_bp-chest_vp-pa_dx.png,0.02919722576530612
sub-S11719_ses-E26300_run-1_bp-chest_vp-ap_dx.png,0.12354512117346939
sub-S11720_ses-E22020_acq-1_run-1_bp-chest_vp-ll_dx.png,0.04079639668367347
sub-S11727_ses-E22063_run-1_bp-chest_vp-ap_dx.png,0.020707110969387755
sub-S11729_ses-E22067_run-1_bp-chest_vp-pa_cr.png,0.014907525510204082
sub-S11733_ses-E22081_run-1_bp-chest_vp-ap_dx.png,0.19314014668367346
sub-S11734_ses-E22085_run-2_bp-chest_vp-ap_dx.png,0.11806441326530612
sub-S11734_ses-E22248_run-1_bp-chest_vp-ap_dx.png,0.14775988520408162
sub-S11736_ses-E25312_acq-1_run-1_bp-chest_vp-ll_cr.png,0.01903300382653061
sub-S11737_ses-E22092_acq-1_run-1_bp-chest_cr.png,0.007732780612244898
sub-S11739_ses-E22095_run-1_bp-chest_vp-ap_dx.png,0.03220663265306122
sub-S11742_ses-E24134_run-1_bp-chest_vp-ap_dx.png,0.2281170280612245
sub-S11742_ses-E24915_run-1_bp-chest_vp-ap_cr.png,0.14993223852040816
sub-S11745_ses-E22113_run-2_bp-chest_vp-ap_dx.png,0.041693239795918366
sub-S11745_ses-E26415_run-1_bp-chest_vp-ap_dx.png,0.015066964285714286
sub-S11746_ses-E22118_run-1_bp-chest_vp-ap_dx.png,0.07830436862244898
sub-S11752_ses-E24262_run-1_bp-chest_vp-ap_cr.png,0.17099808673469388
sub-S11752_ses-E24888_run-1_bp-chest_vp-ap_cr.png,0.06712372448979592
sub-S11752_ses-E24946_run-1_bp-chest_vp-ap_cr.png,0.17028061224489796
sub-S11752_ses-E25164_run-1_bp-chest_vp-ap_cr.png,0.13496492346938777
sub-S11752_ses-E25513_run-1_bp-chest_vp-pa_cr.png,0.1588408801020408
sub-S11752_ses-E26202_run-1_bp-chest_vp-ap_cr.png,0.1704998405612245
sub-S11759_ses-E23859_run-1_bp-chest_vp-ap_cr.png,0.05219626913265306
sub-S11759_ses-E24216_run-1_bp-chest_vp-pa_cr.png,0.05783641581632653
sub-S11759_ses-E25251_run-1_bp-chest_vp-pa_cr.png,0.12087452168367346
sub-S11764_ses-E22223_run-1_bp-chest_vp-ap_dx.png,0.018315529336734693
sub-S11766_ses-E23043_run-1_bp-chest_vp-ap_cr.png,0.15593112244897958
sub-S11767_ses-E22234_run-1_bp-chest_vp-pa_cr.png,0.0055404974489795915
sub-S11768_ses-E23789_run-1_bp-chest_vp-ap_cr.png,0.1015625
sub-S11768_ses-E24908_run-1_bp-chest_vp-ap_cr.png,0.1343670280612245
sub-S11768_ses-E25615_run-1_bp-chest_vp-pa_cr.png,0.13145727040816327
sub-S11771_ses-E22254_run-1_bp-chest_vp-ap_dx.png,0.18447066326530612
sub-S11771_ses-E23704_acq-1_run-1_bp-chest_vp-ll_dx.png,0.020169005102040817
sub-S11771_ses-E24962_acq-1_run-1_bp-chest_vp-ll_dx.png,0.039939413265306124
sub-S11776_ses-E22271_run-1_bp-chest_vp-ap_dx.png,0.05446827168367347
sub-S11776_ses-E22909_run-1_bp-chest_vp-ap_dx.png,0.06507095025510204
sub-S11779_ses-E23551_run-1_bp-chest_vp-ap_dx.png,0.048329878826530615
sub-S11779_ses-E25347_acq-2_run-1_bp-chest_vp-ll_dx.png,0.019232302295918366
sub-S11779_ses-E26021_run-1_bp-chest_vp-ap_cr.png,0.01887356505102041
sub-S11782_ses-E22318_run-1_bp-chest_vp-ap_dx.png,0.08248963647959184
sub-S11782_ses-E23591_run-1_bp-chest_vp-pa_cr.png,0.05879304846938776
sub-S11790_ses-E22341_run-1_bp-chest_vp-ap_dx.png,0.04061702806122449
sub-S11792_ses-E25555_acq-1_run-1_bp-chest_vp-pa_dx.png,0.02586894132653061
sub-S11795_ses-E22376_run-1_bp-chest_vp-ap_dx.png,0.17795360331632654
sub-S11795_ses-E25860_run-1_bp-chest_vp-ap_cr.png,0.12486049107142858
sub-S11799_ses-E22391_run-1_bp-chest_vp-pa_cr.png,0.029834980867346938
sub-S11799_ses-E23403_run-1_bp-chest_vp-pa_cr.png,0.0829280931122449
sub-S11801_ses-E22398_acq-1_run-1_bp-chest_vp-ll_dx.png,0.013173628826530613
sub-S11802_ses-E22403_run-2_bp-chest_vp-pa_dx.png,0.021643813775510203
sub-S11802_ses-E25030_run-1_bp-chest_vp-pa_dx.png,0.026925223214285716
sub-S11805_ses-E22420_run-1_bp-chest_vp-ap_cr.png,0.02610809948979592
sub-S11805_ses-E25457_run-1_bp-chest_vp-ap_cr.png,0.12480070153061225
sub-S11807_ses-E22424_run-1_bp-chest_vp-ap_dx.png,0.1756218112244898
sub-S11807_ses-E25460_run-1_bp-chest_vp-ap_dx.png,0.11415816326530612
sub-S11807_ses-E25595_run-1_bp-chest_vp-ap_dx.png,0.15736607142857142
sub-S11807_ses-E25896_run-1_bp-chest_vp-ap_dx.png,0.12860730229591838
sub-S11807_ses-E26240_run-1_bp-chest_vp-ap_dx.png,0.13462611607142858
sub-S11808_ses-E22451_run-1_bp-chest_vp-ap_cr.png,0.02574936224489796
sub-S11808_ses-E23923_run-1_bp-chest_vp-pa_dx.png,0.049326371173469385
sub-S11808_ses-E24595_run-1_bp-chest_vp-ap_dx.png,0.16438137755102042
sub-S11808_ses-E25942_run-1_bp-chest_vp-ap_dx.png,0.1447704081632653
sub-S11808_ses-E26386_run-1_bp-chest_vp-ap_dx.png,0.012575733418367346
sub-S11809_ses-E23920_run-1_bp-chest_vp-pa_dx.png,0.008988360969387755
sub-S11812_ses-E23937_run-1_bp-chest_vp-ap_dx.png,0.006397480867346939
sub-S11814_ses-E22466_run-1_bp-chest_vp-ap_dx.png,0.005560427295918368
sub-S11816_ses-E22470_run-1_bp-chest_vp-ap_dx.png,0.29306839923469385
sub-S11817_ses-E22472_run-2_bp-chest_vp-pa_cr.png,0.008529974489795918
sub-S11818_ses-E24662_acq-1_run-1_bp-chest_vp-pa_dx.png,0.01881377551020408
sub-S11822_ses-E22488_run-1_bp-chest_vp-ap_cr.png,0.05115991709183673
sub-S11822_ses-E25660_acq-1_run-1_bp-chest_vp-pa_dx.png,0.06383529974489796
sub-S11822_ses-E25970_run-1_bp-chest_vp-ap_cr.png,0.03966039540816327
sub-S11823_ses-E23492_run-1_bp-chest_vp-pa_cr.png,0.05098054846938776
sub-S11824_ses-E22497_run-1_bp-chest_vp-ap_cr.png,0.04946588010204082
sub-S11824_ses-E23223_run-1_bp-chest_vp-ap_dx.png,0.13628029336734693
sub-S11824_ses-E25306_run-1_bp-chest_vp-ap_dx.png,0.029296875
sub-S11824_ses-E25961_run-1_bp-chest_vp-ap_cr.png,0.07382015306122448
sub-S11827_ses-E22503_run-1_bp-chest_vp-ap_dx.png,0.1746452487244898
sub-S11829_ses-E22513_run-1_bp-chest_vp-pa_dx.png,0.09763632015306123
sub-S11830_ses-E22529_run-1_bp-chest_vp-ap_dx.png,0.009267378826530613
sub-S11831_ses-E22535_run-1_bp-chest_vp-ap_dx.png,0.15373883928571427
sub-S11831_ses-E23558_run-1_bp-chest_vp-pa_dx.png,0.09564333545918367
sub-S11832_ses-E22541_run-1_bp-chest_vp-ap_dx.png,0.034857302295918366
sub-S11832_ses-E24005_run-1_bp-chest_vp-pa_cr.png,0.006676498724489796
sub-S11833_ses-E22546_run-1_bp-chest_vp-ap_dx.png,0.18118223852040816
sub-S11833_ses-E25353_run-1_bp-chest_vp-ap_cr.png,0.06018813775510204
sub-S11833_ses-E26064_run-1_bp-chest_vp-ap_dx.png,0.1900310905612245
sub-S11833_ses-E26274_run-1_bp-chest_vp-pa_dx.png,0.03188775510204082
sub-S11834_ses-E22547_run-1_bp-chest_vp-ap_dx.png,0.08637595663265306
sub-S11835_ses-E22558_run-1_bp-chest_vp-ap_dx.png,0.042889030612244895
sub-S11835_ses-E22777_run-1_bp-chest_vp-ap_cr.png,0.03421954719387755
sub-S11835_ses-E22962_run-1_bp-chest_vp-ap_cr.png,0.023317920918367346
sub-S11835_ses-E24178_acq-1_run-1_bp-chest_vp-pa_dx.png,0.030333227040816327
sub-S11835_ses-E26069_run-1_bp-chest_vp-ap_cr.png,0.07378029336734694
sub-S11836_ses-E22564_run-1_bp-chest_vp-ap_dx.png,0.07166772959183673
sub-S11837_ses-E22576_run-1_bp-chest_vp-pa_cr.png,0.025051817602040817
sub-S11842_ses-E22618_run-1_bp-chest_vp-pa_cr.png,0.19316007653061223
sub-S11842_ses-E25785_run-1_bp-chest_vp-pa_cr.png,0.2031847895408163
sub-S11842_ses-E26314_run-1_bp-chest_vp-pa_cr.png,0.08840880102040816
sub-S11846_ses-E24724_run-1_bp-chest_vp-ap_dx.png,0.06831951530612244
sub-S11846_ses-E25224_run-1_bp-chest_vp-ap_dx.png,0.10837850765306123
sub-S11846_ses-E25413_run-1_bp-chest_vp-ap_dx.png,0.0398796237244898
sub-S11854_ses-E24423_run-1_bp-chest_vp-ap_dx.png,0.0829280931122449
sub-S11854_ses-E24642_run-1_bp-chest_vp-ap_dx.png,0.035076530612244895
sub-S11854_ses-E25984_run-1_bp-chest_cr.png,0.008131377551020409
sub-S11858_ses-E22750_acq-1_run-1_bp-chest_vp-ap_cr.png,0.054009885204081634
sub-S11864_ses-E22785_run-1_bp-chest_vp-pa_dx.png,0.017159598214285716
sub-S11864_ses-E24498_run-1_bp-chest_vp-pa_dx.png,0.012316645408163265
sub-S11864_ses-E25767_run-1_bp-chest_vp-ap_dx.png,0.04179288903061224
sub-S11864_ses-E26088_run-1_bp-chest_vp-ap_dx.png,0.03188775510204082
sub-S11865_ses-E22791_run-1_bp-chest_vp-ap_cr.png,0.03868383290816327
sub-S11868_ses-E22802_run-1_bp-chest_vp-ap_cr.png,0.01638233418367347
sub-S11869_ses-E22807_acq-1_run-1_bp-chest_vp-pa_dx.png,0.06178252551020408
sub-S11869_ses-E23135_run-1_bp-chest_vp-ap_cr.png,0.10524952168367346
sub-S11870_ses-E22812_run-1_bp-chest_vp-ap_cr.png,0.10375478316326531
sub-S11870_ses-E23001_run-1_bp-chest_vp-ap_cr.png,0.1337093431122449
sub-S11872_ses-E23337_run-1_bp-chest_vp-pa_cr.png,0.13311144770408162
sub-S11873_ses-E22823_run-1_bp-chest_vp-ap_dx.png,0.08456234056122448
sub-S11875_ses-E22868_run-1_bp-chest_vp-ap_dx.png,0.021285076530612245
sub-S11879_ses-E24380_run-1_bp-chest_vp-ap_dx.png,0.21749441964285715
sub-S11879_ses-E24910_run-1_bp-chest_vp-pa_dx.png,0.0401985012755102
sub-S11886_ses-E22958_run-1_bp-chest_vp-ap_dx.png,0.08254942602040816
sub-S11887_ses-E22963_run-1_bp-chest_vp-ap_dx.png,0.04538026147959184
sub-S11890_ses-E22973_run-1_bp-chest_vp-pa_cr.png,0.004643654336734694
sub-S11893_ses-E22995_run-1_bp-chest_vp-ap_cr.png,0.18957270408163265
sub-S11896_ses-E24859_run-1_bp-chest_vp-pa_cr.png,0.052834024234693876
sub-S11898_ses-E23005_acq-1_run-1_bp-chest_vp-ll_dx.png,0.05235570790816327
sub-S11905_ses-E24299_run-1_bp-chest_vp-ap_cr.png,0.10429288903061225
sub-S11905_ses-E25835_run-1_bp-chest_vp-pa_cr.png,0.07860331632653061
sub-S11905_ses-E26230_run-1_bp-chest_vp-pa_dx.png,0.027622767857142856
sub-S11913_ses-E23048_run-1_bp-chest_vp-pa_cr.png,0.025231186224489797
sub-S11914_ses-E25060_run-1_bp-chest_vp-pa_cr.png,0.06261957908163265
sub-S11914_ses-E25465_run-1_bp-chest_vp-pa_cr.png,0.0214046556122449
sub-S11914_ses-E25626_run-1_bp-chest_vp-pa_cr.png,0.04811065051020408
sub-S11914_ses-E25944_run-1_bp-chest_vp-pa_cr.png,0.06794084821428571
sub-S11916_ses-E23922_run-1_bp-chest_vp-pa_cr.png,0.012356505102040817
sub-S11920_ses-E25343_run-1_bp-chest_vp-ap_cr.png,0.22026466836734693
sub-S11920_ses-E26023_run-1_bp-chest_vp-pa_cr.png,0.22959183673469388
sub-S11921_ses-E23723_run-1_bp-chest_vp-pa_dx.png,0.07908163265306123
sub-S11921_ses-E24459_run-1_bp-chest_vp-ap_dx.png,0.1939971301020408
sub-S11921_ses-E25717_run-1_bp-chest_vp-ap_dx.png,0.23220264668367346
sub-S11927_ses-E23153_acq-1_run-1_bp-chest_cr.png,0.10903619260204081
sub-S11932_ses-E23211_run-1_bp-chest_vp-ap_cr.png,0.1051498724489796
sub-S11935_ses-E23215_run-1_bp-chest_vp-ap_cr.png,0.009107940051020409
sub-S11941_ses-E23257_run-1_bp-chest_vp-pa_cr.png,0.00839046556122449
sub-S11942_ses-E23264_run-1_bp-chest_vp-pa_cr.png,0.06814014668367346
sub-S11942_ses-E26589_run-2_bp-chest_dx.png,0.026506696428571428
sub-S11942_ses-E27096_run-2_bp-chest_dx.png,0.06497130102040816
sub-S11944_ses-E23276_run-1_bp-chest_vp-ap_cr.png,0.07443797831632654
sub-S11958_ses-E23357_run-1_bp-chest_vp-ap_dx.png,0.16695232780612246
sub-S11958_ses-E24689_run-1_bp-chest_vp-ap_cr.png,0.18146125637755103
sub-S11958_ses-E24986_run-1_bp-chest_vp-ap_dx.png,0.1392498405612245
sub-S11958_ses-E25730_run-1_bp-chest_vp-ap_dx.png,0.17303093112244897
sub-S11959_ses-E23358_run-1_bp-chest_vp-ap_dx.png,0.08523995535714286
sub-S11959_ses-E25154_run-1_bp-chest_vp-pa_dx.png,0.04259008290816327
sub-S11961_ses-E25816_run-1_bp-chest_vp-pa_dx.png,0.22873485331632654
sub-S11964_ses-E23400_run-1_bp-chest_vp-pa_cr.png,0.043865593112244895
sub-S11966_ses-E23408_acq-1_run-1_bp-chest_vp-ll_cr.png,0.06325733418367346
sub-S11967_ses-E25273_acq-1_run-1_bp-chest_vp-pa_dx.png,0.03513632015306122
sub-S11968_ses-E24336_acq-3_run-1_bp-chest_vp-ap_dx.png,0.09321189413265306
sub-S11969_ses-E23414_run-1_bp-chest_vp-ap_dx.png,0.0322265625
sub-S11969_ses-E25025_run-1_bp-chest_vp-pa_dx.png,0.05428890306122449
sub-S11970_ses-E23415_run-1_bp-chest_vp-ap_cr.png,0.03204719387755102
sub-S11970_ses-E24576_run-1_bp-chest_vp-ap_cr.png,0.0074338329081632655
sub-S11970_ses-E25584_run-1_bp-chest_vp-ap_cr.png,0.1403858418367347
sub-S11974_ses-E23881_run-1_bp-chest_vp-pa_dx.png,0.05879304846938776
sub-S11974_ses-E24588_run-1_bp-chest_vp-ap_dx.png,0.08565848214285714
sub-S11975_ses-E23433_run-1_bp-chest_vp-ap_dx.png,0.04555963010204082
sub-S11975_ses-E23692_run-1_bp-chest_vp-pa_dx.png,0.005699936224489796
sub-S11975_ses-E24577_run-1_bp-chest_vp-ap_dx.png,0.06977439413265306
sub-S11976_ses-E23435_run-1_bp-chest_vp-pa_cr.png,0.15439652423469388
sub-S11976_ses-E24587_run-1_bp-chest_vp-ap_cr.png,0.33840880102040816
sub-S11976_ses-E24764_run-1_bp-chest_vp-ap_cr.png,0.3202327806122449
sub-S11976_ses-E25034_run-1_bp-chest_vp-ap_cr.png,0.31716358418367346
sub-S11976_ses-E25285_run-1_bp-chest_vp-ap_cr.png,0.27967554209183676
sub-S11978_ses-E23903_run-1_bp-chest_vp-ap_cr.png,0.01273517219387755
sub-S11980_ses-E23453_run-1_bp-chest_vp-ap_dx.png,0.017916932397959183
sub-S11982_ses-E23465_run-1_bp-chest_vp-ap_cr.png,0.06208147321428571
sub-S11983_ses-E23475_run-1_bp-chest_vp-ap_cr.png,0.016980229591836735
sub-S11986_ses-E25464_run-1_bp-chest_vp-pa_dx.png,0.015126753826530613
sub-S11987_ses-E23487_run-1_bp-chest_vp-ap_cr.png,0.2138671875
sub-S11987_ses-E23934_run-1_bp-chest_vp-ap_cr.png,0.015565210459183673
sub-S11987_ses-E24384_run-1_bp-chest_vp-pa_dx.png,0.05406967474489796
sub-S11988_ses-E23488_run-2_bp-chest_vp-ap_dx.png,0.010542889030612245
sub-S11989_ses-E23490_run-1_bp-chest_vp-ap_cr.png,0.021504304846938774
sub-S11991_ses-E25657_run-1_bp-chest_vp-pa_dx.png,0.012436224489795918
sub-S11992_ses-E23499_run-1_bp-chest_vp-ap_dx.png,0.06622688137755102
sub-S11992_ses-E25478_acq-1_run-1_bp-chest_vp-pa_dx.png,0.056540975765306124
sub-S11992_ses-E25645_run-1_bp-chest_vp-ap_cr.png,0.038743622448979595
sub-S11993_ses-E23503_run-1_bp-chest_vp-ap_dx.png,0.004264987244897959
sub-S11997_ses-E23513_acq-2_run-1_bp-chest_vp-pa_cr.png,0.032884247448979595
sub-S12001_ses-E23521_run-1_bp-chest_vp-pa_cr.png,0.09520487882653061
sub-S12001_ses-E25095_run-1_bp-chest_vp-pa_cr.png,0.06724330357142858
sub-S12007_ses-E23554_run-1_bp-chest_vp-ap_dx.png,0.06289859693877552
sub-S12008_ses-E25721_run-1_bp-chest_vp-pa_dx.png,0.05155851403061224
sub-S12010_ses-E23561_run-1_bp-chest_vp-ap_dx.png,0.17729591836734693
sub-S12010_ses-E24813_acq-1_run-1_bp-chest_vp-ll_dx.png,0.028081154336734693
sub-S12010_ses-E25720_run-1_bp-chest_vp-ap_dx.png,0.13811383928571427
sub-S12011_ses-E23562_acq-1_run-1_bp-chest_vp-pa_cr.png,0.047173947704081634
sub-S12012_ses-E23565_run-1_bp-chest_vp-ap_dx.png,0.005600286989795918
sub-S12012_ses-E24024_run-1_bp-chest_vp-ap_dx.png,0.09606186224489796
sub-S12012_ses-E24827_run-1_bp-chest_vp-ap_cr.png,0.11061065051020408
sub-S12014_ses-E23570_run-1_bp-chest_vp-pa_dx.png,0.004424426020408163
sub-S12016_ses-E23572_run-1_bp-chest_vp-ap_dx.png,0.04316804846938776
sub-S12016_ses-E23998_run-1_bp-chest_vp-ap_dx.png,0.053611288265306124
sub-S12016_ses-E25367_run-1_bp-chest_vp-ap_dx.png,0.21107700892857142
sub-S12017_ses-E23578_run-1_bp-chest_vp-ap_dx.png,0.05953045280612245
sub-S12017_ses-E25516_acq-1_run-1_bp-chest_vp-ll_dx.png,0.039740114795918366
sub-S12018_ses-E23582_run-1_bp-chest_vp-ap_cr.png,0.06479193239795919
sub-S12019_ses-E23585_run-1_bp-chest_vp-ap_dx.png,0.12771045918367346
sub-S12020_ses-E23592_run-1_bp-chest_vp-ap_dx.png,0.17303093112244897
sub-S12020_ses-E25167_run-1_bp-chest_vp-pa_dx.png,0.02256058673469388
sub-S12021_ses-E23593_run-1_bp-chest_vp-ap_dx.png,0.009486607142857142
sub-S12022_ses-E24942_acq-1_run-1_bp-chest_vp-ll_dx.png,0.03453842474489796
sub-S12022_ses-E25519_run-1_bp-chest_vp-ap_cr.png,0.027044802295918366
sub-S12023_ses-E23608_run-1_bp-chest_vp-pa_dx.png,0.26646205357142855
sub-S12024_ses-E23610_run-1_bp-chest_vp-ap_dx.png,0.01114078443877551
sub-S12025_ses-E23612_run-1_bp-chest_vp-ap_dx.png,0.1667530293367347
sub-S12025_ses-E26097_run-1_bp-chest_cr.png,0.13552295918367346
sub-S12025_ses-E26488_run-1_bp-chest_vp-ap_dx.png,0.09396922831632654
sub-S12028_ses-E23625_run-1_bp-chest_vp-ap_dx.png,0.03396045918367347
sub-S12028_ses-E26308_run-1_bp-chest_vp-ap_dx.png,0.1214126275510204
sub-S12029_ses-E23629_run-1_bp-chest_vp-ap_cr.png,0.012715242346938776
sub-S12030_ses-E25229_run-1_bp-chest_vp-pa_cr.png,0.0927734375
sub-S12032_ses-E23641_run-2_bp-chest_vp-ll_dx.png,0.11326132015306123
sub-S12033_ses-E23642_run-1_bp-chest_vp-ap_cr.png,0.04625717474489796
sub-S12033_ses-E25775_run-1_bp-chest_vp-ap_cr.png,0.057696906887755105
sub-S12035_ses-E23645_run-1_bp-chest_vp-ap_cr.png,0.008689413265306123
sub-S12035_ses-E24506_acq-1_run-1_bp-chest_vp-ll_dx.png,0.026606345663265307
sub-S12037_ses-E25177_run-1_bp-chest_vp-ap_cr.png,0.1330516581632653
sub-S12038_ses-E23650_run-1_bp-chest_vp-ap_dx.png,0.22092235331632654
sub-S12038_ses-E24070_run-1_bp-chest_vp-ap_dx.png,0.21440529336734693
sub-S12038_ses-E24505_acq-1_run-1_bp-chest_vp-ap_dx.png,0.17492426658163265
sub-S12038_ses-E25179_run-1_bp-chest_vp-ap_dx.png,0.13805404974489796
sub-S12039_ses-E23652_run-1_bp-chest_vp-ap_cr.png,0.08151307397959184
sub-S12039_ses-E24106_run-1_bp-chest_vp-ap_dx.png,0.10718271683673469
sub-S12039_ses-E24852_run-1_bp-chest_vp-ap_cr.png,0.1350047831632653
sub-S12039_ses-E25212_run-1_bp-chest_vp-ap_cr.png,0.11375956632653061
sub-S12040_ses-E25522_acq-2_run-1_bp-chest_vp-ll_dx.png,0.059889190051020405
sub-S12041_ses-E23656_run-1_bp-chest_vp-pa_cr.png,0.1483577806122449
sub-S12041_ses-E25220_run-1_bp-chest_vp-pa_cr.png,0.11955915178571429
sub-S12043_ses-E23663_run-1_bp-chest_vp-ap_dx.png,0.05490672831632653
sub-S12043_ses-E25426_acq-1_run-1_bp-chest_vp-pa_dx.png,0.05319276147959184
sub-S12045_ses-E23669_run-1_bp-chest_vp-pa_dx.png,0.036232461734693876
sub-S12051_ses-E23683_run-2_bp-chest_vp-ap_dx.png,0.19501355229591838
sub-S12052_ses-E24532_run-1_bp-chest_vp-ap_dx.png,0.17775430484693877
sub-S12052_ses-E24844_run-1_bp-chest_vp-ap_dx.png,0.07391980229591837
sub-S12052_ses-E25803_run-1_bp-chest_vp-ap_dx.png,0.054388552295918366
sub-S12055_ses-E23694_run-1_bp-chest_vp-pa_cr.png,0.013452646683673469
sub-S12055_ses-E23784_run-1_bp-chest_vp-ap_cr.png,0.07284359056122448
sub-S12056_ses-E23695_run-1_bp-chest_vp-ap_cr.png,0.056361607142857144
sub-S12059_ses-E23706_run-1_bp-chest_vp-pa_dx.png,0.045400191326530615
sub-S12061_ses-E24421_run-1_bp-chest_vp-ap_cr.png,0.16159119897959184
sub-S12063_ses-E23713_run-1_bp-chest_vp-ap_cr.png,0.19850127551020408
sub-S12064_ses-E23714_run-1_bp-chest_vp-pa_dx.png,0.09235491071428571
sub-S12064_ses-E24793_run-1_bp-chest_vp-pa_dx.png,0.09759646045918367
sub-S12064_ses-E25314_run-1_bp-chest_vp-ap_dx.png,0.10002790178571429
sub-S12066_ses-E23717_run-1_bp-chest_vp-ap_cr.png,0.2209422831632653
sub-S12069_ses-E23724_run-1_bp-chest_vp-ap_cr.png,0.119140625
sub-S12071_ses-E23728_run-1_bp-chest_vp-ap_dx.png,0.039560746173469385
sub-S12071_ses-E23799_run-1_bp-chest_vp-ap_dx.png,0.014907525510204082
sub-S12071_ses-E24935_run-1_bp-chest_vp-ap_dx.png,0.07950015943877552
sub-S12073_ses-E23735_run-1_bp-chest_vp-pa_cr.png,0.03493702168367347
sub-S12075_ses-E23742_run-1_bp-chest_vp-ap_cr.png,0.21251195790816327
sub-S12078_ses-E23755_run-1_bp-chest_vp-ap_dx.png,0.18339445153061223
sub-S12078_ses-E24186_run-1_bp-chest_vp-ap_cr.png,0.13699776785714285
sub-S12079_ses-E23756_run-1_bp-chest_vp-ap_cr.png,0.13456632653061223
sub-S12079_ses-E26544_run-1_bp-chest_vp-ap_cr.png,0.0647720025510204
sub-S12082_ses-E23771_run-1_bp-chest_vp-pa_cr.png,0.01327327806122449
sub-S12087_ses-E23779_run-1_bp-chest_vp-pa_cr.png,0.02881855867346939
sub-S12087_ses-E24248_run-1_bp-chest_vp-ap_cr.png,0.12025669642857142
sub-S12087_ses-E25671_run-1_bp-chest_vp-pa_cr.png,0.019152582908163265
sub-S12089_ses-E23782_run-1_bp-chest_vp-pa_cr.png,0.011340082908163265
sub-S12091_ses-E23786_run-1_bp-chest_vp-ap_cr.png,0.19373804209183673
sub-S12091_ses-E24868_run-1_bp-chest_vp-ap_cr.png,0.18219866071428573
sub-S12091_ses-E24965_run-1_bp-chest_vp-ap_cr.png,0.10782047193877552
sub-S12091_ses-E25813_run-1_bp-chest_vp-pa_cr.png,0.08956473214285714
sub-S12092_ses-E23788_run-1_bp-chest_vp-ap_dx.png,0.15913982780612246
sub-S12094_ses-E23790_run-1_bp-chest_vp-ap_cr.png,0.18168048469387754
sub-S12096_ses-E23795_run-1_bp-chest_vp-ap_dx.png,0.11110889668367346
sub-S12098_ses-E25760_run-1_bp-chest_vp-ap_dx.png,0.23497289540816327
sub-S12099_ses-E26293_acq-1_run-1_bp-chest_vp-pa_dx.png,0.029994419642857144
sub-S12100_ses-E24893_run-1_bp-chest_vp-ap_dx.png,0.17526307397959184
sub-S12101_ses-E23822_run-1_bp-chest_vp-ap_cr.png,0.11587213010204081
sub-S12102_ses-E25305_run-1_bp-chest_vp-ap_cr.png,0.034299266581632654
sub-S12103_ses-E24255_run-1_bp-chest_vp-pa_cr.png,0.06208147321428571
sub-S12106_ses-E23835_run-1_bp-chest_vp-ap_cr.png,0.11507493622448979
sub-S12106_ses-E24981_run-1_bp-chest_vp-ap_cr.png,0.1398875956632653
sub-S12111_ses-E23852_acq-2_run-1_bp-chest_vp-ap_dx.png,0.21055883290816327
sub-S12112_ses-E23853_run-1_bp-chest_vp-pa_cr.png,0.025251116071428572
sub-S12112_ses-E25841_run-1_bp-chest_vp-pa_cr.png,0.06776147959183673
sub-S12114_ses-E23861_run-1_bp-chest_vp-pa_cr.png,0.11166693239795919
sub-S12114_ses-E26327_run-1_bp-chest_vp-ap_cr.png,0.07069116709183673
sub-S12115_ses-E23864_run-1_bp-chest_vp-ap_dx.png,0.0597297512755102
sub-S12115_ses-E24328_run-1_bp-chest_vp-pa_cr.png,0.036212531887755105
sub-S12115_ses-E25001_run-1_bp-chest_vp-ap_dx.png,0.046018016581632654
sub-S12115_ses-E25863_run-1_bp-chest_vp-ap_dx.png,0.09787547831632654
sub-S12115_ses-E26344_run-1_bp-chest_vp-ap_dx.png,0.06439333545918367
sub-S12116_ses-E23870_run-1_bp-chest_vp-ap_dx.png,0.311344068877551
sub-S12116_ses-E25451_run-1_bp-chest_vp-ap_cr.png,0.11196588010204081
sub-S12116_ses-E26693_run-1_bp-chest_vp-ap_cr.png,0.04278938137755102
sub-S12117_ses-E23873_acq-1_run-1_bp-chest_vp-ll_dx.png,0.042889030612244895
sub-S12117_ses-E25905_run-1_bp-chest_vp-ap_cr.png,0.006198182397959184
sub-S12118_ses-E23877_run-1_bp-chest_vp-ap_cr.png,0.14781967474489796
sub-S12118_ses-E25280_run-1_bp-chest_vp-ap_cr.png,0.12715242346938777
sub-S12120_ses-E23880_run-1_bp-chest_vp-pa_cr.png,0.021723533163265307
sub-S12120_ses-E25045_run-1_bp-chest_vp-ap_dx.png,0.014907525510204082
sub-S12120_ses-E26363_run-1_bp-chest_vp-ap_dx.png,0.07198660714285714
sub-S12123_ses-E23888_run-1_bp-chest_cr.png,0.0166812818877551
sub-S12127_ses-E23899_run-1_bp-chest_vp-ap_cr.png,0.20264668367346939
sub-S12127_ses-E24769_run-1_bp-chest_vp-pa_cr.png,0.04946588010204082
sub-S12128_ses-E23905_acq-1_run-1_bp-chest_vp-ll_dx.png,0.010184151785714286
sub-S12129_ses-E23909_acq-1_run-1_bp-chest_vp-pa_cr.png,0.028380102040816327
sub-S12130_ses-E23912_run-1_bp-chest_vp-ap_dx.png,0.12709263392857142
sub-S12130_ses-E25050_run-1_bp-chest_cr.png,0.06485172193877552
sub-S12132_ses-E23924_run-1_bp-chest_vp-ap_dx.png,0.062021683673469385
sub-S12132_ses-E25462_acq-2_run-1_bp-chest_vp-pa_dx.png,0.045998086734693876
sub-S12134_ses-E23935_acq-1_run-1_bp-chest_vp-pa_cr.png,0.014010682397959183
sub-S12135_ses-E23936_run-1_bp-chest_cr.png,0.1532405931122449
sub-S12135_ses-E24390_acq-1_run-1_bp-chest_vp-ap_dx.png,0.1701610331632653
sub-S12135_ses-E25073_run-1_bp-chest_vp-ap_dx.png,0.15196508290816327
sub-S12136_ses-E23939_run-1_bp-chest_vp-ap_cr.png,0.10200095663265306
sub-S12137_ses-E23941_run-1_bp-chest_vp-pa_cr.png,0.1676299426020408
sub-S12138_ses-E26177_run-1_bp-chest_vp-ap_cr.png,0.04512117346938776
sub-S12141_ses-E23953_run-1_bp-chest_vp-pa_cr.png,0.14407286352040816
sub-S12141_ses-E24543_run-1_bp-chest_vp-ap_cr.png,0.13743622448979592
sub-S12141_ses-E26279_run-1_bp-chest_vp-ap_cr.png,0.07826450892857142
sub-S12143_ses-E23958_run-1_bp-chest_vp-ap_dx.png,0.12553810586734693
sub-S12144_ses-E23961_run-1_bp-chest_vp-ap_cr.png,0.01865433673469388
sub-S12145_ses-E24244_acq-1_run-1_bp-chest_vp-pa_dx.png,0.07059151785714286
sub-S12147_ses-E23973_run-1_bp-chest_vp-ap_dx.png,0.1883968431122449
sub-S12147_ses-E24247_run-1_bp-chest_vp-ap_cr.png,0.08386479591836735
sub-S12147_ses-E25683_run-1_bp-chest_vp-ap_dx.png,0.20103236607142858
sub-S12149_ses-E23986_run-1_bp-chest_vp-ap_dx.png,0.017598054846938774
sub-S12150_ses-E23987_run-1_bp-chest_vp-pa_cr.png,0.07575334821428571
sub-S12153_ses-E23990_run-1_bp-chest_vp-pa_cr.png,0.051458864795918366
sub-S12154_ses-E23995_run-1_bp-chest_vp-ap_cr.png,0.18622448979591838
sub-S12154_ses-E26275_acq-1_run-1_bp-chest_vp-ll_dx.png,0.1485172193877551
sub-S12155_ses-E25499_run-1_bp-chest_vp-pa_cr.png,0.058713329081632654
sub-S12156_ses-E24008_run-1_bp-chest_vp-ap_dx.png,0.005301339285714286
sub-S12160_ses-E24260_run-1_bp-chest_vp-ap_cr.png,0.18281648596938777
sub-S12160_ses-E26183_run-1_bp-chest_vp-ap_cr.png,0.13231425382653061
sub-S12161_ses-E24021_run-1_bp-chest_vp-ap_cr.png,0.18263711734693877
sub-S12161_ses-E24809_run-1_bp-chest_vp-pa_cr.png,0.13197544642857142
sub-S12162_ses-E24022_run-1_bp-chest_cr.png,0.16725127551020408
sub-S12162_ses-E24461_run-1_bp-chest_vp-ap_dx.png,0.1991589604591837
sub-S12164_ses-E25716_run-1_bp-chest_vp-ap_cr.png,0.020169005102040817
sub-S12165_ses-E26285_run-1_bp-chest_vp-ap_cr.png,0.19310028698979592
sub-S12167_ses-E24036_run-1_bp-chest_vp-ap_cr.png,0.17253268494897958
sub-S12167_ses-E25378_run-1_bp-chest_vp-pa_cr.png,0.05982940051020408
sub-S12167_ses-E26070_run-1_bp-chest_vp-pa_cr.png,0.17219387755102042
sub-S12167_ses-E26455_run-1_bp-chest_vp-pa_cr.png,0.17916932397959184
sub-S12169_ses-E24045_run-1_bp-chest_vp-ap_dx.png,0.014967315051020409
sub-S12169_ses-E25528_run-1_bp-chest_vp-pa_dx.png,0.025370695153061226
sub-S12170_ses-E24046_run-1_bp-chest_vp-ap_dx.png,0.20412149234693877
sub-S12170_ses-E24053_run-1_bp-chest_cr.png,0.025330835459183673
sub-S12170_ses-E25762_run-1_bp-chest_cr.png,0.06802056760204081
sub-S12171_ses-E24047_run-1_bp-chest_vp-ap_dx.png,0.18273676658163265
sub-S12172_ses-E24048_run-1_bp-chest_vp-ap_cr.png,0.2022082270408163
sub-S12172_ses-E24268_run-1_bp-chest_vp-pa_cr.png,0.06365593112244898
sub-S12172_ses-E25387_run-1_bp-chest_vp-ap_cr.png,0.16067442602040816
sub-S12174_ses-E24182_run-1_bp-chest_vp-ap_dx.png,0.04061702806122449
sub-S12175_ses-E24686_run-1_bp-chest_vp-ap_dx.png,0.12697305484693877
sub-S12175_ses-E26475_run-1_bp-chest_vp-ap_dx.png,0.14301658163265307
sub-S12176_ses-E24061_run-1_bp-chest_vp-ap_dx.png,0.1683673469387755
sub-S12180_ses-E25771_run-1_bp-chest_vp-ap_dx.png,0.0042251275510204085
sub-S12182_ses-E24513_run-1_bp-chest_vp-ap_cr.png,0.19240274234693877
sub-S12184_ses-E24095_run-1_bp-chest_vp-pa_dx.png,0.09303252551020408
sub-S12186_ses-E24100_acq-1_run-1_bp-chest_vp-ll_dx.png,0.03166852678571429
sub-S12188_ses-E24113_acq-2_run-1_bp-chest_vp-ll_dx.png,0.019870057397959183
sub-S12189_ses-E24116_run-1_bp-chest_vp-ap_cr.png,0.05855389030612245
sub-S12189_ses-E25789_run-1_bp-chest_vp-ap_cr.png,0.06383529974489796
sub-S12190_ses-E24119_run-1_bp-chest_vp-ap_cr.png,0.1578045280612245
sub-S12190_ses-E25796_run-1_bp-chest_vp-ap_dx.png,0.19046954719387754
sub-S12193_ses-E24124_run-1_bp-chest_vp-ap_cr.png,0.13356983418367346
sub-S12193_ses-E25437_run-1_bp-chest_vp-pa_dx.png,0.09791533801020408
sub-S12195_ses-E24137_run-1_bp-chest_vp-ap_dx.png,0.009865274234693877
sub-S12196_ses-E24129_run-1_bp-chest_vp-ap_dx.png,0.012376434948979591
sub-S12197_ses-E24132_run-1_bp-chest_vp-ap_cr.png,0.07152822066326531
sub-S12197_ses-E24904_run-1_bp-chest_vp-ap_cr.png,0.22219786352040816
sub-S12197_ses-E26523_run-1_bp-chest_vp-ap_cr.png,0.21534199617346939
sub-S12198_ses-E24142_run-1_bp-chest_vp-pa_cr.png,0.012476084183673469
sub-S12203_ses-E24150_run-1_bp-chest_vp-ap_cr.png,0.10511001275510204
sub-S12203_ses-E24561_run-1_bp-chest_vp-ap_cr.png,0.062420280612244895
sub-S12203_ses-E24905_run-1_bp-chest_vp-pa_cr.png,0.029994419642857144
sub-S12205_ses-E24622_run-1_bp-chest_vp-ap_dx.png,0.15455596301020408
sub-S12205_ses-E24766_acq-1_run-1_bp-chest_vp-pa_dx.png,0.0359733737244898
sub-S12206_ses-E24159_run-1_bp-chest_vp-ap_dx.png,0.1433155293367347
sub-S12206_ses-E24198_run-1_bp-chest_vp-ap_cr.png,0.16426179846938777
sub-S12207_ses-E24161_run-1_bp-chest_vp-ap_cr.png,0.15477519132653061
sub-S12207_ses-E24200_run-1_bp-chest_vp-pa_cr.png,0.22237723214285715
sub-S12211_ses-E24179_run-1_bp-chest_vp-ap_cr.png,0.1739875637755102
sub-S12212_ses-E24180_run-1_bp-chest_vp-pa_cr.png,0.034478635204081634
sub-S12212_ses-E24257_run-1_bp-chest_vp-ap_cr.png,0.03977997448979592
sub-S12214_ses-E24184_run-1_bp-chest_vp-ap_dx.png,0.12161192602040816
sub-S12215_ses-E24189_run-1_bp-chest_vp-ap_cr.png,0.03633211096938776
sub-S12216_ses-E24193_run-1_bp-chest_vp-ap_cr.png,0.27951610331632654
sub-S12217_ses-E24974_run-1_bp-chest_vp-pa_cr.png,0.14431202168367346
sub-S12219_ses-E24199_run-1_bp-chest_vp-ap_cr.png,0.05454799107142857
sub-S12219_ses-E26231_run-1_bp-chest_vp-ap_cr.png,0.024533641581632654
sub-S12220_ses-E24203_acq-1_run-1_bp-chest_vp-ll_cr.png,0.048748405612244895
sub-S12222_ses-E24212_run-1_bp-chest_vp-ap_dx.png,0.06724330357142858
sub-S12224_ses-E24219_run-1_bp-chest_vp-ap_dx.png,0.11706792091836735
sub-S12224_ses-E24765_run-1_bp-chest_vp-ap_dx.png,0.22724011479591838
sub-S12224_ses-E24770_run-1_bp-chest_vp-ap_dx.png,0.12362484056122448
sub-S12225_ses-E24220_run-1_bp-chest_vp-ap_cr.png,0.07760682397959184
sub-S12225_ses-E24222_run-1_bp-chest_vp-ap_cr.png,0.005978954081632653
sub-S12225_ses-E26382_acq-1_run-1_bp-chest_cr.png,0.2030652104591837
sub-S12227_ses-E24228_run-1_bp-chest_vp-ap_dx.png,0.18751992984693877
sub-S12229_ses-E24232_run-1_bp-chest_vp-pa_cr.png,0.015027104591836735
sub-S12230_ses-E24233_run-1_bp-chest_vp-ap_cr.png,0.1483777104591837
sub-S12232_ses-E24238_acq-1_run-1_bp-chest_vp-ll_cr.png,0.03338249362244898
sub-S12232_ses-E24611_run-1_bp-chest_vp-ap_cr.png,0.14863679846938777
sub-S12232_ses-E25086_run-1_bp-chest_vp-ap_cr.png,0.19056919642857142
sub-S12233_ses-E26261_run-1_bp-chest_vp-pa_cr.png,0.06654575892857142
sub-S12234_ses-E24651_run-1_bp-chest_vp-ap_cr.png,0.20232780612244897
sub-S12234_ses-E24777_run-1_bp-chest_vp-ap_cr.png,0.046775350765306124
sub-S12234_ses-E25308_run-1_bp-chest_vp-ap_cr.png,0.18949298469387754
sub-S12237_ses-E24253_acq-1_run-1_bp-chest_vp-pa_dx.png,0.026426977040816327
sub-S12238_ses-E25144_run-1_bp-chest_vp-ap_cr.png,0.02072704081632653
sub-S12239_ses-E24265_acq-1_run-1_bp-chest_vp-pa_dx.png,0.10680404974489796
sub-S12239_ses-E25764_run-1_bp-chest_vp-ap_dx.png,0.2569555165816326
sub-S12240_ses-E24270_run-1_bp-chest_vp-ap_cr.png,0.15204480229591838
sub-S12243_ses-E24276_run-1_bp-chest_cr.png,0.2536073022959184
sub-S12243_ses-E24979_run-1_bp-chest_vp-ap_cr.png,0.22331393494897958
sub-S12245_ses-E25827_run-1_bp-chest_vp-ap_cr.png,0.023417570153061226
sub-S12248_ses-E24289_run-1_bp-chest_vp-ap_cr.png,0.1615314094387755
sub-S12249_ses-E24290_run-1_bp-chest_vp-ap_cr.png,0.08860809948979592
sub-S12250_ses-E24519_run-1_bp-chest_vp-ap_dx.png,0.13259327168367346
sub-S12254_ses-E24304_acq-1_run-1_bp-chest_vp-ll_cr.png,0.03870376275510204
sub-S12254_ses-E25242_acq-1_run-1_bp-chest_vp-ll_cr.png,0.02849968112244898
sub-S12258_ses-E24318_acq-1_run-1_bp-chest_vp-ll_cr.png,0.03983976403061224
sub-S12260_ses-E24324_run-1_bp-chest_vp-ap_dx.png,0.08958466198979592
sub-S12260_ses-E25871_run-1_bp-chest_vp-ap_dx.png,0.06849888392857142
sub-S12261_ses-E24329_run-1_bp-chest_vp-pa_cr.png,0.06766183035714286
sub-S12261_ses-E25561_run-1_bp-chest_vp-pa_cr.png,0.07872289540816327
sub-S12262_ses-E24334_run-1_bp-chest_vp-ap_dx.png,0.17346938775510204
sub-S12262_ses-E25264_run-1_bp-chest_vp-ap_cr.png,0.21960698341836735
sub-S12262_ses-E26357_run-1_bp-chest_vp-ap_dx.png,0.2694515306122449
sub-S12263_ses-E24756_acq-1_run-1_bp-chest_vp-pa_dx.png,0.01895328443877551
sub-S12269_ses-E24352_run-1_bp-chest_vp-ap_cr.png,0.12388392857142858
sub-S12269_ses-E26238_run-1_bp-chest_vp-ap_dx.png,0.00430484693877551
sub-S12271_ses-E24356_run-1_bp-chest_vp-ap_cr.png,0.1660754145408163
sub-S12271_ses-E25472_run-1_bp-chest_vp-ap_cr.png,0.014130261479591837
sub-S12272_ses-E24358_run-1_bp-chest_vp-ap_dx.png,0.01815609056122449
sub-S12273_ses-E24366_run-1_bp-chest_vp-pa_dx.png,0.017877072704081634
sub-S12274_ses-E24370_acq-1_run-1_bp-chest_vp-pa_cr.png,0.02588887117346939
sub-S12274_ses-E25933_run-1_bp-chest_vp-ap_cr.png,0.21299027423469388
sub-S12277_ses-E24376_run-1_bp-chest_vp-ap_cr.png,0.07912149234693877
sub-S12278_ses-E24377_run-1_bp-chest_vp-ap_cr.png,0.10004783163265306
sub-S12278_ses-E24780_acq-1_run-1_bp-chest_vp-pa_dx.png,0.0263671875
sub-S12282_ses-E24396_run-1_bp-chest_cr.png,0.0977359693877551
sub-S12282_ses-E24610_run-1_bp-chest_vp-ap_cr.png,0.03142936862244898
sub-S12283_ses-E24397_run-1_bp-chest_vp-pa_cr.png,0.051837531887755105
sub-S12285_ses-E24415_run-1_bp-chest_vp-ap_cr.png,0.015625
sub-S12285_ses-E24786_acq-1_run-1_bp-chest_vp-ll_dx.png,0.012555803571428572
sub-S12286_ses-E25663_run-1_bp-chest_vp-ap_dx.png,0.1573860012755102
sub-S12288_ses-E25117_run-1_bp-chest_vp-pa_cr.png,0.06158322704081633
sub-S12289_ses-E24427_run-1_bp-chest_vp-ap_cr.png,0.10347576530612244
sub-S12290_ses-E24430_run-1_bp-chest_vp-ap_dx.png,0.044443558673469385
sub-S12293_ses-E24445_run-1_bp-chest_vp-ap_cr.png,0.18941326530612246
sub-S12295_ses-E24450_run-1_bp-chest_vp-ap_dx.png,0.0458984375
sub-S12295_ses-E25352_run-1_bp-chest_vp-ap_dx.png,0.20862563775510204
sub-S12297_ses-E24464_run-1_bp-chest_vp-ap_dx.png,0.0476921237244898
sub-S12298_ses-E24466_run-1_bp-chest_vp-ap_cr.png,0.08157286352040816
sub-S12298_ses-E25158_run-1_bp-chest_vp-ap_cr.png,0.06971460459183673
sub-S12301_ses-E24469_run-1_bp-chest_vp-pa_dx.png,0.032904177295918366
sub-S12304_ses-E24475_run-1_bp-chest_vp-pa_cr.png,0.21187420280612246
sub-S12307_ses-E24487_run-1_bp-chest_vp-ap_dx.png,0.033123405612244895
sub-S12308_ses-E24692_run-2_bp-chest_vp-ap_dx.png,0.11098931760204081
sub-S12309_ses-E24494_run-1_bp-chest_cr.png,0.015904017857142856
sub-S12313_ses-E24512_run-1_bp-chest_vp-pa_cr.png,0.03940130739795918
sub-S12314_ses-E24514_run-1_bp-chest_vp-ap_dx.png,0.15577168367346939
sub-S12315_ses-E24518_run-1_bp-chest_vp-ap_dx.png,0.05807557397959184
sub-S12317_ses-E24523_run-1_bp-chest_vp-pa_cr.png,0.01371173469387755
sub-S12319_ses-E24527_run-1_bp-chest_vp-ap_cr.png,0.018833705357142856
sub-S12319_ses-E26540_acq-1_run-1_bp-chest_vp-pa_dx.png,0.056640625
sub-S12320_ses-E24529_run-2_bp-chest_vp-pa_dx.png,0.010184151785714286
sub-S12321_ses-E24539_run-1_bp-chest_vp-ap_dx.png,0.015146683673469387
sub-S12323_ses-E24553_run-1_bp-chest_vp-ap_cr.png,0.19868064413265307
sub-S12323_ses-E24555_run-1_bp-chest_vp-ap_cr.png,0.2704480229591837
sub-S12324_ses-E24556_run-1_bp-chest_vp-ap_cr.png,0.14449139030612246
sub-S12324_ses-E25828_run-1_bp-chest_vp-ap_cr.png,0.18470982142857142
sub-S12325_ses-E24560_run-1_bp-chest_vp-ap_cr.png,0.00466358418367347
sub-S12326_ses-E24562_run-1_bp-chest_vp-ap_cr.png,0.011918048469387755
sub-S12327_ses-E24565_run-1_bp-chest_vp-ap_cr.png,0.007971938775510204
sub-S12328_ses-E24572_run-1_bp-chest_vp-ap_dx.png,0.16228874362244897
sub-S12329_ses-E24574_run-1_bp-chest_vp-ap_dx.png,0.005082110969387755
sub-S12329_ses-E25270_acq-1_run-1_bp-chest_vp-ll_dx.png,0.027004942602040817
sub-S12330_ses-E24579_run-1_bp-chest_vp-ap_dx.png,0.006776147959183673
sub-S12331_ses-E25276_acq-1_run-1_bp-chest_vp-ll_dx.png,0.11941964285714286
sub-S12332_ses-E25029_acq-1_run-1_bp-chest_vp-pa_cr.png,0.05528539540816327
sub-S12333_ses-E24585_run-1_bp-chest_vp-ap_cr.png,0.18193957270408162
sub-S12335_ses-E24602_run-1_bp-chest_vp-ap_dx.png,0.1954719387755102
sub-S12335_ses-E25075_run-1_bp-chest_vp-ap_dx.png,0.008450255102040817
sub-S12337_ses-E24620_run-1_bp-chest_vp-pa_cr.png,0.04155373086734694
sub-S12338_ses-E24627_run-1_bp-chest_vp-ap_cr.png,0.04878826530612245
sub-S12339_ses-E24631_run-1_bp-chest_vp-pa_cr.png,0.0807358099489796
sub-S12339_ses-E25123_run-1_bp-chest_vp-pa_cr.png,0.1841717155612245
sub-S12340_ses-E24635_run-1_bp-chest_vp-ap_cr.png,0.038006218112244895
sub-S12342_ses-E24638_run-1_bp-chest_vp-ap_dx.png,0.1687858737244898
sub-S12344_ses-E25106_run-1_bp-chest_vp-ap_dx.png,0.24611367984693877
sub-S12344_ses-E25327_run-1_bp-chest_vp-pa_dx.png,0.01544563137755102
sub-S12345_ses-E24641_run-1_bp-chest_vp-ap_cr.png,0.027682557397959183
sub-S12345_ses-E25667_run-1_bp-chest_vp-ap_cr.png,0.008091517857142858
sub-S12346_ses-E24644_run-1_bp-chest_vp-ap_dx.png,0.11204559948979592
sub-S12348_ses-E24658_run-1_bp-chest_vp-pa_dx.png,0.03832509566326531
sub-S12349_ses-E24665_run-1_bp-chest_vp-pa_cr.png,0.05213647959183673
sub-S12352_ses-E24687_run-1_bp-chest_vp-ap_cr.png,0.01428970025510204
sub-S12354_ses-E24693_run-1_bp-chest_vp-ap_cr.png,0.09514508928571429
sub-S12354_ses-E25209_run-1_bp-chest_vp-ap_cr.png,0.18917410714285715
sub-S12354_ses-E25401_run-1_bp-chest_vp-ap_cr.png,0.1320750956632653
sub-S12356_ses-E24709_run-1_bp-chest_vp-ap_cr.png,0.05131935586734694
sub-S12356_ses-E24939_run-1_bp-chest_vp-ap_cr.png,0.16272720025510204
sub-S12362_ses-E24730_run-1_bp-chest_dx.png,0.030970982142857144
sub-S12363_ses-E24733_run-1_bp-chest_vp-ap_cr.png,0.16689253826530612
sub-S12365_ses-E24738_run-2_bp-chest_vp-ap_dx.png,0.20350366709183673
sub-S12365_ses-E26233_run-2_bp-chest_vp-ap_dx.png,0.21992586096938777
sub-S12367_ses-E24742_acq-1_run-1_bp-chest_vp-ll_dx.png,0.05092075892857143
sub-S12367_ses-E25558_run-1_bp-chest_vp-ap_dx.png,0.04922672193877551
sub-S12370_ses-E24748_acq-1_run-1_bp-chest_vp-ll_dx.png,0.023397640306122448
sub-S12372_ses-E24755_run-1_bp-chest_vp-pa_cr.png,0.07637117346938775
sub-S12372_ses-E25265_run-1_bp-chest_vp-ap_cr.png,0.21314971301020408
sub-S12373_ses-E24757_run-1_bp-chest_vp-pa_dx.png,0.06839923469387756
sub-S12374_ses-E24759_run-1_bp-chest_vp-pa_cr.png,0.04456313775510204
sub-S12377_ses-E24767_run-1_bp-chest_vp-pa_dx.png,0.09446747448979592
sub-S12382_ses-E24782_run-1_bp-chest_vp-pa_dx.png,0.027483258928571428
sub-S12384_ses-E24788_run-1_bp-chest_vp-ap_cr.png,0.01634247448979592
sub-S12386_ses-E24790_run-1_bp-chest_vp-ap_cr.png,0.19005102040816327
sub-S12389_ses-E26190_run-1_bp-chest_vp-pa_cr.png,0.02463329081632653
sub-S12390_ses-E24804_run-1_bp-chest_vp-ap_dx.png,0.06285873724489796
sub-S12391_ses-E24805_acq-1_run-1_bp-chest_vp-pa_dx.png,0.029974489795918366
sub-S12391_ses-E25341_run-1_bp-chest_vp-ap_dx.png,0.13719706632653061
sub-S12393_ses-E24808_acq-1_run-1_bp-chest_vp-pa_dx.png,0.10624601403061225
sub-S12395_ses-E24823_run-1_bp-chest_vp-ap_cr.png,0.18801817602040816
sub-S12395_ses-E26466_run-1_bp-chest_vp-ap_cr.png,0.18771922831632654
sub-S12397_ses-E24826_run-1_bp-chest_vp-pa_dx.png,0.03549505739795918
sub-S12402_ses-E24843_run-1_bp-chest_vp-pa_dx.png,0.03673070790816327
sub-S12404_ses-E24851_acq-1_run-1_bp-chest_vp-ll_cr.png,0.01731903698979592
sub-S12408_ses-E24862_run-1_bp-chest_vp-ap_cr.png,0.19162547831632654
sub-S12408_ses-E24960_run-1_bp-chest_vp-ap_cr.png,0.12314652423469388
sub-S12408_ses-E25422_run-1_bp-chest_vp-ap_cr.png,0.19206393494897958
sub-S12408_ses-E25811_run-1_bp-chest_vp-ap_cr.png,0.18038504464285715
sub-S12408_ses-E26135_run-1_bp-chest_vp-ap_cr.png,0.1867625956632653
sub-S12409_ses-E24864_run-1_bp-chest_vp-ap_dx.png,0.08719308035714286
sub-S12414_ses-E24887_run-1_bp-chest_vp-pa_cr.png,0.040118781887755105
sub-S12417_ses-E24903_run-1_bp-chest_vp-pa_cr.png,0.03577407525510204
sub-S12418_ses-E25219_run-1_bp-chest_vp-pa_cr.png,0.03286431760204082
sub-S12422_ses-E25361_run-1_bp-chest_vp-pa_cr.png,0.09510522959183673
sub-S12422_ses-E25507_run-1_bp-chest_vp-pa_cr.png,0.14383370535714285
sub-S12422_ses-E26433_run-1_bp-chest_vp-pa_cr.png,0.08791055484693877
sub-S12426_ses-E24945_acq-1_run-1_bp-chest_vp-pa_cr.png,0.051638233418367346
sub-S12427_ses-E25535_run-1_bp-chest_vp-pa_dx.png,0.05135921556122449
sub-S12435_ses-E24970_run-1_bp-chest_vp-pa_cr.png,0.02180325255102041
sub-S12438_ses-E24976_run-1_bp-chest_vp-ap_cr.png,0.036411830357142856
sub-S12442_ses-E24993_acq-1_run-1_bp-chest_vp-pa_dx.png,0.05921157525510204
sub-S12443_ses-E24994_run-1_bp-chest_vp-pa_dx.png,0.14610570790816327
sub-S12443_ses-E25854_run-1_bp-chest_vp-ap_dx.png,0.1958904655612245
sub-S12446_ses-E25005_run-1_bp-chest_vp-pa_dx.png,0.08478156887755102
sub-S12447_ses-E25010_run-1_bp-chest_vp-pa_cr.png,0.007892219387755101
sub-S12448_ses-E25011_acq-1_run-1_bp-chest_vp-pa_dx.png,0.038364955357142856
sub-S12449_ses-E25016_run-1_bp-chest_vp-ap_cr.png,0.23561065051020408
sub-S12451_ses-E25031_run-1_bp-chest_vp-ap_cr.png,0.14259805484693877
sub-S12452_ses-E25032_run-1_bp-chest_vp-ap_dx.png,0.25492267219387754
sub-S12453_ses-E25284_run-1_bp-chest_vp-ap_cr.png,0.06271922831632654
sub-S12454_ses-E25035_run-1_bp-chest_vp-ap_cr.png,0.12232940051020408
sub-S12457_ses-E25062_run-1_bp-chest_vp-pa_dx.png,0.009825414540816327
sub-S12459_ses-E25070_run-1_bp-chest_vp-ap_cr.png,0.2284558354591837
sub-S12461_ses-E25296_run-1_bp-chest_vp-ap_cr.png,0.12358498086734694
sub-S12465_ses-E25082_run-1_bp-chest_vp-pa_cr.png,0.05016342474489796
sub-S12465_ses-E26411_run-1_bp-chest_vp-pa_cr.png,0.09478635204081633
sub-S12466_ses-E25085_run-1_bp-chest_vp-ap_dx.png,0.01775749362244898
sub-S12466_ses-E25496_run-1_bp-chest_vp-ap_dx.png,0.016561702806122448
sub-S12466_ses-E25646_run-1_bp-chest_vp-ap_dx.png,0.006536989795918368
sub-S12468_ses-E25090_run-1_bp-chest_vp-pa_dx.png,0.10752152423469388
sub-S12468_ses-E25637_run-1_bp-chest_vp-ap_dx.png,0.1427375637755102
sub-S12468_ses-E26408_run-1_bp-chest_vp-ap_dx.png,0.3256736288265306
sub-S12470_ses-E25096_run-1_bp-chest_vp-ap_cr.png,0.03844467474489796
sub-S12480_ses-E25141_acq-1_run-1_bp-chest_vp-ll_dx.png,0.04518096301020408
sub-S12481_ses-E25143_run-1_bp-chest_vp-ap_cr.png,0.18771922831632654
sub-S12481_ses-E25356_run-1_bp-chest_vp-ap_cr.png,0.2530492665816326
sub-S12484_ses-E25149_run-1_bp-chest_vp-pa_cr.png,0.03125
sub-S12485_ses-E25159_acq-1_run-1_bp-chest_vp-pa_cr.png,0.08858816964285714
sub-S12486_ses-E25166_run-1_bp-chest_vp-pa_dx.png,0.14471061862244897
sub-S12487_ses-E25169_run-1_bp-chest_vp-ap_dx.png,0.22235730229591838
sub-S12488_ses-E25171_run-1_bp-chest_vp-pa_dx.png,0.060267857142857144
sub-S12488_ses-E26085_run-1_bp-chest_vp-ap_cr.png,0.07463727678571429
sub-S12489_ses-E25176_run-1_bp-chest_vp-ap_cr.png,0.1906688456632653
sub-S12489_ses-E25394_run-1_bp-chest_vp-ap_cr.png,0.18110251913265307
sub-S12492_ses-E26114_run-1_bp-chest_vp-ap_cr.png,0.03844467474489796
sub-S12494_ses-E25196_run-1_bp-chest_vp-ap_dx.png,0.11475605867346939
sub-S12495_ses-E26489_run-1_bp-chest_vp-ap_cr.png,0.1810028698979592
sub-S12496_ses-E25203_run-1_bp-chest_vp-ap_cr.png,0.017697704081632654
sub-S12496_ses-E25402_run-1_bp-chest_vp-pa_cr.png,0.02028858418367347
sub-S12498_ses-E25222_run-1_bp-chest_vp-ap_cr.png,0.009386957908163265
sub-S12500_ses-E25259_run-1_bp-chest_vp-pa_dx.png,0.05612244897959184
sub-S12501_ses-E25261_run-1_bp-chest_vp-ap_dx.png,0.16424186862244897
sub-S12503_ses-E25271_run-1_bp-chest_vp-ap_cr.png,0.023158482142857144
sub-S12504_ses-E25272_run-1_bp-chest_vp-ap_cr.png,0.1712372448979592
sub-S12506_ses-E25279_run-1_bp-chest_vp-pa_dx.png,0.18259725765306123
sub-S12507_ses-E25281_run-1_bp-chest_vp-ap_cr.png,0.2791772959183674
sub-S12507_ses-E25282_run-1_bp-chest_vp-ap_cr.png,0.21902901785714285
sub-S12508_ses-E25288_run-1_bp-chest_vp-pa_dx.png,0.03511639030612245
sub-S12508_ses-E25929_run-1_bp-chest_vp-ap_dx.png,0.03236607142857143
sub-S12511_ses-E25298_acq-1_run-1_bp-chest_vp-pa_dx.png,0.0071548150510204085
sub-S12514_ses-E25319_run-1_bp-chest_vp-pa_dx.png,0.032904177295918366
sub-S12516_ses-E25333_run-1_bp-chest_vp-pa_cr.png,0.022301498724489797
sub-S12516_ses-E26429_run-1_bp-chest_vp-ap_cr.png,0.11762595663265306
sub-S12519_ses-E25340_run-1_bp-chest_vp-pa_cr.png,0.02333785076530612
sub-S12520_ses-E25346_run-1_bp-chest_vp-ap_dx.png,0.17889030612244897
sub-S12522_ses-E25363_run-1_bp-chest_vp-pa_dx.png,0.051060267857142856
sub-S12522_ses-E25731_run-1_bp-chest_vp-ap_dx.png,0.19638871173469388
sub-S12526_ses-E25386_run-1_bp-chest_vp-ap_dx.png,0.18486926020408162
sub-S12526_ses-E26203_run-1_bp-chest_vp-ap_cr.png,0.09239477040816327
sub-S12527_ses-E25388_acq-1_run-1_bp-chest_vp-pa_dx.png,0.025948660714285716
sub-S12530_ses-E25406_run-1_bp-chest_vp-ap_dx.png,0.11096938775510204
sub-S12533_ses-E25417_run-1_bp-chest_vp-pa_dx.png,0.015306122448979591
sub-S12534_ses-E25418_run-1_bp-chest_vp-pa_dx.png,0.023018973214285716
sub-S12535_ses-E25421_run-1_bp-chest_vp-pa_cr.png,0.03912228954081633
sub-S12536_ses-E25430_acq-1_run-1_bp-chest_vp-ll_cr.png,0.12681361607142858
sub-S12540_ses-E25608_run-1_bp-chest_vp-pa_cr.png,0.2563974808673469
sub-S12541_ses-E25444_run-1_bp-chest_vp-ap_dx.png,0.1192203443877551
sub-S12542_ses-E25887_run-1_bp-chest_vp-ap_cr.png,0.20169005102040816
sub-S12544_ses-E25452_acq-1_run-1_bp-chest_vp-pa_cr.png,0.0040058992346938774
sub-S12547_ses-E25467_run-1_bp-chest_vp-pa_dx.png,0.034060108418367346
sub-S12550_ses-E25476_run-1_bp-chest_vp-pa_dx.png,0.020926339285714284
sub-S12551_ses-E25480_run-1_bp-chest_vp-pa_cr.png,0.03872369260204082
sub-S12551_ses-E25629_run-1_bp-chest_vp-pa_cr.png,0.08930564413265306
sub-S12552_ses-E25485_run-1_bp-chest_vp-pa_cr.png,0.02610809948979592
sub-S12554_ses-E25490_run-1_bp-chest_vp-ap_cr.png,0.0770687181122449
sub-S12556_ses-E25492_run-1_bp-chest_vp-ap_cr.png,0.006676498724489796
sub-S12559_ses-E25505_run-1_bp-chest_vp-ap_dx.png,0.03750797193877551
sub-S12561_ses-E25517_run-1_bp-chest_vp-pa_dx.png,0.07425860969387756
sub-S12566_ses-E25794_run-1_bp-chest_vp-pa_cr.png,0.21014030612244897
sub-S12568_ses-E25549_run-1_bp-chest_vp-pa_dx.png,0.008191167091836735
sub-S12568_ses-E25806_run-1_bp-chest_vp-ap_dx.png,0.26582429846938777
sub-S12570_ses-E25554_acq-1_run-1_bp-chest_vp-ap_cr.png,0.22399154974489796
sub-S12571_ses-E25560_run-1_bp-chest_vp-ap_cr.png,0.03423947704081633
sub-S12571_ses-E26215_run-2_bp-chest_vp-ap_cr.png,0.03246572066326531
sub-S12572_ses-E25564_run-1_bp-chest_vp-ap_dx.png,0.0995296556122449
sub-S12573_ses-E25565_run-1_bp-chest_vp-pa_cr.png,0.1426578443877551
sub-S12574_ses-E25570_run-1_bp-chest_vp-pa_cr.png,0.09763632015306123
sub-S12574_ses-E25869_run-1_bp-chest_vp-pa_cr.png,0.10736208545918367
sub-S12578_ses-E25588_run-1_bp-chest_vp-pa_cr.png,0.06503109056122448
sub-S12579_ses-E25593_run-1_bp-chest_vp-pa_dx.png,0.07306281887755102
sub-S12580_ses-E25596_run-1_bp-chest_vp-ap_cr.png,0.10526945153061225
sub-S12582_ses-E25612_run-1_bp-chest_vp-ap_cr.png,0.1886360012755102
sub-S12584_ses-E25621_run-1_bp-chest_cr.png,0.08653539540816327
sub-S12586_ses-E25623_run-1_bp-chest_vp-ap_dx.png,0.033701371173469385
sub-S12588_ses-E25648_run-1_bp-chest_vp-ap_cr.png,0.09620137117346939
sub-S12589_ses-E25649_acq-1_run-1_bp-chest_vp-pa_cr.png,0.028519610969387755
sub-S12591_ses-E25655_run-1_bp-chest_vp-pa_cr.png,0.04673549107142857
sub-S12591_ses-E26172_run-1_bp-chest_vp-pa_cr.png,0.03830516581632653
sub-S12592_ses-E25673_run-1_bp-chest_vp-ap_cr.png,0.0284000318877551
sub-S12594_ses-E25678_run-1_bp-chest_vp-pa_dx.png,0.11961894132653061
sub-S12594_ses-E25996_run-1_bp-chest_vp-ap_dx.png,0.0322265625
sub-S12595_ses-E25679_acq-1_run-1_bp-chest_vp-ll_dx.png,0.03489716198979592
sub-S12595_ses-E26004_run-1_bp-chest_vp-ap_cr.png,0.03551498724489796
sub-S12596_ses-E25684_acq-1_run-1_bp-chest_vp-ll_dx.png,0.05943080357142857
sub-S12597_ses-E25687_run-2_bp-chest_vp-pa_dx.png,0.07621173469387756
sub-S12598_ses-E26277_run-1_bp-chest_vp-pa_dx.png,0.09402901785714286
sub-S12599_ses-E25706_run-1_bp-chest_vp-pa_cr.png,0.17249282525510204
sub-S12600_ses-E25713_run-1_bp-chest_vp-pa_dx.png,0.05004384566326531
sub-S12605_ses-E25766_run-1_bp-chest_vp-pa_cr.png,0.06690449617346939
sub-S12605_ses-E26093_run-1_bp-chest_vp-pa_cr.png,0.1343670280612245
sub-S12606_ses-E25772_run-1_bp-chest_vp-ap_cr.png,0.034060108418367346
sub-S12609_ses-E25793_run-1_bp-chest_vp-ap_cr.png,0.09410873724489796
sub-S12611_ses-E25821_run-1_bp-chest_vp-ap_dx.png,0.0126953125
sub-S12617_ses-E26606_run-1_bp-chest_vp-ap_dx.png,0.0528938137755102
sub-S12619_ses-E25855_run-1_bp-chest_vp-ap_cr.png,0.006218112244897959
sub-S12622_ses-E25906_run-1_bp-chest_vp-ap_dx.png,0.07057158801020408
sub-S12622_ses-E26362_run-1_bp-chest_vp-pa_dx.png,0.040736607142857144
sub-S12625_ses-E25966_acq-1_run-1_bp-chest_vp-pa_cr.png,0.03354193239795918
sub-S12626_ses-E25978_acq-1_run-1_bp-chest_vp-pa_cr.png,0.0784438775510204
sub-S12628_ses-E26041_run-1_bp-chest_vp-ap_dx.png,0.15088887117346939
sub-S12631_ses-E26079_acq-1_run-1_bp-chest_vp-pa_cr.png,0.011957908163265306
sub-S12632_ses-E26095_run-1_bp-chest_vp-ap_dx.png,0.13440688775510204
sub-S12634_ses-E26121_run-1_bp-chest_vp-pa_cr.png,0.20097257653061223
sub-S12637_ses-E26142_acq-1_run-1_bp-chest_vp-pa_dx.png,0.10112404336734694
sub-S12638_ses-E26152_run-1_bp-chest_vp-pa_dx.png,0.05961017219387755
sub-S12639_ses-E26153_run-1_bp-chest_vp-pa_cr.png,0.004165338010204082
sub-S12642_ses-E26188_run-1_bp-chest_vp-ap_cr.png,0.06710379464285714
sub-S12643_ses-E26192_acq-1_run-1_bp-chest_vp-pa_cr.png,0.04292889030612245
sub-S12646_ses-E26204_run-1_bp-chest_vp-ap_cr.png,0.09540417729591837
sub-S12651_ses-E26235_run-1_bp-chest_vp-ap_cr.png,0.09002311862244898
sub-S12655_ses-E26250_run-1_bp-chest_vp-pa_dx.png,0.08810985331632654
sub-S12656_ses-E26256_run-1_bp-chest_vp-ap_dx.png,0.09002311862244898
sub-S12661_ses-E26265_run-1_bp-chest_vp-ap_cr.png,0.20888472576530612
sub-S12662_ses-E26266_run-1_bp-chest_vp-pa_cr.png,0.1395687181122449
sub-S12664_ses-E26269_acq-1_run-1_bp-chest_vp-pa_dx.png,0.11405851403061225
sub-S12666_ses-E26272_run-1_bp-chest_vp-ap_cr.png,0.022979113520408163
sub-S12678_ses-E26323_run-1_bp-chest_vp-pa_dx.png,0.046396683673469385
sub-S12679_ses-E26328_run-1_bp-chest_vp-ap_dx.png,0.08260921556122448
sub-S12683_ses-E26375_run-1_bp-chest_vp-ap_dx.png,0.17173549107142858
sub-S12687_ses-E26404_run-1_bp-chest_vp-pa_dx.png,0.17344945790816327
sub-S12689_ses-E26414_run-1_bp-chest_vp-pa_dx.png,0.29354671556122447
sub-S12691_ses-E26435_run-1_bp-chest_vp-pa_dx.png,0.09984853316326531
sub-S12692_ses-E26438_run-1_bp-chest_vp-ll_dx.png,0.07278380102040816
sub-S12694_ses-E26454_run-1_bp-chest_vp-ap_dx.png,0.12932477678571427
sub-S12695_ses-E26460_run-1_bp-chest_vp-ap_dx.png,0.09546396683673469
sub-S12696_ses-E26479_run-1_bp-chest_vp-pa_cr.png,0.14686304209183673
sub-S12702_ses-E26513_acq-1_run-1_bp-chest_vp-pa_cr.png,0.004404496173469388
sub-S12703_ses-E26516_run-1_bp-chest_vp-ap_dx.png,0.16852678571428573
sub-S12705_ses-E26524_run-1_bp-chest_vp-pa_cr.png,0.2263233418367347
sub-S12707_ses-E26528_run-1_bp-chest_vp-ap_dx.png,0.03790656887755102
sub-S12714_ses-E26566_run-1_bp-chest_vp-ap_dx.png,0.03746811224489796
sub-S12722_ses-E26600_run-2_bp-chest_vp-ap_dx.png,0.06568877551020408
sub-S12725_ses-E27111_run-1_bp-chest_vp-ap_cr.png,0.08055644132653061
sub-S12726_ses-E26614_run-1_bp-chest_vp-pa_dx.png,0.1359016262755102
sub-S12733_ses-E26755_run-1_bp-chest_vp-pa_cr.png,0.13839285714285715
sub-S12737_ses-E26644_run-1_bp-chest_vp-pa_cr.png,0.007912149234693877
sub-S12742_ses-E27003_run-1_bp-chest_dx.png,0.09944993622448979
sub-S12743_ses-E26669_run-1_bp-chest_vp-ap_dx.png,0.030432876275510203
sub-S12743_ses-E26852_run-1_bp-chest_vp-ap_dx.png,0.02947624362244898
sub-S12743_ses-E26990_run-1_bp-chest_vp-ap_dx.png,0.030293367346938774
sub-S12743_ses-E26998_run-1_bp-chest_vp-ap_dx.png,0.028838488520408163
sub-S12743_ses-E27055_acq-1_run-1_bp-chest_vp-ap_dx.png,0.05351163903061224
sub-S12747_ses-E26681_run-1_bp-chest_vp-ap_cr.png,0.12085459183673469
sub-S12757_ses-E26734_run-1_bp-chest_vp-ap_dx.png,0.04781170280612245
sub-S12759_ses-E26745_run-1_bp-chest_vp-ap_dx.png,0.16115274234693877
sub-S12761_ses-E26758_run-1_bp-chest_vp-pa_cr.png,0.03415975765306122
sub-S12773_ses-E26873_run-1_bp-chest_vp-ap_dx.png,0.13765545280612246
sub-S12775_ses-E26817_run-1_bp-chest_vp-ap_dx.png,0.004803093112244898
sub-S12788_ses-E26877_run-2_bp-chest_dx.png,0.053392059948979595
sub-S12806_ses-E26975_run-1_bp-chest_vp-ap_cr.png,0.1678890306122449
sub-S12811_ses-E27004_run-1_bp-chest_vp-ap_cr.png,0.04689492984693878
sub-S12813_ses-E27011_run-1_bp-chest_vp-ap_cr.png,0.14405293367346939
sub-S12814_ses-E27015_run-1_bp-chest_vp-ap_dx.png,0.16619499362244897
sub-S12825_ses-E27081_run-1_bp-chest_vp-pa_cr.png,0.028479751275510203
sub-S12832_ses-E27129_run-1_bp-chest_vp-ap_cr.png,0.020368303571428572
sub-S12843_ses-E27159_run-1_bp-chest_vp-ap_cr.png,0.07912149234693877
sub-S12844_ses-E27166_run-1_bp-chest_vp-ap_cr.png,0.00607860331632653
