Using labeled GT subset for supervised loss: 2858/5716 (50%); keeping full images/text for EPI+LV on unlabeled samples.
LViT
transformer head num: 4
transformer layers num: 4
transformer expand ratio: 4

========= Epoch [1/76] =========
QaTa_Covid19_LViT_50pct_labels
Training with batch size : 16
[SemiSup] subset_ratio=0.5000 labeled_name_count=2858
   [Train] Epoch: [1][20/358]  Loss:0.594 (Avg 0.6564) IoU:0.293 (Avg 0.2148) Dice:0.4071 (Avg 0.3243) LR 1.00e-03   (AvgTime 1.1)   
   [Train] sup_loss:0.548658 lv_loss:0.226183 epi_loss:0.000000 total_loss:0.593894 pseudo_update_count:472083
   [Train] Epoch: [1][40/358]  Loss:0.560 (Avg 0.6091) IoU:0.241 (Avg 0.2554) Dice:0.3593 (Avg 0.3737) LR 1.00e-03   (AvgTime 1.1)   
   [Train] sup_loss:0.523793 lv_loss:0.179590 epi_loss:0.000000 total_loss:0.559711 pseudo_update_count:289531
   [Train] Epoch: [1][60/358]  Loss:0.395 (Avg 0.5726) IoU:0.332 (Avg 0.2723) Dice:0.4723 (Avg 0.3927) LR 1.00e-03   (AvgTime 1.1)   
   [Train] sup_loss:0.366162 lv_loss:0.145406 epi_loss:0.000000 total_loss:0.395243 pseudo_update_count:395484
   [Train] Epoch: [1][80/358]  Loss:0.429 (Avg 0.5538) IoU:0.296 (Avg 0.2861) Dice:0.4263 (Avg 0.4086) LR 1.00e-03   (AvgTime 1.1)   
   [Train] sup_loss:0.398320 lv_loss:0.153421 epi_loss:0.000000 total_loss:0.429005 pseudo_update_count:437000
   [Train] Epoch: [1][100/358]  Loss:0.578 (Avg 0.5353) IoU:0.326 (Avg 0.3012) Dice:0.4539 (Avg 0.4254) LR 1.00e-03   (AvgTime 1.1)   
   [Train] sup_loss:0.547207 lv_loss:0.154896 epi_loss:0.000000 total_loss:0.578186 pseudo_update_count:234750
   [Train] Epoch: [1][120/358]  Loss:0.497 (Avg 0.5218) IoU:0.263 (Avg 0.3109) Dice:0.3865 (Avg 0.4356) LR 1.00e-03   (AvgTime 1.1)   
   [Train] sup_loss:0.468431 lv_loss:0.142186 epi_loss:0.000000 total_loss:0.496868 pseudo_update_count:388806
   [Train] Epoch: [1][140/358]  Loss:0.584 (Avg 0.5159) IoU:0.327 (Avg 0.3158) Dice:0.4552 (Avg 0.4410) LR 1.00e-03   (AvgTime 1.1)   
   [Train] sup_loss:0.552115 lv_loss:0.160775 epi_loss:0.000000 total_loss:0.584270 pseudo_update_count:483057
   [Train] Epoch: [1][160/358]  Loss:0.347 (Avg 0.5151) IoU:0.552 (Avg 0.3178) Dice:0.6933 (Avg 0.4431) LR 1.00e-03   (AvgTime 1.1)   
   [Train] sup_loss:0.320092 lv_loss:0.136303 epi_loss:0.000000 total_loss:0.347353 pseudo_update_count:391991
   [Train] Epoch: [1][180/358]  Loss:0.492 (Avg 0.5100) IoU:0.418 (Avg 0.3218) Dice:0.5583 (Avg 0.4475) LR 1.00e-03   (AvgTime 1.1)   
   [Train] sup_loss:0.465543 lv_loss:0.130313 epi_loss:0.000000 total_loss:0.491606 pseudo_update_count:244011
   [Train] Epoch: [1][200/358]  Loss:0.406 (Avg 0.5041) IoU:0.378 (Avg 0.3262) Dice:0.4962 (Avg 0.4527) LR 1.00e-03   (AvgTime 1.1)   
   [Train] sup_loss:0.380576 lv_loss:0.125493 epi_loss:0.000000 total_loss:0.405674 pseudo_update_count:343819
   [Train] Epoch: [1][220/358]  Loss:0.423 (Avg 0.4977) IoU:0.451 (Avg 0.3312) Dice:0.5865 (Avg 0.4583) LR 1.00e-03   (AvgTime 1.1)   
   [Train] sup_loss:0.400055 lv_loss:0.115827 epi_loss:0.000000 total_loss:0.423220 pseudo_update_count:491284
   [Train] Epoch: [1][240/358]  Loss:0.381 (Avg 0.4939) IoU:0.456 (Avg 0.3357) Dice:0.6018 (Avg 0.4632) LR 1.00e-03   (AvgTime 1.1)   
   [Train] sup_loss:0.353600 lv_loss:0.136374 epi_loss:0.000000 total_loss:0.380875 pseudo_update_count:392660
   [Train] Epoch: [1][260/358]  Loss:0.368 (Avg 0.4890) IoU:0.320 (Avg 0.3379) Dice:0.4225 (Avg 0.4654) LR 1.00e-03   (AvgTime 1.1)   
   [Train] sup_loss:0.346213 lv_loss:0.108904 epi_loss:0.000000 total_loss:0.367994 pseudo_update_count:441655
   [Train] Epoch: [1][280/358]  Loss:0.511 (Avg 0.4841) IoU:0.356 (Avg 0.3411) Dice:0.4699 (Avg 0.4686) LR 1.00e-03   (AvgTime 1.1)   
   [Train] sup_loss:0.490490 lv_loss:0.101503 epi_loss:0.000000 total_loss:0.510791 pseudo_update_count:394098
   [Train] Epoch: [1][300/358]  Loss:0.348 (Avg 0.4782) IoU:0.475 (Avg 0.3449) Dice:0.6085 (Avg 0.4728) LR 1.00e-03   (AvgTime 1.1)   
   [Train] sup_loss:0.326879 lv_loss:0.103854 epi_loss:0.000000 total_loss:0.347650 pseudo_update_count:295662
   [Train] Epoch: [1][320/358]  Loss:0.289 (Avg 0.4739) IoU:0.550 (Avg 0.3483) Dice:0.6822 (Avg 0.4764) LR 1.00e-03   (AvgTime 1.1)   
   [Train] sup_loss:0.266820 lv_loss:0.109259 epi_loss:0.000000 total_loss:0.288672 pseudo_update_count:489689
   [Train] Epoch: [1][340/358]  Loss:0.504 (Avg 0.4712) IoU:0.390 (Avg 0.3492) Dice:0.5088 (Avg 0.4773) LR 1.00e-03   (AvgTime 1.1)   
   [Train] sup_loss:0.482339 lv_loss:0.108331 epi_loss:0.000000 total_loss:0.504005 pseudo_update_count:491633
[Train-Epoch-Metrics] epoch=1 sup_loss:0.441496 lv_loss:0.138929 epi_loss:0.000000 total_loss:0.469282 pseudo_update_count:139625411 labeled_seen:2858 unlabeled_seen:2858 Dice:0.477714 IoU:0.349730
Validation
   [Val] Epoch: [1][20/90]  Loss:0.416 (Avg 0.4043) IoU:0.432 (Avg 0.4015) Dice:0.5684 (Avg 0.5322) (AvgTime 0.5)   
   [Val] sup_loss:0.415883 lv_loss:0.000000 epi_loss:0.000000 total_loss:0.415883 pseudo_update_count:0
   [Val] Epoch: [1][40/90]  Loss:0.369 (Avg 0.4061) IoU:0.399 (Avg 0.4026) Dice:0.5507 (Avg 0.5331) (AvgTime 0.5)   
   [Val] sup_loss:0.368902 lv_loss:0.000000 epi_loss:0.000000 total_loss:0.368902 pseudo_update_count:0
   [Val] Epoch: [1][60/90]  Loss:0.332 (Avg 0.4024) IoU:0.486 (Avg 0.4034) Dice:0.6209 (Avg 0.5343) (AvgTime 0.5)   
   [Val] sup_loss:0.332269 lv_loss:0.000000 epi_loss:0.000000 total_loss:0.332269 pseudo_update_count:0
   [Val] Epoch: [1][80/90]  Loss:0.364 (Avg 0.4049) IoU:0.440 (Avg 0.3987) Dice:0.5822 (Avg 0.5291) (AvgTime 0.5)   
   [Val] sup_loss:0.364078 lv_loss:0.000000 epi_loss:0.000000 total_loss:0.364078 pseudo_update_count:0
[Val-Epoch-Metrics] epoch=1 sup_loss:0.407791 lv_loss:0.000000 epi_loss:0.000000 total_loss:0.407791 pseudo_update_count:0 labeled_seen:1429 unlabeled_seen:0 Dice:0.526829 IoU:0.396808
	 Saving best model, mean dice increased from: 0.0000 to 0.5268
	 Saving to QaTa-Covid19/LViT/QaTa_Covid19_LViT_50pct_labels/models/
	 early_stopping_count: 0/100000

========= Epoch [2/76] =========
QaTa_Covid19_LViT_50pct_labels
Training with batch size : 16
[SemiSup] subset_ratio=0.5000 labeled_name_count=2858
   [Train] Epoch: [2][20/358]  Loss:0.397 (Avg 0.4198) IoU:0.396 (Avg 0.3698) Dice:0.5198 (Avg 0.4964) LR 9.78e-04   (AvgTime 1.2)   
   [Train] sup_loss:0.376081 lv_loss:0.105403 epi_loss:0.000011 total_loss:0.397162 pseudo_update_count:296101
   [Train] Epoch: [2][40/358]  Loss:0.423 (Avg 0.4246) IoU:0.446 (Avg 0.3833) Dice:0.5857 (Avg 0.5130) LR 9.78e-04   (AvgTime 1.2)   
   [Train] sup_loss:0.402130 lv_loss:0.106393 epi_loss:0.000012 total_loss:0.423409 pseudo_update_count:197892
   [Train] Epoch: [2][60/358]  Loss:0.287 (Avg 0.4100) IoU:0.527 (Avg 0.3971) Dice:0.6489 (Avg 0.5272) LR 9.78e-04   (AvgTime 1.1)   
   [Train] sup_loss:0.267666 lv_loss:0.096883 epi_loss:0.000013 total_loss:0.287043 pseudo_update_count:295713
   [Train] Epoch: [2][80/358]  Loss:0.391 (Avg 0.4006) IoU:0.434 (Avg 0.4045) Dice:0.5598 (Avg 0.5356) LR 9.78e-04   (AvgTime 1.1)   
   [Train] sup_loss:0.374217 lv_loss:0.086077 epi_loss:0.000010 total_loss:0.391433 pseudo_update_count:346789
   [Train] Epoch: [2][100/358]  Loss:0.351 (Avg 0.4012) IoU:0.424 (Avg 0.4071) Dice:0.5652 (Avg 0.5384) LR 9.78e-04   (AvgTime 1.1)   
   [Train] sup_loss:0.329489 lv_loss:0.107525 epi_loss:0.000013 total_loss:0.350994 pseudo_update_count:295308
   [Train] Epoch: [2][120/358]  Loss:0.402 (Avg 0.3961) IoU:0.434 (Avg 0.4090) Dice:0.5760 (Avg 0.5412) LR 9.78e-04   (AvgTime 1.1)   
   [Train] sup_loss:0.382360 lv_loss:0.096744 epi_loss:0.000015 total_loss:0.401710 pseudo_update_count:344688
   [Train] Epoch: [2][140/358]  Loss:0.393 (Avg 0.3924) IoU:0.451 (Avg 0.4089) Dice:0.5798 (Avg 0.5408) LR 9.78e-04   (AvgTime 1.1)   
   [Train] sup_loss:0.376815 lv_loss:0.080988 epi_loss:0.000014 total_loss:0.393013 pseudo_update_count:396600
   [Train] Epoch: [2][160/358]  Loss:0.322 (Avg 0.3917) IoU:0.505 (Avg 0.4100) Dice:0.6397 (Avg 0.5420) LR 9.78e-04   (AvgTime 1.1)   
   [Train] sup_loss:0.303885 lv_loss:0.090069 epi_loss:0.000005 total_loss:0.321899 pseudo_update_count:197931
   [Train] Epoch: [2][180/358]  Loss:0.297 (Avg 0.3875) IoU:0.459 (Avg 0.4120) Dice:0.5944 (Avg 0.5437) LR 9.78e-04   (AvgTime 1.1)   
   [Train] sup_loss:0.279328 lv_loss:0.087331 epi_loss:0.000012 total_loss:0.296795 pseudo_update_count:496046
   [Train] Epoch: [2][200/358]  Loss:0.406 (Avg 0.3847) IoU:0.412 (Avg 0.4146) Dice:0.5398 (Avg 0.5464) LR 9.78e-04   (AvgTime 1.1)   
   [Train] sup_loss:0.388914 lv_loss:0.083741 epi_loss:0.000014 total_loss:0.405663 pseudo_update_count:346471
   [Train] Epoch: [2][220/358]  Loss:0.390 (Avg 0.3863) IoU:0.353 (Avg 0.4144) Dice:0.4915 (Avg 0.5459) LR 9.78e-04   (AvgTime 1.1)   
   [Train] sup_loss:0.369288 lv_loss:0.105140 epi_loss:0.000012 total_loss:0.390317 pseudo_update_count:539223
   [Train] Epoch: [2][240/358]  Loss:0.332 (Avg 0.3812) IoU:0.413 (Avg 0.4178) Dice:0.5369 (Avg 0.5492) LR 9.78e-04   (AvgTime 1.1)   
   [Train] sup_loss:0.315967 lv_loss:0.082386 epi_loss:0.000011 total_loss:0.332445 pseudo_update_count:395240
   [Train] Epoch: [2][260/358]  Loss:0.390 (Avg 0.3812) IoU:0.398 (Avg 0.4181) Dice:0.5181 (Avg 0.5497) LR 9.78e-04   (AvgTime 1.1)   
   [Train] sup_loss:0.369939 lv_loss:0.101510 epi_loss:0.000011 total_loss:0.390242 pseudo_update_count:296810
   [Train] Epoch: [2][280/358]  Loss:0.356 (Avg 0.3784) IoU:0.424 (Avg 0.4202) Dice:0.5547 (Avg 0.5518) LR 9.78e-04   (AvgTime 1.1)   
   [Train] sup_loss:0.338912 lv_loss:0.085265 epi_loss:0.000014 total_loss:0.355965 pseudo_update_count:544260
   [Train] Epoch: [2][300/358]  Loss:0.373 (Avg 0.3776) IoU:0.419 (Avg 0.4216) Dice:0.5612 (Avg 0.5535) LR 9.78e-04   (AvgTime 1.1)   
   [Train] sup_loss:0.355256 lv_loss:0.088112 epi_loss:0.000009 total_loss:0.372879 pseudo_update_count:345207
   [Train] Epoch: [2][320/358]  Loss:0.442 (Avg 0.3743) IoU:0.339 (Avg 0.4241) Dice:0.4754 (Avg 0.5562) LR 9.78e-04   (AvgTime 1.1)   
   [Train] sup_loss:0.425769 lv_loss:0.081828 epi_loss:0.000014 total_loss:0.442135 pseudo_update_count:396681
   [Train] Epoch: [2][340/358]  Loss:0.284 (Avg 0.3725) IoU:0.404 (Avg 0.4248) Dice:0.5383 (Avg 0.5570) LR 9.78e-04   (AvgTime 1.1)   
   [Train] sup_loss:0.267096 lv_loss:0.084193 epi_loss:0.000011 total_loss:0.283936 pseudo_update_count:544159
[Train-Epoch-Metrics] epoch=2 sup_loss:0.355161 lv_loss:0.091895 epi_loss:0.000011 total_loss:0.373540 pseudo_update_count:141118550 labeled_seen:2858 unlabeled_seen:2858 Dice:0.556505 IoU:0.424135
Validation
   [Val] Epoch: [2][20/90]  Loss:0.466 (Avg 0.4452) IoU:0.336 (Avg 0.3632) Dice:0.4574 (Avg 0.4922) (AvgTime 0.5)   
   [Val] sup_loss:0.465710 lv_loss:0.000000 epi_loss:0.000000 total_loss:0.465710 pseudo_update_count:0
   [Val] Epoch: [2][40/90]  Loss:0.409 (Avg 0.4547) IoU:0.419 (Avg 0.3583) Dice:0.5716 (Avg 0.4887) (AvgTime 0.5)   
   [Val] sup_loss:0.409013 lv_loss:0.000000 epi_loss:0.000000 total_loss:0.409013 pseudo_update_count:0
   [Val] Epoch: [2][60/90]  Loss:0.469 (Avg 0.4619) IoU:0.392 (Avg 0.3532) Dice:0.5238 (Avg 0.4835) (AvgTime 0.5)   
   [Val] sup_loss:0.469079 lv_loss:0.000000 epi_loss:0.000000 total_loss:0.469079 pseudo_update_count:0
   [Val] Epoch: [2][80/90]  Loss:0.499 (Avg 0.4643) IoU:0.310 (Avg 0.3527) Dice:0.4400 (Avg 0.4833) (AvgTime 0.5)   
   [Val] sup_loss:0.498559 lv_loss:0.000000 epi_loss:0.000000 total_loss:0.498559 pseudo_update_count:0
[Val-Epoch-Metrics] epoch=2 sup_loss:0.465179 lv_loss:0.000000 epi_loss:0.000000 total_loss:0.465179 pseudo_update_count:0 labeled_seen:1429 unlabeled_seen:0 Dice:0.482613 IoU:0.352090
	 Mean dice:0.4826 does not increase, the best is still: 0.5268 in epoch 1
	 early_stopping_count: 1/100000

========= Epoch [3/76] =========
QaTa_Covid19_LViT_50pct_labels
Training with batch size : 16
[SemiSup] subset_ratio=0.5000 labeled_name_count=2858
   [Train] Epoch: [3][20/358]  Loss:0.327 (Avg 0.3685) IoU:0.414 (Avg 0.4298) Dice:0.5474 (Avg 0.5658) LR 9.14e-04   (AvgTime 1.2)   
   [Train] sup_loss:0.308528 lv_loss:0.093525 epi_loss:0.000011 total_loss:0.327234 pseudo_update_count:444727
   [Train] Epoch: [3][40/358]  Loss:0.435 (Avg 0.3715) IoU:0.335 (Avg 0.4238) Dice:0.4734 (Avg 0.5573) LR 9.14e-04   (AvgTime 1.2)   
   [Train] sup_loss:0.414058 lv_loss:0.105679 epi_loss:0.000011 total_loss:0.435194 pseudo_update_count:491723
   [Train] Epoch: [3][60/358]  Loss:0.415 (Avg 0.3764) IoU:0.410 (Avg 0.4143) Dice:0.5356 (Avg 0.5495) LR 9.14e-04   (AvgTime 1.1)   
   [Train] sup_loss:0.398332 lv_loss:0.084259 epi_loss:0.000012 total_loss:0.415185 pseudo_update_count:396189
   [Train] Epoch: [3][80/358]  Loss:0.362 (Avg 0.3709) IoU:0.430 (Avg 0.4214) Dice:0.5645 (Avg 0.5576) LR 9.14e-04   (AvgTime 1.1)   
   [Train] sup_loss:0.347513 lv_loss:0.071562 epi_loss:0.000013 total_loss:0.361826 pseudo_update_count:347150
   [Train] Epoch: [3][100/358]  Loss:0.389 (Avg 0.3666) IoU:0.369 (Avg 0.4259) Dice:0.5040 (Avg 0.5610) LR 9.14e-04   (AvgTime 1.1)   
   [Train] sup_loss:0.370739 lv_loss:0.089350 epi_loss:0.000005 total_loss:0.388609 pseudo_update_count:297446
   [Train] Epoch: [3][120/358]  Loss:0.442 (Avg 0.3645) IoU:0.351 (Avg 0.4265) Dice:0.4848 (Avg 0.5607) LR 9.14e-04   (AvgTime 1.1)   
   [Train] sup_loss:0.425389 lv_loss:0.081057 epi_loss:0.000011 total_loss:0.441601 pseudo_update_count:346682
   [Train] Epoch: [3][140/358]  Loss:0.474 (Avg 0.3608) IoU:0.404 (Avg 0.4298) Dice:0.5458 (Avg 0.5639) LR 9.14e-04   (AvgTime 1.1)   
   [Train] sup_loss:0.456702 lv_loss:0.088941 epi_loss:0.000010 total_loss:0.474491 pseudo_update_count:297021
   [Train] Epoch: [3][160/358]  Loss:0.263 (Avg 0.3570) IoU:0.457 (Avg 0.4343) Dice:0.5929 (Avg 0.5689) LR 9.14e-04   (AvgTime 1.1)   
   [Train] sup_loss:0.248563 lv_loss:0.073469 epi_loss:0.000011 total_loss:0.263258 pseudo_update_count:546251
   [Train] Epoch: [3][180/358]  Loss:0.417 (Avg 0.3569) IoU:0.419 (Avg 0.4334) Dice:0.5355 (Avg 0.5677) LR 9.14e-04   (AvgTime 1.1)   
   [Train] sup_loss:0.401047 lv_loss:0.080132 epi_loss:0.000012 total_loss:0.417074 pseudo_update_count:445906
   [Train] Epoch: [3][200/358]  Loss:0.333 (Avg 0.3525) IoU:0.386 (Avg 0.4380) Dice:0.5137 (Avg 0.5720) LR 9.14e-04   (AvgTime 1.1)   
   [Train] sup_loss:0.318243 lv_loss:0.075217 epi_loss:0.000010 total_loss:0.333287 pseudo_update_count:543827
   [Train] Epoch: [3][220/358]  Loss:0.302 (Avg 0.3508) IoU:0.493 (Avg 0.4414) Dice:0.6367 (Avg 0.5751) LR 9.14e-04   (AvgTime 1.1)   
   [Train] sup_loss:0.285997 lv_loss:0.080651 epi_loss:0.000014 total_loss:0.302128 pseudo_update_count:544455
   [Train] Epoch: [3][240/358]  Loss:0.319 (Avg 0.3491) IoU:0.551 (Avg 0.4454) Dice:0.6836 (Avg 0.5789) LR 9.14e-04   (AvgTime 1.1)   
   [Train] sup_loss:0.302018 lv_loss:0.085488 epi_loss:0.000017 total_loss:0.319117 pseudo_update_count:346473
   [Train] Epoch: [3][260/358]  Loss:0.374 (Avg 0.3484) IoU:0.412 (Avg 0.4477) Dice:0.5661 (Avg 0.5813) LR 9.14e-04   (AvgTime 1.1)   
   [Train] sup_loss:0.358796 lv_loss:0.076743 epi_loss:0.000014 total_loss:0.374146 pseudo_update_count:346579
   [Train] Epoch: [3][280/358]  Loss:0.238 (Avg 0.3487) IoU:0.570 (Avg 0.4480) Dice:0.7127 (Avg 0.5818) LR 9.14e-04   (AvgTime 1.1)   
   [Train] sup_loss:0.220473 lv_loss:0.088400 epi_loss:0.000009 total_loss:0.238154 pseudo_update_count:297324
   [Train] Epoch: [3][300/358]  Loss:0.295 (Avg 0.3465) IoU:0.482 (Avg 0.4507) Dice:0.6266 (Avg 0.5844) LR 9.14e-04   (AvgTime 1.1)   
   [Train] sup_loss:0.277344 lv_loss:0.086400 epi_loss:0.000015 total_loss:0.294625 pseudo_update_count:344184
   [Train] Epoch: [3][320/358]  Loss:0.352 (Avg 0.3438) IoU:0.426 (Avg 0.4522) Dice:0.5469 (Avg 0.5855) LR 9.14e-04   (AvgTime 1.1)   
   [Train] sup_loss:0.338477 lv_loss:0.067837 epi_loss:0.000012 total_loss:0.352045 pseudo_update_count:347687
   [Train] Epoch: [3][340/358]  Loss:0.334 (Avg 0.3438) IoU:0.525 (Avg 0.4528) Dice:0.6667 (Avg 0.5863) LR 9.14e-04   (AvgTime 1.1)   
   [Train] sup_loss:0.314271 lv_loss:0.096583 epi_loss:0.000009 total_loss:0.333588 pseudo_update_count:295996
[Train-Epoch-Metrics] epoch=3 sup_loss:0.326076 lv_loss:0.081536 epi_loss:0.000011 total_loss:0.342383 pseudo_update_count:141505414 labeled_seen:2858 unlabeled_seen:2858 Dice:0.586716 IoU:0.453513
Validation
   [Val] Epoch: [3][20/90]  Loss:0.333 (Avg 0.3353) IoU:0.458 (Avg 0.4877) Dice:0.5670 (Avg 0.6126) (AvgTime 0.5)   
   [Val] sup_loss:0.332973 lv_loss:0.000000 epi_loss:0.000000 total_loss:0.332973 pseudo_update_count:0
   [Val] Epoch: [3][40/90]  Loss:0.400 (Avg 0.3263) IoU:0.433 (Avg 0.4982) Dice:0.5743 (Avg 0.6243) (AvgTime 0.5)   
   [Val] sup_loss:0.399500 lv_loss:0.000000 epi_loss:0.000000 total_loss:0.399500 pseudo_update_count:0
   [Val] Epoch: [3][60/90]  Loss:0.296 (Avg 0.3196) IoU:0.474 (Avg 0.5051) Dice:0.6149 (Avg 0.6326) (AvgTime 0.5)   
   [Val] sup_loss:0.295606 lv_loss:0.000000 epi_loss:0.000000 total_loss:0.295606 pseudo_update_count:0
   [Val] Epoch: [3][80/90]  Loss:0.291 (Avg 0.3227) IoU:0.492 (Avg 0.4978) Dice:0.6334 (Avg 0.6257) (AvgTime 0.5)   
   [Val] sup_loss:0.291213 lv_loss:0.000000 epi_loss:0.000000 total_loss:0.291213 pseudo_update_count:0
[Val-Epoch-Metrics] epoch=3 sup_loss:0.322861 lv_loss:0.000000 epi_loss:0.000000 total_loss:0.322861 pseudo_update_count:0 labeled_seen:1429 unlabeled_seen:0 Dice:0.625550 IoU:0.497252
	 Saving best model, mean dice increased from: 0.5268 to 0.6255
	 Saving to QaTa-Covid19/LViT/QaTa_Covid19_LViT_50pct_labels/models/
	 early_stopping_count: 0/100000

========= Epoch [4/76] =========
QaTa_Covid19_LViT_50pct_labels
Training with batch size : 16
[SemiSup] subset_ratio=0.5000 labeled_name_count=2858
   [Train] Epoch: [4][20/358]  Loss:0.387 (Avg 0.3171) IoU:0.408 (Avg 0.4661) Dice:0.5385 (Avg 0.5985) LR 8.15e-04   (AvgTime 1.2)   
   [Train] sup_loss:0.370965 lv_loss:0.081680 epi_loss:0.000011 total_loss:0.387302 pseudo_update_count:347588
   [Train] Epoch: [4][40/358]  Loss:0.314 (Avg 0.3118) IoU:0.439 (Avg 0.4787) Dice:0.5778 (Avg 0.6110) LR 8.15e-04   (AvgTime 1.2)   
   [Train] sup_loss:0.299977 lv_loss:0.070454 epi_loss:0.000013 total_loss:0.314068 pseudo_update_count:595323
   [Train] Epoch: [4][60/358]  Loss:0.305 (Avg 0.3141) IoU:0.549 (Avg 0.4815) Dice:0.6672 (Avg 0.6148) LR 8.15e-04   (AvgTime 1.2)   
   [Train] sup_loss:0.291870 lv_loss:0.063935 epi_loss:0.000011 total_loss:0.304658 pseudo_update_count:348242
   [Train] Epoch: [4][80/358]  Loss:0.353 (Avg 0.3185) IoU:0.545 (Avg 0.4734) Dice:0.6753 (Avg 0.6061) LR 8.15e-04   (AvgTime 1.1)   
   [Train] sup_loss:0.340114 lv_loss:0.065817 epi_loss:0.000012 total_loss:0.353278 pseudo_update_count:397467
   [Train] Epoch: [4][100/358]  Loss:0.364 (Avg 0.3159) IoU:0.443 (Avg 0.4743) Dice:0.5695 (Avg 0.6071) LR 8.15e-04   (AvgTime 1.1)   
   [Train] sup_loss:0.350171 lv_loss:0.069123 epi_loss:0.000009 total_loss:0.363996 pseudo_update_count:595214
   [Train] Epoch: [4][120/358]  Loss:0.291 (Avg 0.3125) IoU:0.549 (Avg 0.4792) Dice:0.6761 (Avg 0.6124) LR 8.15e-04   (AvgTime 1.1)   
   [Train] sup_loss:0.278665 lv_loss:0.059399 epi_loss:0.000011 total_loss:0.290545 pseudo_update_count:398021
   [Train] Epoch: [4][140/358]  Loss:0.303 (Avg 0.3116) IoU:0.388 (Avg 0.4774) Dice:0.5330 (Avg 0.6102) LR 8.15e-04   (AvgTime 1.1)   
   [Train] sup_loss:0.291536 lv_loss:0.058679 epi_loss:0.000010 total_loss:0.303272 pseudo_update_count:348290
   [Train] Epoch: [4][160/358]  Loss:0.343 (Avg 0.3118) IoU:0.454 (Avg 0.4763) Dice:0.5948 (Avg 0.6094) LR 8.15e-04   (AvgTime 1.1)   
   [Train] sup_loss:0.330783 lv_loss:0.060255 epi_loss:0.000013 total_loss:0.342835 pseudo_update_count:198856
   [Train] Epoch: [4][180/358]  Loss:0.324 (Avg 0.3124) IoU:0.510 (Avg 0.4766) Dice:0.6384 (Avg 0.6095) LR 8.15e-04   (AvgTime 1.1)   
   [Train] sup_loss:0.308040 lv_loss:0.078051 epi_loss:0.000013 total_loss:0.323651 pseudo_update_count:395900
   [Train] Epoch: [4][200/358]  Loss:0.320 (Avg 0.3134) IoU:0.571 (Avg 0.4782) Dice:0.6849 (Avg 0.6109) LR 8.15e-04   (AvgTime 1.1)   
   [Train] sup_loss:0.304671 lv_loss:0.075686 epi_loss:0.000014 total_loss:0.319809 pseudo_update_count:297652
   [Train] Epoch: [4][220/358]  Loss:0.281 (Avg 0.3122) IoU:0.500 (Avg 0.4804) Dice:0.6392 (Avg 0.6133) LR 8.15e-04   (AvgTime 1.1)   
   [Train] sup_loss:0.267731 lv_loss:0.065007 epi_loss:0.000007 total_loss:0.280733 pseudo_update_count:298138
   [Train] Epoch: [4][240/358]  Loss:0.385 (Avg 0.3109) IoU:0.524 (Avg 0.4804) Dice:0.6488 (Avg 0.6131) LR 8.15e-04   (AvgTime 1.1)   
   [Train] sup_loss:0.372153 lv_loss:0.065971 epi_loss:0.000011 total_loss:0.385348 pseudo_update_count:546058
   [Train] Epoch: [4][260/358]  Loss:0.303 (Avg 0.3109) IoU:0.535 (Avg 0.4821) Dice:0.6708 (Avg 0.6145) LR 8.15e-04   (AvgTime 1.1)   
   [Train] sup_loss:0.288774 lv_loss:0.072461 epi_loss:0.000012 total_loss:0.303267 pseudo_update_count:495152
   [Train] Epoch: [4][280/358]  Loss:0.386 (Avg 0.3098) IoU:0.486 (Avg 0.4833) Dice:0.6275 (Avg 0.6157) LR 8.15e-04   (AvgTime 1.1)   
   [Train] sup_loss:0.372837 lv_loss:0.066330 epi_loss:0.000005 total_loss:0.386103 pseudo_update_count:495786
   [Train] Epoch: [4][300/358]  Loss:0.222 (Avg 0.3090) IoU:0.541 (Avg 0.4837) Dice:0.6871 (Avg 0.6162) LR 8.15e-04   (AvgTime 1.1)   
   [Train] sup_loss:0.209507 lv_loss:0.062005 epi_loss:0.000010 total_loss:0.221908 pseudo_update_count:397239
   [Train] Epoch: [4][320/358]  Loss:0.333 (Avg 0.3094) IoU:0.454 (Avg 0.4830) Dice:0.5965 (Avg 0.6156) LR 8.15e-04   (AvgTime 1.1)   
   [Train] sup_loss:0.319925 lv_loss:0.065437 epi_loss:0.000011 total_loss:0.333013 pseudo_update_count:298201
   [Train] Epoch: [4][340/358]  Loss:0.294 (Avg 0.3087) IoU:0.545 (Avg 0.4844) Dice:0.6726 (Avg 0.6170) LR 8.15e-04   (AvgTime 1.1)   
   [Train] sup_loss:0.280010 lv_loss:0.068348 epi_loss:0.000013 total_loss:0.293680 pseudo_update_count:496187
[Train-Epoch-Metrics] epoch=4 sup_loss:0.293965 lv_loss:0.069959 epi_loss:0.000011 total_loss:0.307957 pseudo_update_count:141766601 labeled_seen:2858 unlabeled_seen:2858 Dice:0.617888 IoU:0.485228
Validation
   [Val] Epoch: [4][20/90]  Loss:0.262 (Avg 0.2893) IoU:0.570 (Avg 0.5176) Dice:0.7150 (Avg 0.6461) (AvgTime 0.5)   
   [Val] sup_loss:0.261655 lv_loss:0.000000 epi_loss:0.000000 total_loss:0.261655 pseudo_update_count:0
   [Val] Epoch: [4][40/90]  Loss:0.369 (Avg 0.2879) IoU:0.451 (Avg 0.5144) Dice:0.5971 (Avg 0.6438) (AvgTime 0.5)   
   [Val] sup_loss:0.368977 lv_loss:0.000000 epi_loss:0.000000 total_loss:0.368977 pseudo_update_count:0
   [Val] Epoch: [4][60/90]  Loss:0.298 (Avg 0.2908) IoU:0.498 (Avg 0.5102) Dice:0.6280 (Avg 0.6387) (AvgTime 0.5)   
   [Val] sup_loss:0.298349 lv_loss:0.000000 epi_loss:0.000000 total_loss:0.298349 pseudo_update_count:0
   [Val] Epoch: [4][80/90]  Loss:0.345 (Avg 0.2963) IoU:0.424 (Avg 0.5046) Dice:0.5647 (Avg 0.6340) (AvgTime 0.5)   
   [Val] sup_loss:0.344545 lv_loss:0.000000 epi_loss:0.000000 total_loss:0.344545 pseudo_update_count:0
[Val-Epoch-Metrics] epoch=4 sup_loss:0.298256 lv_loss:0.000000 epi_loss:0.000000 total_loss:0.298256 pseudo_update_count:0 labeled_seen:1429 unlabeled_seen:0 Dice:0.630973 IoU:0.501410
	 Saving best model, mean dice increased from: 0.6255 to 0.6310
	 Saving to QaTa-Covid19/LViT/QaTa_Covid19_LViT_50pct_labels/models/
	 early_stopping_count: 0/100000

========= Epoch [5/76] =========
QaTa_Covid19_LViT_50pct_labels
Training with batch size : 16
[SemiSup] subset_ratio=0.5000 labeled_name_count=2858
   [Train] Epoch: [5][20/358]  Loss:0.644 (Avg 0.3084) IoU:0.396 (Avg 0.4892) Dice:0.5001 (Avg 0.6208) LR 6.89e-04   (AvgTime 1.2)   
   [Train] sup_loss:0.631173 lv_loss:0.065256 epi_loss:0.000011 total_loss:0.644225 pseudo_update_count:546527
   [Train] Epoch: [5][40/358]  Loss:0.223 (Avg 0.3018) IoU:0.607 (Avg 0.5020) Dice:0.7430 (Avg 0.6352) LR 6.89e-04   (AvgTime 1.2)   
   [Train] sup_loss:0.208318 lv_loss:0.075047 epi_loss:0.000009 total_loss:0.223327 pseudo_update_count:496018
   [Train] Epoch: [5][60/358]  Loss:0.312 (Avg 0.2995) IoU:0.503 (Avg 0.5090) Dice:0.6423 (Avg 0.6422) LR 6.89e-04   (AvgTime 1.2)   
   [Train] sup_loss:0.300005 lv_loss:0.062228 epi_loss:0.000010 total_loss:0.312451 pseudo_update_count:447388
   [Train] Epoch: [5][80/358]  Loss:0.355 (Avg 0.2964) IoU:0.474 (Avg 0.5060) Dice:0.6108 (Avg 0.6386) LR 6.89e-04   (AvgTime 1.1)   
   [Train] sup_loss:0.344492 lv_loss:0.053755 epi_loss:0.000008 total_loss:0.355243 pseudo_update_count:647224
   [Train] Epoch: [5][100/358]  Loss:0.259 (Avg 0.2966) IoU:0.597 (Avg 0.5052) Dice:0.7224 (Avg 0.6368) LR 6.89e-04   (AvgTime 1.1)   
   [Train] sup_loss:0.247836 lv_loss:0.056098 epi_loss:0.000017 total_loss:0.259057 pseudo_update_count:447933
   [Train] Epoch: [5][120/358]  Loss:0.297 (Avg 0.2967) IoU:0.496 (Avg 0.5023) Dice:0.6375 (Avg 0.6345) LR 6.89e-04   (AvgTime 1.1)   
   [Train] sup_loss:0.284380 lv_loss:0.063361 epi_loss:0.000007 total_loss:0.297052 pseudo_update_count:546547
   [Train] Epoch: [5][140/358]  Loss:0.346 (Avg 0.2960) IoU:0.580 (Avg 0.5050) Dice:0.7067 (Avg 0.6362) LR 6.89e-04   (AvgTime 1.1)   
   [Train] sup_loss:0.332646 lv_loss:0.066211 epi_loss:0.000009 total_loss:0.345888 pseudo_update_count:397423
   [Train] Epoch: [5][160/358]  Loss:0.292 (Avg 0.2950) IoU:0.488 (Avg 0.5027) Dice:0.6184 (Avg 0.6341) LR 6.89e-04   (AvgTime 1.1)   
   [Train] sup_loss:0.279698 lv_loss:0.063479 epi_loss:0.000009 total_loss:0.292394 pseudo_update_count:297764
   [Train] Epoch: [5][180/358]  Loss:0.272 (Avg 0.2955) IoU:0.492 (Avg 0.5028) Dice:0.6163 (Avg 0.6343) LR 6.89e-04   (AvgTime 1.1)   
   [Train] sup_loss:0.260750 lv_loss:0.055681 epi_loss:0.000009 total_loss:0.271887 pseudo_update_count:348317
   [Train] Epoch: [5][200/358]  Loss:0.310 (Avg 0.2970) IoU:0.494 (Avg 0.5019) Dice:0.6211 (Avg 0.6334) LR 6.89e-04   (AvgTime 1.1)   
   [Train] sup_loss:0.297656 lv_loss:0.063842 epi_loss:0.000012 total_loss:0.310425 pseudo_update_count:546896
   [Train] Epoch: [5][220/358]  Loss:0.287 (Avg 0.2964) IoU:0.565 (Avg 0.5007) Dice:0.7027 (Avg 0.6321) LR 6.89e-04   (AvgTime 1.1)   
   [Train] sup_loss:0.272842 lv_loss:0.071853 epi_loss:0.000009 total_loss:0.287213 pseudo_update_count:395693
   [Train] Epoch: [5][240/358]  Loss:0.197 (Avg 0.2950) IoU:0.525 (Avg 0.5014) Dice:0.6747 (Avg 0.6329) LR 6.89e-04   (AvgTime 1.1)   
   [Train] sup_loss:0.183003 lv_loss:0.070439 epi_loss:0.000009 total_loss:0.197091 pseudo_update_count:496032
   [Train] Epoch: [5][260/358]  Loss:0.255 (Avg 0.2938) IoU:0.531 (Avg 0.5028) Dice:0.6635 (Avg 0.6346) LR 6.89e-04   (AvgTime 1.1)   
   [Train] sup_loss:0.242769 lv_loss:0.063543 epi_loss:0.000013 total_loss:0.255479 pseudo_update_count:546581
   [Train] Epoch: [5][280/358]  Loss:0.316 (Avg 0.2934) IoU:0.631 (Avg 0.5039) Dice:0.7437 (Avg 0.6351) LR 6.89e-04   (AvgTime 1.1)   
   [Train] sup_loss:0.303223 lv_loss:0.064544 epi_loss:0.000013 total_loss:0.316132 pseudo_update_count:298439
   [Train] Epoch: [5][300/358]  Loss:0.203 (Avg 0.2926) IoU:0.559 (Avg 0.5061) Dice:0.7024 (Avg 0.6372) LR 6.89e-04   (AvgTime 1.1)   
   [Train] sup_loss:0.191575 lv_loss:0.057378 epi_loss:0.000009 total_loss:0.203051 pseudo_update_count:298368
   [Train] Epoch: [5][320/358]  Loss:0.305 (Avg 0.2926) IoU:0.513 (Avg 0.5059) Dice:0.6387 (Avg 0.6372) LR 6.89e-04   (AvgTime 1.1)   
   [Train] sup_loss:0.293969 lv_loss:0.053264 epi_loss:0.000012 total_loss:0.304622 pseudo_update_count:447890
   [Train] Epoch: [5][340/358]  Loss:0.268 (Avg 0.2913) IoU:0.457 (Avg 0.5063) Dice:0.5931 (Avg 0.6376) LR 6.89e-04   (AvgTime 1.1)   
   [Train] sup_loss:0.253455 lv_loss:0.072635 epi_loss:0.000011 total_loss:0.267983 pseudo_update_count:296752
[Train-Epoch-Metrics] epoch=5 sup_loss:0.277553 lv_loss:0.063422 epi_loss:0.000011 total_loss:0.290238 pseudo_update_count:141941765 labeled_seen:2858 unlabeled_seen:2858 Dice:0.638619 IoU:0.507498
Validation
   [Val] Epoch: [5][20/90]  Loss:0.309 (Avg 0.2737) IoU:0.463 (Avg 0.5224) Dice:0.5943 (Avg 0.6540) (AvgTime 0.5)   
   [Val] sup_loss:0.309072 lv_loss:0.000000 epi_loss:0.000000 total_loss:0.309072 pseudo_update_count:0
   [Val] Epoch: [5][40/90]  Loss:0.254 (Avg 0.2688) IoU:0.560 (Avg 0.5271) Dice:0.6969 (Avg 0.6578) (AvgTime 0.5)   
   [Val] sup_loss:0.253897 lv_loss:0.000000 epi_loss:0.000000 total_loss:0.253897 pseudo_update_count:0
   [Val] Epoch: [5][60/90]  Loss:0.279 (Avg 0.2700) IoU:0.517 (Avg 0.5239) Dice:0.6663 (Avg 0.6555) (AvgTime 0.5)   
   [Val] sup_loss:0.279329 lv_loss:0.000000 epi_loss:0.000000 total_loss:0.279329 pseudo_update_count:0
   [Val] Epoch: [5][80/90]  Loss:0.247 (Avg 0.2686) IoU:0.504 (Avg 0.5237) Dice:0.6315 (Avg 0.6556) (AvgTime 0.5)   
   [Val] sup_loss:0.246830 lv_loss:0.000000 epi_loss:0.000000 total_loss:0.246830 pseudo_update_count:0
[Val-Epoch-Metrics] epoch=5 sup_loss:0.269833 lv_loss:0.000000 epi_loss:0.000000 total_loss:0.269833 pseudo_update_count:0 labeled_seen:1429 unlabeled_seen:0 Dice:0.654717 IoU:0.523172
	 Saving best model, mean dice increased from: 0.6310 to 0.6547
	 Saving to QaTa-Covid19/LViT/QaTa_Covid19_LViT_50pct_labels/models/
	 early_stopping_count: 0/100000

========= Epoch [6/76] =========
QaTa_Covid19_LViT_50pct_labels
Training with batch size : 16
[SemiSup] subset_ratio=0.5000 labeled_name_count=2858
   [Train] Epoch: [6][20/358]  Loss:0.247 (Avg 0.2812) IoU:0.417 (Avg 0.5203) Dice:0.5477 (Avg 0.6506) LR 5.50e-04   (AvgTime 1.2)   
   [Train] sup_loss:0.234982 lv_loss:0.062452 epi_loss:0.000012 total_loss:0.247473 pseudo_update_count:496994
   [Train] Epoch: [6][40/358]  Loss:0.311 (Avg 0.2827) IoU:0.406 (Avg 0.5145) Dice:0.5208 (Avg 0.6433) LR 5.50e-04   (AvgTime 1.2)   
   [Train] sup_loss:0.297888 lv_loss:0.067613 epi_loss:0.000009 total_loss:0.311411 pseudo_update_count:247430
   [Train] Epoch: [6][60/358]  Loss:0.256 (Avg 0.2747) IoU:0.509 (Avg 0.5241) Dice:0.6444 (Avg 0.6535) LR 5.50e-04   (AvgTime 1.2)   
   [Train] sup_loss:0.245996 lv_loss:0.047663 epi_loss:0.000012 total_loss:0.255529 pseudo_update_count:348771
   [Train] Epoch: [6][80/358]  Loss:0.269 (Avg 0.2726) IoU:0.447 (Avg 0.5291) Dice:0.5662 (Avg 0.6582) LR 5.50e-04   (AvgTime 1.1)   
   [Train] sup_loss:0.254932 lv_loss:0.072722 epi_loss:0.000008 total_loss:0.269477 pseudo_update_count:396209
   [Train] Epoch: [6][100/358]  Loss:0.241 (Avg 0.2736) IoU:0.609 (Avg 0.5284) Dice:0.7424 (Avg 0.6582) LR 5.50e-04   (AvgTime 1.1)   
   [Train] sup_loss:0.228405 lv_loss:0.064589 epi_loss:0.000017 total_loss:0.241324 pseudo_update_count:347831
   [Train] Epoch: [6][120/358]  Loss:0.265 (Avg 0.2750) IoU:0.483 (Avg 0.5262) Dice:0.6105 (Avg 0.6565) LR 5.50e-04   (AvgTime 1.1)   
   [Train] sup_loss:0.253080 lv_loss:0.061026 epi_loss:0.000013 total_loss:0.265286 pseudo_update_count:447680
   [Train] Epoch: [6][140/358]  Loss:0.295 (Avg 0.2749) IoU:0.519 (Avg 0.5255) Dice:0.6517 (Avg 0.6557) LR 5.50e-04   (AvgTime 1.1)   
   [Train] sup_loss:0.282631 lv_loss:0.064099 epi_loss:0.000015 total_loss:0.295452 pseudo_update_count:447509
   [Train] Epoch: [6][160/358]  Loss:0.268 (Avg 0.2736) IoU:0.539 (Avg 0.5261) Dice:0.6586 (Avg 0.6562) LR 5.50e-04   (AvgTime 1.1)   
   [Train] sup_loss:0.255895 lv_loss:0.062515 epi_loss:0.000014 total_loss:0.268399 pseudo_update_count:347163
   [Train] Epoch: [6][180/358]  Loss:0.321 (Avg 0.2746) IoU:0.476 (Avg 0.5241) Dice:0.5938 (Avg 0.6544) LR 5.50e-04   (AvgTime 1.1)   
   [Train] sup_loss:0.310235 lv_loss:0.052316 epi_loss:0.000006 total_loss:0.320698 pseudo_update_count:348466
   [Train] Epoch: [6][200/358]  Loss:0.204 (Avg 0.2739) IoU:0.598 (Avg 0.5250) Dice:0.7373 (Avg 0.6552) LR 5.50e-04   (AvgTime 1.1)   
   [Train] sup_loss:0.188487 lv_loss:0.075382 epi_loss:0.000012 total_loss:0.203564 pseudo_update_count:297510
   [Train] Epoch: [6][220/358]  Loss:0.295 (Avg 0.2748) IoU:0.466 (Avg 0.5252) Dice:0.5892 (Avg 0.6552) LR 5.50e-04   (AvgTime 1.1)   
   [Train] sup_loss:0.281918 lv_loss:0.066681 epi_loss:0.000010 total_loss:0.295255 pseudo_update_count:645750
   [Train] Epoch: [6][240/358]  Loss:0.237 (Avg 0.2734) IoU:0.512 (Avg 0.5259) Dice:0.6360 (Avg 0.6558) LR 5.50e-04   (AvgTime 1.1)   
   [Train] sup_loss:0.224842 lv_loss:0.062478 epi_loss:0.000011 total_loss:0.237339 pseudo_update_count:397313
   [Train] Epoch: [6][260/358]  Loss:0.356 (Avg 0.2747) IoU:0.490 (Avg 0.5240) Dice:0.6314 (Avg 0.6540) LR 5.50e-04   (AvgTime 1.1)   
   [Train] sup_loss:0.344302 lv_loss:0.057470 epi_loss:0.000014 total_loss:0.355796 pseudo_update_count:447551
   [Train] Epoch: [6][280/358]  Loss:0.395 (Avg 0.2755) IoU:0.540 (Avg 0.5246) Dice:0.6481 (Avg 0.6546) LR 5.50e-04   (AvgTime 1.1)   
   [Train] sup_loss:0.384168 lv_loss:0.054244 epi_loss:0.000013 total_loss:0.395017 pseudo_update_count:298361
   [Train] Epoch: [6][300/358]  Loss:0.265 (Avg 0.2755) IoU:0.548 (Avg 0.5237) Dice:0.6886 (Avg 0.6536) LR 5.50e-04   (AvgTime 1.1)   
   [Train] sup_loss:0.253817 lv_loss:0.058003 epi_loss:0.000013 total_loss:0.265418 pseudo_update_count:545678
   [Train] Epoch: [6][320/358]  Loss:0.267 (Avg 0.2754) IoU:0.558 (Avg 0.5248) Dice:0.6876 (Avg 0.6547) LR 5.50e-04   (AvgTime 1.1)   
   [Train] sup_loss:0.254978 lv_loss:0.058093 epi_loss:0.000015 total_loss:0.266597 pseudo_update_count:447690
   [Train] Epoch: [6][340/358]  Loss:0.262 (Avg 0.2743) IoU:0.514 (Avg 0.5251) Dice:0.6421 (Avg 0.6548) LR 5.50e-04   (AvgTime 1.1)   
   [Train] sup_loss:0.248599 lv_loss:0.065628 epi_loss:0.000016 total_loss:0.261726 pseudo_update_count:347358
[Train-Epoch-Metrics] epoch=6 sup_loss:0.263405 lv_loss:0.058925 epi_loss:0.000011 total_loss:0.275190 pseudo_update_count:142054592 labeled_seen:2858 unlabeled_seen:2858 Dice:0.654509 IoU:0.524741
Validation
   [Val] Epoch: [6][20/90]  Loss:0.243 (Avg 0.2576) IoU:0.567 (Avg 0.5255) Dice:0.7005 (Avg 0.6561) (AvgTime 0.5)   
   [Val] sup_loss:0.242761 lv_loss:0.000000 epi_loss:0.000000 total_loss:0.242761 pseudo_update_count:0
   [Val] Epoch: [6][40/90]  Loss:0.242 (Avg 0.2633) IoU:0.589 (Avg 0.5181) Dice:0.7084 (Avg 0.6467) (AvgTime 0.5)   
   [Val] sup_loss:0.242157 lv_loss:0.000000 epi_loss:0.000000 total_loss:0.242157 pseudo_update_count:0
   [Val] Epoch: [6][60/90]  Loss:0.248 (Avg 0.2599) IoU:0.562 (Avg 0.5280) Dice:0.6873 (Avg 0.6568) (AvgTime 0.5)   
   [Val] sup_loss:0.247982 lv_loss:0.000000 epi_loss:0.000000 total_loss:0.247982 pseudo_update_count:0
   [Val] Epoch: [6][80/90]  Loss:0.249 (Avg 0.2561) IoU:0.514 (Avg 0.5334) Dice:0.6402 (Avg 0.6619) (AvgTime 0.5)   
   [Val] sup_loss:0.249272 lv_loss:0.000000 epi_loss:0.000000 total_loss:0.249272 pseudo_update_count:0
[Val-Epoch-Metrics] epoch=6 sup_loss:0.253509 lv_loss:0.000000 epi_loss:0.000000 total_loss:0.253509 pseudo_update_count:0 labeled_seen:1429 unlabeled_seen:0 Dice:0.665875 IoU:0.537712
	 Saving best model, mean dice increased from: 0.6547 to 0.6659
	 Saving to QaTa-Covid19/LViT/QaTa_Covid19_LViT_50pct_labels/models/
	 early_stopping_count: 0/100000

========= Epoch [7/76] =========
QaTa_Covid19_LViT_50pct_labels
Training with batch size : 16
[SemiSup] subset_ratio=0.5000 labeled_name_count=2858
   [Train] Epoch: [7][20/358]  Loss:0.253 (Avg 0.2651) IoU:0.551 (Avg 0.5104) Dice:0.6813 (Avg 0.6414) LR 4.11e-04   (AvgTime 1.2)   
   [Train] sup_loss:0.238611 lv_loss:0.071654 epi_loss:0.000010 total_loss:0.252942 pseudo_update_count:446964
   [Train] Epoch: [7][40/358]  Loss:0.273 (Avg 0.2703) IoU:0.632 (Avg 0.5295) Dice:0.7355 (Avg 0.6572) LR 4.11e-04   (AvgTime 1.2)   
   [Train] sup_loss:0.262155 lv_loss:0.051982 epi_loss:0.000009 total_loss:0.272552 pseudo_update_count:348376
   [Train] Epoch: [7][60/358]  Loss:0.259 (Avg 0.2578) IoU:0.633 (Avg 0.5385) Dice:0.7612 (Avg 0.6674) LR 4.11e-04   (AvgTime 1.2)   
   [Train] sup_loss:0.249583 lv_loss:0.047689 epi_loss:0.000011 total_loss:0.259122 pseudo_update_count:348695
   [Train] Epoch: [7][80/358]  Loss:0.169 (Avg 0.2558) IoU:0.507 (Avg 0.5387) Dice:0.6227 (Avg 0.6660) LR 4.11e-04   (AvgTime 1.1)   
   [Train] sup_loss:0.155968 lv_loss:0.064132 epi_loss:0.000009 total_loss:0.168795 pseudo_update_count:496047
   [Train] Epoch: [7][100/358]  Loss:0.173 (Avg 0.2527) IoU:0.641 (Avg 0.5399) Dice:0.7616 (Avg 0.6677) LR 4.11e-04   (AvgTime 1.1)   
   [Train] sup_loss:0.163056 lv_loss:0.049959 epi_loss:0.000011 total_loss:0.173049 pseudo_update_count:398269
   [Train] Epoch: [7][120/358]  Loss:0.314 (Avg 0.2580) IoU:0.609 (Avg 0.5381) Dice:0.7385 (Avg 0.6659) LR 4.11e-04   (AvgTime 1.1)   
   [Train] sup_loss:0.303465 lv_loss:0.052177 epi_loss:0.000015 total_loss:0.313901 pseudo_update_count:348147
   [Train] Epoch: [7][140/358]  Loss:0.149 (Avg 0.2579) IoU:0.646 (Avg 0.5376) Dice:0.7481 (Avg 0.6656) LR 4.11e-04   (AvgTime 1.1)   
   [Train] sup_loss:0.138651 lv_loss:0.049908 epi_loss:0.000008 total_loss:0.148633 pseudo_update_count:598078
   [Train] Epoch: [7][160/358]  Loss:0.311 (Avg 0.2590) IoU:0.583 (Avg 0.5377) Dice:0.6845 (Avg 0.6653) LR 4.11e-04   (AvgTime 1.1)   
   [Train] sup_loss:0.300725 lv_loss:0.053781 epi_loss:0.000017 total_loss:0.311482 pseudo_update_count:447437
   [Train] Epoch: [7][180/358]  Loss:0.209 (Avg 0.2602) IoU:0.564 (Avg 0.5372) Dice:0.6965 (Avg 0.6651) LR 4.11e-04   (AvgTime 1.1)   
   [Train] sup_loss:0.198346 lv_loss:0.055293 epi_loss:0.000009 total_loss:0.209405 pseudo_update_count:348076
   [Train] Epoch: [7][200/358]  Loss:0.306 (Avg 0.2633) IoU:0.494 (Avg 0.5353) Dice:0.6380 (Avg 0.6635) LR 4.11e-04   (AvgTime 1.1)   
   [Train] sup_loss:0.294182 lv_loss:0.059494 epi_loss:0.000009 total_loss:0.306081 pseudo_update_count:547612
   [Train] Epoch: [7][220/358]  Loss:0.146 (Avg 0.2619) IoU:0.611 (Avg 0.5367) Dice:0.7324 (Avg 0.6650) LR 4.11e-04   (AvgTime 1.1)   
   [Train] sup_loss:0.135140 lv_loss:0.054038 epi_loss:0.000011 total_loss:0.145949 pseudo_update_count:546943
   [Train] Epoch: [7][240/358]  Loss:0.272 (Avg 0.2605) IoU:0.547 (Avg 0.5382) Dice:0.6796 (Avg 0.6665) LR 4.11e-04   (AvgTime 1.1)   
   [Train] sup_loss:0.261526 lv_loss:0.050991 epi_loss:0.000010 total_loss:0.271725 pseudo_update_count:448402
   [Train] Epoch: [7][260/358]  Loss:0.266 (Avg 0.2622) IoU:0.533 (Avg 0.5368) Dice:0.6695 (Avg 0.6654) LR 4.11e-04   (AvgTime 1.1)   
   [Train] sup_loss:0.254689 lv_loss:0.058650 epi_loss:0.000008 total_loss:0.266420 pseudo_update_count:347937
   [Train] Epoch: [7][280/358]  Loss:0.262 (Avg 0.2618) IoU:0.552 (Avg 0.5376) Dice:0.6662 (Avg 0.6659) LR 4.11e-04   (AvgTime 1.1)   
   [Train] sup_loss:0.250222 lv_loss:0.057118 epi_loss:0.000010 total_loss:0.261646 pseudo_update_count:248457
   [Train] Epoch: [7][300/358]  Loss:0.207 (Avg 0.2608) IoU:0.637 (Avg 0.5391) Dice:0.7515 (Avg 0.6671) LR 4.11e-04   (AvgTime 1.1)   
   [Train] sup_loss:0.195637 lv_loss:0.058742 epi_loss:0.000009 total_loss:0.207385 pseudo_update_count:248862
   [Train] Epoch: [7][320/358]  Loss:0.355 (Avg 0.2622) IoU:0.495 (Avg 0.5382) Dice:0.6376 (Avg 0.6662) LR 4.11e-04   (AvgTime 1.1)   
   [Train] sup_loss:0.344061 lv_loss:0.054616 epi_loss:0.000011 total_loss:0.354985 pseudo_update_count:348115
   [Train] Epoch: [7][340/358]  Loss:0.176 (Avg 0.2613) IoU:0.647 (Avg 0.5388) Dice:0.7737 (Avg 0.6669) LR 4.11e-04   (AvgTime 1.1)   
   [Train] sup_loss:0.167088 lv_loss:0.042831 epi_loss:0.000008 total_loss:0.175654 pseudo_update_count:299397
[Train-Epoch-Metrics] epoch=7 sup_loss:0.250254 lv_loss:0.055843 epi_loss:0.000011 total_loss:0.261423 pseudo_update_count:142144745 labeled_seen:2858 unlabeled_seen:2858 Dice:0.667002 IoU:0.538869
Validation
   [Val] Epoch: [7][20/90]  Loss:0.233 (Avg 0.2508) IoU:0.617 (Avg 0.5656) Dice:0.7312 (Avg 0.6907) (AvgTime 0.5)   
   [Val] sup_loss:0.232609 lv_loss:0.000000 epi_loss:0.000000 total_loss:0.232609 pseudo_update_count:0
   [Val] Epoch: [7][40/90]  Loss:0.286 (Avg 0.2455) IoU:0.480 (Avg 0.5699) Dice:0.5951 (Avg 0.6933) (AvgTime 0.5)   
   [Val] sup_loss:0.285633 lv_loss:0.000000 epi_loss:0.000000 total_loss:0.285633 pseudo_update_count:0
   [Val] Epoch: [7][60/90]  Loss:0.282 (Avg 0.2483) IoU:0.432 (Avg 0.5660) Dice:0.5624 (Avg 0.6901) (AvgTime 0.5)   
   [Val] sup_loss:0.281845 lv_loss:0.000000 epi_loss:0.000000 total_loss:0.281845 pseudo_update_count:0
   [Val] Epoch: [7][80/90]  Loss:0.312 (Avg 0.2465) IoU:0.481 (Avg 0.5693) Dice:0.6127 (Avg 0.6929) (AvgTime 0.5)   
   [Val] sup_loss:0.312338 lv_loss:0.000000 epi_loss:0.000000 total_loss:0.312338 pseudo_update_count:0
[Val-Epoch-Metrics] epoch=7 sup_loss:0.243603 lv_loss:0.000000 epi_loss:0.000000 total_loss:0.243603 pseudo_update_count:0 labeled_seen:1429 unlabeled_seen:0 Dice:0.697096 IoU:0.573424
	 Saving best model, mean dice increased from: 0.6659 to 0.6971
	 Saving to QaTa-Covid19/LViT/QaTa_Covid19_LViT_50pct_labels/models/
	 early_stopping_count: 0/100000

========= Epoch [8/76] =========
QaTa_Covid19_LViT_50pct_labels
Training with batch size : 16
[SemiSup] subset_ratio=0.5000 labeled_name_count=2858
   [Train] Epoch: [8][20/358]  Loss:0.253 (Avg 0.2728) IoU:0.538 (Avg 0.5319) Dice:0.6816 (Avg 0.6612) LR 2.85e-04   (AvgTime 1.2)   
   [Train] sup_loss:0.241797 lv_loss:0.056712 epi_loss:0.000013 total_loss:0.253140 pseudo_update_count:298755
   [Train] Epoch: [8][40/358]  Loss:0.261 (Avg 0.2653) IoU:0.570 (Avg 0.5421) Dice:0.7003 (Avg 0.6715) LR 2.85e-04   (AvgTime 1.2)   
   [Train] sup_loss:0.253351 lv_loss:0.039063 epi_loss:0.000015 total_loss:0.261165 pseudo_update_count:249468
   [Train] Epoch: [8][60/358]  Loss:0.206 (Avg 0.2489) IoU:0.534 (Avg 0.5552) Dice:0.6723 (Avg 0.6832) LR 2.85e-04   (AvgTime 1.2)   
   [Train] sup_loss:0.194696 lv_loss:0.058994 epi_loss:0.000010 total_loss:0.206495 pseudo_update_count:397601
   [Train] Epoch: [8][80/358]  Loss:0.407 (Avg 0.2493) IoU:0.483 (Avg 0.5560) Dice:0.6050 (Avg 0.6843) LR 2.85e-04   (AvgTime 1.2)   
   [Train] sup_loss:0.398169 lv_loss:0.043748 epi_loss:0.000004 total_loss:0.406919 pseudo_update_count:348989
   [Train] Epoch: [8][100/358]  Loss:0.323 (Avg 0.2549) IoU:0.552 (Avg 0.5548) Dice:0.6811 (Avg 0.6824) LR 2.85e-04   (AvgTime 1.1)   
   [Train] sup_loss:0.311442 lv_loss:0.056351 epi_loss:0.000013 total_loss:0.322713 pseudo_update_count:348130
   [Train] Epoch: [8][120/358]  Loss:0.372 (Avg 0.2540) IoU:0.557 (Avg 0.5535) Dice:0.6590 (Avg 0.6810) LR 2.85e-04   (AvgTime 1.1)   
   [Train] sup_loss:0.360013 lv_loss:0.060569 epi_loss:0.000014 total_loss:0.372128 pseudo_update_count:248785
   [Train] Epoch: [8][140/358]  Loss:0.179 (Avg 0.2540) IoU:0.579 (Avg 0.5540) Dice:0.6992 (Avg 0.6810) LR 2.85e-04   (AvgTime 1.1)   
   [Train] sup_loss:0.166649 lv_loss:0.060259 epi_loss:0.000009 total_loss:0.178702 pseudo_update_count:446961
   [Train] Epoch: [8][160/358]  Loss:0.233 (Avg 0.2542) IoU:0.579 (Avg 0.5547) Dice:0.7088 (Avg 0.6817) LR 2.85e-04   (AvgTime 1.1)   
   [Train] sup_loss:0.223745 lv_loss:0.046416 epi_loss:0.000010 total_loss:0.233029 pseudo_update_count:298767
   [Train] Epoch: [8][180/358]  Loss:0.289 (Avg 0.2526) IoU:0.438 (Avg 0.5555) Dice:0.5786 (Avg 0.6827) LR 2.85e-04   (AvgTime 1.1)   
   [Train] sup_loss:0.277510 lv_loss:0.058497 epi_loss:0.000011 total_loss:0.289210 pseudo_update_count:397813
   [Train] Epoch: [8][200/358]  Loss:0.168 (Avg 0.2503) IoU:0.551 (Avg 0.5558) Dice:0.6768 (Avg 0.6827) LR 2.85e-04   (AvgTime 1.1)   
   [Train] sup_loss:0.157563 lv_loss:0.051689 epi_loss:0.000009 total_loss:0.167901 pseudo_update_count:546999
   [Train] Epoch: [8][220/358]  Loss:0.425 (Avg 0.2531) IoU:0.539 (Avg 0.5543) Dice:0.6440 (Avg 0.6812) LR 2.85e-04   (AvgTime 1.1)   
   [Train] sup_loss:0.415489 lv_loss:0.046886 epi_loss:0.000013 total_loss:0.424867 pseudo_update_count:349242
   [Train] Epoch: [8][240/358]  Loss:0.218 (Avg 0.2512) IoU:0.543 (Avg 0.5565) Dice:0.6604 (Avg 0.6832) LR 2.85e-04   (AvgTime 1.1)   
   [Train] sup_loss:0.208835 lv_loss:0.047182 epi_loss:0.000010 total_loss:0.218272 pseudo_update_count:349040
   [Train] Epoch: [8][260/358]  Loss:0.219 (Avg 0.2504) IoU:0.580 (Avg 0.5567) Dice:0.7039 (Avg 0.6836) LR 2.85e-04   (AvgTime 1.1)   
   [Train] sup_loss:0.208056 lv_loss:0.055428 epi_loss:0.000009 total_loss:0.219141 pseudo_update_count:297950
   [Train] Epoch: [8][280/358]  Loss:0.330 (Avg 0.2500) IoU:0.459 (Avg 0.5551) Dice:0.5916 (Avg 0.6823) LR 2.85e-04   (AvgTime 1.1)   
   [Train] sup_loss:0.321031 lv_loss:0.043754 epi_loss:0.000007 total_loss:0.329782 pseudo_update_count:498317
   [Train] Epoch: [8][300/358]  Loss:0.240 (Avg 0.2494) IoU:0.569 (Avg 0.5562) Dice:0.7114 (Avg 0.6830) LR 2.85e-04   (AvgTime 1.1)   
   [Train] sup_loss:0.230185 lv_loss:0.050237 epi_loss:0.000011 total_loss:0.240233 pseudo_update_count:347833
   [Train] Epoch: [8][320/358]  Loss:0.147 (Avg 0.2489) IoU:0.655 (Avg 0.5569) Dice:0.7532 (Avg 0.6836) LR 2.85e-04   (AvgTime 1.1)   
   [Train] sup_loss:0.137358 lv_loss:0.048568 epi_loss:0.000010 total_loss:0.147072 pseudo_update_count:497681
   [Train] Epoch: [8][340/358]  Loss:0.308 (Avg 0.2489) IoU:0.452 (Avg 0.5559) Dice:0.5942 (Avg 0.6829) LR 2.85e-04   (AvgTime 1.1)   
   [Train] sup_loss:0.295272 lv_loss:0.062240 epi_loss:0.000013 total_loss:0.307720 pseudo_update_count:446859
[Train-Epoch-Metrics] epoch=8 sup_loss:0.237163 lv_loss:0.051329 epi_loss:0.000011 total_loss:0.247429 pseudo_update_count:142227612 labeled_seen:2858 unlabeled_seen:2858 Dice:0.683625 IoU:0.557080
Validation
   [Val] Epoch: [8][20/90]  Loss:0.215 (Avg 0.2204) IoU:0.599 (Avg 0.5898) Dice:0.7264 (Avg 0.7121) (AvgTime 0.5)   
   [Val] sup_loss:0.215157 lv_loss:0.000000 epi_loss:0.000000 total_loss:0.215157 pseudo_update_count:0
   [Val] Epoch: [8][40/90]  Loss:0.287 (Avg 0.2266) IoU:0.528 (Avg 0.5807) Dice:0.6620 (Avg 0.7025) (AvgTime 0.5)   
   [Val] sup_loss:0.286971 lv_loss:0.000000 epi_loss:0.000000 total_loss:0.286971 pseudo_update_count:0
   [Val] Epoch: [8][60/90]  Loss:0.238 (Avg 0.2264) IoU:0.578 (Avg 0.5863) Dice:0.7059 (Avg 0.7079) (AvgTime 0.5)   
   [Val] sup_loss:0.238458 lv_loss:0.000000 epi_loss:0.000000 total_loss:0.238458 pseudo_update_count:0
   [Val] Epoch: [8][80/90]  Loss:0.195 (Avg 0.2256) IoU:0.641 (Avg 0.5882) Dice:0.7689 (Avg 0.7100) (AvgTime 0.5)   
   [Val] sup_loss:0.195455 lv_loss:0.000000 epi_loss:0.000000 total_loss:0.195455 pseudo_update_count:0
[Val-Epoch-Metrics] epoch=8 sup_loss:0.228675 lv_loss:0.000000 epi_loss:0.000000 total_loss:0.228675 pseudo_update_count:0 labeled_seen:1429 unlabeled_seen:0 Dice:0.707116 IoU:0.584958
	 Saving best model, mean dice increased from: 0.6971 to 0.7071
	 Saving to QaTa-Covid19/LViT/QaTa_Covid19_LViT_50pct_labels/models/
	 early_stopping_count: 0/100000

========= Epoch [9/76] =========
QaTa_Covid19_LViT_50pct_labels
Training with batch size : 16
[SemiSup] subset_ratio=0.5000 labeled_name_count=2858
   [Train] Epoch: [9][20/358]  Loss:0.355 (Avg 0.2505) IoU:0.387 (Avg 0.5361) Dice:0.5339 (Avg 0.6620) LR 1.86e-04   (AvgTime 1.2)   
   [Train] sup_loss:0.345222 lv_loss:0.051117 epi_loss:0.000007 total_loss:0.355445 pseudo_update_count:398241
   [Train] Epoch: [9][40/358]  Loss:0.270 (Avg 0.2584) IoU:0.512 (Avg 0.5497) Dice:0.6442 (Avg 0.6769) LR 1.86e-04   (AvgTime 1.2)   
   [Train] sup_loss:0.256302 lv_loss:0.068140 epi_loss:0.000010 total_loss:0.269930 pseudo_update_count:198403
   [Train] Epoch: [9][60/358]  Loss:0.234 (Avg 0.2475) IoU:0.566 (Avg 0.5638) Dice:0.7005 (Avg 0.6896) LR 1.86e-04   (AvgTime 1.2)   
   [Train] sup_loss:0.222608 lv_loss:0.055889 epi_loss:0.000011 total_loss:0.233787 pseudo_update_count:347703
   [Train] Epoch: [9][80/358]  Loss:0.154 (Avg 0.2459) IoU:0.620 (Avg 0.5630) Dice:0.7374 (Avg 0.6891) LR 1.86e-04   (AvgTime 1.2)   
   [Train] sup_loss:0.142217 lv_loss:0.057830 epi_loss:0.000009 total_loss:0.153783 pseudo_update_count:348154
   [Train] Epoch: [9][100/358]  Loss:0.220 (Avg 0.2421) IoU:0.619 (Avg 0.5673) Dice:0.7360 (Avg 0.6932) LR 1.86e-04   (AvgTime 1.2)   
   [Train] sup_loss:0.210069 lv_loss:0.049884 epi_loss:0.000015 total_loss:0.220047 pseudo_update_count:348260
   [Train] Epoch: [9][120/358]  Loss:0.186 (Avg 0.2450) IoU:0.649 (Avg 0.5628) Dice:0.7498 (Avg 0.6891) LR 1.86e-04   (AvgTime 1.2)   
   [Train] sup_loss:0.177188 lv_loss:0.045106 epi_loss:0.000014 total_loss:0.186210 pseudo_update_count:448706
   [Train] Epoch: [9][140/358]  Loss:0.248 (Avg 0.2460) IoU:0.563 (Avg 0.5627) Dice:0.6943 (Avg 0.6888) LR 1.86e-04   (AvgTime 1.2)   
   [Train] sup_loss:0.238086 lv_loss:0.051078 epi_loss:0.000004 total_loss:0.248302 pseudo_update_count:148942
   [Train] Epoch: [9][160/358]  Loss:0.267 (Avg 0.2480) IoU:0.509 (Avg 0.5601) Dice:0.6394 (Avg 0.6866) LR 1.86e-04   (AvgTime 1.2)   
   [Train] sup_loss:0.257000 lv_loss:0.048031 epi_loss:0.000013 total_loss:0.266607 pseudo_update_count:448243
   [Train] Epoch: [9][180/358]  Loss:0.272 (Avg 0.2457) IoU:0.563 (Avg 0.5607) Dice:0.6966 (Avg 0.6872) LR 1.86e-04   (AvgTime 1.2)   
   [Train] sup_loss:0.261979 lv_loss:0.048644 epi_loss:0.000013 total_loss:0.271708 pseudo_update_count:547735
   [Train] Epoch: [9][200/358]  Loss:0.153 (Avg 0.2448) IoU:0.706 (Avg 0.5602) Dice:0.8197 (Avg 0.6865) LR 1.86e-04   (AvgTime 1.2)   
   [Train] sup_loss:0.143244 lv_loss:0.046440 epi_loss:0.000010 total_loss:0.152533 pseudo_update_count:448291
   [Train] Epoch: [9][220/358]  Loss:0.253 (Avg 0.2454) IoU:0.602 (Avg 0.5597) Dice:0.7156 (Avg 0.6858) LR 1.86e-04   (AvgTime 1.2)   
   [Train] sup_loss:0.243787 lv_loss:0.045222 epi_loss:0.000009 total_loss:0.252832 pseudo_update_count:548249
   [Train] Epoch: [9][240/358]  Loss:0.175 (Avg 0.2458) IoU:0.642 (Avg 0.5613) Dice:0.7664 (Avg 0.6871) LR 1.86e-04   (AvgTime 1.2)   
   [Train] sup_loss:0.163511 lv_loss:0.055092 epi_loss:0.000010 total_loss:0.174530 pseudo_update_count:297452
   [Train] Epoch: [9][260/358]  Loss:0.286 (Avg 0.2458) IoU:0.653 (Avg 0.5608) Dice:0.7683 (Avg 0.6865) LR 1.86e-04   (AvgTime 1.2)   
   [Train] sup_loss:0.274087 lv_loss:0.058205 epi_loss:0.000013 total_loss:0.285728 pseudo_update_count:496531
   [Train] Epoch: [9][280/358]  Loss:0.230 (Avg 0.2445) IoU:0.626 (Avg 0.5634) Dice:0.7341 (Avg 0.6887) LR 1.86e-04   (AvgTime 1.2)   
   [Train] sup_loss:0.221230 lv_loss:0.041796 epi_loss:0.000017 total_loss:0.229590 pseudo_update_count:299048
   [Train] Epoch: [9][300/358]  Loss:0.165 (Avg 0.2414) IoU:0.622 (Avg 0.5655) Dice:0.7224 (Avg 0.6904) LR 1.86e-04   (AvgTime 1.2)   
   [Train] sup_loss:0.155640 lv_loss:0.045310 epi_loss:0.000007 total_loss:0.164702 pseudo_update_count:348478
   [Train] Epoch: [9][320/358]  Loss:0.236 (Avg 0.2416) IoU:0.577 (Avg 0.5656) Dice:0.6923 (Avg 0.6907) LR 1.86e-04   (AvgTime 1.2)   
   [Train] sup_loss:0.225491 lv_loss:0.053487 epi_loss:0.000010 total_loss:0.236189 pseudo_update_count:248663
   [Train] Epoch: [9][340/358]  Loss:0.211 (Avg 0.2411) IoU:0.589 (Avg 0.5657) Dice:0.7208 (Avg 0.6907) LR 1.86e-04   (AvgTime 1.1)   
   [Train] sup_loss:0.200841 lv_loss:0.048840 epi_loss:0.000012 total_loss:0.210609 pseudo_update_count:398556
[Train-Epoch-Metrics] epoch=9 sup_loss:0.230728 lv_loss:0.049464 epi_loss:0.000011 total_loss:0.240622 pseudo_update_count:142258251 labeled_seen:2858 unlabeled_seen:2858 Dice:0.691414 IoU:0.566492
Validation
   [Val] Epoch: [9][20/90]  Loss:0.216 (Avg 0.2294) IoU:0.559 (Avg 0.5614) Dice:0.6762 (Avg 0.6863) (AvgTime 0.5)   
   [Val] sup_loss:0.215878 lv_loss:0.000000 epi_loss:0.000000 total_loss:0.215878 pseudo_update_count:0
   [Val] Epoch: [9][40/90]  Loss:0.307 (Avg 0.2348) IoU:0.461 (Avg 0.5567) Dice:0.5962 (Avg 0.6811) (AvgTime 0.5)   
   [Val] sup_loss:0.306587 lv_loss:0.000000 epi_loss:0.000000 total_loss:0.306587 pseudo_update_count:0
   [Val] Epoch: [9][60/90]  Loss:0.267 (Avg 0.2372) IoU:0.480 (Avg 0.5553) Dice:0.6136 (Avg 0.6790) (AvgTime 0.5)   
   [Val] sup_loss:0.266885 lv_loss:0.000000 epi_loss:0.000000 total_loss:0.266885 pseudo_update_count:0
   [Val] Epoch: [9][80/90]  Loss:0.266 (Avg 0.2332) IoU:0.507 (Avg 0.5593) Dice:0.6353 (Avg 0.6827) (AvgTime 0.5)   
   [Val] sup_loss:0.266207 lv_loss:0.000000 epi_loss:0.000000 total_loss:0.266207 pseudo_update_count:0
[Val-Epoch-Metrics] epoch=9 sup_loss:0.233558 lv_loss:0.000000 epi_loss:0.000000 total_loss:0.233558 pseudo_update_count:0 labeled_seen:1429 unlabeled_seen:0 Dice:0.680401 IoU:0.556925
	 Mean dice:0.6804 does not increase, the best is still: 0.7071 in epoch 8
	 early_stopping_count: 1/100000

========= Epoch [10/76] =========
QaTa_Covid19_LViT_50pct_labels
Training with batch size : 16
[SemiSup] subset_ratio=0.5000 labeled_name_count=2858
   [Train] Epoch: [10][20/358]  Loss:0.218 (Avg 0.2184) IoU:0.484 (Avg 0.5487) Dice:0.6162 (Avg 0.6741) LR 1.22e-04   (AvgTime 1.2)   
   [Train] sup_loss:0.208621 lv_loss:0.046087 epi_loss:0.000007 total_loss:0.217839 pseudo_update_count:398421
   [Train] Epoch: [10][40/358]  Loss:0.301 (Avg 0.2257) IoU:0.463 (Avg 0.5558) Dice:0.6098 (Avg 0.6812) LR 1.22e-04   (AvgTime 1.2)   
   [Train] sup_loss:0.292468 lv_loss:0.043978 epi_loss:0.000010 total_loss:0.301264 pseudo_update_count:498342
   [Train] Epoch: [10][60/358]  Loss:0.279 (Avg 0.2279) IoU:0.633 (Avg 0.5685) Dice:0.7526 (Avg 0.6937) LR 1.22e-04   (AvgTime 1.1)   
   [Train] sup_loss:0.268736 lv_loss:0.049434 epi_loss:0.000017 total_loss:0.278624 pseudo_update_count:397935
   [Train] Epoch: [10][80/358]  Loss:0.277 (Avg 0.2273) IoU:0.596 (Avg 0.5751) Dice:0.7010 (Avg 0.7005) LR 1.22e-04   (AvgTime 1.1)   
   [Train] sup_loss:0.267701 lv_loss:0.044725 epi_loss:0.000010 total_loss:0.276647 pseudo_update_count:298926
   [Train] Epoch: [10][100/358]  Loss:0.217 (Avg 0.2305) IoU:0.583 (Avg 0.5745) Dice:0.6902 (Avg 0.6991) LR 1.22e-04   (AvgTime 1.1)   
   [Train] sup_loss:0.206979 lv_loss:0.051799 epi_loss:0.000010 total_loss:0.217339 pseudo_update_count:397933
   [Train] Epoch: [10][120/358]  Loss:0.194 (Avg 0.2315) IoU:0.585 (Avg 0.5761) Dice:0.7211 (Avg 0.7012) LR 1.22e-04   (AvgTime 1.1)   
   [Train] sup_loss:0.182792 lv_loss:0.058210 epi_loss:0.000020 total_loss:0.194435 pseudo_update_count:348190
   [Train] Epoch: [10][140/358]  Loss:0.382 (Avg 0.2319) IoU:0.403 (Avg 0.5797) Dice:0.5218 (Avg 0.7042) LR 1.22e-04   (AvgTime 1.1)   
   [Train] sup_loss:0.373957 lv_loss:0.039775 epi_loss:0.000007 total_loss:0.381912 pseudo_update_count:398725
   [Train] Epoch: [10][160/358]  Loss:0.251 (Avg 0.2305) IoU:0.541 (Avg 0.5794) Dice:0.6576 (Avg 0.7043) LR 1.22e-04   (AvgTime 1.1)   
   [Train] sup_loss:0.243460 lv_loss:0.039047 epi_loss:0.000014 total_loss:0.251271 pseudo_update_count:249330
   [Train] Epoch: [10][180/358]  Loss:0.246 (Avg 0.2323) IoU:0.489 (Avg 0.5767) Dice:0.6221 (Avg 0.7022) LR 1.22e-04   (AvgTime 1.1)   
   [Train] sup_loss:0.235984 lv_loss:0.052196 epi_loss:0.000008 total_loss:0.246424 pseudo_update_count:646494
   [Train] Epoch: [10][200/358]  Loss:0.253 (Avg 0.2321) IoU:0.524 (Avg 0.5764) Dice:0.6361 (Avg 0.7013) LR 1.22e-04   (AvgTime 1.1)   
   [Train] sup_loss:0.243800 lv_loss:0.044925 epi_loss:0.000011 total_loss:0.252785 pseudo_update_count:348831
   [Train] Epoch: [10][220/358]  Loss:0.178 (Avg 0.2331) IoU:0.665 (Avg 0.5753) Dice:0.7694 (Avg 0.6995) LR 1.22e-04   (AvgTime 1.1)   
   [Train] sup_loss:0.168171 lv_loss:0.047562 epi_loss:0.000010 total_loss:0.177684 pseudo_update_count:448175
   [Train] Epoch: [10][240/358]  Loss:0.307 (Avg 0.2335) IoU:0.564 (Avg 0.5761) Dice:0.6762 (Avg 0.7002) LR 1.22e-04   (AvgTime 1.1)   
   [Train] sup_loss:0.296561 lv_loss:0.049955 epi_loss:0.000010 total_loss:0.306553 pseudo_update_count:547942
   [Train] Epoch: [10][260/358]  Loss:0.258 (Avg 0.2335) IoU:0.470 (Avg 0.5753) Dice:0.6055 (Avg 0.6997) LR 1.22e-04   (AvgTime 1.1)   
   [Train] sup_loss:0.249819 lv_loss:0.042190 epi_loss:0.000008 total_loss:0.258257 pseudo_update_count:349271
   [Train] Epoch: [10][280/358]  Loss:0.193 (Avg 0.2338) IoU:0.716 (Avg 0.5746) Dice:0.8255 (Avg 0.6991) LR 1.22e-04   (AvgTime 1.1)   
   [Train] sup_loss:0.184358 lv_loss:0.044250 epi_loss:0.000016 total_loss:0.193209 pseudo_update_count:249179
   [Train] Epoch: [10][300/358]  Loss:0.241 (Avg 0.2333) IoU:0.571 (Avg 0.5759) Dice:0.7011 (Avg 0.7002) LR 1.22e-04   (AvgTime 1.1)   
   [Train] sup_loss:0.232847 lv_loss:0.040853 epi_loss:0.000007 total_loss:0.241018 pseudo_update_count:499034
   [Train] Epoch: [10][320/358]  Loss:0.268 (Avg 0.2329) IoU:0.496 (Avg 0.5764) Dice:0.6223 (Avg 0.7008) LR 1.22e-04   (AvgTime 1.1)   
   [Train] sup_loss:0.259108 lv_loss:0.044068 epi_loss:0.000008 total_loss:0.267922 pseudo_update_count:399042
   [Train] Epoch: [10][340/358]  Loss:0.263 (Avg 0.2325) IoU:0.566 (Avg 0.5766) Dice:0.6968 (Avg 0.7012) LR 1.22e-04   (AvgTime 1.1)   
   [Train] sup_loss:0.251436 lv_loss:0.056849 epi_loss:0.000015 total_loss:0.262807 pseudo_update_count:298283
[Train-Epoch-Metrics] epoch=10 sup_loss:0.223216 lv_loss:0.046728 epi_loss:0.000011 total_loss:0.232563 pseudo_update_count:142332553 labeled_seen:2858 unlabeled_seen:2858 Dice:0.701361 IoU:0.576707
Validation
   [Val] Epoch: [10][20/90]  Loss:0.186 (Avg 0.2173) IoU:0.631 (Avg 0.5998) Dice:0.7462 (Avg 0.7203) (AvgTime 0.5)   
   [Val] sup_loss:0.186278 lv_loss:0.000000 epi_loss:0.000000 total_loss:0.186278 pseudo_update_count:0
   [Val] Epoch: [10][40/90]  Loss:0.207 (Avg 0.2146) IoU:0.568 (Avg 0.5950) Dice:0.6996 (Avg 0.7155) (AvgTime 0.5)   
   [Val] sup_loss:0.206873 lv_loss:0.000000 epi_loss:0.000000 total_loss:0.206873 pseudo_update_count:0
   [Val] Epoch: [10][60/90]  Loss:0.254 (Avg 0.2193) IoU:0.509 (Avg 0.5898) Dice:0.6262 (Avg 0.7099) (AvgTime 0.5)   
   [Val] sup_loss:0.254358 lv_loss:0.000000 epi_loss:0.000000 total_loss:0.254358 pseudo_update_count:0
   [Val] Epoch: [10][80/90]  Loss:0.236 (Avg 0.2188) IoU:0.556 (Avg 0.5863) Dice:0.6617 (Avg 0.7069) (AvgTime 0.5)   
   [Val] sup_loss:0.235674 lv_loss:0.000000 epi_loss:0.000000 total_loss:0.235674 pseudo_update_count:0
[Val-Epoch-Metrics] epoch=10 sup_loss:0.219029 lv_loss:0.000000 epi_loss:0.000000 total_loss:0.219029 pseudo_update_count:0 labeled_seen:1429 unlabeled_seen:0 Dice:0.707499 IoU:0.586266
	 Saving best model, mean dice increased from: 0.7071 to 0.7075
	 Saving to QaTa-Covid19/LViT/QaTa_Covid19_LViT_50pct_labels/models/
	 early_stopping_count: 0/100000

========= Epoch [11/76] =========
QaTa_Covid19_LViT_50pct_labels
Training with batch size : 16
[SemiSup] subset_ratio=0.5000 labeled_name_count=2858
   [Train] Epoch: [11][20/358]  Loss:0.373 (Avg 0.3261) IoU:0.435 (Avg 0.4610) Dice:0.5652 (Avg 0.5896) LR 1.00e-03   (AvgTime 1.2)   
   [Train] sup_loss:0.357635 lv_loss:0.074887 epi_loss:0.000012 total_loss:0.372613 pseudo_update_count:543069
   [Train] Epoch: [11][40/358]  Loss:0.268 (Avg 0.3140) IoU:0.490 (Avg 0.4740) Dice:0.6236 (Avg 0.6036) LR 1.00e-03   (AvgTime 1.2)   
   [Train] sup_loss:0.256905 lv_loss:0.056344 epi_loss:0.000010 total_loss:0.268174 pseudo_update_count:547043
   [Train] Epoch: [11][60/358]  Loss:0.241 (Avg 0.3138) IoU:0.569 (Avg 0.4809) Dice:0.7027 (Avg 0.6114) LR 1.00e-03   (AvgTime 1.2)   
   [Train] sup_loss:0.229380 lv_loss:0.057980 epi_loss:0.000011 total_loss:0.240976 pseudo_update_count:398450
   [Train] Epoch: [11][80/358]  Loss:0.307 (Avg 0.3053) IoU:0.516 (Avg 0.4894) Dice:0.6502 (Avg 0.6198) LR 1.00e-03   (AvgTime 1.1)   
   [Train] sup_loss:0.295857 lv_loss:0.053722 epi_loss:0.000008 total_loss:0.306602 pseudo_update_count:298901
   [Train] Epoch: [11][100/358]  Loss:0.268 (Avg 0.3024) IoU:0.532 (Avg 0.4940) Dice:0.6579 (Avg 0.6239) LR 1.00e-03   (AvgTime 1.1)   
   [Train] sup_loss:0.255315 lv_loss:0.065014 epi_loss:0.000011 total_loss:0.268318 pseudo_update_count:347749
   [Train] Epoch: [11][120/358]  Loss:0.331 (Avg 0.2995) IoU:0.503 (Avg 0.4953) Dice:0.6395 (Avg 0.6259) LR 1.00e-03   (AvgTime 1.1)   
   [Train] sup_loss:0.319549 lv_loss:0.055585 epi_loss:0.000009 total_loss:0.330666 pseudo_update_count:248503
   [Train] Epoch: [11][140/358]  Loss:0.250 (Avg 0.2967) IoU:0.567 (Avg 0.5015) Dice:0.6927 (Avg 0.6316) LR 1.00e-03   (AvgTime 1.1)   
   [Train] sup_loss:0.236209 lv_loss:0.067660 epi_loss:0.000015 total_loss:0.249741 pseudo_update_count:298016
   [Train] Epoch: [11][160/358]  Loss:0.233 (Avg 0.2965) IoU:0.492 (Avg 0.5014) Dice:0.6242 (Avg 0.6316) LR 1.00e-03   (AvgTime 1.1)   
   [Train] sup_loss:0.220875 lv_loss:0.058587 epi_loss:0.000006 total_loss:0.232593 pseudo_update_count:448154
   [Train] Epoch: [11][180/358]  Loss:0.204 (Avg 0.2943) IoU:0.522 (Avg 0.5047) Dice:0.6488 (Avg 0.6346) LR 1.00e-03   (AvgTime 1.1)   
   [Train] sup_loss:0.192031 lv_loss:0.060849 epi_loss:0.000010 total_loss:0.204201 pseudo_update_count:397273
   [Train] Epoch: [11][200/358]  Loss:0.297 (Avg 0.2898) IoU:0.531 (Avg 0.5093) Dice:0.6632 (Avg 0.6386) LR 1.00e-03   (AvgTime 1.1)   
   [Train] sup_loss:0.283135 lv_loss:0.071593 epi_loss:0.000014 total_loss:0.297455 pseudo_update_count:248127
   [Train] Epoch: [11][220/358]  Loss:0.274 (Avg 0.2895) IoU:0.540 (Avg 0.5087) Dice:0.6817 (Avg 0.6379) LR 1.00e-03   (AvgTime 1.1)   
   [Train] sup_loss:0.262730 lv_loss:0.057262 epi_loss:0.000012 total_loss:0.274183 pseudo_update_count:397820
   [Train] Epoch: [11][240/358]  Loss:0.261 (Avg 0.2905) IoU:0.466 (Avg 0.5091) Dice:0.6149 (Avg 0.6385) LR 1.00e-03   (AvgTime 1.1)   
   [Train] sup_loss:0.247154 lv_loss:0.070098 epi_loss:0.000013 total_loss:0.261174 pseudo_update_count:346926
   [Train] Epoch: [11][260/358]  Loss:0.223 (Avg 0.2882) IoU:0.673 (Avg 0.5119) Dice:0.7882 (Avg 0.6414) LR 1.00e-03   (AvgTime 1.1)   
   [Train] sup_loss:0.212083 lv_loss:0.056773 epi_loss:0.000010 total_loss:0.223438 pseudo_update_count:298731
   [Train] Epoch: [11][280/358]  Loss:0.229 (Avg 0.2859) IoU:0.615 (Avg 0.5132) Dice:0.7427 (Avg 0.6424) LR 1.00e-03   (AvgTime 1.1)   
   [Train] sup_loss:0.218289 lv_loss:0.051278 epi_loss:0.000015 total_loss:0.228545 pseudo_update_count:398313
   [Train] Epoch: [11][300/358]  Loss:0.464 (Avg 0.2847) IoU:0.453 (Avg 0.5152) Dice:0.5870 (Avg 0.6443) LR 1.00e-03   (AvgTime 1.1)   
   [Train] sup_loss:0.454079 lv_loss:0.049955 epi_loss:0.000008 total_loss:0.464071 pseudo_update_count:496460
   [Train] Epoch: [11][320/358]  Loss:0.325 (Avg 0.2890) IoU:0.402 (Avg 0.5117) Dice:0.5364 (Avg 0.6412) LR 1.00e-03   (AvgTime 1.1)   
   [Train] sup_loss:0.307592 lv_loss:0.088803 epi_loss:0.000011 total_loss:0.325353 pseudo_update_count:247620
   [Train] Epoch: [11][340/358]  Loss:0.285 (Avg 0.2904) IoU:0.500 (Avg 0.5115) Dice:0.6336 (Avg 0.6410) LR 1.00e-03   (AvgTime 1.1)   
   [Train] sup_loss:0.271974 lv_loss:0.067139 epi_loss:0.000010 total_loss:0.285402 pseudo_update_count:447524
[Train-Epoch-Metrics] epoch=11 sup_loss:0.277066 lv_loss:0.063643 epi_loss:0.000011 total_loss:0.289795 pseudo_update_count:141962732 labeled_seen:2858 unlabeled_seen:2858 Dice:0.641113 IoU:0.511395
Validation
   [Val] Epoch: [11][20/90]  Loss:0.314 (Avg 0.3596) IoU:0.474 (Avg 0.4453) Dice:0.6031 (Avg 0.5708) (AvgTime 0.5)   
   [Val] sup_loss:0.314078 lv_loss:0.000000 epi_loss:0.000000 total_loss:0.314078 pseudo_update_count:0
   [Val] Epoch: [11][40/90]  Loss:0.271 (Avg 0.3701) IoU:0.541 (Avg 0.4409) Dice:0.6526 (Avg 0.5625) (AvgTime 0.5)   
   [Val] sup_loss:0.271002 lv_loss:0.000000 epi_loss:0.000000 total_loss:0.271002 pseudo_update_count:0
   [Val] Epoch: [11][60/90]  Loss:0.368 (Avg 0.3717) IoU:0.398 (Avg 0.4398) Dice:0.5170 (Avg 0.5623) (AvgTime 0.5)   
   [Val] sup_loss:0.367669 lv_loss:0.000000 epi_loss:0.000000 total_loss:0.367669 pseudo_update_count:0
   [Val] Epoch: [11][80/90]  Loss:0.449 (Avg 0.3712) IoU:0.376 (Avg 0.4420) Dice:0.5036 (Avg 0.5640) (AvgTime 0.5)   
   [Val] sup_loss:0.449189 lv_loss:0.000000 epi_loss:0.000000 total_loss:0.449189 pseudo_update_count:0
[Val-Epoch-Metrics] epoch=11 sup_loss:0.368063 lv_loss:0.000000 epi_loss:0.000000 total_loss:0.368063 pseudo_update_count:0 labeled_seen:1429 unlabeled_seen:0 Dice:0.566709 IoU:0.444748
	 Mean dice:0.5667 does not increase, the best is still: 0.7075 in epoch 10
	 early_stopping_count: 1/100000

========= Epoch [12/76] =========
QaTa_Covid19_LViT_50pct_labels
Training with batch size : 16
[SemiSup] subset_ratio=0.5000 labeled_name_count=2858
   [Train] Epoch: [12][20/358]  Loss:0.335 (Avg 0.2633) IoU:0.433 (Avg 0.5395) Dice:0.5601 (Avg 0.6662) LR 9.78e-04   (AvgTime 1.2)   
   [Train] sup_loss:0.322697 lv_loss:0.060652 epi_loss:0.000014 total_loss:0.334828 pseudo_update_count:397013
   [Train] Epoch: [12][40/358]  Loss:0.281 (Avg 0.2793) IoU:0.582 (Avg 0.5210) Dice:0.6952 (Avg 0.6484) LR 9.78e-04   (AvgTime 1.2)   
   [Train] sup_loss:0.269372 lv_loss:0.058164 epi_loss:0.000009 total_loss:0.281006 pseudo_update_count:397374
   [Train] Epoch: [12][60/358]  Loss:0.336 (Avg 0.2804) IoU:0.512 (Avg 0.5254) Dice:0.6573 (Avg 0.6541) LR 9.78e-04   (AvgTime 1.2)   
   [Train] sup_loss:0.321253 lv_loss:0.073754 epi_loss:0.000015 total_loss:0.336004 pseudo_update_count:396048
   [Train] Epoch: [12][80/358]  Loss:0.336 (Avg 0.2777) IoU:0.569 (Avg 0.5308) Dice:0.7062 (Avg 0.6590) LR 9.78e-04   (AvgTime 1.1)   
   [Train] sup_loss:0.324117 lv_loss:0.057218 epi_loss:0.000010 total_loss:0.335561 pseudo_update_count:248770
   [Train] Epoch: [12][100/358]  Loss:0.247 (Avg 0.2858) IoU:0.507 (Avg 0.5189) Dice:0.6328 (Avg 0.6478) LR 9.78e-04   (AvgTime 1.1)   
   [Train] sup_loss:0.233759 lv_loss:0.064470 epi_loss:0.000011 total_loss:0.246653 pseudo_update_count:497308
   [Train] Epoch: [12][120/358]  Loss:0.391 (Avg 0.2864) IoU:0.506 (Avg 0.5179) Dice:0.6254 (Avg 0.6469) LR 9.78e-04   (AvgTime 1.1)   
   [Train] sup_loss:0.377497 lv_loss:0.067791 epi_loss:0.000011 total_loss:0.391056 pseudo_update_count:446661
   [Train] Epoch: [12][140/358]  Loss:0.283 (Avg 0.2825) IoU:0.558 (Avg 0.5194) Dice:0.6915 (Avg 0.6488) LR 9.78e-04   (AvgTime 1.1)   
   [Train] sup_loss:0.271923 lv_loss:0.056947 epi_loss:0.000012 total_loss:0.283313 pseudo_update_count:347796
   [Train] Epoch: [12][160/358]  Loss:0.319 (Avg 0.2838) IoU:0.554 (Avg 0.5183) Dice:0.6760 (Avg 0.6476) LR 9.78e-04   (AvgTime 1.1)   
   [Train] sup_loss:0.306635 lv_loss:0.063037 epi_loss:0.000010 total_loss:0.319243 pseudo_update_count:398003
   [Train] Epoch: [12][180/358]  Loss:0.289 (Avg 0.2844) IoU:0.577 (Avg 0.5177) Dice:0.7150 (Avg 0.6477) LR 9.78e-04   (AvgTime 1.1)   
   [Train] sup_loss:0.275628 lv_loss:0.064386 epi_loss:0.000013 total_loss:0.288506 pseudo_update_count:496826
   [Train] Epoch: [12][200/358]  Loss:0.343 (Avg 0.2856) IoU:0.354 (Avg 0.5177) Dice:0.4871 (Avg 0.6475) LR 9.78e-04   (AvgTime 1.1)   
   [Train] sup_loss:0.327942 lv_loss:0.075861 epi_loss:0.000007 total_loss:0.343114 pseudo_update_count:445052
   [Train] Epoch: [12][220/358]  Loss:0.322 (Avg 0.2835) IoU:0.406 (Avg 0.5181) Dice:0.5356 (Avg 0.6479) LR 9.78e-04   (AvgTime 1.1)   
   [Train] sup_loss:0.309798 lv_loss:0.061577 epi_loss:0.000010 total_loss:0.322114 pseudo_update_count:446722
   [Train] Epoch: [12][240/358]  Loss:0.332 (Avg 0.2825) IoU:0.421 (Avg 0.5189) Dice:0.5478 (Avg 0.6485) LR 9.78e-04   (AvgTime 1.1)   
   [Train] sup_loss:0.321684 lv_loss:0.052794 epi_loss:0.000008 total_loss:0.332244 pseudo_update_count:248519
   [Train] Epoch: [12][260/358]  Loss:0.278 (Avg 0.2803) IoU:0.552 (Avg 0.5204) Dice:0.6932 (Avg 0.6503) LR 9.78e-04   (AvgTime 1.1)   
   [Train] sup_loss:0.268263 lv_loss:0.049223 epi_loss:0.000012 total_loss:0.278108 pseudo_update_count:548014
   [Train] Epoch: [12][280/358]  Loss:0.266 (Avg 0.2787) IoU:0.616 (Avg 0.5215) Dice:0.7463 (Avg 0.6512) LR 9.78e-04   (AvgTime 1.1)   
   [Train] sup_loss:0.256393 lv_loss:0.049487 epi_loss:0.000009 total_loss:0.266291 pseudo_update_count:248984
   [Train] Epoch: [12][300/358]  Loss:0.226 (Avg 0.2775) IoU:0.532 (Avg 0.5222) Dice:0.6705 (Avg 0.6520) LR 9.78e-04   (AvgTime 1.1)   
   [Train] sup_loss:0.215199 lv_loss:0.053735 epi_loss:0.000008 total_loss:0.225946 pseudo_update_count:398271
   [Train] Epoch: [12][320/358]  Loss:0.281 (Avg 0.2772) IoU:0.460 (Avg 0.5228) Dice:0.6059 (Avg 0.6526) LR 9.78e-04   (AvgTime 1.1)   
   [Train] sup_loss:0.268559 lv_loss:0.060483 epi_loss:0.000011 total_loss:0.280656 pseudo_update_count:546551
   [Train] Epoch: [12][340/358]  Loss:0.314 (Avg 0.2757) IoU:0.492 (Avg 0.5231) Dice:0.6324 (Avg 0.6529) LR 9.78e-04   (AvgTime 1.1)   
   [Train] sup_loss:0.302838 lv_loss:0.054479 epi_loss:0.000010 total_loss:0.313734 pseudo_update_count:248913
[Train-Epoch-Metrics] epoch=12 sup_loss:0.263128 lv_loss:0.058713 epi_loss:0.000011 total_loss:0.274871 pseudo_update_count:142064953 labeled_seen:2858 unlabeled_seen:2858 Dice:0.653672 IoU:0.523998
Validation
   [Val] Epoch: [12][20/90]  Loss:0.205 (Avg 0.2507) IoU:0.582 (Avg 0.5248) Dice:0.7136 (Avg 0.6541) (AvgTime 0.5)   
   [Val] sup_loss:0.205164 lv_loss:0.000000 epi_loss:0.000000 total_loss:0.205164 pseudo_update_count:0
   [Val] Epoch: [12][40/90]  Loss:0.186 (Avg 0.2513) IoU:0.624 (Avg 0.5274) Dice:0.7420 (Avg 0.6560) (AvgTime 0.5)   
   [Val] sup_loss:0.185832 lv_loss:0.000000 epi_loss:0.000000 total_loss:0.185832 pseudo_update_count:0
   [Val] Epoch: [12][60/90]  Loss:0.223 (Avg 0.2516) IoU:0.545 (Avg 0.5251) Dice:0.6814 (Avg 0.6540) (AvgTime 0.5)   
   [Val] sup_loss:0.222687 lv_loss:0.000000 epi_loss:0.000000 total_loss:0.222687 pseudo_update_count:0
   [Val] Epoch: [12][80/90]  Loss:0.193 (Avg 0.2513) IoU:0.610 (Avg 0.5280) Dice:0.7358 (Avg 0.6554) (AvgTime 0.5)   
   [Val] sup_loss:0.192695 lv_loss:0.000000 epi_loss:0.000000 total_loss:0.192695 pseudo_update_count:0
[Val-Epoch-Metrics] epoch=12 sup_loss:0.250037 lv_loss:0.000000 epi_loss:0.000000 total_loss:0.250037 pseudo_update_count:0 labeled_seen:1429 unlabeled_seen:0 Dice:0.656813 IoU:0.529578
	 Mean dice:0.6568 does not increase, the best is still: 0.7075 in epoch 10
	 early_stopping_count: 2/100000

========= Epoch [13/76] =========
QaTa_Covid19_LViT_50pct_labels
Training with batch size : 16
[SemiSup] subset_ratio=0.5000 labeled_name_count=2858
   [Train] Epoch: [13][20/358]  Loss:0.296 (Avg 0.2908) IoU:0.488 (Avg 0.5211) Dice:0.6309 (Avg 0.6506) LR 9.14e-04   (AvgTime 1.2)   
   [Train] sup_loss:0.281746 lv_loss:0.071181 epi_loss:0.000013 total_loss:0.295983 pseudo_update_count:347508
   [Train] Epoch: [13][40/358]  Loss:0.200 (Avg 0.2749) IoU:0.605 (Avg 0.5282) Dice:0.7127 (Avg 0.6607) LR 9.14e-04   (AvgTime 1.2)   
   [Train] sup_loss:0.191083 lv_loss:0.046867 epi_loss:0.000006 total_loss:0.200456 pseudo_update_count:298787
   [Train] Epoch: [13][60/358]  Loss:0.295 (Avg 0.2767) IoU:0.440 (Avg 0.5330) Dice:0.5572 (Avg 0.6638) LR 9.14e-04   (AvgTime 1.2)   
   [Train] sup_loss:0.284050 lv_loss:0.056081 epi_loss:0.000012 total_loss:0.295267 pseudo_update_count:248612
   [Train] Epoch: [13][80/358]  Loss:0.190 (Avg 0.2821) IoU:0.671 (Avg 0.5280) Dice:0.7953 (Avg 0.6578) LR 9.14e-04   (AvgTime 1.1)   
   [Train] sup_loss:0.178637 lv_loss:0.054568 epi_loss:0.000008 total_loss:0.189551 pseudo_update_count:348663
   [Train] Epoch: [13][100/358]  Loss:0.417 (Avg 0.2804) IoU:0.475 (Avg 0.5267) Dice:0.6097 (Avg 0.6566) LR 9.14e-04   (AvgTime 1.1)   
   [Train] sup_loss:0.405615 lv_loss:0.055536 epi_loss:0.000014 total_loss:0.416723 pseudo_update_count:596449
   [Train] Epoch: [13][120/358]  Loss:0.247 (Avg 0.2792) IoU:0.499 (Avg 0.5315) Dice:0.6364 (Avg 0.6606) LR 9.14e-04   (AvgTime 1.1)   
   [Train] sup_loss:0.232910 lv_loss:0.068722 epi_loss:0.000012 total_loss:0.246655 pseudo_update_count:248246
   [Train] Epoch: [13][140/358]  Loss:0.338 (Avg 0.2785) IoU:0.489 (Avg 0.5300) Dice:0.6450 (Avg 0.6593) LR 9.14e-04   (AvgTime 1.1)   
   [Train] sup_loss:0.330049 lv_loss:0.041398 epi_loss:0.000009 total_loss:0.338329 pseudo_update_count:498758
   [Train] Epoch: [13][160/358]  Loss:0.221 (Avg 0.2780) IoU:0.587 (Avg 0.5298) Dice:0.7200 (Avg 0.6593) LR 9.14e-04   (AvgTime 1.1)   
   [Train] sup_loss:0.209887 lv_loss:0.055535 epi_loss:0.000009 total_loss:0.220995 pseudo_update_count:447077
   [Train] Epoch: [13][180/358]  Loss:0.420 (Avg 0.2751) IoU:0.451 (Avg 0.5295) Dice:0.5839 (Avg 0.6586) LR 9.14e-04   (AvgTime 1.1)   
   [Train] sup_loss:0.409680 lv_loss:0.051009 epi_loss:0.000013 total_loss:0.419882 pseudo_update_count:398344
   [Train] Epoch: [13][200/358]  Loss:0.239 (Avg 0.2734) IoU:0.492 (Avg 0.5289) Dice:0.6256 (Avg 0.6579) LR 9.14e-04   (AvgTime 1.1)   
   [Train] sup_loss:0.225604 lv_loss:0.064646 epi_loss:0.000012 total_loss:0.238534 pseudo_update_count:397366
   [Train] Epoch: [13][220/358]  Loss:0.187 (Avg 0.2737) IoU:0.653 (Avg 0.5307) Dice:0.7608 (Avg 0.6593) LR 9.14e-04   (AvgTime 1.1)   
   [Train] sup_loss:0.176880 lv_loss:0.050538 epi_loss:0.000015 total_loss:0.186988 pseudo_update_count:498161
   [Train] Epoch: [13][240/358]  Loss:0.290 (Avg 0.2729) IoU:0.381 (Avg 0.5301) Dice:0.5029 (Avg 0.6584) LR 9.14e-04   (AvgTime 1.1)   
   [Train] sup_loss:0.278884 lv_loss:0.054417 epi_loss:0.000009 total_loss:0.289768 pseudo_update_count:347206
   [Train] Epoch: [13][260/358]  Loss:0.351 (Avg 0.2713) IoU:0.389 (Avg 0.5315) Dice:0.5453 (Avg 0.6598) LR 9.14e-04   (AvgTime 1.1)   
   [Train] sup_loss:0.340706 lv_loss:0.052129 epi_loss:0.000013 total_loss:0.351132 pseudo_update_count:348359
   [Train] Epoch: [13][280/358]  Loss:0.293 (Avg 0.2689) IoU:0.414 (Avg 0.5331) Dice:0.5503 (Avg 0.6612) LR 9.14e-04   (AvgTime 1.1)   
   [Train] sup_loss:0.283886 lv_loss:0.045976 epi_loss:0.000015 total_loss:0.293082 pseudo_update_count:448325
   [Train] Epoch: [13][300/358]  Loss:0.283 (Avg 0.2673) IoU:0.537 (Avg 0.5351) Dice:0.6584 (Avg 0.6631) LR 9.14e-04   (AvgTime 1.1)   
   [Train] sup_loss:0.273907 lv_loss:0.046257 epi_loss:0.000007 total_loss:0.283159 pseudo_update_count:298721
   [Train] Epoch: [13][320/358]  Loss:0.311 (Avg 0.2659) IoU:0.439 (Avg 0.5374) Dice:0.5701 (Avg 0.6653) LR 9.14e-04   (AvgTime 1.1)   
   [Train] sup_loss:0.300939 lv_loss:0.052169 epi_loss:0.000009 total_loss:0.311373 pseudo_update_count:496974
   [Train] Epoch: [13][340/358]  Loss:0.299 (Avg 0.2654) IoU:0.454 (Avg 0.5368) Dice:0.5923 (Avg 0.6649) LR 9.14e-04   (AvgTime 1.1)   
   [Train] sup_loss:0.288634 lv_loss:0.053481 epi_loss:0.000012 total_loss:0.299331 pseudo_update_count:298726
[Train-Epoch-Metrics] epoch=13 sup_loss:0.254075 lv_loss:0.056007 epi_loss:0.000011 total_loss:0.265277 pseudo_update_count:142095541 labeled_seen:2858 unlabeled_seen:2858 Dice:0.665902 IoU:0.538136
Validation
   [Val] Epoch: [13][20/90]  Loss:0.231 (Avg 0.2514) IoU:0.558 (Avg 0.5304) Dice:0.6905 (Avg 0.6588) (AvgTime 0.5)   
   [Val] sup_loss:0.231163 lv_loss:0.000000 epi_loss:0.000000 total_loss:0.231163 pseudo_update_count:0
   [Val] Epoch: [13][40/90]  Loss:0.243 (Avg 0.2487) IoU:0.554 (Avg 0.5371) Dice:0.6950 (Avg 0.6655) (AvgTime 0.5)   
   [Val] sup_loss:0.242931 lv_loss:0.000000 epi_loss:0.000000 total_loss:0.242931 pseudo_update_count:0
   [Val] Epoch: [13][60/90]  Loss:0.199 (Avg 0.2455) IoU:0.628 (Avg 0.5415) Dice:0.7375 (Avg 0.6687) (AvgTime 0.5)   
   [Val] sup_loss:0.198980 lv_loss:0.000000 epi_loss:0.000000 total_loss:0.198980 pseudo_update_count:0
   [Val] Epoch: [13][80/90]  Loss:0.230 (Avg 0.2488) IoU:0.586 (Avg 0.5391) Dice:0.6975 (Avg 0.6656) (AvgTime 0.5)   
   [Val] sup_loss:0.230155 lv_loss:0.000000 epi_loss:0.000000 total_loss:0.230155 pseudo_update_count:0
[Val-Epoch-Metrics] epoch=13 sup_loss:0.247928 lv_loss:0.000000 epi_loss:0.000000 total_loss:0.247928 pseudo_update_count:0 labeled_seen:1429 unlabeled_seen:0 Dice:0.666492 IoU:0.539880
	 Mean dice:0.6665 does not increase, the best is still: 0.7075 in epoch 10
	 early_stopping_count: 3/100000

========= Epoch [14/76] =========
QaTa_Covid19_LViT_50pct_labels
Training with batch size : 16
[SemiSup] subset_ratio=0.5000 labeled_name_count=2858
   [Train] Epoch: [14][20/358]  Loss:0.317 (Avg 0.2439) IoU:0.557 (Avg 0.5395) Dice:0.6875 (Avg 0.6670) LR 8.15e-04   (AvgTime 1.2)   
   [Train] sup_loss:0.306994 lv_loss:0.049798 epi_loss:0.000010 total_loss:0.316955 pseudo_update_count:398261
   [Train] Epoch: [14][40/358]  Loss:0.267 (Avg 0.2492) IoU:0.508 (Avg 0.5407) Dice:0.6513 (Avg 0.6692) LR 8.15e-04   (AvgTime 1.2)   
   [Train] sup_loss:0.257313 lv_loss:0.046795 epi_loss:0.000008 total_loss:0.266672 pseudo_update_count:298946
   [Train] Epoch: [14][60/358]  Loss:0.208 (Avg 0.2477) IoU:0.607 (Avg 0.5430) Dice:0.7291 (Avg 0.6709) LR 8.15e-04   (AvgTime 1.2)   
   [Train] sup_loss:0.198118 lv_loss:0.048810 epi_loss:0.000015 total_loss:0.207881 pseudo_update_count:447980
   [Train] Epoch: [14][80/358]  Loss:0.278 (Avg 0.2485) IoU:0.566 (Avg 0.5462) Dice:0.7040 (Avg 0.6735) LR 8.15e-04   (AvgTime 1.1)   
   [Train] sup_loss:0.269153 lv_loss:0.044407 epi_loss:0.000017 total_loss:0.278035 pseudo_update_count:398478
   [Train] Epoch: [14][100/358]  Loss:0.211 (Avg 0.2492) IoU:0.472 (Avg 0.5453) Dice:0.6027 (Avg 0.6731) LR 8.15e-04   (AvgTime 1.1)   
   [Train] sup_loss:0.200837 lv_loss:0.048377 epi_loss:0.000010 total_loss:0.210513 pseudo_update_count:398472
   [Train] Epoch: [14][120/358]  Loss:0.199 (Avg 0.2509) IoU:0.605 (Avg 0.5466) Dice:0.7309 (Avg 0.6737) LR 8.15e-04   (AvgTime 1.1)   
   [Train] sup_loss:0.187020 lv_loss:0.057421 epi_loss:0.000011 total_loss:0.198505 pseudo_update_count:298432
   [Train] Epoch: [14][140/358]  Loss:0.207 (Avg 0.2505) IoU:0.547 (Avg 0.5476) Dice:0.6743 (Avg 0.6751) LR 8.15e-04   (AvgTime 1.1)   
   [Train] sup_loss:0.195413 lv_loss:0.056896 epi_loss:0.000013 total_loss:0.206793 pseudo_update_count:298492
   [Train] Epoch: [14][160/358]  Loss:0.257 (Avg 0.2500) IoU:0.427 (Avg 0.5496) Dice:0.5739 (Avg 0.6768) LR 8.15e-04   (AvgTime 1.1)   
   [Train] sup_loss:0.244014 lv_loss:0.063185 epi_loss:0.000009 total_loss:0.256652 pseudo_update_count:346328
   [Train] Epoch: [14][180/358]  Loss:0.329 (Avg 0.2503) IoU:0.476 (Avg 0.5490) Dice:0.6101 (Avg 0.6759) LR 8.15e-04   (AvgTime 1.1)   
   [Train] sup_loss:0.318472 lv_loss:0.051930 epi_loss:0.000010 total_loss:0.328859 pseudo_update_count:248774
   [Train] Epoch: [14][200/358]  Loss:0.285 (Avg 0.2497) IoU:0.522 (Avg 0.5493) Dice:0.6512 (Avg 0.6761) LR 8.15e-04   (AvgTime 1.1)   
   [Train] sup_loss:0.274856 lv_loss:0.051455 epi_loss:0.000013 total_loss:0.285148 pseudo_update_count:398081
   [Train] Epoch: [14][220/358]  Loss:0.210 (Avg 0.2469) IoU:0.559 (Avg 0.5511) Dice:0.6720 (Avg 0.6775) LR 8.15e-04   (AvgTime 1.1)   
   [Train] sup_loss:0.200547 lv_loss:0.047363 epi_loss:0.000017 total_loss:0.210021 pseudo_update_count:249193
   [Train] Epoch: [14][240/358]  Loss:0.267 (Avg 0.2455) IoU:0.589 (Avg 0.5533) Dice:0.6861 (Avg 0.6792) LR 8.15e-04   (AvgTime 1.1)   
   [Train] sup_loss:0.257169 lv_loss:0.048246 epi_loss:0.000009 total_loss:0.266818 pseudo_update_count:398655
   [Train] Epoch: [14][260/358]  Loss:0.183 (Avg 0.2453) IoU:0.608 (Avg 0.5537) Dice:0.7286 (Avg 0.6799) LR 8.15e-04   (AvgTime 1.1)   
   [Train] sup_loss:0.174901 lv_loss:0.038043 epi_loss:0.000010 total_loss:0.182510 pseudo_update_count:299323
   [Train] Epoch: [14][280/358]  Loss:0.284 (Avg 0.2456) IoU:0.564 (Avg 0.5543) Dice:0.6985 (Avg 0.6800) LR 8.15e-04   (AvgTime 1.1)   
   [Train] sup_loss:0.271914 lv_loss:0.058148 epi_loss:0.000012 total_loss:0.283544 pseudo_update_count:546933
   [Train] Epoch: [14][300/358]  Loss:0.384 (Avg 0.2472) IoU:0.333 (Avg 0.5535) Dice:0.4650 (Avg 0.6795) LR 8.15e-04   (AvgTime 1.1)   
   [Train] sup_loss:0.376356 lv_loss:0.036914 epi_loss:0.000008 total_loss:0.383739 pseudo_update_count:349009
   [Train] Epoch: [14][320/358]  Loss:0.245 (Avg 0.2475) IoU:0.581 (Avg 0.5531) Dice:0.7103 (Avg 0.6793) LR 8.15e-04   (AvgTime 1.1)   
   [Train] sup_loss:0.236694 lv_loss:0.042678 epi_loss:0.000013 total_loss:0.245230 pseudo_update_count:398926
   [Train] Epoch: [14][340/358]  Loss:0.318 (Avg 0.2473) IoU:0.459 (Avg 0.5529) Dice:0.5861 (Avg 0.6790) LR 8.15e-04   (AvgTime 1.1)   
   [Train] sup_loss:0.306772 lv_loss:0.057606 epi_loss:0.000015 total_loss:0.318294 pseudo_update_count:247921
[Train-Epoch-Metrics] epoch=14 sup_loss:0.236714 lv_loss:0.051034 epi_loss:0.000011 total_loss:0.246922 pseudo_update_count:142198672 labeled_seen:2858 unlabeled_seen:2858 Dice:0.678936 IoU:0.552818
Validation
   [Val] Epoch: [14][20/90]  Loss:0.285 (Avg 0.2274) IoU:0.465 (Avg 0.5537) Dice:0.5932 (Avg 0.6774) (AvgTime 0.5)   
   [Val] sup_loss:0.284517 lv_loss:0.000000 epi_loss:0.000000 total_loss:0.284517 pseudo_update_count:0
   [Val] Epoch: [14][40/90]  Loss:0.206 (Avg 0.2381) IoU:0.613 (Avg 0.5370) Dice:0.7340 (Avg 0.6626) (AvgTime 0.5)   
   [Val] sup_loss:0.206393 lv_loss:0.000000 epi_loss:0.000000 total_loss:0.206393 pseudo_update_count:0
   [Val] Epoch: [14][60/90]  Loss:0.266 (Avg 0.2379) IoU:0.526 (Avg 0.5437) Dice:0.6373 (Avg 0.6694) (AvgTime 0.5)   
   [Val] sup_loss:0.266077 lv_loss:0.000000 epi_loss:0.000000 total_loss:0.266077 pseudo_update_count:0
   [Val] Epoch: [14][80/90]  Loss:0.183 (Avg 0.2323) IoU:0.630 (Avg 0.5497) Dice:0.7566 (Avg 0.6752) (AvgTime 0.5)   
   [Val] sup_loss:0.182966 lv_loss:0.000000 epi_loss:0.000000 total_loss:0.182966 pseudo_update_count:0
[Val-Epoch-Metrics] epoch=14 sup_loss:0.229810 lv_loss:0.000000 epi_loss:0.000000 total_loss:0.229810 pseudo_update_count:0 labeled_seen:1429 unlabeled_seen:0 Dice:0.678653 IoU:0.553208
	 Mean dice:0.6787 does not increase, the best is still: 0.7075 in epoch 10
	 early_stopping_count: 4/100000

========= Epoch [15/76] =========
QaTa_Covid19_LViT_50pct_labels
Training with batch size : 16
[SemiSup] subset_ratio=0.5000 labeled_name_count=2858
   [Train] Epoch: [15][20/358]  Loss:0.267 (Avg 0.2499) IoU:0.475 (Avg 0.5602) Dice:0.6054 (Avg 0.6830) LR 6.89e-04   (AvgTime 1.2)   
   [Train] sup_loss:0.256943 lv_loss:0.052515 epi_loss:0.000008 total_loss:0.267446 pseudo_update_count:348362
   [Train] Epoch: [15][40/358]  Loss:0.172 (Avg 0.2368) IoU:0.634 (Avg 0.5578) Dice:0.7639 (Avg 0.6808) LR 6.89e-04   (AvgTime 1.2)   
   [Train] sup_loss:0.162823 lv_loss:0.043870 epi_loss:0.000008 total_loss:0.171598 pseudo_update_count:498426
   [Train] Epoch: [15][60/358]  Loss:0.245 (Avg 0.2274) IoU:0.533 (Avg 0.5720) Dice:0.6678 (Avg 0.6950) LR 6.89e-04   (AvgTime 1.1)   
   [Train] sup_loss:0.235922 lv_loss:0.045649 epi_loss:0.000011 total_loss:0.245052 pseudo_update_count:248540
   [Train] Epoch: [15][80/358]  Loss:0.198 (Avg 0.2327) IoU:0.636 (Avg 0.5659) Dice:0.7583 (Avg 0.6896) LR 6.89e-04   (AvgTime 1.1)   
   [Train] sup_loss:0.189102 lv_loss:0.042151 epi_loss:0.000016 total_loss:0.197533 pseudo_update_count:398583
   [Train] Epoch: [15][100/358]  Loss:0.264 (Avg 0.2327) IoU:0.570 (Avg 0.5689) Dice:0.6965 (Avg 0.6925) LR 6.89e-04   (AvgTime 1.1)   
   [Train] sup_loss:0.254259 lv_loss:0.047443 epi_loss:0.000009 total_loss:0.263748 pseudo_update_count:298779
   [Train] Epoch: [15][120/358]  Loss:0.261 (Avg 0.2331) IoU:0.534 (Avg 0.5685) Dice:0.6655 (Avg 0.6918) LR 6.89e-04   (AvgTime 1.1)   
   [Train] sup_loss:0.251946 lv_loss:0.045218 epi_loss:0.000012 total_loss:0.260990 pseudo_update_count:348657
   [Train] Epoch: [15][140/358]  Loss:0.199 (Avg 0.2326) IoU:0.604 (Avg 0.5680) Dice:0.7383 (Avg 0.6914) LR 6.89e-04   (AvgTime 1.1)   
   [Train] sup_loss:0.189005 lv_loss:0.048435 epi_loss:0.000011 total_loss:0.198693 pseudo_update_count:448310
   [Train] Epoch: [15][160/358]  Loss:0.202 (Avg 0.2326) IoU:0.614 (Avg 0.5701) Dice:0.7533 (Avg 0.6932) LR 6.89e-04   (AvgTime 1.1)   
   [Train] sup_loss:0.191701 lv_loss:0.053037 epi_loss:0.000014 total_loss:0.202309 pseudo_update_count:298069
   [Train] Epoch: [15][180/358]  Loss:0.220 (Avg 0.2322) IoU:0.589 (Avg 0.5705) Dice:0.7088 (Avg 0.6933) LR 6.89e-04   (AvgTime 1.1)   
   [Train] sup_loss:0.211266 lv_loss:0.043749 epi_loss:0.000013 total_loss:0.220016 pseudo_update_count:498331
   [Train] Epoch: [15][200/358]  Loss:0.224 (Avg 0.2310) IoU:0.631 (Avg 0.5720) Dice:0.7436 (Avg 0.6951) LR 6.89e-04   (AvgTime 1.1)   
   [Train] sup_loss:0.214420 lv_loss:0.049152 epi_loss:0.000012 total_loss:0.224251 pseudo_update_count:398193
   [Train] Epoch: [15][220/358]  Loss:0.211 (Avg 0.2312) IoU:0.603 (Avg 0.5708) Dice:0.7192 (Avg 0.6939) LR 6.89e-04   (AvgTime 1.1)   
   [Train] sup_loss:0.202642 lv_loss:0.043701 epi_loss:0.000008 total_loss:0.211383 pseudo_update_count:348732
   [Train] Epoch: [15][240/358]  Loss:0.255 (Avg 0.2313) IoU:0.505 (Avg 0.5711) Dice:0.6384 (Avg 0.6944) LR 6.89e-04   (AvgTime 1.1)   
   [Train] sup_loss:0.245432 lv_loss:0.046836 epi_loss:0.000011 total_loss:0.254799 pseudo_update_count:398390
   [Train] Epoch: [15][260/358]  Loss:0.228 (Avg 0.2324) IoU:0.666 (Avg 0.5705) Dice:0.7903 (Avg 0.6940) LR 6.89e-04   (AvgTime 1.1)   
   [Train] sup_loss:0.219218 lv_loss:0.044988 epi_loss:0.000012 total_loss:0.228216 pseudo_update_count:299095
   [Train] Epoch: [15][280/358]  Loss:0.210 (Avg 0.2329) IoU:0.664 (Avg 0.5709) Dice:0.7810 (Avg 0.6942) LR 6.89e-04   (AvgTime 1.1)   
   [Train] sup_loss:0.202930 lv_loss:0.035093 epi_loss:0.000013 total_loss:0.209949 pseudo_update_count:399193
   [Train] Epoch: [15][300/358]  Loss:0.198 (Avg 0.2350) IoU:0.649 (Avg 0.5698) Dice:0.7630 (Avg 0.6931) LR 6.89e-04   (AvgTime 1.1)   
   [Train] sup_loss:0.185698 lv_loss:0.062038 epi_loss:0.000016 total_loss:0.198106 pseudo_update_count:397171
   [Train] Epoch: [15][320/358]  Loss:0.272 (Avg 0.2348) IoU:0.528 (Avg 0.5704) Dice:0.6453 (Avg 0.6937) LR 6.89e-04   (AvgTime 1.1)   
   [Train] sup_loss:0.260798 lv_loss:0.057890 epi_loss:0.000014 total_loss:0.272376 pseudo_update_count:347835
   [Train] Epoch: [15][340/358]  Loss:0.241 (Avg 0.2346) IoU:0.538 (Avg 0.5710) Dice:0.6802 (Avg 0.6946) LR 6.89e-04   (AvgTime 1.1)   
   [Train] sup_loss:0.232692 lv_loss:0.041494 epi_loss:0.000019 total_loss:0.240991 pseudo_update_count:298906
[Train-Epoch-Metrics] epoch=15 sup_loss:0.225511 lv_loss:0.047598 epi_loss:0.000011 total_loss:0.235031 pseudo_update_count:142270029 labeled_seen:2858 unlabeled_seen:2858 Dice:0.694196 IoU:0.570512
Validation
   [Val] Epoch: [15][20/90]  Loss:0.283 (Avg 0.2147) IoU:0.476 (Avg 0.5905) Dice:0.5982 (Avg 0.7116) (AvgTime 0.5)   
   [Val] sup_loss:0.282986 lv_loss:0.000000 epi_loss:0.000000 total_loss:0.282986 pseudo_update_count:0
   [Val] Epoch: [15][40/90]  Loss:0.235 (Avg 0.2174) IoU:0.542 (Avg 0.5924) Dice:0.6712 (Avg 0.7131) (AvgTime 0.5)   
   [Val] sup_loss:0.234712 lv_loss:0.000000 epi_loss:0.000000 total_loss:0.234712 pseudo_update_count:0
   [Val] Epoch: [15][60/90]  Loss:0.272 (Avg 0.2155) IoU:0.506 (Avg 0.5906) Dice:0.6222 (Avg 0.7120) (AvgTime 0.5)   
   [Val] sup_loss:0.271888 lv_loss:0.000000 epi_loss:0.000000 total_loss:0.271888 pseudo_update_count:0
   [Val] Epoch: [15][80/90]  Loss:0.227 (Avg 0.2178) IoU:0.584 (Avg 0.5878) Dice:0.6847 (Avg 0.7083) (AvgTime 0.5)   
   [Val] sup_loss:0.227099 lv_loss:0.000000 epi_loss:0.000000 total_loss:0.227099 pseudo_update_count:0
[Val-Epoch-Metrics] epoch=15 sup_loss:0.215786 lv_loss:0.000000 epi_loss:0.000000 total_loss:0.215786 pseudo_update_count:0 labeled_seen:1429 unlabeled_seen:0 Dice:0.711133 IoU:0.590529
	 Saving best model, mean dice increased from: 0.7075 to 0.7111
	 Saving to QaTa-Covid19/LViT/QaTa_Covid19_LViT_50pct_labels/models/
	 early_stopping_count: 0/100000

========= Epoch [16/76] =========
QaTa_Covid19_LViT_50pct_labels
Training with batch size : 16
[SemiSup] subset_ratio=0.5000 labeled_name_count=2858
   [Train] Epoch: [16][20/358]  Loss:0.240 (Avg 0.2464) IoU:0.525 (Avg 0.5642) Dice:0.6417 (Avg 0.6862) LR 5.50e-04   (AvgTime 1.2)   
   [Train] sup_loss:0.231522 lv_loss:0.044592 epi_loss:0.000007 total_loss:0.240441 pseudo_update_count:548036
   [Train] Epoch: [16][40/358]  Loss:0.166 (Avg 0.2386) IoU:0.633 (Avg 0.5634) Dice:0.7562 (Avg 0.6858) LR 5.50e-04   (AvgTime 1.2)   
   [Train] sup_loss:0.156744 lv_loss:0.045246 epi_loss:0.000015 total_loss:0.165794 pseudo_update_count:398158
   [Train] Epoch: [16][60/358]  Loss:0.261 (Avg 0.2271) IoU:0.493 (Avg 0.5736) Dice:0.6457 (Avg 0.6967) LR 5.50e-04   (AvgTime 1.2)   
   [Train] sup_loss:0.252334 lv_loss:0.043103 epi_loss:0.000006 total_loss:0.260955 pseudo_update_count:298656
   [Train] Epoch: [16][80/358]  Loss:0.114 (Avg 0.2262) IoU:0.477 (Avg 0.5748) Dice:0.6009 (Avg 0.6986) LR 5.50e-04   (AvgTime 1.1)   
   [Train] sup_loss:0.104836 lv_loss:0.045383 epi_loss:0.000013 total_loss:0.113914 pseudo_update_count:696665
   [Train] Epoch: [16][100/358]  Loss:0.130 (Avg 0.2293) IoU:0.675 (Avg 0.5734) Dice:0.7972 (Avg 0.6971) LR 5.50e-04   (AvgTime 1.1)   
   [Train] sup_loss:0.120474 lv_loss:0.049368 epi_loss:0.000014 total_loss:0.130348 pseudo_update_count:646735
   [Train] Epoch: [16][120/358]  Loss:0.326 (Avg 0.2381) IoU:0.371 (Avg 0.5651) Dice:0.5027 (Avg 0.6904) LR 5.50e-04   (AvgTime 1.1)   
   [Train] sup_loss:0.313317 lv_loss:0.064745 epi_loss:0.000010 total_loss:0.326266 pseudo_update_count:397070
   [Train] Epoch: [16][140/358]  Loss:0.227 (Avg 0.2368) IoU:0.686 (Avg 0.5694) Dice:0.7952 (Avg 0.6944) LR 5.50e-04   (AvgTime 1.1)   
   [Train] sup_loss:0.216008 lv_loss:0.054331 epi_loss:0.000016 total_loss:0.226875 pseudo_update_count:347368
   [Train] Epoch: [16][160/358]  Loss:0.359 (Avg 0.2379) IoU:0.493 (Avg 0.5673) Dice:0.6221 (Avg 0.6925) LR 5.50e-04   (AvgTime 1.1)   
   [Train] sup_loss:0.348713 lv_loss:0.049353 epi_loss:0.000013 total_loss:0.358584 pseudo_update_count:248557
   [Train] Epoch: [16][180/358]  Loss:0.144 (Avg 0.2368) IoU:0.615 (Avg 0.5687) Dice:0.7336 (Avg 0.6933) LR 5.50e-04   (AvgTime 1.1)   
   [Train] sup_loss:0.134247 lv_loss:0.050593 epi_loss:0.000007 total_loss:0.144366 pseudo_update_count:348573
   [Train] Epoch: [16][200/358]  Loss:0.184 (Avg 0.2366) IoU:0.617 (Avg 0.5684) Dice:0.7315 (Avg 0.6927) LR 5.50e-04   (AvgTime 1.1)   
   [Train] sup_loss:0.175140 lv_loss:0.044833 epi_loss:0.000010 total_loss:0.184107 pseudo_update_count:448439
   [Train] Epoch: [16][220/358]  Loss:0.235 (Avg 0.2361) IoU:0.546 (Avg 0.5697) Dice:0.6750 (Avg 0.6940) LR 5.50e-04   (AvgTime 1.1)   
   [Train] sup_loss:0.223625 lv_loss:0.058555 epi_loss:0.000012 total_loss:0.235337 pseudo_update_count:197971
   [Train] Epoch: [16][240/358]  Loss:0.406 (Avg 0.2343) IoU:0.474 (Avg 0.5721) Dice:0.5923 (Avg 0.6957) LR 5.50e-04   (AvgTime 1.1)   
   [Train] sup_loss:0.395682 lv_loss:0.052341 epi_loss:0.000013 total_loss:0.406151 pseudo_update_count:447741
   [Train] Epoch: [16][260/358]  Loss:0.148 (Avg 0.2329) IoU:0.664 (Avg 0.5726) Dice:0.7843 (Avg 0.6964) LR 5.50e-04   (AvgTime 1.1)   
   [Train] sup_loss:0.138818 lv_loss:0.048231 epi_loss:0.000011 total_loss:0.148465 pseudo_update_count:347779
   [Train] Epoch: [16][280/358]  Loss:0.241 (Avg 0.2340) IoU:0.574 (Avg 0.5717) Dice:0.7111 (Avg 0.6956) LR 5.50e-04   (AvgTime 1.1)   
   [Train] sup_loss:0.232892 lv_loss:0.042794 epi_loss:0.000012 total_loss:0.241451 pseudo_update_count:448955
   [Train] Epoch: [16][300/358]  Loss:0.178 (Avg 0.2324) IoU:0.573 (Avg 0.5740) Dice:0.7025 (Avg 0.6978) LR 5.50e-04   (AvgTime 1.1)   
   [Train] sup_loss:0.165790 lv_loss:0.058739 epi_loss:0.000011 total_loss:0.177538 pseudo_update_count:545670
   [Train] Epoch: [16][320/358]  Loss:0.264 (Avg 0.2333) IoU:0.545 (Avg 0.5733) Dice:0.6668 (Avg 0.6970) LR 5.50e-04   (AvgTime 1.1)   
   [Train] sup_loss:0.254000 lv_loss:0.049079 epi_loss:0.000012 total_loss:0.263816 pseudo_update_count:398592
   [Train] Epoch: [16][340/358]  Loss:0.190 (Avg 0.2324) IoU:0.599 (Avg 0.5742) Dice:0.7119 (Avg 0.6977) LR 5.50e-04   (AvgTime 1.1)   
   [Train] sup_loss:0.181534 lv_loss:0.040874 epi_loss:0.000016 total_loss:0.189709 pseudo_update_count:498566
[Train-Epoch-Metrics] epoch=16 sup_loss:0.222725 lv_loss:0.046642 epi_loss:0.000011 total_loss:0.232054 pseudo_update_count:142266342 labeled_seen:2858 unlabeled_seen:2858 Dice:0.698049 IoU:0.574572
Validation
   [Val] Epoch: [16][20/90]  Loss:0.180 (Avg 0.2224) IoU:0.636 (Avg 0.5531) Dice:0.7641 (Avg 0.6808) (AvgTime 0.5)   
   [Val] sup_loss:0.179828 lv_loss:0.000000 epi_loss:0.000000 total_loss:0.179828 pseudo_update_count:0
   [Val] Epoch: [16][40/90]  Loss:0.208 (Avg 0.2213) IoU:0.571 (Avg 0.5610) Dice:0.6980 (Avg 0.6874) (AvgTime 0.5)   
   [Val] sup_loss:0.208083 lv_loss:0.000000 epi_loss:0.000000 total_loss:0.208083 pseudo_update_count:0
   [Val] Epoch: [16][60/90]  Loss:0.241 (Avg 0.2277) IoU:0.557 (Avg 0.5540) Dice:0.6710 (Avg 0.6803) (AvgTime 0.5)   
   [Val] sup_loss:0.241094 lv_loss:0.000000 epi_loss:0.000000 total_loss:0.241094 pseudo_update_count:0
   [Val] Epoch: [16][80/90]  Loss:0.239 (Avg 0.2265) IoU:0.633 (Avg 0.5580) Dice:0.7544 (Avg 0.6844) (AvgTime 0.5)   
   [Val] sup_loss:0.238852 lv_loss:0.000000 epi_loss:0.000000 total_loss:0.238852 pseudo_update_count:0
[Val-Epoch-Metrics] epoch=16 sup_loss:0.226558 lv_loss:0.000000 epi_loss:0.000000 total_loss:0.226558 pseudo_update_count:0 labeled_seen:1429 unlabeled_seen:0 Dice:0.684039 IoU:0.557968
	 Mean dice:0.6840 does not increase, the best is still: 0.7111 in epoch 15
	 early_stopping_count: 1/100000

========= Epoch [17/76] =========
QaTa_Covid19_LViT_50pct_labels
Training with batch size : 16
[SemiSup] subset_ratio=0.5000 labeled_name_count=2858
   [Train] Epoch: [17][20/358]  Loss:0.181 (Avg 0.2381) IoU:0.649 (Avg 0.5693) Dice:0.7648 (Avg 0.6905) LR 4.11e-04   (AvgTime 1.2)   
   [Train] sup_loss:0.170465 lv_loss:0.050233 epi_loss:0.000009 total_loss:0.180513 pseudo_update_count:398478
   [Train] Epoch: [17][40/358]  Loss:0.241 (Avg 0.2266) IoU:0.553 (Avg 0.5858) Dice:0.6707 (Avg 0.7068) LR 4.11e-04   (AvgTime 1.2)   
   [Train] sup_loss:0.234423 lv_loss:0.034348 epi_loss:0.000008 total_loss:0.241293 pseudo_update_count:399481
   [Train] Epoch: [17][60/358]  Loss:0.147 (Avg 0.2204) IoU:0.711 (Avg 0.5908) Dice:0.8235 (Avg 0.7111) LR 4.11e-04   (AvgTime 1.1)   
   [Train] sup_loss:0.138489 lv_loss:0.043838 epi_loss:0.000015 total_loss:0.147258 pseudo_update_count:498134
   [Train] Epoch: [17][80/358]  Loss:0.222 (Avg 0.2254) IoU:0.519 (Avg 0.5875) Dice:0.6530 (Avg 0.7083) LR 4.11e-04   (AvgTime 1.1)   
   [Train] sup_loss:0.213148 lv_loss:0.044785 epi_loss:0.000007 total_loss:0.222105 pseudo_update_count:398556
   [Train] Epoch: [17][100/358]  Loss:0.205 (Avg 0.2236) IoU:0.597 (Avg 0.5891) Dice:0.7095 (Avg 0.7097) LR 4.11e-04   (AvgTime 1.1)   
   [Train] sup_loss:0.196151 lv_loss:0.043241 epi_loss:0.000014 total_loss:0.204800 pseudo_update_count:248830
   [Train] Epoch: [17][120/358]  Loss:0.237 (Avg 0.2219) IoU:0.575 (Avg 0.5886) Dice:0.7153 (Avg 0.7094) LR 4.11e-04   (AvgTime 1.1)   
   [Train] sup_loss:0.227264 lv_loss:0.048717 epi_loss:0.000011 total_loss:0.237008 pseudo_update_count:348071
   [Train] Epoch: [17][140/358]  Loss:0.236 (Avg 0.2195) IoU:0.638 (Avg 0.5907) Dice:0.7434 (Avg 0.7114) LR 4.11e-04   (AvgTime 1.1)   
   [Train] sup_loss:0.227629 lv_loss:0.040947 epi_loss:0.000014 total_loss:0.235819 pseudo_update_count:299070
   [Train] Epoch: [17][160/358]  Loss:0.169 (Avg 0.2202) IoU:0.649 (Avg 0.5895) Dice:0.7650 (Avg 0.7105) LR 4.11e-04   (AvgTime 1.1)   
   [Train] sup_loss:0.161650 lv_loss:0.038887 epi_loss:0.000017 total_loss:0.169428 pseudo_update_count:398825
   [Train] Epoch: [17][180/358]  Loss:0.211 (Avg 0.2231) IoU:0.601 (Avg 0.5860) Dice:0.7244 (Avg 0.7074) LR 4.11e-04   (AvgTime 1.1)   
   [Train] sup_loss:0.202982 lv_loss:0.042261 epi_loss:0.000014 total_loss:0.211435 pseudo_update_count:398670
   [Train] Epoch: [17][200/358]  Loss:0.158 (Avg 0.2235) IoU:0.643 (Avg 0.5864) Dice:0.7562 (Avg 0.7078) LR 4.11e-04   (AvgTime 1.1)   
   [Train] sup_loss:0.148963 lv_loss:0.047175 epi_loss:0.000012 total_loss:0.158398 pseudo_update_count:398565
   [Train] Epoch: [17][220/358]  Loss:0.162 (Avg 0.2231) IoU:0.573 (Avg 0.5866) Dice:0.7028 (Avg 0.7079) LR 4.11e-04   (AvgTime 1.1)   
   [Train] sup_loss:0.154243 lv_loss:0.038472 epi_loss:0.000008 total_loss:0.161938 pseudo_update_count:448795
   [Train] Epoch: [17][240/358]  Loss:0.145 (Avg 0.2241) IoU:0.569 (Avg 0.5866) Dice:0.6846 (Avg 0.7080) LR 4.11e-04   (AvgTime 1.1)   
   [Train] sup_loss:0.136199 lv_loss:0.042474 epi_loss:0.000014 total_loss:0.144694 pseudo_update_count:448077
   [Train] Epoch: [17][260/358]  Loss:0.291 (Avg 0.2239) IoU:0.500 (Avg 0.5857) Dice:0.6359 (Avg 0.7074) LR 4.11e-04   (AvgTime 1.1)   
   [Train] sup_loss:0.279007 lv_loss:0.058855 epi_loss:0.000011 total_loss:0.290778 pseudo_update_count:297798
   [Train] Epoch: [17][280/358]  Loss:0.166 (Avg 0.2245) IoU:0.660 (Avg 0.5851) Dice:0.7803 (Avg 0.7066) LR 4.11e-04   (AvgTime 1.1)   
   [Train] sup_loss:0.158863 lv_loss:0.036818 epi_loss:0.000012 total_loss:0.166227 pseudo_update_count:448831
   [Train] Epoch: [17][300/358]  Loss:0.217 (Avg 0.2245) IoU:0.651 (Avg 0.5853) Dice:0.7719 (Avg 0.7069) LR 4.11e-04   (AvgTime 1.1)   
   [Train] sup_loss:0.206761 lv_loss:0.051413 epi_loss:0.000005 total_loss:0.217044 pseudo_update_count:397818
   [Train] Epoch: [17][320/358]  Loss:0.152 (Avg 0.2235) IoU:0.626 (Avg 0.5861) Dice:0.7608 (Avg 0.7074) LR 4.11e-04   (AvgTime 1.1)   
   [Train] sup_loss:0.143080 lv_loss:0.042903 epi_loss:0.000010 total_loss:0.151661 pseudo_update_count:548296
   [Train] Epoch: [17][340/358]  Loss:0.248 (Avg 0.2236) IoU:0.589 (Avg 0.5861) Dice:0.7029 (Avg 0.7076) LR 4.11e-04   (AvgTime 1.1)   
   [Train] sup_loss:0.240697 lv_loss:0.037307 epi_loss:0.000015 total_loss:0.248159 pseudo_update_count:299542
[Train-Epoch-Metrics] epoch=17 sup_loss:0.214750 lv_loss:0.044063 epi_loss:0.000011 total_loss:0.223563 pseudo_update_count:142354164 labeled_seen:2858 unlabeled_seen:2858 Dice:0.707691 IoU:0.586216
Validation
   [Val] Epoch: [17][20/90]  Loss:0.201 (Avg 0.2101) IoU:0.643 (Avg 0.5990) Dice:0.7488 (Avg 0.7183) (AvgTime 0.5)   
   [Val] sup_loss:0.201082 lv_loss:0.000000 epi_loss:0.000000 total_loss:0.201082 pseudo_update_count:0
   [Val] Epoch: [17][40/90]  Loss:0.237 (Avg 0.2051) IoU:0.574 (Avg 0.5997) Dice:0.6938 (Avg 0.7199) (AvgTime 0.5)   
   [Val] sup_loss:0.236745 lv_loss:0.000000 epi_loss:0.000000 total_loss:0.236745 pseudo_update_count:0
   [Val] Epoch: [17][60/90]  Loss:0.218 (Avg 0.2081) IoU:0.594 (Avg 0.5965) Dice:0.7000 (Avg 0.7172) (AvgTime 0.5)   
   [Val] sup_loss:0.217902 lv_loss:0.000000 epi_loss:0.000000 total_loss:0.217902 pseudo_update_count:0
   [Val] Epoch: [17][80/90]  Loss:0.260 (Avg 0.2119) IoU:0.590 (Avg 0.5905) Dice:0.7177 (Avg 0.7114) (AvgTime 0.5)   
   [Val] sup_loss:0.260455 lv_loss:0.000000 epi_loss:0.000000 total_loss:0.260455 pseudo_update_count:0
[Val-Epoch-Metrics] epoch=17 sup_loss:0.209368 lv_loss:0.000000 epi_loss:0.000000 total_loss:0.209368 pseudo_update_count:0 labeled_seen:1429 unlabeled_seen:0 Dice:0.714980 IoU:0.594066
	 Saving best model, mean dice increased from: 0.7111 to 0.7150
	 Saving to QaTa-Covid19/LViT/QaTa_Covid19_LViT_50pct_labels/models/
	 early_stopping_count: 0/100000

========= Epoch [18/76] =========
QaTa_Covid19_LViT_50pct_labels
Training with batch size : 16
[SemiSup] subset_ratio=0.5000 labeled_name_count=2858
   [Train] Epoch: [18][20/358]  Loss:0.188 (Avg 0.2293) IoU:0.624 (Avg 0.5791) Dice:0.7343 (Avg 0.7026) LR 2.85e-04   (AvgTime 1.2)   
   [Train] sup_loss:0.179186 lv_loss:0.044355 epi_loss:0.000017 total_loss:0.188058 pseudo_update_count:249136
   [Train] Epoch: [18][40/358]  Loss:0.234 (Avg 0.2207) IoU:0.593 (Avg 0.5925) Dice:0.7238 (Avg 0.7140) LR 2.85e-04   (AvgTime 1.2)   
   [Train] sup_loss:0.225887 lv_loss:0.038333 epi_loss:0.000013 total_loss:0.233555 pseudo_update_count:199721
   [Train] Epoch: [18][60/358]  Loss:0.219 (Avg 0.2139) IoU:0.525 (Avg 0.5921) Dice:0.6452 (Avg 0.7142) LR 2.85e-04   (AvgTime 1.2)   
   [Train] sup_loss:0.209065 lv_loss:0.047979 epi_loss:0.000016 total_loss:0.218662 pseudo_update_count:348345
   [Train] Epoch: [18][80/358]  Loss:0.186 (Avg 0.2124) IoU:0.655 (Avg 0.6002) Dice:0.7417 (Avg 0.7207) LR 2.85e-04   (AvgTime 1.1)   
   [Train] sup_loss:0.178071 lv_loss:0.038923 epi_loss:0.000013 total_loss:0.185856 pseudo_update_count:349191
   [Train] Epoch: [18][100/358]  Loss:0.235 (Avg 0.2173) IoU:0.563 (Avg 0.5970) Dice:0.6896 (Avg 0.7179) LR 2.85e-04   (AvgTime 1.1)   
   [Train] sup_loss:0.226634 lv_loss:0.041222 epi_loss:0.000007 total_loss:0.234879 pseudo_update_count:449018
   [Train] Epoch: [18][120/358]  Loss:0.145 (Avg 0.2192) IoU:0.661 (Avg 0.5936) Dice:0.7765 (Avg 0.7141) LR 2.85e-04   (AvgTime 1.1)   
   [Train] sup_loss:0.135756 lv_loss:0.046646 epi_loss:0.000013 total_loss:0.145086 pseudo_update_count:348332
   [Train] Epoch: [18][140/358]  Loss:0.228 (Avg 0.2187) IoU:0.595 (Avg 0.5934) Dice:0.7213 (Avg 0.7139) LR 2.85e-04   (AvgTime 1.1)   
   [Train] sup_loss:0.219460 lv_loss:0.043943 epi_loss:0.000011 total_loss:0.228249 pseudo_update_count:397784
   [Train] Epoch: [18][160/358]  Loss:0.173 (Avg 0.2183) IoU:0.644 (Avg 0.5962) Dice:0.7676 (Avg 0.7165) LR 2.85e-04   (AvgTime 1.1)   
   [Train] sup_loss:0.164886 lv_loss:0.041343 epi_loss:0.000013 total_loss:0.173155 pseudo_update_count:248895
   [Train] Epoch: [18][180/358]  Loss:0.161 (Avg 0.2176) IoU:0.672 (Avg 0.5959) Dice:0.7935 (Avg 0.7169) LR 2.85e-04   (AvgTime 1.1)   
   [Train] sup_loss:0.152856 lv_loss:0.042071 epi_loss:0.000010 total_loss:0.161271 pseudo_update_count:548056
   [Train] Epoch: [18][200/358]  Loss:0.116 (Avg 0.2162) IoU:0.646 (Avg 0.5971) Dice:0.7697 (Avg 0.7178) LR 2.85e-04   (AvgTime 1.1)   
   [Train] sup_loss:0.107578 lv_loss:0.040169 epi_loss:0.000010 total_loss:0.115612 pseudo_update_count:498161
   [Train] Epoch: [18][220/358]  Loss:0.281 (Avg 0.2164) IoU:0.699 (Avg 0.5982) Dice:0.8101 (Avg 0.7186) LR 2.85e-04   (AvgTime 1.1)   
   [Train] sup_loss:0.272594 lv_loss:0.040972 epi_loss:0.000016 total_loss:0.280789 pseudo_update_count:497995
   [Train] Epoch: [18][240/358]  Loss:0.297 (Avg 0.2168) IoU:0.540 (Avg 0.5971) Dice:0.6578 (Avg 0.7176) LR 2.85e-04   (AvgTime 1.1)   
   [Train] sup_loss:0.286754 lv_loss:0.048730 epi_loss:0.000010 total_loss:0.296500 pseudo_update_count:447048
   [Train] Epoch: [18][260/358]  Loss:0.175 (Avg 0.2178) IoU:0.677 (Avg 0.5968) Dice:0.7858 (Avg 0.7173) LR 2.85e-04   (AvgTime 1.1)   
   [Train] sup_loss:0.166053 lv_loss:0.046166 epi_loss:0.000011 total_loss:0.175287 pseudo_update_count:398851
   [Train] Epoch: [18][280/358]  Loss:0.141 (Avg 0.2169) IoU:0.700 (Avg 0.5967) Dice:0.8104 (Avg 0.7170) LR 2.85e-04   (AvgTime 1.1)   
   [Train] sup_loss:0.133056 lv_loss:0.039990 epi_loss:0.000010 total_loss:0.141054 pseudo_update_count:348786
   [Train] Epoch: [18][300/358]  Loss:0.247 (Avg 0.2172) IoU:0.606 (Avg 0.5964) Dice:0.7332 (Avg 0.7164) LR 2.85e-04   (AvgTime 1.1)   
   [Train] sup_loss:0.236979 lv_loss:0.048168 epi_loss:0.000013 total_loss:0.246613 pseudo_update_count:398215
   [Train] Epoch: [18][320/358]  Loss:0.250 (Avg 0.2169) IoU:0.564 (Avg 0.5961) Dice:0.6795 (Avg 0.7162) LR 2.85e-04   (AvgTime 1.1)   
   [Train] sup_loss:0.241611 lv_loss:0.042373 epi_loss:0.000006 total_loss:0.250086 pseudo_update_count:298933
   [Train] Epoch: [18][340/358]  Loss:0.286 (Avg 0.2172) IoU:0.555 (Avg 0.5950) Dice:0.6776 (Avg 0.7155) LR 2.85e-04   (AvgTime 1.1)   
   [Train] sup_loss:0.276362 lv_loss:0.049949 epi_loss:0.000020 total_loss:0.286353 pseudo_update_count:348543
[Train-Epoch-Metrics] epoch=18 sup_loss:0.209007 lv_loss:0.042684 epi_loss:0.000011 total_loss:0.217544 pseudo_update_count:142364273 labeled_seen:2858 unlabeled_seen:2858 Dice:0.714957 IoU:0.594319
Validation
   [Val] Epoch: [18][20/90]  Loss:0.216 (Avg 0.2185) IoU:0.552 (Avg 0.5575) Dice:0.6765 (Avg 0.6839) (AvgTime 0.5)   
   [Val] sup_loss:0.216370 lv_loss:0.000000 epi_loss:0.000000 total_loss:0.216370 pseudo_update_count:0
   [Val] Epoch: [18][40/90]  Loss:0.203 (Avg 0.2121) IoU:0.586 (Avg 0.5736) Dice:0.7120 (Avg 0.6966) (AvgTime 0.5)   
   [Val] sup_loss:0.203030 lv_loss:0.000000 epi_loss:0.000000 total_loss:0.203030 pseudo_update_count:0
   [Val] Epoch: [18][60/90]  Loss:0.204 (Avg 0.2123) IoU:0.575 (Avg 0.5726) Dice:0.7014 (Avg 0.6964) (AvgTime 0.5)   
   [Val] sup_loss:0.204083 lv_loss:0.000000 epi_loss:0.000000 total_loss:0.204083 pseudo_update_count:0
   [Val] Epoch: [18][80/90]  Loss:0.215 (Avg 0.2088) IoU:0.526 (Avg 0.5763) Dice:0.6404 (Avg 0.6998) (AvgTime 0.5)   
   [Val] sup_loss:0.215094 lv_loss:0.000000 epi_loss:0.000000 total_loss:0.215094 pseudo_update_count:0
[Val-Epoch-Metrics] epoch=18 sup_loss:0.210365 lv_loss:0.000000 epi_loss:0.000000 total_loss:0.210365 pseudo_update_count:0 labeled_seen:1429 unlabeled_seen:0 Dice:0.698048 IoU:0.574394
	 Mean dice:0.6980 does not increase, the best is still: 0.7150 in epoch 17
	 early_stopping_count: 1/100000

========= Epoch [19/76] =========
QaTa_Covid19_LViT_50pct_labels
Training with batch size : 16
[SemiSup] subset_ratio=0.5000 labeled_name_count=2858
   [Train] Epoch: [19][20/358]  Loss:0.196 (Avg 0.2126) IoU:0.584 (Avg 0.5918) Dice:0.7101 (Avg 0.7114) LR 1.86e-04   (AvgTime 1.2)   
   [Train] sup_loss:0.189088 lv_loss:0.034161 epi_loss:0.000014 total_loss:0.195921 pseudo_update_count:498863
   [Train] Epoch: [19][40/358]  Loss:0.159 (Avg 0.2065) IoU:0.670 (Avg 0.5959) Dice:0.7917 (Avg 0.7157) LR 1.86e-04   (AvgTime 1.2)   
   [Train] sup_loss:0.151038 lv_loss:0.039267 epi_loss:0.000007 total_loss:0.158892 pseudo_update_count:349225
   [Train] Epoch: [19][60/358]  Loss:0.236 (Avg 0.2096) IoU:0.451 (Avg 0.5963) Dice:0.5893 (Avg 0.7173) LR 1.86e-04   (AvgTime 1.2)   
   [Train] sup_loss:0.226228 lv_loss:0.049276 epi_loss:0.000009 total_loss:0.236083 pseudo_update_count:646525
   [Train] Epoch: [19][80/358]  Loss:0.179 (Avg 0.2078) IoU:0.622 (Avg 0.5981) Dice:0.7298 (Avg 0.7190) LR 1.86e-04   (AvgTime 1.2)   
   [Train] sup_loss:0.170906 lv_loss:0.038305 epi_loss:0.000004 total_loss:0.178567 pseudo_update_count:348889
   [Train] Epoch: [19][100/358]  Loss:0.239 (Avg 0.2060) IoU:0.602 (Avg 0.6023) Dice:0.7163 (Avg 0.7221) LR 1.86e-04   (AvgTime 1.1)   
   [Train] sup_loss:0.231783 lv_loss:0.037023 epi_loss:0.000011 total_loss:0.239188 pseudo_update_count:398718
   [Train] Epoch: [19][120/358]  Loss:0.162 (Avg 0.2062) IoU:0.608 (Avg 0.5991) Dice:0.7442 (Avg 0.7194) LR 1.86e-04   (AvgTime 1.1)   
   [Train] sup_loss:0.154051 lv_loss:0.037437 epi_loss:0.000010 total_loss:0.161539 pseudo_update_count:398990
   [Train] Epoch: [19][140/358]  Loss:0.192 (Avg 0.2066) IoU:0.643 (Avg 0.5984) Dice:0.7686 (Avg 0.7186) LR 1.86e-04   (AvgTime 1.1)   
   [Train] sup_loss:0.185018 lv_loss:0.034159 epi_loss:0.000011 total_loss:0.191851 pseudo_update_count:449003
   [Train] Epoch: [19][160/358]  Loss:0.168 (Avg 0.2082) IoU:0.596 (Avg 0.5995) Dice:0.7236 (Avg 0.7191) LR 1.86e-04   (AvgTime 1.1)   
   [Train] sup_loss:0.157039 lv_loss:0.056835 epi_loss:0.000008 total_loss:0.168406 pseudo_update_count:347461
   [Train] Epoch: [19][180/358]  Loss:0.289 (Avg 0.2084) IoU:0.651 (Avg 0.6007) Dice:0.7597 (Avg 0.7205) LR 1.86e-04   (AvgTime 1.1)   
   [Train] sup_loss:0.282215 lv_loss:0.036284 epi_loss:0.000013 total_loss:0.289472 pseudo_update_count:398753
   [Train] Epoch: [19][200/358]  Loss:0.249 (Avg 0.2085) IoU:0.576 (Avg 0.6020) Dice:0.6860 (Avg 0.7214) LR 1.86e-04   (AvgTime 1.1)   
   [Train] sup_loss:0.242505 lv_loss:0.031923 epi_loss:0.000012 total_loss:0.248890 pseudo_update_count:199913
   [Train] Epoch: [19][220/358]  Loss:0.309 (Avg 0.2094) IoU:0.618 (Avg 0.6010) Dice:0.7389 (Avg 0.7203) LR 1.86e-04   (AvgTime 1.1)   
   [Train] sup_loss:0.301094 lv_loss:0.041468 epi_loss:0.000009 total_loss:0.309388 pseudo_update_count:448381
   [Train] Epoch: [19][240/358]  Loss:0.255 (Avg 0.2102) IoU:0.603 (Avg 0.5997) Dice:0.7088 (Avg 0.7188) LR 1.86e-04   (AvgTime 1.1)   
   [Train] sup_loss:0.246326 lv_loss:0.044491 epi_loss:0.000017 total_loss:0.255225 pseudo_update_count:299293
   [Train] Epoch: [19][260/358]  Loss:0.211 (Avg 0.2098) IoU:0.527 (Avg 0.6004) Dice:0.6678 (Avg 0.7196) LR 1.86e-04   (AvgTime 1.1)   
   [Train] sup_loss:0.200885 lv_loss:0.049516 epi_loss:0.000012 total_loss:0.210789 pseudo_update_count:447802
   [Train] Epoch: [19][280/358]  Loss:0.173 (Avg 0.2089) IoU:0.713 (Avg 0.6023) Dice:0.8265 (Avg 0.7212) LR 1.86e-04   (AvgTime 1.1)   
   [Train] sup_loss:0.164118 lv_loss:0.042706 epi_loss:0.000017 total_loss:0.172660 pseudo_update_count:448354
   [Train] Epoch: [19][300/358]  Loss:0.207 (Avg 0.2099) IoU:0.416 (Avg 0.6011) Dice:0.5425 (Avg 0.7200) LR 1.86e-04   (AvgTime 1.1)   
   [Train] sup_loss:0.197679 lv_loss:0.045906 epi_loss:0.000010 total_loss:0.206860 pseudo_update_count:448029
   [Train] Epoch: [19][320/358]  Loss:0.178 (Avg 0.2098) IoU:0.562 (Avg 0.6013) Dice:0.6976 (Avg 0.7204) LR 1.86e-04   (AvgTime 1.1)   
   [Train] sup_loss:0.170762 lv_loss:0.034437 epi_loss:0.000009 total_loss:0.177650 pseudo_update_count:348775
   [Train] Epoch: [19][340/358]  Loss:0.180 (Avg 0.2101) IoU:0.596 (Avg 0.6014) Dice:0.7285 (Avg 0.7206) LR 1.86e-04   (AvgTime 1.1)   
   [Train] sup_loss:0.172472 lv_loss:0.036829 epi_loss:0.000008 total_loss:0.179838 pseudo_update_count:398551
[Train-Epoch-Metrics] epoch=19 sup_loss:0.201092 lv_loss:0.041463 epi_loss:0.000011 total_loss:0.209385 pseudo_update_count:142367711 labeled_seen:2858 unlabeled_seen:2858 Dice:0.720907 IoU:0.601833
Validation
   [Val] Epoch: [19][20/90]  Loss:0.253 (Avg 0.1964) IoU:0.532 (Avg 0.6037) Dice:0.6522 (Avg 0.7231) (AvgTime 0.5)   
   [Val] sup_loss:0.253187 lv_loss:0.000000 epi_loss:0.000000 total_loss:0.253187 pseudo_update_count:0
   [Val] Epoch: [19][40/90]  Loss:0.160 (Avg 0.1942) IoU:0.660 (Avg 0.6200) Dice:0.7696 (Avg 0.7369) (AvgTime 0.5)   
   [Val] sup_loss:0.159676 lv_loss:0.000000 epi_loss:0.000000 total_loss:0.159676 pseudo_update_count:0
   [Val] Epoch: [19][60/90]  Loss:0.199 (Avg 0.1935) IoU:0.603 (Avg 0.6177) Dice:0.7176 (Avg 0.7339) (AvgTime 0.5)   
   [Val] sup_loss:0.198885 lv_loss:0.000000 epi_loss:0.000000 total_loss:0.198885 pseudo_update_count:0
   [Val] Epoch: [19][80/90]  Loss:0.225 (Avg 0.1955) IoU:0.590 (Avg 0.6150) Dice:0.6947 (Avg 0.7315) (AvgTime 0.5)   
   [Val] sup_loss:0.224889 lv_loss:0.000000 epi_loss:0.000000 total_loss:0.224889 pseudo_update_count:0
[Val-Epoch-Metrics] epoch=19 sup_loss:0.195155 lv_loss:0.000000 epi_loss:0.000000 total_loss:0.195155 pseudo_update_count:0 labeled_seen:1429 unlabeled_seen:0 Dice:0.732201 IoU:0.615721
	 Saving best model, mean dice increased from: 0.7150 to 0.7322
	 Saving to QaTa-Covid19/LViT/QaTa_Covid19_LViT_50pct_labels/models/
	 early_stopping_count: 0/100000

========= Epoch [20/76] =========
QaTa_Covid19_LViT_50pct_labels
Training with batch size : 16
[SemiSup] subset_ratio=0.5000 labeled_name_count=2858
   [Train] Epoch: [20][20/358]  Loss:0.116 (Avg 0.1979) IoU:0.697 (Avg 0.6025) Dice:0.8066 (Avg 0.7243) LR 1.22e-04   (AvgTime 1.2)   
   [Train] sup_loss:0.109034 lv_loss:0.033973 epi_loss:0.000009 total_loss:0.115829 pseudo_update_count:499072
   [Train] Epoch: [20][40/358]  Loss:0.238 (Avg 0.2038) IoU:0.523 (Avg 0.6030) Dice:0.6524 (Avg 0.7226) LR 1.22e-04   (AvgTime 1.2)   
   [Train] sup_loss:0.229510 lv_loss:0.040287 epi_loss:0.000011 total_loss:0.237568 pseudo_update_count:398456
   [Train] Epoch: [20][60/358]  Loss:0.249 (Avg 0.2070) IoU:0.603 (Avg 0.5961) Dice:0.7238 (Avg 0.7160) LR 1.22e-04   (AvgTime 1.2)   
   [Train] sup_loss:0.238483 lv_loss:0.050281 epi_loss:0.000011 total_loss:0.248540 pseudo_update_count:447116
   [Train] Epoch: [20][80/358]  Loss:0.178 (Avg 0.2042) IoU:0.615 (Avg 0.6070) Dice:0.7289 (Avg 0.7253) LR 1.22e-04   (AvgTime 1.1)   
   [Train] sup_loss:0.170248 lv_loss:0.037590 epi_loss:0.000009 total_loss:0.177767 pseudo_update_count:498834
   [Train] Epoch: [20][100/358]  Loss:0.133 (Avg 0.2032) IoU:0.725 (Avg 0.6103) Dice:0.8275 (Avg 0.7273) LR 1.22e-04   (AvgTime 1.1)   
   [Train] sup_loss:0.126296 lv_loss:0.034064 epi_loss:0.000011 total_loss:0.133109 pseudo_update_count:399119
   [Train] Epoch: [20][120/358]  Loss:0.186 (Avg 0.2033) IoU:0.616 (Avg 0.6094) Dice:0.7496 (Avg 0.7272) LR 1.22e-04   (AvgTime 1.1)   
   [Train] sup_loss:0.178445 lv_loss:0.036113 epi_loss:0.000009 total_loss:0.185668 pseudo_update_count:299122
   [Train] Epoch: [20][140/358]  Loss:0.162 (Avg 0.2012) IoU:0.716 (Avg 0.6113) Dice:0.8284 (Avg 0.7294) LR 1.22e-04   (AvgTime 1.1)   
   [Train] sup_loss:0.154267 lv_loss:0.037602 epi_loss:0.000014 total_loss:0.161788 pseudo_update_count:498599
   [Train] Epoch: [20][160/358]  Loss:0.181 (Avg 0.2026) IoU:0.575 (Avg 0.6089) Dice:0.6944 (Avg 0.7278) LR 1.22e-04   (AvgTime 1.1)   
   [Train] sup_loss:0.172154 lv_loss:0.044849 epi_loss:0.000010 total_loss:0.181124 pseudo_update_count:398337
   [Train] Epoch: [20][180/358]  Loss:0.262 (Avg 0.2045) IoU:0.523 (Avg 0.6078) Dice:0.6445 (Avg 0.7264) LR 1.22e-04   (AvgTime 1.1)   
   [Train] sup_loss:0.253768 lv_loss:0.040935 epi_loss:0.000013 total_loss:0.261955 pseudo_update_count:448306
   [Train] Epoch: [20][200/358]  Loss:0.174 (Avg 0.2049) IoU:0.670 (Avg 0.6080) Dice:0.7896 (Avg 0.7268) LR 1.22e-04   (AvgTime 1.1)   
   [Train] sup_loss:0.166238 lv_loss:0.041273 epi_loss:0.000015 total_loss:0.174493 pseudo_update_count:547944
   [Train] Epoch: [20][220/358]  Loss:0.211 (Avg 0.2039) IoU:0.574 (Avg 0.6081) Dice:0.7032 (Avg 0.7269) LR 1.22e-04   (AvgTime 1.1)   
   [Train] sup_loss:0.198098 lv_loss:0.066707 epi_loss:0.000013 total_loss:0.211440 pseudo_update_count:197510
   [Train] Epoch: [20][240/358]  Loss:0.176 (Avg 0.2045) IoU:0.502 (Avg 0.6078) Dice:0.6366 (Avg 0.7266) LR 1.22e-04   (AvgTime 1.1)   
   [Train] sup_loss:0.168330 lv_loss:0.036608 epi_loss:0.000006 total_loss:0.175652 pseudo_update_count:299130
   [Train] Epoch: [20][260/358]  Loss:0.145 (Avg 0.2045) IoU:0.687 (Avg 0.6067) Dice:0.7916 (Avg 0.7256) LR 1.22e-04   (AvgTime 1.1)   
   [Train] sup_loss:0.137345 lv_loss:0.039876 epi_loss:0.000011 total_loss:0.145321 pseudo_update_count:398801
   [Train] Epoch: [20][280/358]  Loss:0.232 (Avg 0.2041) IoU:0.567 (Avg 0.6085) Dice:0.6846 (Avg 0.7270) LR 1.22e-04   (AvgTime 1.1)   
   [Train] sup_loss:0.224588 lv_loss:0.035216 epi_loss:0.000009 total_loss:0.231632 pseudo_update_count:498441
   [Train] Epoch: [20][300/358]  Loss:0.411 (Avg 0.2045) IoU:0.451 (Avg 0.6098) Dice:0.5804 (Avg 0.7280) LR 1.22e-04   (AvgTime 1.1)   
   [Train] sup_loss:0.403942 lv_loss:0.034134 epi_loss:0.000009 total_loss:0.410769 pseudo_update_count:498697
   [Train] Epoch: [20][320/358]  Loss:0.139 (Avg 0.2043) IoU:0.659 (Avg 0.6105) Dice:0.7520 (Avg 0.7286) LR 1.22e-04   (AvgTime 1.1)   
   [Train] sup_loss:0.129813 lv_loss:0.045397 epi_loss:0.000013 total_loss:0.138893 pseudo_update_count:298005
   [Train] Epoch: [20][340/358]  Loss:0.165 (Avg 0.2038) IoU:0.670 (Avg 0.6108) Dice:0.7851 (Avg 0.7287) LR 1.22e-04   (AvgTime 1.1)   
   [Train] sup_loss:0.157464 lv_loss:0.037195 epi_loss:0.000010 total_loss:0.164904 pseudo_update_count:398568
[Train-Epoch-Metrics] epoch=20 sup_loss:0.195891 lv_loss:0.039192 epi_loss:0.000011 total_loss:0.203730 pseudo_update_count:142414263 labeled_seen:2858 unlabeled_seen:2858 Dice:0.728879 IoU:0.610885
Validation
   [Val] Epoch: [20][20/90]  Loss:0.215 (Avg 0.1960) IoU:0.587 (Avg 0.6307) Dice:0.7039 (Avg 0.7474) (AvgTime 0.5)   
   [Val] sup_loss:0.214870 lv_loss:0.000000 epi_loss:0.000000 total_loss:0.214870 pseudo_update_count:0
   [Val] Epoch: [20][40/90]  Loss:0.291 (Avg 0.1993) IoU:0.629 (Avg 0.6315) Dice:0.7441 (Avg 0.7456) (AvgTime 0.5)   
   [Val] sup_loss:0.291039 lv_loss:0.000000 epi_loss:0.000000 total_loss:0.291039 pseudo_update_count:0
   [Val] Epoch: [20][60/90]  Loss:0.202 (Avg 0.2008) IoU:0.642 (Avg 0.6286) Dice:0.7616 (Avg 0.7420) (AvgTime 0.5)   
   [Val] sup_loss:0.201942 lv_loss:0.000000 epi_loss:0.000000 total_loss:0.201942 pseudo_update_count:0
   [Val] Epoch: [20][80/90]  Loss:0.189 (Avg 0.1995) IoU:0.643 (Avg 0.6298) Dice:0.7720 (Avg 0.7435) (AvgTime 0.5)   
   [Val] sup_loss:0.189263 lv_loss:0.000000 epi_loss:0.000000 total_loss:0.189263 pseudo_update_count:0
[Val-Epoch-Metrics] epoch=20 sup_loss:0.200884 lv_loss:0.000000 epi_loss:0.000000 total_loss:0.200884 pseudo_update_count:0 labeled_seen:1429 unlabeled_seen:0 Dice:0.740524 IoU:0.626634
	 Saving best model, mean dice increased from: 0.7322 to 0.7405
	 Saving to QaTa-Covid19/LViT/QaTa_Covid19_LViT_50pct_labels/models/
	 early_stopping_count: 0/100000

========= Epoch [21/76] =========
QaTa_Covid19_LViT_50pct_labels
Training with batch size : 16
[SemiSup] subset_ratio=0.5000 labeled_name_count=2858
   [Train] Epoch: [21][20/358]  Loss:0.256 (Avg 0.2676) IoU:0.492 (Avg 0.5197) Dice:0.6205 (Avg 0.6422) LR 1.00e-03   (AvgTime 1.2)   
   [Train] sup_loss:0.243621 lv_loss:0.064298 epi_loss:0.000014 total_loss:0.256481 pseudo_update_count:396580
   [Train] Epoch: [21][40/358]  Loss:0.328 (Avg 0.2628) IoU:0.492 (Avg 0.5446) Dice:0.6062 (Avg 0.6658) LR 1.00e-03   (AvgTime 1.2)   
   [Train] sup_loss:0.318566 lv_loss:0.048768 epi_loss:0.000013 total_loss:0.328320 pseudo_update_count:547747
   [Train] Epoch: [21][60/358]  Loss:0.278 (Avg 0.2522) IoU:0.483 (Avg 0.5478) Dice:0.6210 (Avg 0.6704) LR 1.00e-03   (AvgTime 1.1)   
   [Train] sup_loss:0.268632 lv_loss:0.044417 epi_loss:0.000009 total_loss:0.277516 pseudo_update_count:199218
   [Train] Epoch: [21][80/358]  Loss:0.246 (Avg 0.2515) IoU:0.565 (Avg 0.5515) Dice:0.6883 (Avg 0.6741) LR 1.00e-03   (AvgTime 1.1)   
   [Train] sup_loss:0.238267 lv_loss:0.036554 epi_loss:0.000008 total_loss:0.245578 pseudo_update_count:249558
   [Train] Epoch: [21][100/358]  Loss:0.248 (Avg 0.2501) IoU:0.666 (Avg 0.5507) Dice:0.7662 (Avg 0.6738) LR 1.00e-03   (AvgTime 1.1)   
   [Train] sup_loss:0.237360 lv_loss:0.051222 epi_loss:0.000012 total_loss:0.247605 pseudo_update_count:298922
   [Train] Epoch: [21][120/358]  Loss:0.232 (Avg 0.2516) IoU:0.535 (Avg 0.5515) Dice:0.6583 (Avg 0.6743) LR 1.00e-03   (AvgTime 1.1)   
   [Train] sup_loss:0.222005 lv_loss:0.050047 epi_loss:0.000014 total_loss:0.232016 pseudo_update_count:646594
   [Train] Epoch: [21][140/358]  Loss:0.176 (Avg 0.2482) IoU:0.605 (Avg 0.5549) Dice:0.7294 (Avg 0.6778) LR 1.00e-03   (AvgTime 1.1)   
   [Train] sup_loss:0.167500 lv_loss:0.043480 epi_loss:0.000011 total_loss:0.176197 pseudo_update_count:199051
   [Train] Epoch: [21][160/358]  Loss:0.194 (Avg 0.2443) IoU:0.570 (Avg 0.5596) Dice:0.6884 (Avg 0.6823) LR 1.00e-03   (AvgTime 1.1)   
   [Train] sup_loss:0.183343 lv_loss:0.050984 epi_loss:0.000009 total_loss:0.193541 pseudo_update_count:148737
   [Train] Epoch: [21][180/358]  Loss:0.270 (Avg 0.2453) IoU:0.533 (Avg 0.5591) Dice:0.6738 (Avg 0.6824) LR 1.00e-03   (AvgTime 1.1)   
   [Train] sup_loss:0.259787 lv_loss:0.052173 epi_loss:0.000017 total_loss:0.270223 pseudo_update_count:248445
   [Train] Epoch: [21][200/358]  Loss:0.186 (Avg 0.2433) IoU:0.567 (Avg 0.5600) Dice:0.6781 (Avg 0.6833) LR 1.00e-03   (AvgTime 1.1)   
   [Train] sup_loss:0.176933 lv_loss:0.046664 epi_loss:0.000016 total_loss:0.186267 pseudo_update_count:497637
   [Train] Epoch: [21][220/358]  Loss:0.178 (Avg 0.2422) IoU:0.647 (Avg 0.5611) Dice:0.7656 (Avg 0.6843) LR 1.00e-03   (AvgTime 1.1)   
   [Train] sup_loss:0.168997 lv_loss:0.043248 epi_loss:0.000014 total_loss:0.177647 pseudo_update_count:548439
   [Train] Epoch: [21][240/358]  Loss:0.276 (Avg 0.2413) IoU:0.501 (Avg 0.5632) Dice:0.6249 (Avg 0.6861) LR 1.00e-03   (AvgTime 1.1)   
   [Train] sup_loss:0.268185 lv_loss:0.040346 epi_loss:0.000010 total_loss:0.276255 pseudo_update_count:398954
   [Train] Epoch: [21][260/358]  Loss:0.251 (Avg 0.2412) IoU:0.514 (Avg 0.5637) Dice:0.6240 (Avg 0.6867) LR 1.00e-03   (AvgTime 1.1)   
   [Train] sup_loss:0.243299 lv_loss:0.038415 epi_loss:0.000010 total_loss:0.250982 pseudo_update_count:399066
   [Train] Epoch: [21][280/358]  Loss:0.198 (Avg 0.2392) IoU:0.515 (Avg 0.5660) Dice:0.6531 (Avg 0.6890) LR 1.00e-03   (AvgTime 1.1)   
   [Train] sup_loss:0.189432 lv_loss:0.043962 epi_loss:0.000012 total_loss:0.198225 pseudo_update_count:447778
   [Train] Epoch: [21][300/358]  Loss:0.143 (Avg 0.2388) IoU:0.633 (Avg 0.5663) Dice:0.7577 (Avg 0.6896) LR 1.00e-03   (AvgTime 1.1)   
   [Train] sup_loss:0.132619 lv_loss:0.052396 epi_loss:0.000010 total_loss:0.143099 pseudo_update_count:446809
   [Train] Epoch: [21][320/358]  Loss:0.317 (Avg 0.2402) IoU:0.525 (Avg 0.5650) Dice:0.6580 (Avg 0.6886) LR 1.00e-03   (AvgTime 1.1)   
   [Train] sup_loss:0.305333 lv_loss:0.056627 epi_loss:0.000023 total_loss:0.316660 pseudo_update_count:397654
   [Train] Epoch: [21][340/358]  Loss:0.202 (Avg 0.2403) IoU:0.605 (Avg 0.5651) Dice:0.7134 (Avg 0.6886) LR 1.00e-03   (AvgTime 1.1)   
   [Train] sup_loss:0.194071 lv_loss:0.039659 epi_loss:0.000011 total_loss:0.202004 pseudo_update_count:149693
[Train-Epoch-Metrics] epoch=21 sup_loss:0.230706 lv_loss:0.048080 epi_loss:0.000011 total_loss:0.240322 pseudo_update_count:142214414 labeled_seen:2858 unlabeled_seen:2858 Dice:0.689127 IoU:0.565593
Validation
   [Val] Epoch: [21][20/90]  Loss:0.238 (Avg 0.2250) IoU:0.570 (Avg 0.5920) Dice:0.6751 (Avg 0.7148) (AvgTime 0.5)   
   [Val] sup_loss:0.237910 lv_loss:0.000000 epi_loss:0.000000 total_loss:0.237910 pseudo_update_count:0
   [Val] Epoch: [21][40/90]  Loss:0.267 (Avg 0.2310) IoU:0.593 (Avg 0.5906) Dice:0.7227 (Avg 0.7139) (AvgTime 0.5)   
   [Val] sup_loss:0.267429 lv_loss:0.000000 epi_loss:0.000000 total_loss:0.267429 pseudo_update_count:0
   [Val] Epoch: [21][60/90]  Loss:0.278 (Avg 0.2351) IoU:0.477 (Avg 0.5839) Dice:0.5953 (Avg 0.7071) (AvgTime 0.5)   
   [Val] sup_loss:0.277966 lv_loss:0.000000 epi_loss:0.000000 total_loss:0.277966 pseudo_update_count:0
   [Val] Epoch: [21][80/90]  Loss:0.275 (Avg 0.2398) IoU:0.507 (Avg 0.5756) Dice:0.6587 (Avg 0.6992) (AvgTime 0.5)   
   [Val] sup_loss:0.275029 lv_loss:0.000000 epi_loss:0.000000 total_loss:0.275029 pseudo_update_count:0
[Val-Epoch-Metrics] epoch=21 sup_loss:0.236931 lv_loss:0.000000 epi_loss:0.000000 total_loss:0.236931 pseudo_update_count:0 labeled_seen:1429 unlabeled_seen:0 Dice:0.702878 IoU:0.579974
	 Mean dice:0.7029 does not increase, the best is still: 0.7405 in epoch 20
	 early_stopping_count: 1/100000

========= Epoch [22/76] =========
QaTa_Covid19_LViT_50pct_labels
Training with batch size : 16
[SemiSup] subset_ratio=0.5000 labeled_name_count=2858
   [Train] Epoch: [22][20/358]  Loss:0.111 (Avg 0.2202) IoU:0.644 (Avg 0.5845) Dice:0.7633 (Avg 0.7082) LR 9.78e-04   (AvgTime 1.2)   
   [Train] sup_loss:0.102449 lv_loss:0.041747 epi_loss:0.000010 total_loss:0.110799 pseudo_update_count:498352
   [Train] Epoch: [22][40/358]  Loss:0.161 (Avg 0.2311) IoU:0.613 (Avg 0.5730) Dice:0.7411 (Avg 0.6960) LR 9.78e-04   (AvgTime 1.2)   
   [Train] sup_loss:0.151027 lv_loss:0.051132 epi_loss:0.000008 total_loss:0.161254 pseudo_update_count:497710
   [Train] Epoch: [22][60/358]  Loss:0.488 (Avg 0.2416) IoU:0.565 (Avg 0.5662) Dice:0.7023 (Avg 0.6893) LR 9.78e-04   (AvgTime 1.2)   
   [Train] sup_loss:0.479327 lv_loss:0.045136 epi_loss:0.000015 total_loss:0.488354 pseudo_update_count:547376
   [Train] Epoch: [22][80/358]  Loss:0.234 (Avg 0.2463) IoU:0.552 (Avg 0.5604) Dice:0.6841 (Avg 0.6851) LR 9.78e-04   (AvgTime 1.1)   
   [Train] sup_loss:0.222312 lv_loss:0.059134 epi_loss:0.000008 total_loss:0.234139 pseudo_update_count:447192
   [Train] Epoch: [22][100/358]  Loss:0.155 (Avg 0.2460) IoU:0.728 (Avg 0.5620) Dice:0.8189 (Avg 0.6865) LR 9.78e-04   (AvgTime 1.1)   
   [Train] sup_loss:0.144838 lv_loss:0.051341 epi_loss:0.000017 total_loss:0.155108 pseudo_update_count:298062
   [Train] Epoch: [22][120/358]  Loss:0.220 (Avg 0.2444) IoU:0.617 (Avg 0.5631) Dice:0.7361 (Avg 0.6869) LR 9.78e-04   (AvgTime 1.1)   
   [Train] sup_loss:0.210285 lv_loss:0.050651 epi_loss:0.000019 total_loss:0.220416 pseudo_update_count:298527
   [Train] Epoch: [22][140/358]  Loss:0.293 (Avg 0.2452) IoU:0.413 (Avg 0.5638) Dice:0.5472 (Avg 0.6877) LR 9.78e-04   (AvgTime 1.1)   
   [Train] sup_loss:0.282765 lv_loss:0.048696 epi_loss:0.000009 total_loss:0.292504 pseudo_update_count:347074
   [Train] Epoch: [22][160/358]  Loss:0.232 (Avg 0.2451) IoU:0.585 (Avg 0.5644) Dice:0.7251 (Avg 0.6890) LR 9.78e-04   (AvgTime 1.1)   
   [Train] sup_loss:0.221223 lv_loss:0.055616 epi_loss:0.000015 total_loss:0.232347 pseudo_update_count:347962
   [Train] Epoch: [22][180/358]  Loss:0.274 (Avg 0.2428) IoU:0.598 (Avg 0.5661) Dice:0.7131 (Avg 0.6905) LR 9.78e-04   (AvgTime 1.1)   
   [Train] sup_loss:0.265609 lv_loss:0.041717 epi_loss:0.000019 total_loss:0.273953 pseudo_update_count:199394
   [Train] Epoch: [22][200/358]  Loss:0.277 (Avg 0.2420) IoU:0.533 (Avg 0.5674) Dice:0.6439 (Avg 0.6914) LR 9.78e-04   (AvgTime 1.1)   
   [Train] sup_loss:0.267872 lv_loss:0.046149 epi_loss:0.000012 total_loss:0.277102 pseudo_update_count:448360
   [Train] Epoch: [22][220/358]  Loss:0.218 (Avg 0.2398) IoU:0.577 (Avg 0.5702) Dice:0.6977 (Avg 0.6938) LR 9.78e-04   (AvgTime 1.1)   
   [Train] sup_loss:0.210173 lv_loss:0.039098 epi_loss:0.000009 total_loss:0.217993 pseudo_update_count:548365
   [Train] Epoch: [22][240/358]  Loss:0.259 (Avg 0.2400) IoU:0.615 (Avg 0.5703) Dice:0.7455 (Avg 0.6936) LR 9.78e-04   (AvgTime 1.1)   
   [Train] sup_loss:0.248210 lv_loss:0.051884 epi_loss:0.000012 total_loss:0.258587 pseudo_update_count:298722
   [Train] Epoch: [22][260/358]  Loss:0.202 (Avg 0.2379) IoU:0.611 (Avg 0.5719) Dice:0.7344 (Avg 0.6950) LR 9.78e-04   (AvgTime 1.1)   
   [Train] sup_loss:0.193253 lv_loss:0.043704 epi_loss:0.000007 total_loss:0.201994 pseudo_update_count:398238
   [Train] Epoch: [22][280/358]  Loss:0.286 (Avg 0.2379) IoU:0.508 (Avg 0.5719) Dice:0.6289 (Avg 0.6951) LR 9.78e-04   (AvgTime 1.1)   
   [Train] sup_loss:0.277278 lv_loss:0.042048 epi_loss:0.000006 total_loss:0.285688 pseudo_update_count:199406
   [Train] Epoch: [22][300/358]  Loss:0.231 (Avg 0.2367) IoU:0.533 (Avg 0.5729) Dice:0.6641 (Avg 0.6956) LR 9.78e-04   (AvgTime 1.1)   
   [Train] sup_loss:0.221175 lv_loss:0.049469 epi_loss:0.000011 total_loss:0.231069 pseudo_update_count:497945
   [Train] Epoch: [22][320/358]  Loss:0.229 (Avg 0.2354) IoU:0.491 (Avg 0.5737) Dice:0.6071 (Avg 0.6965) LR 9.78e-04   (AvgTime 1.1)   
   [Train] sup_loss:0.218166 lv_loss:0.054915 epi_loss:0.000005 total_loss:0.229149 pseudo_update_count:397907
   [Train] Epoch: [22][340/358]  Loss:0.384 (Avg 0.2359) IoU:0.540 (Avg 0.5731) Dice:0.6635 (Avg 0.6960) LR 9.78e-04   (AvgTime 1.1)   
   [Train] sup_loss:0.376373 lv_loss:0.038853 epi_loss:0.000015 total_loss:0.384144 pseudo_update_count:398916
[Train-Epoch-Metrics] epoch=22 sup_loss:0.225322 lv_loss:0.046732 epi_loss:0.000011 total_loss:0.234669 pseudo_update_count:142239991 labeled_seen:2858 unlabeled_seen:2858 Dice:0.697770 IoU:0.574949
Validation
   [Val] Epoch: [22][20/90]  Loss:0.311 (Avg 0.2651) IoU:0.494 (Avg 0.5736) Dice:0.6199 (Avg 0.6977) (AvgTime 0.5)   
   [Val] sup_loss:0.311381 lv_loss:0.000000 epi_loss:0.000000 total_loss:0.311381 pseudo_update_count:0
   [Val] Epoch: [22][40/90]  Loss:0.420 (Avg 0.2639) IoU:0.402 (Avg 0.5767) Dice:0.5319 (Avg 0.6989) (AvgTime 0.5)   
   [Val] sup_loss:0.420418 lv_loss:0.000000 epi_loss:0.000000 total_loss:0.420418 pseudo_update_count:0
   [Val] Epoch: [22][60/90]  Loss:0.216 (Avg 0.2565) IoU:0.649 (Avg 0.5808) Dice:0.7688 (Avg 0.7014) (AvgTime 0.5)   
   [Val] sup_loss:0.215958 lv_loss:0.000000 epi_loss:0.000000 total_loss:0.215958 pseudo_update_count:0
   [Val] Epoch: [22][80/90]  Loss:0.210 (Avg 0.2550) IoU:0.606 (Avg 0.5797) Dice:0.7303 (Avg 0.7003) (AvgTime 0.5)   
   [Val] sup_loss:0.210206 lv_loss:0.000000 epi_loss:0.000000 total_loss:0.210206 pseudo_update_count:0
[Val-Epoch-Metrics] epoch=22 sup_loss:0.255171 lv_loss:0.000000 epi_loss:0.000000 total_loss:0.255171 pseudo_update_count:0 labeled_seen:1429 unlabeled_seen:0 Dice:0.698207 IoU:0.577931
	 Mean dice:0.6982 does not increase, the best is still: 0.7405 in epoch 20
	 early_stopping_count: 2/100000

========= Epoch [23/76] =========
QaTa_Covid19_LViT_50pct_labels
Training with batch size : 16
[SemiSup] subset_ratio=0.5000 labeled_name_count=2858
   [Train] Epoch: [23][20/358]  Loss:0.254 (Avg 0.2319) IoU:0.573 (Avg 0.5971) Dice:0.6998 (Avg 0.7180) LR 9.14e-04   (AvgTime 1.2)   
   [Train] sup_loss:0.245533 lv_loss:0.039876 epi_loss:0.000014 total_loss:0.253509 pseudo_update_count:149700
   [Train] Epoch: [23][40/358]  Loss:0.303 (Avg 0.2383) IoU:0.521 (Avg 0.5905) Dice:0.6360 (Avg 0.7124) LR 9.14e-04   (AvgTime 1.2)   
   [Train] sup_loss:0.293636 lv_loss:0.048729 epi_loss:0.000009 total_loss:0.303382 pseudo_update_count:347933
   [Train] Epoch: [23][60/358]  Loss:0.169 (Avg 0.2354) IoU:0.651 (Avg 0.5858) Dice:0.7675 (Avg 0.7080) LR 9.14e-04   (AvgTime 1.2)   
   [Train] sup_loss:0.157471 lv_loss:0.056119 epi_loss:0.000007 total_loss:0.168695 pseudo_update_count:247973
   [Train] Epoch: [23][80/358]  Loss:0.193 (Avg 0.2291) IoU:0.646 (Avg 0.5873) Dice:0.7698 (Avg 0.7087) LR 9.14e-04   (AvgTime 1.1)   
   [Train] sup_loss:0.186072 lv_loss:0.034859 epi_loss:0.000008 total_loss:0.193044 pseudo_update_count:299460
   [Train] Epoch: [23][100/358]  Loss:0.221 (Avg 0.2316) IoU:0.581 (Avg 0.5817) Dice:0.7064 (Avg 0.7033) LR 9.14e-04   (AvgTime 1.1)   
   [Train] sup_loss:0.213088 lv_loss:0.041710 epi_loss:0.000011 total_loss:0.221431 pseudo_update_count:248902
   [Train] Epoch: [23][120/358]  Loss:0.304 (Avg 0.2321) IoU:0.468 (Avg 0.5826) Dice:0.6022 (Avg 0.7045) LR 9.14e-04   (AvgTime 1.1)   
   [Train] sup_loss:0.294510 lv_loss:0.049783 epi_loss:0.000012 total_loss:0.304467 pseudo_update_count:497599
   [Train] Epoch: [23][140/358]  Loss:0.327 (Avg 0.2322) IoU:0.533 (Avg 0.5780) Dice:0.6444 (Avg 0.6997) LR 9.14e-04   (AvgTime 1.1)   
   [Train] sup_loss:0.318173 lv_loss:0.043236 epi_loss:0.000010 total_loss:0.326821 pseudo_update_count:448216
   [Train] Epoch: [23][160/358]  Loss:0.196 (Avg 0.2307) IoU:0.643 (Avg 0.5799) Dice:0.7559 (Avg 0.7019) LR 9.14e-04   (AvgTime 1.1)   
   [Train] sup_loss:0.187922 lv_loss:0.038317 epi_loss:0.000012 total_loss:0.195586 pseudo_update_count:349361
   [Train] Epoch: [23][180/358]  Loss:0.207 (Avg 0.2301) IoU:0.581 (Avg 0.5796) Dice:0.6909 (Avg 0.7013) LR 9.14e-04   (AvgTime 1.1)   
   [Train] sup_loss:0.199584 lv_loss:0.036567 epi_loss:0.000014 total_loss:0.206898 pseudo_update_count:149594
   [Train] Epoch: [23][200/358]  Loss:0.280 (Avg 0.2321) IoU:0.587 (Avg 0.5765) Dice:0.7004 (Avg 0.6983) LR 9.14e-04   (AvgTime 1.1)   
   [Train] sup_loss:0.269806 lv_loss:0.048946 epi_loss:0.000016 total_loss:0.279595 pseudo_update_count:398011
   [Train] Epoch: [23][220/358]  Loss:0.305 (Avg 0.2309) IoU:0.498 (Avg 0.5771) Dice:0.6194 (Avg 0.6990) LR 9.14e-04   (AvgTime 1.1)   
   [Train] sup_loss:0.297336 lv_loss:0.037717 epi_loss:0.000014 total_loss:0.304880 pseudo_update_count:548451
   [Train] Epoch: [23][240/358]  Loss:0.176 (Avg 0.2303) IoU:0.636 (Avg 0.5784) Dice:0.7507 (Avg 0.7003) LR 9.14e-04   (AvgTime 1.1)   
   [Train] sup_loss:0.167786 lv_loss:0.041825 epi_loss:0.000013 total_loss:0.176152 pseudo_update_count:349147
   [Train] Epoch: [23][260/358]  Loss:0.258 (Avg 0.2287) IoU:0.532 (Avg 0.5814) Dice:0.6586 (Avg 0.7031) LR 9.14e-04   (AvgTime 1.1)   
   [Train] sup_loss:0.250188 lv_loss:0.036579 epi_loss:0.000011 total_loss:0.257505 pseudo_update_count:448623
   [Train] Epoch: [23][280/358]  Loss:0.309 (Avg 0.2292) IoU:0.552 (Avg 0.5813) Dice:0.6632 (Avg 0.7027) LR 9.14e-04   (AvgTime 1.1)   
   [Train] sup_loss:0.301341 lv_loss:0.036071 epi_loss:0.000009 total_loss:0.308555 pseudo_update_count:349379
   [Train] Epoch: [23][300/358]  Loss:0.307 (Avg 0.2291) IoU:0.430 (Avg 0.5810) Dice:0.5516 (Avg 0.7023) LR 9.14e-04   (AvgTime 1.1)   
   [Train] sup_loss:0.297054 lv_loss:0.048895 epi_loss:0.000011 total_loss:0.306834 pseudo_update_count:498133
   [Train] Epoch: [23][320/358]  Loss:0.227 (Avg 0.2279) IoU:0.498 (Avg 0.5815) Dice:0.6208 (Avg 0.7028) LR 9.14e-04   (AvgTime 1.1)   
   [Train] sup_loss:0.218274 lv_loss:0.042632 epi_loss:0.000009 total_loss:0.226801 pseudo_update_count:348398
   [Train] Epoch: [23][340/358]  Loss:0.240 (Avg 0.2272) IoU:0.550 (Avg 0.5820) Dice:0.6848 (Avg 0.7033) LR 9.14e-04   (AvgTime 1.1)   
   [Train] sup_loss:0.231721 lv_loss:0.042357 epi_loss:0.000010 total_loss:0.240193 pseudo_update_count:498023
[Train-Epoch-Metrics] epoch=23 sup_loss:0.218368 lv_loss:0.044553 epi_loss:0.000011 total_loss:0.227280 pseudo_update_count:142291160 labeled_seen:2858 unlabeled_seen:2858 Dice:0.702799 IoU:0.581536
Validation
   [Val] Epoch: [23][20/90]  Loss:0.189 (Avg 0.2118) IoU:0.628 (Avg 0.5993) Dice:0.7422 (Avg 0.7179) (AvgTime 0.5)   
   [Val] sup_loss:0.188771 lv_loss:0.000000 epi_loss:0.000000 total_loss:0.188771 pseudo_update_count:0
   [Val] Epoch: [23][40/90]  Loss:0.201 (Avg 0.2140) IoU:0.592 (Avg 0.5970) Dice:0.7076 (Avg 0.7162) (AvgTime 0.5)   
   [Val] sup_loss:0.201109 lv_loss:0.000000 epi_loss:0.000000 total_loss:0.201109 pseudo_update_count:0
   [Val] Epoch: [23][60/90]  Loss:0.259 (Avg 0.2176) IoU:0.498 (Avg 0.5920) Dice:0.6243 (Avg 0.7125) (AvgTime 0.5)   
   [Val] sup_loss:0.258854 lv_loss:0.000000 epi_loss:0.000000 total_loss:0.258854 pseudo_update_count:0
   [Val] Epoch: [23][80/90]  Loss:0.147 (Avg 0.2185) IoU:0.703 (Avg 0.5883) Dice:0.8154 (Avg 0.7088) (AvgTime 0.5)   
   [Val] sup_loss:0.146623 lv_loss:0.000000 epi_loss:0.000000 total_loss:0.146623 pseudo_update_count:0
[Val-Epoch-Metrics] epoch=23 sup_loss:0.219599 lv_loss:0.000000 epi_loss:0.000000 total_loss:0.219599 pseudo_update_count:0 labeled_seen:1429 unlabeled_seen:0 Dice:0.706970 IoU:0.587077
	 Mean dice:0.7070 does not increase, the best is still: 0.7405 in epoch 20
	 early_stopping_count: 3/100000

========= Epoch [24/76] =========
QaTa_Covid19_LViT_50pct_labels
Training with batch size : 16
[SemiSup] subset_ratio=0.5000 labeled_name_count=2858
   [Train] Epoch: [24][20/358]  Loss:0.312 (Avg 0.2241) IoU:0.570 (Avg 0.5773) Dice:0.6878 (Avg 0.7007) LR 8.15e-04   (AvgTime 1.2)   
   [Train] sup_loss:0.303342 lv_loss:0.043538 epi_loss:0.000018 total_loss:0.312051 pseudo_update_count:398064
   [Train] Epoch: [24][40/358]  Loss:0.199 (Avg 0.2208) IoU:0.625 (Avg 0.5859) Dice:0.7422 (Avg 0.7074) LR 8.15e-04   (AvgTime 1.2)   
   [Train] sup_loss:0.190324 lv_loss:0.044202 epi_loss:0.000019 total_loss:0.199165 pseudo_update_count:149344
   [Train] Epoch: [24][60/358]  Loss:0.221 (Avg 0.2234) IoU:0.611 (Avg 0.5944) Dice:0.7305 (Avg 0.7148) LR 8.15e-04   (AvgTime 1.1)   
   [Train] sup_loss:0.212459 lv_loss:0.043958 epi_loss:0.000009 total_loss:0.221252 pseudo_update_count:398317
   [Train] Epoch: [24][80/358]  Loss:0.230 (Avg 0.2214) IoU:0.566 (Avg 0.5908) Dice:0.6958 (Avg 0.7116) LR 8.15e-04   (AvgTime 1.1)   
   [Train] sup_loss:0.221008 lv_loss:0.044007 epi_loss:0.000011 total_loss:0.229810 pseudo_update_count:546827
   [Train] Epoch: [24][100/358]  Loss:0.158 (Avg 0.2198) IoU:0.640 (Avg 0.5934) Dice:0.7581 (Avg 0.7137) LR 8.15e-04   (AvgTime 1.1)   
   [Train] sup_loss:0.150985 lv_loss:0.034347 epi_loss:0.000006 total_loss:0.157854 pseudo_update_count:248990
   [Train] Epoch: [24][120/358]  Loss:0.171 (Avg 0.2203) IoU:0.605 (Avg 0.5912) Dice:0.7355 (Avg 0.7120) LR 8.15e-04   (AvgTime 1.1)   
   [Train] sup_loss:0.161817 lv_loss:0.046523 epi_loss:0.000010 total_loss:0.171122 pseudo_update_count:447696
   [Train] Epoch: [24][140/358]  Loss:0.155 (Avg 0.2185) IoU:0.619 (Avg 0.5914) Dice:0.7430 (Avg 0.7116) LR 8.15e-04   (AvgTime 1.1)   
   [Train] sup_loss:0.145797 lv_loss:0.043705 epi_loss:0.000011 total_loss:0.154538 pseudo_update_count:497669
   [Train] Epoch: [24][160/358]  Loss:0.132 (Avg 0.2154) IoU:0.575 (Avg 0.5953) Dice:0.6663 (Avg 0.7144) LR 8.15e-04   (AvgTime 1.1)   
   [Train] sup_loss:0.124483 lv_loss:0.035972 epi_loss:0.000009 total_loss:0.131678 pseudo_update_count:598921
   [Train] Epoch: [24][180/358]  Loss:0.256 (Avg 0.2163) IoU:0.412 (Avg 0.5933) Dice:0.5457 (Avg 0.7128) LR 8.15e-04   (AvgTime 1.1)   
   [Train] sup_loss:0.246996 lv_loss:0.044703 epi_loss:0.000010 total_loss:0.255937 pseudo_update_count:448154
   [Train] Epoch: [24][200/358]  Loss:0.234 (Avg 0.2157) IoU:0.607 (Avg 0.5936) Dice:0.7287 (Avg 0.7133) LR 8.15e-04   (AvgTime 1.1)   
   [Train] sup_loss:0.223720 lv_loss:0.053183 epi_loss:0.000009 total_loss:0.234357 pseudo_update_count:348159
   [Train] Epoch: [24][220/358]  Loss:0.156 (Avg 0.2153) IoU:0.595 (Avg 0.5939) Dice:0.7248 (Avg 0.7137) LR 8.15e-04   (AvgTime 1.1)   
   [Train] sup_loss:0.148016 lv_loss:0.042392 epi_loss:0.000013 total_loss:0.156495 pseudo_update_count:398572
   [Train] Epoch: [24][240/358]  Loss:0.175 (Avg 0.2173) IoU:0.587 (Avg 0.5904) Dice:0.7051 (Avg 0.7104) LR 8.15e-04   (AvgTime 1.1)   
   [Train] sup_loss:0.165636 lv_loss:0.048852 epi_loss:0.000012 total_loss:0.175407 pseudo_update_count:447468
   [Train] Epoch: [24][260/358]  Loss:0.226 (Avg 0.2168) IoU:0.579 (Avg 0.5922) Dice:0.6896 (Avg 0.7117) LR 8.15e-04   (AvgTime 1.1)   
   [Train] sup_loss:0.217407 lv_loss:0.043810 epi_loss:0.000012 total_loss:0.226170 pseudo_update_count:249053
   [Train] Epoch: [24][280/358]  Loss:0.267 (Avg 0.2173) IoU:0.547 (Avg 0.5926) Dice:0.6748 (Avg 0.7124) LR 8.15e-04   (AvgTime 1.1)   
   [Train] sup_loss:0.259326 lv_loss:0.039413 epi_loss:0.000007 total_loss:0.267209 pseudo_update_count:498000
   [Train] Epoch: [24][300/358]  Loss:0.169 (Avg 0.2186) IoU:0.591 (Avg 0.5905) Dice:0.7218 (Avg 0.7105) LR 8.15e-04   (AvgTime 1.1)   
   [Train] sup_loss:0.158811 lv_loss:0.050552 epi_loss:0.000010 total_loss:0.168922 pseudo_update_count:447378
   [Train] Epoch: [24][320/358]  Loss:0.235 (Avg 0.2192) IoU:0.529 (Avg 0.5897) Dice:0.6620 (Avg 0.7100) LR 8.15e-04   (AvgTime 1.1)   
   [Train] sup_loss:0.226722 lv_loss:0.041833 epi_loss:0.000017 total_loss:0.235090 pseudo_update_count:398385
   [Train] Epoch: [24][340/358]  Loss:0.273 (Avg 0.2190) IoU:0.453 (Avg 0.5901) Dice:0.6061 (Avg 0.7104) LR 8.15e-04   (AvgTime 1.1)   
   [Train] sup_loss:0.264188 lv_loss:0.042241 epi_loss:0.000009 total_loss:0.272637 pseudo_update_count:348356
[Train-Epoch-Metrics] epoch=24 sup_loss:0.210640 lv_loss:0.042837 epi_loss:0.000011 total_loss:0.219208 pseudo_update_count:142321297 labeled_seen:2858 unlabeled_seen:2858 Dice:0.710171 IoU:0.589812
Validation
   [Val] Epoch: [24][20/90]  Loss:0.201 (Avg 0.2200) IoU:0.617 (Avg 0.6140) Dice:0.7262 (Avg 0.7336) (AvgTime 0.5)   
   [Val] sup_loss:0.200812 lv_loss:0.000000 epi_loss:0.000000 total_loss:0.200812 pseudo_update_count:0
   [Val] Epoch: [24][40/90]  Loss:0.221 (Avg 0.2156) IoU:0.602 (Avg 0.6097) Dice:0.7298 (Avg 0.7285) (AvgTime 0.5)   
   [Val] sup_loss:0.221174 lv_loss:0.000000 epi_loss:0.000000 total_loss:0.221174 pseudo_update_count:0
   [Val] Epoch: [24][60/90]  Loss:0.210 (Avg 0.2172) IoU:0.630 (Avg 0.6068) Dice:0.7464 (Avg 0.7267) (AvgTime 0.5)   
   [Val] sup_loss:0.209892 lv_loss:0.000000 epi_loss:0.000000 total_loss:0.209892 pseudo_update_count:0
   [Val] Epoch: [24][80/90]  Loss:0.150 (Avg 0.2159) IoU:0.698 (Avg 0.6040) Dice:0.8014 (Avg 0.7237) (AvgTime 0.5)   
   [Val] sup_loss:0.149831 lv_loss:0.000000 epi_loss:0.000000 total_loss:0.149831 pseudo_update_count:0
[Val-Epoch-Metrics] epoch=24 sup_loss:0.216309 lv_loss:0.000000 epi_loss:0.000000 total_loss:0.216309 pseudo_update_count:0 labeled_seen:1429 unlabeled_seen:0 Dice:0.722751 IoU:0.603249
	 Mean dice:0.7228 does not increase, the best is still: 0.7405 in epoch 20
	 early_stopping_count: 4/100000

========= Epoch [25/76] =========
QaTa_Covid19_LViT_50pct_labels
Training with batch size : 16
[SemiSup] subset_ratio=0.5000 labeled_name_count=2858
   [Train] Epoch: [25][20/358]  Loss:0.272 (Avg 0.2039) IoU:0.488 (Avg 0.6133) Dice:0.6262 (Avg 0.7311) LR 6.89e-04   (AvgTime 1.2)   
   [Train] sup_loss:0.263663 lv_loss:0.042842 epi_loss:0.000014 total_loss:0.272232 pseudo_update_count:498302
   [Train] Epoch: [25][40/358]  Loss:0.275 (Avg 0.2117) IoU:0.525 (Avg 0.6077) Dice:0.6529 (Avg 0.7266) LR 6.89e-04   (AvgTime 1.2)   
   [Train] sup_loss:0.264525 lv_loss:0.050312 epi_loss:0.000006 total_loss:0.274588 pseudo_update_count:447610
   [Train] Epoch: [25][60/358]  Loss:0.194 (Avg 0.2116) IoU:0.660 (Avg 0.5965) Dice:0.7510 (Avg 0.7153) LR 6.89e-04   (AvgTime 1.2)   
   [Train] sup_loss:0.184630 lv_loss:0.045269 epi_loss:0.000014 total_loss:0.193685 pseudo_update_count:248920
   [Train] Epoch: [25][80/358]  Loss:0.254 (Avg 0.2196) IoU:0.481 (Avg 0.5879) Dice:0.6064 (Avg 0.7074) LR 6.89e-04   (AvgTime 1.1)   
   [Train] sup_loss:0.244018 lv_loss:0.050995 epi_loss:0.000010 total_loss:0.254218 pseudo_update_count:199069
   [Train] Epoch: [25][100/358]  Loss:0.168 (Avg 0.2199) IoU:0.591 (Avg 0.5884) Dice:0.6970 (Avg 0.7082) LR 6.89e-04   (AvgTime 1.1)   
   [Train] sup_loss:0.158475 lv_loss:0.046192 epi_loss:0.000013 total_loss:0.167714 pseudo_update_count:348225
   [Train] Epoch: [25][120/358]  Loss:0.193 (Avg 0.2188) IoU:0.604 (Avg 0.5888) Dice:0.7191 (Avg 0.7083) LR 6.89e-04   (AvgTime 1.1)   
   [Train] sup_loss:0.183322 lv_loss:0.048070 epi_loss:0.000009 total_loss:0.192937 pseudo_update_count:248542
   [Train] Epoch: [25][140/358]  Loss:0.258 (Avg 0.2188) IoU:0.578 (Avg 0.5885) Dice:0.7012 (Avg 0.7081) LR 6.89e-04   (AvgTime 1.1)   
   [Train] sup_loss:0.248583 lv_loss:0.047192 epi_loss:0.000009 total_loss:0.258022 pseudo_update_count:298483
   [Train] Epoch: [25][160/358]  Loss:0.206 (Avg 0.2186) IoU:0.487 (Avg 0.5886) Dice:0.6137 (Avg 0.7082) LR 6.89e-04   (AvgTime 1.1)   
   [Train] sup_loss:0.196304 lv_loss:0.049197 epi_loss:0.000006 total_loss:0.206144 pseudo_update_count:448055
   [Train] Epoch: [25][180/358]  Loss:0.147 (Avg 0.2181) IoU:0.634 (Avg 0.5875) Dice:0.7612 (Avg 0.7074) LR 6.89e-04   (AvgTime 1.1)   
   [Train] sup_loss:0.139434 lv_loss:0.038533 epi_loss:0.000012 total_loss:0.147141 pseudo_update_count:398885
   [Train] Epoch: [25][200/358]  Loss:0.246 (Avg 0.2184) IoU:0.571 (Avg 0.5894) Dice:0.6905 (Avg 0.7092) LR 6.89e-04   (AvgTime 1.1)   
   [Train] sup_loss:0.238324 lv_loss:0.037608 epi_loss:0.000011 total_loss:0.245846 pseudo_update_count:249542
   [Train] Epoch: [25][220/358]  Loss:0.149 (Avg 0.2168) IoU:0.598 (Avg 0.5898) Dice:0.7249 (Avg 0.7098) LR 6.89e-04   (AvgTime 1.1)   
   [Train] sup_loss:0.141864 lv_loss:0.038045 epi_loss:0.000008 total_loss:0.149474 pseudo_update_count:447888
   [Train] Epoch: [25][240/358]  Loss:0.213 (Avg 0.2160) IoU:0.623 (Avg 0.5919) Dice:0.7242 (Avg 0.7115) LR 6.89e-04   (AvgTime 1.1)   
   [Train] sup_loss:0.203512 lv_loss:0.047846 epi_loss:0.000016 total_loss:0.213082 pseudo_update_count:248484
   [Train] Epoch: [25][260/358]  Loss:0.179 (Avg 0.2144) IoU:0.584 (Avg 0.5934) Dice:0.7150 (Avg 0.7131) LR 6.89e-04   (AvgTime 1.1)   
   [Train] sup_loss:0.171649 lv_loss:0.035792 epi_loss:0.000012 total_loss:0.178809 pseudo_update_count:349499
   [Train] Epoch: [25][280/358]  Loss:0.230 (Avg 0.2137) IoU:0.659 (Avg 0.5951) Dice:0.7752 (Avg 0.7146) LR 6.89e-04   (AvgTime 1.1)   
   [Train] sup_loss:0.222308 lv_loss:0.036445 epi_loss:0.000013 total_loss:0.229598 pseudo_update_count:398706
   [Train] Epoch: [25][300/358]  Loss:0.200 (Avg 0.2132) IoU:0.612 (Avg 0.5966) Dice:0.7294 (Avg 0.7158) LR 6.89e-04   (AvgTime 1.1)   
   [Train] sup_loss:0.192251 lv_loss:0.037432 epi_loss:0.000012 total_loss:0.199738 pseudo_update_count:199648
   [Train] Epoch: [25][320/358]  Loss:0.208 (Avg 0.2143) IoU:0.600 (Avg 0.5964) Dice:0.7180 (Avg 0.7157) LR 6.89e-04   (AvgTime 1.1)   
   [Train] sup_loss:0.198655 lv_loss:0.046299 epi_loss:0.000013 total_loss:0.207915 pseudo_update_count:448434
   [Train] Epoch: [25][340/358]  Loss:0.269 (Avg 0.2147) IoU:0.517 (Avg 0.5974) Dice:0.6527 (Avg 0.7164) LR 6.89e-04   (AvgTime 1.1)   
   [Train] sup_loss:0.260330 lv_loss:0.043618 epi_loss:0.000015 total_loss:0.269054 pseudo_update_count:248630
[Train-Epoch-Metrics] epoch=25 sup_loss:0.205923 lv_loss:0.041772 epi_loss:0.000011 total_loss:0.214278 pseudo_update_count:142372874 labeled_seen:2858 unlabeled_seen:2858 Dice:0.716952 IoU:0.598030
Validation
   [Val] Epoch: [25][20/90]  Loss:0.210 (Avg 0.2023) IoU:0.639 (Avg 0.6338) Dice:0.7320 (Avg 0.7469) (AvgTime 0.5)   
   [Val] sup_loss:0.210023 lv_loss:0.000000 epi_loss:0.000000 total_loss:0.210023 pseudo_update_count:0
   [Val] Epoch: [25][40/90]  Loss:0.244 (Avg 0.2099) IoU:0.560 (Avg 0.6170) Dice:0.6815 (Avg 0.7330) (AvgTime 0.5)   
   [Val] sup_loss:0.244402 lv_loss:0.000000 epi_loss:0.000000 total_loss:0.244402 pseudo_update_count:0
   [Val] Epoch: [25][60/90]  Loss:0.275 (Avg 0.2177) IoU:0.521 (Avg 0.6078) Dice:0.6167 (Avg 0.7238) (AvgTime 0.5)   
   [Val] sup_loss:0.274822 lv_loss:0.000000 epi_loss:0.000000 total_loss:0.274822 pseudo_update_count:0
   [Val] Epoch: [25][80/90]  Loss:0.190 (Avg 0.2189) IoU:0.650 (Avg 0.6062) Dice:0.7554 (Avg 0.7228) (AvgTime 0.5)   
   [Val] sup_loss:0.189573 lv_loss:0.000000 epi_loss:0.000000 total_loss:0.189573 pseudo_update_count:0
[Val-Epoch-Metrics] epoch=25 sup_loss:0.219808 lv_loss:0.000000 epi_loss:0.000000 total_loss:0.219808 pseudo_update_count:0 labeled_seen:1429 unlabeled_seen:0 Dice:0.721649 IoU:0.604501
	 Mean dice:0.7216 does not increase, the best is still: 0.7405 in epoch 20
	 early_stopping_count: 5/100000

========= Epoch [26/76] =========
QaTa_Covid19_LViT_50pct_labels
Training with batch size : 16
[SemiSup] subset_ratio=0.5000 labeled_name_count=2858
   [Train] Epoch: [26][20/358]  Loss:0.117 (Avg 0.1993) IoU:0.711 (Avg 0.6009) Dice:0.8090 (Avg 0.7201) LR 5.50e-04   (AvgTime 1.2)   
   [Train] sup_loss:0.107884 lv_loss:0.044913 epi_loss:0.000009 total_loss:0.116867 pseudo_update_count:448371
   [Train] Epoch: [26][40/358]  Loss:0.168 (Avg 0.2044) IoU:0.635 (Avg 0.6032) Dice:0.7671 (Avg 0.7204) LR 5.50e-04   (AvgTime 1.2)   
   [Train] sup_loss:0.157921 lv_loss:0.048283 epi_loss:0.000013 total_loss:0.167579 pseudo_update_count:397710
   [Train] Epoch: [26][60/358]  Loss:0.239 (Avg 0.2044) IoU:0.539 (Avg 0.5975) Dice:0.6676 (Avg 0.7163) LR 5.50e-04   (AvgTime 1.2)   
   [Train] sup_loss:0.233634 lv_loss:0.028851 epi_loss:0.000009 total_loss:0.239404 pseudo_update_count:399632
   [Train] Epoch: [26][80/358]  Loss:0.212 (Avg 0.2057) IoU:0.608 (Avg 0.6000) Dice:0.7124 (Avg 0.7178) LR 5.50e-04   (AvgTime 1.1)   
   [Train] sup_loss:0.205620 lv_loss:0.033583 epi_loss:0.000009 total_loss:0.212337 pseudo_update_count:249391
   [Train] Epoch: [26][100/358]  Loss:0.253 (Avg 0.2060) IoU:0.590 (Avg 0.6067) Dice:0.7091 (Avg 0.7237) LR 5.50e-04   (AvgTime 1.1)   
   [Train] sup_loss:0.244462 lv_loss:0.043480 epi_loss:0.000013 total_loss:0.253159 pseudo_update_count:448415
   [Train] Epoch: [26][120/358]  Loss:0.165 (Avg 0.2193) IoU:0.670 (Avg 0.5949) Dice:0.7781 (Avg 0.7134) LR 5.50e-04   (AvgTime 1.1)   
   [Train] sup_loss:0.152824 lv_loss:0.061284 epi_loss:0.000012 total_loss:0.165082 pseudo_update_count:347859
   [Train] Epoch: [26][140/358]  Loss:0.237 (Avg 0.2224) IoU:0.481 (Avg 0.5897) Dice:0.6135 (Avg 0.7086) LR 5.50e-04   (AvgTime 1.1)   
   [Train] sup_loss:0.227345 lv_loss:0.046090 epi_loss:0.000011 total_loss:0.236563 pseudo_update_count:497459
   [Train] Epoch: [26][160/358]  Loss:0.219 (Avg 0.2218) IoU:0.530 (Avg 0.5918) Dice:0.6578 (Avg 0.7107) LR 5.50e-04   (AvgTime 1.1)   
   [Train] sup_loss:0.211484 lv_loss:0.039776 epi_loss:0.000009 total_loss:0.219439 pseudo_update_count:448694
   [Train] Epoch: [26][180/358]  Loss:0.281 (Avg 0.2215) IoU:0.651 (Avg 0.5926) Dice:0.7525 (Avg 0.7117) LR 5.50e-04   (AvgTime 1.1)   
   [Train] sup_loss:0.272449 lv_loss:0.040818 epi_loss:0.000013 total_loss:0.280613 pseudo_update_count:398898
   [Train] Epoch: [26][200/358]  Loss:0.194 (Avg 0.2206) IoU:0.674 (Avg 0.5930) Dice:0.7934 (Avg 0.7123) LR 5.50e-04   (AvgTime 1.1)   
   [Train] sup_loss:0.185809 lv_loss:0.041176 epi_loss:0.000012 total_loss:0.194045 pseudo_update_count:398661
   [Train] Epoch: [26][220/358]  Loss:0.195 (Avg 0.2200) IoU:0.584 (Avg 0.5919) Dice:0.7130 (Avg 0.7116) LR 5.50e-04   (AvgTime 1.1)   
   [Train] sup_loss:0.188114 lv_loss:0.033969 epi_loss:0.000012 total_loss:0.194908 pseudo_update_count:149709
   [Train] Epoch: [26][240/358]  Loss:0.266 (Avg 0.2185) IoU:0.420 (Avg 0.5904) Dice:0.5465 (Avg 0.7101) LR 5.50e-04   (AvgTime 1.1)   
   [Train] sup_loss:0.256784 lv_loss:0.046161 epi_loss:0.000010 total_loss:0.266017 pseudo_update_count:447121
   [Train] Epoch: [26][260/358]  Loss:0.253 (Avg 0.2187) IoU:0.569 (Avg 0.5919) Dice:0.6895 (Avg 0.7117) LR 5.50e-04   (AvgTime 1.1)   
   [Train] sup_loss:0.242087 lv_loss:0.053030 epi_loss:0.000008 total_loss:0.252693 pseudo_update_count:347447
   [Train] Epoch: [26][280/358]  Loss:0.218 (Avg 0.2179) IoU:0.658 (Avg 0.5930) Dice:0.7753 (Avg 0.7130) LR 5.50e-04   (AvgTime 1.1)   
   [Train] sup_loss:0.210173 lv_loss:0.041013 epi_loss:0.000013 total_loss:0.218376 pseudo_update_count:298798
   [Train] Epoch: [26][300/358]  Loss:0.166 (Avg 0.2173) IoU:0.697 (Avg 0.5938) Dice:0.7969 (Avg 0.7137) LR 5.50e-04   (AvgTime 1.1)   
   [Train] sup_loss:0.159406 lv_loss:0.032689 epi_loss:0.000010 total_loss:0.165944 pseudo_update_count:499085
   [Train] Epoch: [26][320/358]  Loss:0.311 (Avg 0.2174) IoU:0.421 (Avg 0.5932) Dice:0.5554 (Avg 0.7132) LR 5.50e-04   (AvgTime 1.1)   
   [Train] sup_loss:0.301709 lv_loss:0.047817 epi_loss:0.000010 total_loss:0.311273 pseudo_update_count:497374
   [Train] Epoch: [26][340/358]  Loss:0.179 (Avg 0.2167) IoU:0.606 (Avg 0.5952) Dice:0.7371 (Avg 0.7149) LR 5.50e-04   (AvgTime 1.1)   
   [Train] sup_loss:0.169890 lv_loss:0.046115 epi_loss:0.000013 total_loss:0.179114 pseudo_update_count:248878
[Train-Epoch-Metrics] epoch=26 sup_loss:0.207043 lv_loss:0.041819 epi_loss:0.000011 total_loss:0.215408 pseudo_update_count:142356551 labeled_seen:2858 unlabeled_seen:2858 Dice:0.716583 IoU:0.597145
Validation
   [Val] Epoch: [26][20/90]  Loss:0.226 (Avg 0.2042) IoU:0.570 (Avg 0.6321) Dice:0.7020 (Avg 0.7467) (AvgTime 0.5)   
   [Val] sup_loss:0.225753 lv_loss:0.000000 epi_loss:0.000000 total_loss:0.225753 pseudo_update_count:0
   [Val] Epoch: [26][40/90]  Loss:0.162 (Avg 0.1995) IoU:0.634 (Avg 0.6339) Dice:0.7562 (Avg 0.7473) (AvgTime 0.5)   
   [Val] sup_loss:0.162173 lv_loss:0.000000 epi_loss:0.000000 total_loss:0.162173 pseudo_update_count:0
   [Val] Epoch: [26][60/90]  Loss:0.216 (Avg 0.2051) IoU:0.552 (Avg 0.6234) Dice:0.6614 (Avg 0.7378) (AvgTime 0.5)   
   [Val] sup_loss:0.216055 lv_loss:0.000000 epi_loss:0.000000 total_loss:0.216055 pseudo_update_count:0
   [Val] Epoch: [26][80/90]  Loss:0.150 (Avg 0.2029) IoU:0.693 (Avg 0.6254) Dice:0.8035 (Avg 0.7393) (AvgTime 0.5)   
   [Val] sup_loss:0.150321 lv_loss:0.000000 epi_loss:0.000000 total_loss:0.150321 pseudo_update_count:0
[Val-Epoch-Metrics] epoch=26 sup_loss:0.202003 lv_loss:0.000000 epi_loss:0.000000 total_loss:0.202003 pseudo_update_count:0 labeled_seen:1429 unlabeled_seen:0 Dice:0.738919 IoU:0.624972
	 Mean dice:0.7389 does not increase, the best is still: 0.7405 in epoch 20
	 early_stopping_count: 6/100000

========= Epoch [27/76] =========
QaTa_Covid19_LViT_50pct_labels
Training with batch size : 16
[SemiSup] subset_ratio=0.5000 labeled_name_count=2858
   [Train] Epoch: [27][20/358]  Loss:0.330 (Avg 0.2149) IoU:0.592 (Avg 0.5976) Dice:0.7102 (Avg 0.7177) LR 4.11e-04   (AvgTime 1.2)   
   [Train] sup_loss:0.322083 lv_loss:0.038448 epi_loss:0.000014 total_loss:0.329773 pseudo_update_count:349294
   [Train] Epoch: [27][40/358]  Loss:0.180 (Avg 0.2042) IoU:0.640 (Avg 0.6091) Dice:0.7680 (Avg 0.7276) LR 4.11e-04   (AvgTime 1.2)   
   [Train] sup_loss:0.173015 lv_loss:0.033172 epi_loss:0.000011 total_loss:0.179650 pseudo_update_count:349482
   [Train] Epoch: [27][60/358]  Loss:0.192 (Avg 0.1991) IoU:0.568 (Avg 0.6088) Dice:0.6886 (Avg 0.7268) LR 4.11e-04   (AvgTime 1.2)   
   [Train] sup_loss:0.185113 lv_loss:0.036752 epi_loss:0.000009 total_loss:0.192464 pseudo_update_count:498423
   [Train] Epoch: [27][80/358]  Loss:0.184 (Avg 0.1999) IoU:0.704 (Avg 0.6075) Dice:0.8038 (Avg 0.7253) LR 4.11e-04   (AvgTime 1.1)   
   [Train] sup_loss:0.174742 lv_loss:0.046780 epi_loss:0.000016 total_loss:0.184099 pseudo_update_count:199301
   [Train] Epoch: [27][100/358]  Loss:0.143 (Avg 0.2016) IoU:0.696 (Avg 0.6057) Dice:0.8122 (Avg 0.7247) LR 4.11e-04   (AvgTime 1.1)   
   [Train] sup_loss:0.135446 lv_loss:0.038115 epi_loss:0.000011 total_loss:0.143070 pseudo_update_count:398842
   [Train] Epoch: [27][120/358]  Loss:0.171 (Avg 0.2026) IoU:0.609 (Avg 0.6075) Dice:0.7258 (Avg 0.7262) LR 4.11e-04   (AvgTime 1.1)   
   [Train] sup_loss:0.163185 lv_loss:0.038022 epi_loss:0.000010 total_loss:0.170790 pseudo_update_count:348825
   [Train] Epoch: [27][140/358]  Loss:0.188 (Avg 0.2031) IoU:0.659 (Avg 0.6086) Dice:0.7759 (Avg 0.7274) LR 4.11e-04   (AvgTime 1.1)   
   [Train] sup_loss:0.179053 lv_loss:0.043790 epi_loss:0.000013 total_loss:0.187811 pseudo_update_count:348301
   [Train] Epoch: [27][160/358]  Loss:0.160 (Avg 0.2024) IoU:0.701 (Avg 0.6087) Dice:0.8139 (Avg 0.7269) LR 4.11e-04   (AvgTime 1.1)   
   [Train] sup_loss:0.151680 lv_loss:0.039309 epi_loss:0.000018 total_loss:0.159543 pseudo_update_count:348745
   [Train] Epoch: [27][180/358]  Loss:0.206 (Avg 0.2037) IoU:0.650 (Avg 0.6089) Dice:0.7682 (Avg 0.7274) LR 4.11e-04   (AvgTime 1.1)   
   [Train] sup_loss:0.199174 lv_loss:0.033106 epi_loss:0.000011 total_loss:0.205796 pseudo_update_count:399336
   [Train] Epoch: [27][200/358]  Loss:0.218 (Avg 0.2026) IoU:0.559 (Avg 0.6095) Dice:0.6869 (Avg 0.7277) LR 4.11e-04   (AvgTime 1.1)   
   [Train] sup_loss:0.211753 lv_loss:0.032082 epi_loss:0.000009 total_loss:0.218170 pseudo_update_count:399022
   [Train] Epoch: [27][220/358]  Loss:0.230 (Avg 0.2021) IoU:0.701 (Avg 0.6118) Dice:0.8097 (Avg 0.7297) LR 4.11e-04   (AvgTime 1.1)   
   [Train] sup_loss:0.222744 lv_loss:0.035344 epi_loss:0.000024 total_loss:0.229814 pseudo_update_count:349027
   [Train] Epoch: [27][240/358]  Loss:0.197 (Avg 0.2034) IoU:0.582 (Avg 0.6115) Dice:0.7150 (Avg 0.7293) LR 4.11e-04   (AvgTime 1.1)   
   [Train] sup_loss:0.189728 lv_loss:0.036757 epi_loss:0.000013 total_loss:0.197080 pseudo_update_count:448768
   [Train] Epoch: [27][260/358]  Loss:0.150 (Avg 0.2030) IoU:0.646 (Avg 0.6124) Dice:0.7661 (Avg 0.7300) LR 4.11e-04   (AvgTime 1.1)   
   [Train] sup_loss:0.141969 lv_loss:0.040755 epi_loss:0.000012 total_loss:0.150121 pseudo_update_count:498575
   [Train] Epoch: [27][280/358]  Loss:0.154 (Avg 0.2005) IoU:0.643 (Avg 0.6145) Dice:0.7659 (Avg 0.7317) LR 4.11e-04   (AvgTime 1.1)   
   [Train] sup_loss:0.147793 lv_loss:0.033255 epi_loss:0.000009 total_loss:0.154445 pseudo_update_count:199360
   [Train] Epoch: [27][300/358]  Loss:0.179 (Avg 0.2003) IoU:0.631 (Avg 0.6144) Dice:0.7550 (Avg 0.7316) LR 4.11e-04   (AvgTime 1.1)   
   [Train] sup_loss:0.174118 lv_loss:0.025802 epi_loss:0.000007 total_loss:0.179278 pseudo_update_count:149859
   [Train] Epoch: [27][320/358]  Loss:0.134 (Avg 0.1995) IoU:0.648 (Avg 0.6146) Dice:0.7750 (Avg 0.7316) LR 4.11e-04   (AvgTime 1.1)   
   [Train] sup_loss:0.127295 lv_loss:0.034122 epi_loss:0.000009 total_loss:0.134120 pseudo_update_count:549115
   [Train] Epoch: [27][340/358]  Loss:0.374 (Avg 0.2003) IoU:0.552 (Avg 0.6148) Dice:0.6460 (Avg 0.7318) LR 4.11e-04   (AvgTime 1.1)   
   [Train] sup_loss:0.367062 lv_loss:0.032913 epi_loss:0.000017 total_loss:0.373645 pseudo_update_count:399335
[Train-Epoch-Metrics] epoch=27 sup_loss:0.191537 lv_loss:0.038416 epi_loss:0.000011 total_loss:0.199221 pseudo_update_count:142432770 labeled_seen:2858 unlabeled_seen:2858 Dice:0.733366 IoU:0.616746
Validation
   [Val] Epoch: [27][20/90]  Loss:0.151 (Avg 0.1925) IoU:0.701 (Avg 0.6391) Dice:0.8113 (Avg 0.7497) (AvgTime 0.5)   
   [Val] sup_loss:0.151203 lv_loss:0.000000 epi_loss:0.000000 total_loss:0.151203 pseudo_update_count:0
   [Val] Epoch: [27][40/90]  Loss:0.201 (Avg 0.1930) IoU:0.545 (Avg 0.6290) Dice:0.6538 (Avg 0.7418) (AvgTime 0.5)   
   [Val] sup_loss:0.201352 lv_loss:0.000000 epi_loss:0.000000 total_loss:0.201352 pseudo_update_count:0
   [Val] Epoch: [27][60/90]  Loss:0.228 (Avg 0.1941) IoU:0.549 (Avg 0.6315) Dice:0.6570 (Avg 0.7451) (AvgTime 0.5)   
   [Val] sup_loss:0.228269 lv_loss:0.000000 epi_loss:0.000000 total_loss:0.228269 pseudo_update_count:0
   [Val] Epoch: [27][80/90]  Loss:0.221 (Avg 0.1959) IoU:0.576 (Avg 0.6298) Dice:0.7092 (Avg 0.7447) (AvgTime 0.5)   
   [Val] sup_loss:0.220706 lv_loss:0.000000 epi_loss:0.000000 total_loss:0.220706 pseudo_update_count:0
[Val-Epoch-Metrics] epoch=27 sup_loss:0.194883 lv_loss:0.000000 epi_loss:0.000000 total_loss:0.194883 pseudo_update_count:0 labeled_seen:1429 unlabeled_seen:0 Dice:0.744434 IoU:0.629904
	 Saving best model, mean dice increased from: 0.7405 to 0.7444
	 Saving to QaTa-Covid19/LViT/QaTa_Covid19_LViT_50pct_labels/models/
	 early_stopping_count: 0/100000

========= Epoch [28/76] =========
QaTa_Covid19_LViT_50pct_labels
Training with batch size : 16
[SemiSup] subset_ratio=0.5000 labeled_name_count=2858
   [Train] Epoch: [28][20/358]  Loss:0.175 (Avg 0.2123) IoU:0.659 (Avg 0.6046) Dice:0.7648 (Avg 0.7261) LR 2.85e-04   (AvgTime 1.2)   
   [Train] sup_loss:0.169076 lv_loss:0.031911 epi_loss:0.000007 total_loss:0.175459 pseudo_update_count:249435
   [Train] Epoch: [28][40/358]  Loss:0.215 (Avg 0.2027) IoU:0.583 (Avg 0.6216) Dice:0.7186 (Avg 0.7389) LR 2.85e-04   (AvgTime 1.2)   
   [Train] sup_loss:0.207345 lv_loss:0.039749 epi_loss:0.000012 total_loss:0.215295 pseudo_update_count:249251
   [Train] Epoch: [28][60/358]  Loss:0.228 (Avg 0.2005) IoU:0.560 (Avg 0.6167) Dice:0.6893 (Avg 0.7348) LR 2.85e-04   (AvgTime 1.1)   
   [Train] sup_loss:0.220710 lv_loss:0.038832 epi_loss:0.000018 total_loss:0.228478 pseudo_update_count:249062
   [Train] Epoch: [28][80/358]  Loss:0.217 (Avg 0.1976) IoU:0.594 (Avg 0.6196) Dice:0.7263 (Avg 0.7375) LR 2.85e-04   (AvgTime 1.1)   
   [Train] sup_loss:0.209923 lv_loss:0.034195 epi_loss:0.000011 total_loss:0.216763 pseudo_update_count:498795
   [Train] Epoch: [28][100/358]  Loss:0.224 (Avg 0.1986) IoU:0.545 (Avg 0.6198) Dice:0.6740 (Avg 0.7377) LR 2.85e-04   (AvgTime 1.1)   
   [Train] sup_loss:0.216310 lv_loss:0.038554 epi_loss:0.000008 total_loss:0.224021 pseudo_update_count:398336
   [Train] Epoch: [28][120/358]  Loss:0.144 (Avg 0.1948) IoU:0.727 (Avg 0.6198) Dice:0.8302 (Avg 0.7373) LR 2.85e-04   (AvgTime 1.1)   
   [Train] sup_loss:0.137643 lv_loss:0.032838 epi_loss:0.000015 total_loss:0.144211 pseudo_update_count:498997
   [Train] Epoch: [28][140/358]  Loss:0.167 (Avg 0.1951) IoU:0.622 (Avg 0.6218) Dice:0.7330 (Avg 0.7391) LR 2.85e-04   (AvgTime 1.1)   
   [Train] sup_loss:0.160828 lv_loss:0.032921 epi_loss:0.000012 total_loss:0.167413 pseudo_update_count:399092
   [Train] Epoch: [28][160/358]  Loss:0.161 (Avg 0.1949) IoU:0.661 (Avg 0.6218) Dice:0.7877 (Avg 0.7392) LR 2.85e-04   (AvgTime 1.1)   
   [Train] sup_loss:0.154242 lv_loss:0.036055 epi_loss:0.000014 total_loss:0.161454 pseudo_update_count:249413
   [Train] Epoch: [28][180/358]  Loss:0.185 (Avg 0.1962) IoU:0.667 (Avg 0.6203) Dice:0.7882 (Avg 0.7380) LR 2.85e-04   (AvgTime 1.1)   
   [Train] sup_loss:0.178018 lv_loss:0.033331 epi_loss:0.000017 total_loss:0.184685 pseudo_update_count:449117
   [Train] Epoch: [28][200/358]  Loss:0.188 (Avg 0.1955) IoU:0.642 (Avg 0.6212) Dice:0.7636 (Avg 0.7386) LR 2.85e-04   (AvgTime 1.1)   
   [Train] sup_loss:0.181482 lv_loss:0.034742 epi_loss:0.000008 total_loss:0.188430 pseudo_update_count:498557
   [Train] Epoch: [28][220/358]  Loss:0.218 (Avg 0.1949) IoU:0.556 (Avg 0.6214) Dice:0.6696 (Avg 0.7385) LR 2.85e-04   (AvgTime 1.1)   
   [Train] sup_loss:0.209652 lv_loss:0.039812 epi_loss:0.000011 total_loss:0.217615 pseudo_update_count:199372
   [Train] Epoch: [28][240/358]  Loss:0.184 (Avg 0.1946) IoU:0.625 (Avg 0.6222) Dice:0.7358 (Avg 0.7392) LR 2.85e-04   (AvgTime 1.1)   
   [Train] sup_loss:0.176712 lv_loss:0.034205 epi_loss:0.000008 total_loss:0.183554 pseudo_update_count:299499
   [Train] Epoch: [28][260/358]  Loss:0.198 (Avg 0.1937) IoU:0.682 (Avg 0.6227) Dice:0.7895 (Avg 0.7397) LR 2.85e-04   (AvgTime 1.1)   
   [Train] sup_loss:0.188281 lv_loss:0.047277 epi_loss:0.000017 total_loss:0.197737 pseudo_update_count:298272
   [Train] Epoch: [28][280/358]  Loss:0.148 (Avg 0.1929) IoU:0.636 (Avg 0.6236) Dice:0.7537 (Avg 0.7404) LR 2.85e-04   (AvgTime 1.1)   
   [Train] sup_loss:0.141417 lv_loss:0.034122 epi_loss:0.000012 total_loss:0.148242 pseudo_update_count:498251
   [Train] Epoch: [28][300/358]  Loss:0.199 (Avg 0.1939) IoU:0.631 (Avg 0.6232) Dice:0.7350 (Avg 0.7400) LR 2.85e-04   (AvgTime 1.1)   
   [Train] sup_loss:0.189438 lv_loss:0.046352 epi_loss:0.000023 total_loss:0.198709 pseudo_update_count:298663
   [Train] Epoch: [28][320/358]  Loss:0.347 (Avg 0.1940) IoU:0.520 (Avg 0.6235) Dice:0.6367 (Avg 0.7399) LR 2.85e-04   (AvgTime 1.1)   
   [Train] sup_loss:0.340553 lv_loss:0.033780 epi_loss:0.000010 total_loss:0.347310 pseudo_update_count:448968
   [Train] Epoch: [28][340/358]  Loss:0.155 (Avg 0.1943) IoU:0.704 (Avg 0.6237) Dice:0.8105 (Avg 0.7396) LR 2.85e-04   (AvgTime 1.1)   
   [Train] sup_loss:0.147705 lv_loss:0.034400 epi_loss:0.000014 total_loss:0.154585 pseudo_update_count:448839
[Train-Epoch-Metrics] epoch=28 sup_loss:0.187365 lv_loss:0.036818 epi_loss:0.000011 total_loss:0.194729 pseudo_update_count:142471512 labeled_seen:2858 unlabeled_seen:2858 Dice:0.739294 IoU:0.623442
Validation
   [Val] Epoch: [28][20/90]  Loss:0.197 (Avg 0.1912) IoU:0.667 (Avg 0.6305) Dice:0.7798 (Avg 0.7438) (AvgTime 0.5)   
   [Val] sup_loss:0.196812 lv_loss:0.000000 epi_loss:0.000000 total_loss:0.196812 pseudo_update_count:0
   [Val] Epoch: [28][40/90]  Loss:0.132 (Avg 0.1877) IoU:0.708 (Avg 0.6274) Dice:0.8162 (Avg 0.7406) (AvgTime 0.5)   
   [Val] sup_loss:0.132377 lv_loss:0.000000 epi_loss:0.000000 total_loss:0.132377 pseudo_update_count:0
   [Val] Epoch: [28][60/90]  Loss:0.171 (Avg 0.1859) IoU:0.650 (Avg 0.6283) Dice:0.7620 (Avg 0.7424) (AvgTime 0.5)   
   [Val] sup_loss:0.171110 lv_loss:0.000000 epi_loss:0.000000 total_loss:0.171110 pseudo_update_count:0
   [Val] Epoch: [28][80/90]  Loss:0.140 (Avg 0.1848) IoU:0.682 (Avg 0.6298) Dice:0.7880 (Avg 0.7446) (AvgTime 0.5)   
   [Val] sup_loss:0.139953 lv_loss:0.000000 epi_loss:0.000000 total_loss:0.139953 pseudo_update_count:0
[Val-Epoch-Metrics] epoch=28 sup_loss:0.188364 lv_loss:0.000000 epi_loss:0.000000 total_loss:0.188364 pseudo_update_count:0 labeled_seen:1429 unlabeled_seen:0 Dice:0.741797 IoU:0.626773
	 Mean dice:0.7418 does not increase, the best is still: 0.7444 in epoch 27
	 early_stopping_count: 1/100000

========= Epoch [29/76] =========
QaTa_Covid19_LViT_50pct_labels
Training with batch size : 16
[SemiSup] subset_ratio=0.5000 labeled_name_count=2858
   [Train] Epoch: [29][20/358]  Loss:0.226 (Avg 0.1793) IoU:0.588 (Avg 0.6495) Dice:0.7231 (Avg 0.7643) LR 1.86e-04   (AvgTime 1.2)   
   [Train] sup_loss:0.219748 lv_loss:0.029697 epi_loss:0.000011 total_loss:0.225688 pseudo_update_count:399393
   [Train] Epoch: [29][40/358]  Loss:0.102 (Avg 0.1786) IoU:0.612 (Avg 0.6375) Dice:0.7260 (Avg 0.7527) LR 1.86e-04   (AvgTime 1.2)   
   [Train] sup_loss:0.094399 lv_loss:0.036199 epi_loss:0.000011 total_loss:0.101639 pseudo_update_count:448255
   [Train] Epoch: [29][60/358]  Loss:0.110 (Avg 0.1790) IoU:0.758 (Avg 0.6353) Dice:0.8492 (Avg 0.7494) LR 1.86e-04   (AvgTime 1.1)   
   [Train] sup_loss:0.104426 lv_loss:0.029600 epi_loss:0.000008 total_loss:0.110347 pseudo_update_count:249303
   [Train] Epoch: [29][80/358]  Loss:0.141 (Avg 0.1828) IoU:0.694 (Avg 0.6362) Dice:0.8063 (Avg 0.7499) LR 1.86e-04   (AvgTime 1.1)   
   [Train] sup_loss:0.133825 lv_loss:0.037819 epi_loss:0.000006 total_loss:0.141389 pseudo_update_count:398913
   [Train] Epoch: [29][100/358]  Loss:0.143 (Avg 0.1844) IoU:0.640 (Avg 0.6370) Dice:0.7560 (Avg 0.7507) LR 1.86e-04   (AvgTime 1.1)   
   [Train] sup_loss:0.135301 lv_loss:0.038681 epi_loss:0.000011 total_loss:0.143038 pseudo_update_count:348568
   [Train] Epoch: [29][120/358]  Loss:0.194 (Avg 0.1861) IoU:0.598 (Avg 0.6356) Dice:0.7210 (Avg 0.7495) LR 1.86e-04   (AvgTime 1.1)   
   [Train] sup_loss:0.187159 lv_loss:0.033946 epi_loss:0.000010 total_loss:0.193948 pseudo_update_count:348982
   [Train] Epoch: [29][140/358]  Loss:0.107 (Avg 0.1862) IoU:0.740 (Avg 0.6348) Dice:0.8397 (Avg 0.7485) LR 1.86e-04   (AvgTime 1.1)   
   [Train] sup_loss:0.099640 lv_loss:0.035001 epi_loss:0.000011 total_loss:0.106641 pseudo_update_count:398631
   [Train] Epoch: [29][160/358]  Loss:0.178 (Avg 0.1877) IoU:0.642 (Avg 0.6331) Dice:0.7454 (Avg 0.7467) LR 1.86e-04   (AvgTime 1.1)   
   [Train] sup_loss:0.170963 lv_loss:0.035077 epi_loss:0.000010 total_loss:0.177979 pseudo_update_count:498396
   [Train] Epoch: [29][180/358]  Loss:0.178 (Avg 0.1861) IoU:0.675 (Avg 0.6333) Dice:0.7893 (Avg 0.7468) LR 1.86e-04   (AvgTime 1.1)   
   [Train] sup_loss:0.171323 lv_loss:0.032588 epi_loss:0.000011 total_loss:0.177841 pseudo_update_count:299190
   [Train] Epoch: [29][200/358]  Loss:0.155 (Avg 0.1865) IoU:0.556 (Avg 0.6316) Dice:0.6793 (Avg 0.7453) LR 1.86e-04   (AvgTime 1.1)   
   [Train] sup_loss:0.149258 lv_loss:0.030306 epi_loss:0.000012 total_loss:0.155320 pseudo_update_count:499073
   [Train] Epoch: [29][220/358]  Loss:0.262 (Avg 0.1868) IoU:0.589 (Avg 0.6325) Dice:0.6843 (Avg 0.7460) LR 1.86e-04   (AvgTime 1.1)   
   [Train] sup_loss:0.254957 lv_loss:0.032786 epi_loss:0.000015 total_loss:0.261515 pseudo_update_count:349308
   [Train] Epoch: [29][240/358]  Loss:0.129 (Avg 0.1875) IoU:0.684 (Avg 0.6322) Dice:0.7960 (Avg 0.7460) LR 1.86e-04   (AvgTime 1.1)   
   [Train] sup_loss:0.123567 lv_loss:0.028926 epi_loss:0.000005 total_loss:0.129352 pseudo_update_count:349374
   [Train] Epoch: [29][260/358]  Loss:0.201 (Avg 0.1889) IoU:0.487 (Avg 0.6301) Dice:0.6326 (Avg 0.7442) LR 1.86e-04   (AvgTime 1.1)   
   [Train] sup_loss:0.192667 lv_loss:0.043479 epi_loss:0.000010 total_loss:0.201363 pseudo_update_count:397719
   [Train] Epoch: [29][280/358]  Loss:0.196 (Avg 0.1889) IoU:0.649 (Avg 0.6290) Dice:0.7613 (Avg 0.7434) LR 1.86e-04   (AvgTime 1.1)   
   [Train] sup_loss:0.188005 lv_loss:0.039647 epi_loss:0.000010 total_loss:0.195935 pseudo_update_count:547402
   [Train] Epoch: [29][300/358]  Loss:0.188 (Avg 0.1885) IoU:0.685 (Avg 0.6295) Dice:0.8002 (Avg 0.7436) LR 1.86e-04   (AvgTime 1.1)   
   [Train] sup_loss:0.180623 lv_loss:0.038200 epi_loss:0.000012 total_loss:0.188264 pseudo_update_count:448094
   [Train] Epoch: [29][320/358]  Loss:0.231 (Avg 0.1887) IoU:0.589 (Avg 0.6292) Dice:0.7066 (Avg 0.7435) LR 1.86e-04   (AvgTime 1.1)   
   [Train] sup_loss:0.223561 lv_loss:0.038152 epi_loss:0.000009 total_loss:0.231192 pseudo_update_count:448757
   [Train] Epoch: [29][340/358]  Loss:0.153 (Avg 0.1875) IoU:0.711 (Avg 0.6298) Dice:0.8261 (Avg 0.7442) LR 1.86e-04   (AvgTime 1.1)   
   [Train] sup_loss:0.146356 lv_loss:0.034426 epi_loss:0.000013 total_loss:0.153242 pseudo_update_count:498299
[Train-Epoch-Metrics] epoch=29 sup_loss:0.181561 lv_loss:0.035169 epi_loss:0.000011 total_loss:0.188595 pseudo_update_count:142462301 labeled_seen:2858 unlabeled_seen:2858 Dice:0.743533 IoU:0.628874
Validation
   [Val] Epoch: [29][20/90]  Loss:0.169 (Avg 0.1911) IoU:0.642 (Avg 0.6180) Dice:0.7672 (Avg 0.7386) (AvgTime 0.5)   
   [Val] sup_loss:0.169442 lv_loss:0.000000 epi_loss:0.000000 total_loss:0.169442 pseudo_update_count:0
   [Val] Epoch: [29][40/90]  Loss:0.191 (Avg 0.1985) IoU:0.605 (Avg 0.6068) Dice:0.7162 (Avg 0.7248) (AvgTime 0.5)   
   [Val] sup_loss:0.191499 lv_loss:0.000000 epi_loss:0.000000 total_loss:0.191499 pseudo_update_count:0
   [Val] Epoch: [29][60/90]  Loss:0.240 (Avg 0.1965) IoU:0.539 (Avg 0.6043) Dice:0.6665 (Avg 0.7226) (AvgTime 0.5)   
   [Val] sup_loss:0.239703 lv_loss:0.000000 epi_loss:0.000000 total_loss:0.239703 pseudo_update_count:0
   [Val] Epoch: [29][80/90]  Loss:0.251 (Avg 0.1956) IoU:0.468 (Avg 0.6052) Dice:0.5967 (Avg 0.7227) (AvgTime 0.5)   
   [Val] sup_loss:0.251186 lv_loss:0.000000 epi_loss:0.000000 total_loss:0.251186 pseudo_update_count:0
[Val-Epoch-Metrics] epoch=29 sup_loss:0.193627 lv_loss:0.000000 epi_loss:0.000000 total_loss:0.193627 pseudo_update_count:0 labeled_seen:1429 unlabeled_seen:0 Dice:0.725650 IoU:0.608699
	 Mean dice:0.7257 does not increase, the best is still: 0.7444 in epoch 27
	 early_stopping_count: 2/100000

========= Epoch [30/76] =========
QaTa_Covid19_LViT_50pct_labels
Training with batch size : 16
[SemiSup] subset_ratio=0.5000 labeled_name_count=2858
   [Train] Epoch: [30][20/358]  Loss:0.144 (Avg 0.1719) IoU:0.650 (Avg 0.6574) Dice:0.7717 (Avg 0.7711) LR 1.22e-04   (AvgTime 1.2)   
   [Train] sup_loss:0.136609 lv_loss:0.035137 epi_loss:0.000010 total_loss:0.143637 pseudo_update_count:498587
   [Train] Epoch: [30][40/358]  Loss:0.137 (Avg 0.1797) IoU:0.696 (Avg 0.6459) Dice:0.7963 (Avg 0.7595) LR 1.22e-04   (AvgTime 1.2)   
   [Train] sup_loss:0.130861 lv_loss:0.032469 epi_loss:0.000009 total_loss:0.137355 pseudo_update_count:449259
   [Train] Epoch: [30][60/358]  Loss:0.108 (Avg 0.1793) IoU:0.692 (Avg 0.6440) Dice:0.7932 (Avg 0.7575) LR 1.22e-04   (AvgTime 1.2)   
   [Train] sup_loss:0.099039 lv_loss:0.042684 epi_loss:0.000017 total_loss:0.107576 pseudo_update_count:447915
   [Train] Epoch: [30][80/358]  Loss:0.151 (Avg 0.1779) IoU:0.702 (Avg 0.6479) Dice:0.8093 (Avg 0.7607) LR 1.22e-04   (AvgTime 1.1)   
   [Train] sup_loss:0.145038 lv_loss:0.027901 epi_loss:0.000011 total_loss:0.150618 pseudo_update_count:449691
   [Train] Epoch: [30][100/358]  Loss:0.156 (Avg 0.1821) IoU:0.729 (Avg 0.6423) Dice:0.8274 (Avg 0.7559) LR 1.22e-04   (AvgTime 1.1)   
   [Train] sup_loss:0.148857 lv_loss:0.034706 epi_loss:0.000015 total_loss:0.155799 pseudo_update_count:349321
   [Train] Epoch: [30][120/358]  Loss:0.159 (Avg 0.1824) IoU:0.714 (Avg 0.6445) Dice:0.8117 (Avg 0.7582) LR 1.22e-04   (AvgTime 1.1)   
   [Train] sup_loss:0.151670 lv_loss:0.034155 epi_loss:0.000015 total_loss:0.158502 pseudo_update_count:398259
   [Train] Epoch: [30][140/358]  Loss:0.178 (Avg 0.1830) IoU:0.523 (Avg 0.6399) Dice:0.6319 (Avg 0.7541) LR 1.22e-04   (AvgTime 1.1)   
   [Train] sup_loss:0.170868 lv_loss:0.036113 epi_loss:0.000011 total_loss:0.178091 pseudo_update_count:348566
   [Train] Epoch: [30][160/358]  Loss:0.239 (Avg 0.1830) IoU:0.577 (Avg 0.6405) Dice:0.7088 (Avg 0.7546) LR 1.22e-04   (AvgTime 1.1)   
   [Train] sup_loss:0.232836 lv_loss:0.031765 epi_loss:0.000015 total_loss:0.239190 pseudo_update_count:399126
   [Train] Epoch: [30][180/358]  Loss:0.169 (Avg 0.1833) IoU:0.634 (Avg 0.6419) Dice:0.7595 (Avg 0.7557) LR 1.22e-04   (AvgTime 1.1)   
   [Train] sup_loss:0.162169 lv_loss:0.032805 epi_loss:0.000008 total_loss:0.168730 pseudo_update_count:349472
   [Train] Epoch: [30][200/358]  Loss:0.222 (Avg 0.1842) IoU:0.613 (Avg 0.6389) Dice:0.7426 (Avg 0.7532) LR 1.22e-04   (AvgTime 1.1)   
   [Train] sup_loss:0.213592 lv_loss:0.041629 epi_loss:0.000013 total_loss:0.221919 pseudo_update_count:497886
   [Train] Epoch: [30][220/358]  Loss:0.136 (Avg 0.1857) IoU:0.676 (Avg 0.6369) Dice:0.7875 (Avg 0.7515) LR 1.22e-04   (AvgTime 1.1)   
   [Train] sup_loss:0.129404 lv_loss:0.032063 epi_loss:0.000011 total_loss:0.135817 pseudo_update_count:498993
   [Train] Epoch: [30][240/358]  Loss:0.159 (Avg 0.1841) IoU:0.663 (Avg 0.6370) Dice:0.7811 (Avg 0.7511) LR 1.22e-04   (AvgTime 1.1)   
   [Train] sup_loss:0.153848 lv_loss:0.025621 epi_loss:0.000007 total_loss:0.158973 pseudo_update_count:449676
   [Train] Epoch: [30][260/358]  Loss:0.200 (Avg 0.1849) IoU:0.607 (Avg 0.6361) Dice:0.7297 (Avg 0.7505) LR 1.22e-04   (AvgTime 1.1)   
   [Train] sup_loss:0.192800 lv_loss:0.037537 epi_loss:0.000006 total_loss:0.200307 pseudo_update_count:199057
   [Train] Epoch: [30][280/358]  Loss:0.155 (Avg 0.1834) IoU:0.669 (Avg 0.6374) Dice:0.7731 (Avg 0.7513) LR 1.22e-04   (AvgTime 1.1)   
   [Train] sup_loss:0.147590 lv_loss:0.036746 epi_loss:0.000008 total_loss:0.154940 pseudo_update_count:298902
   [Train] Epoch: [30][300/358]  Loss:0.103 (Avg 0.1828) IoU:0.696 (Avg 0.6381) Dice:0.7810 (Avg 0.7520) LR 1.22e-04   (AvgTime 1.1)   
   [Train] sup_loss:0.098784 lv_loss:0.023119 epi_loss:0.000009 total_loss:0.103409 pseudo_update_count:449832
   [Train] Epoch: [30][320/358]  Loss:0.164 (Avg 0.1834) IoU:0.708 (Avg 0.6376) Dice:0.8060 (Avg 0.7515) LR 1.22e-04   (AvgTime 1.1)   
   [Train] sup_loss:0.156107 lv_loss:0.040129 epi_loss:0.000011 total_loss:0.164134 pseudo_update_count:448037
   [Train] Epoch: [30][340/358]  Loss:0.178 (Avg 0.1840) IoU:0.603 (Avg 0.6373) Dice:0.7206 (Avg 0.7512) LR 1.22e-04   (AvgTime 1.1)   
   [Train] sup_loss:0.171916 lv_loss:0.029842 epi_loss:0.000011 total_loss:0.177885 pseudo_update_count:349517
[Train-Epoch-Metrics] epoch=30 sup_loss:0.177368 lv_loss:0.034671 epi_loss:0.000011 total_loss:0.184303 pseudo_update_count:142466872 labeled_seen:2858 unlabeled_seen:2858 Dice:0.750292 IoU:0.636104
Validation
   [Val] Epoch: [30][20/90]  Loss:0.108 (Avg 0.1695) IoU:0.779 (Avg 0.6540) Dice:0.8508 (Avg 0.7642) (AvgTime 0.5)   
   [Val] sup_loss:0.108355 lv_loss:0.000000 epi_loss:0.000000 total_loss:0.108355 pseudo_update_count:0
   [Val] Epoch: [30][40/90]  Loss:0.187 (Avg 0.1767) IoU:0.614 (Avg 0.6401) Dice:0.7292 (Avg 0.7522) (AvgTime 0.5)   
   [Val] sup_loss:0.187023 lv_loss:0.000000 epi_loss:0.000000 total_loss:0.187023 pseudo_update_count:0
   [Val] Epoch: [30][60/90]  Loss:0.169 (Avg 0.1820) IoU:0.625 (Avg 0.6371) Dice:0.7468 (Avg 0.7501) (AvgTime 0.5)   
   [Val] sup_loss:0.169309 lv_loss:0.000000 epi_loss:0.000000 total_loss:0.169309 pseudo_update_count:0
   [Val] Epoch: [30][80/90]  Loss:0.171 (Avg 0.1818) IoU:0.664 (Avg 0.6381) Dice:0.7692 (Avg 0.7511) (AvgTime 0.5)   
   [Val] sup_loss:0.171464 lv_loss:0.000000 epi_loss:0.000000 total_loss:0.171464 pseudo_update_count:0
[Val-Epoch-Metrics] epoch=30 sup_loss:0.181685 lv_loss:0.000000 epi_loss:0.000000 total_loss:0.181685 pseudo_update_count:0 labeled_seen:1429 unlabeled_seen:0 Dice:0.751332 IoU:0.638294
	 Saving best model, mean dice increased from: 0.7444 to 0.7513
	 Saving to QaTa-Covid19/LViT/QaTa_Covid19_LViT_50pct_labels/models/
	 early_stopping_count: 0/100000

========= Epoch [31/76] =========
QaTa_Covid19_LViT_50pct_labels
Training with batch size : 16
[SemiSup] subset_ratio=0.5000 labeled_name_count=2858
   [Train] Epoch: [31][20/358]  Loss:0.176 (Avg 0.1700) IoU:0.627 (Avg 0.6407) Dice:0.7581 (Avg 0.7523) LR 1.00e-03   (AvgTime 1.2)   
   [Train] sup_loss:0.170015 lv_loss:0.031630 epi_loss:0.000012 total_loss:0.176341 pseudo_update_count:449200
   [Train] Epoch: [31][40/358]  Loss:0.287 (Avg 0.1856) IoU:0.579 (Avg 0.6233) Dice:0.6941 (Avg 0.7360) LR 1.00e-03   (AvgTime 1.2)   
   [Train] sup_loss:0.278387 lv_loss:0.040915 epi_loss:0.000012 total_loss:0.286571 pseudo_update_count:546971
   [Train] Epoch: [31][60/358]  Loss:0.204 (Avg 0.1865) IoU:0.679 (Avg 0.6225) Dice:0.7941 (Avg 0.7368) LR 1.00e-03   (AvgTime 1.2)   
   [Train] sup_loss:0.197160 lv_loss:0.032269 epi_loss:0.000017 total_loss:0.203614 pseudo_update_count:448964
   [Train] Epoch: [31][80/358]  Loss:0.142 (Avg 0.1888) IoU:0.694 (Avg 0.6177) Dice:0.7961 (Avg 0.7328) LR 1.00e-03   (AvgTime 1.1)   
   [Train] sup_loss:0.135051 lv_loss:0.035646 epi_loss:0.000008 total_loss:0.142181 pseudo_update_count:199471
   [Train] Epoch: [31][100/358]  Loss:0.281 (Avg 0.1943) IoU:0.536 (Avg 0.6169) Dice:0.6527 (Avg 0.7326) LR 1.00e-03   (AvgTime 1.1)   
   [Train] sup_loss:0.273191 lv_loss:0.039469 epi_loss:0.000013 total_loss:0.281085 pseudo_update_count:498064
   [Train] Epoch: [31][120/358]  Loss:0.279 (Avg 0.1988) IoU:0.582 (Avg 0.6127) Dice:0.7166 (Avg 0.7294) LR 1.00e-03   (AvgTime 1.1)   
   [Train] sup_loss:0.270938 lv_loss:0.039818 epi_loss:0.000009 total_loss:0.278902 pseudo_update_count:348897
   [Train] Epoch: [31][140/358]  Loss:0.159 (Avg 0.1998) IoU:0.632 (Avg 0.6133) Dice:0.7610 (Avg 0.7302) LR 1.00e-03   (AvgTime 1.1)   
   [Train] sup_loss:0.150561 lv_loss:0.040156 epi_loss:0.000011 total_loss:0.158593 pseudo_update_count:498097
   [Train] Epoch: [31][160/358]  Loss:0.205 (Avg 0.2000) IoU:0.609 (Avg 0.6145) Dice:0.7200 (Avg 0.7316) LR 1.00e-03   (AvgTime 1.1)   
   [Train] sup_loss:0.196368 lv_loss:0.045418 epi_loss:0.000009 total_loss:0.205452 pseudo_update_count:348205
   [Train] Epoch: [31][180/358]  Loss:0.236 (Avg 0.2022) IoU:0.668 (Avg 0.6125) Dice:0.7793 (Avg 0.7299) LR 1.00e-03   (AvgTime 1.1)   
   [Train] sup_loss:0.229224 lv_loss:0.035410 epi_loss:0.000016 total_loss:0.236307 pseudo_update_count:349365
   [Train] Epoch: [31][200/358]  Loss:0.225 (Avg 0.2035) IoU:0.521 (Avg 0.6108) Dice:0.6600 (Avg 0.7282) LR 1.00e-03   (AvgTime 1.1)   
   [Train] sup_loss:0.215971 lv_loss:0.044902 epi_loss:0.000006 total_loss:0.224951 pseudo_update_count:248553
   [Train] Epoch: [31][220/358]  Loss:0.207 (Avg 0.2046) IoU:0.517 (Avg 0.6105) Dice:0.6260 (Avg 0.7279) LR 1.00e-03   (AvgTime 1.1)   
   [Train] sup_loss:0.197939 lv_loss:0.046332 epi_loss:0.000006 total_loss:0.207205 pseudo_update_count:447137
   [Train] Epoch: [31][240/358]  Loss:0.179 (Avg 0.2052) IoU:0.608 (Avg 0.6100) Dice:0.7208 (Avg 0.7275) LR 1.00e-03   (AvgTime 1.1)   
   [Train] sup_loss:0.169479 lv_loss:0.048021 epi_loss:0.000010 total_loss:0.179084 pseudo_update_count:498126
   [Train] Epoch: [31][260/358]  Loss:0.166 (Avg 0.2066) IoU:0.653 (Avg 0.6081) Dice:0.7582 (Avg 0.7260) LR 1.00e-03   (AvgTime 1.1)   
   [Train] sup_loss:0.158700 lv_loss:0.036682 epi_loss:0.000011 total_loss:0.166037 pseudo_update_count:149644
   [Train] Epoch: [31][280/358]  Loss:0.224 (Avg 0.2069) IoU:0.554 (Avg 0.6076) Dice:0.6848 (Avg 0.7257) LR 1.00e-03   (AvgTime 1.1)   
   [Train] sup_loss:0.216789 lv_loss:0.037036 epi_loss:0.000012 total_loss:0.224197 pseudo_update_count:199322
   [Train] Epoch: [31][300/358]  Loss:0.231 (Avg 0.2078) IoU:0.640 (Avg 0.6069) Dice:0.7597 (Avg 0.7252) LR 1.00e-03   (AvgTime 1.1)   
   [Train] sup_loss:0.222007 lv_loss:0.043392 epi_loss:0.000013 total_loss:0.230686 pseudo_update_count:497931
   [Train] Epoch: [31][320/358]  Loss:0.221 (Avg 0.2092) IoU:0.551 (Avg 0.6050) Dice:0.6811 (Avg 0.7236) LR 1.00e-03   (AvgTime 1.1)   
   [Train] sup_loss:0.213442 lv_loss:0.038558 epi_loss:0.000015 total_loss:0.221154 pseudo_update_count:398877
   [Train] Epoch: [31][340/358]  Loss:0.256 (Avg 0.2106) IoU:0.649 (Avg 0.6034) Dice:0.7680 (Avg 0.7220) LR 1.00e-03   (AvgTime 1.1)   
   [Train] sup_loss:0.247708 lv_loss:0.041486 epi_loss:0.000013 total_loss:0.256006 pseudo_update_count:348100
[Train-Epoch-Metrics] epoch=31 sup_loss:0.203172 lv_loss:0.040295 epi_loss:0.000011 total_loss:0.211232 pseudo_update_count:142358502 labeled_seen:2858 unlabeled_seen:2858 Dice:0.721199 IoU:0.602499
Validation
   [Val] Epoch: [31][20/90]  Loss:0.257 (Avg 0.2712) IoU:0.516 (Avg 0.4864) Dice:0.6297 (Avg 0.6141) (AvgTime 0.5)   
   [Val] sup_loss:0.256863 lv_loss:0.000000 epi_loss:0.000000 total_loss:0.256863 pseudo_update_count:0
   [Val] Epoch: [31][40/90]  Loss:0.319 (Avg 0.2675) IoU:0.433 (Avg 0.4981) Dice:0.5694 (Avg 0.6259) (AvgTime 0.5)   
   [Val] sup_loss:0.318615 lv_loss:0.000000 epi_loss:0.000000 total_loss:0.318615 pseudo_update_count:0
   [Val] Epoch: [31][60/90]  Loss:0.222 (Avg 0.2654) IoU:0.566 (Avg 0.5006) Dice:0.6834 (Avg 0.6267) (AvgTime 0.5)   
   [Val] sup_loss:0.221865 lv_loss:0.000000 epi_loss:0.000000 total_loss:0.221865 pseudo_update_count:0
   [Val] Epoch: [31][80/90]  Loss:0.248 (Avg 0.2670) IoU:0.517 (Avg 0.4998) Dice:0.6488 (Avg 0.6259) (AvgTime 0.5)   
   [Val] sup_loss:0.247999 lv_loss:0.000000 epi_loss:0.000000 total_loss:0.247999 pseudo_update_count:0
[Val-Epoch-Metrics] epoch=31 sup_loss:0.265778 lv_loss:0.000000 epi_loss:0.000000 total_loss:0.265778 pseudo_update_count:0 labeled_seen:1429 unlabeled_seen:0 Dice:0.626579 IoU:0.500423
	 Mean dice:0.6266 does not increase, the best is still: 0.7513 in epoch 30
	 early_stopping_count: 1/100000

========= Epoch [32/76] =========
QaTa_Covid19_LViT_50pct_labels
Training with batch size : 16
[SemiSup] subset_ratio=0.5000 labeled_name_count=2858
   [Train] Epoch: [32][20/358]  Loss:0.204 (Avg 0.2059) IoU:0.579 (Avg 0.6125) Dice:0.7090 (Avg 0.7336) LR 9.78e-04   (AvgTime 1.2)   
   [Train] sup_loss:0.196874 lv_loss:0.034221 epi_loss:0.000010 total_loss:0.203719 pseudo_update_count:398757
   [Train] Epoch: [32][40/358]  Loss:0.207 (Avg 0.2051) IoU:0.593 (Avg 0.6119) Dice:0.7161 (Avg 0.7314) LR 9.78e-04   (AvgTime 1.2)   
   [Train] sup_loss:0.198677 lv_loss:0.040183 epi_loss:0.000013 total_loss:0.206714 pseudo_update_count:248787
   [Train] Epoch: [32][60/358]  Loss:0.209 (Avg 0.2104) IoU:0.525 (Avg 0.6026) Dice:0.6454 (Avg 0.7215) LR 9.78e-04   (AvgTime 1.1)   
   [Train] sup_loss:0.199865 lv_loss:0.043874 epi_loss:0.000014 total_loss:0.208640 pseudo_update_count:497661
   [Train] Epoch: [32][80/358]  Loss:0.215 (Avg 0.2097) IoU:0.608 (Avg 0.6048) Dice:0.7441 (Avg 0.7232) LR 9.78e-04   (AvgTime 1.1)   
   [Train] sup_loss:0.207686 lv_loss:0.035206 epi_loss:0.000009 total_loss:0.214727 pseudo_update_count:448951
   [Train] Epoch: [32][100/358]  Loss:0.323 (Avg 0.2124) IoU:0.534 (Avg 0.6062) Dice:0.6516 (Avg 0.7244) LR 9.78e-04   (AvgTime 1.1)   
   [Train] sup_loss:0.315990 lv_loss:0.035371 epi_loss:0.000010 total_loss:0.323065 pseudo_update_count:349430
   [Train] Epoch: [32][120/358]  Loss:0.137 (Avg 0.2136) IoU:0.685 (Avg 0.6055) Dice:0.7950 (Avg 0.7235) LR 9.78e-04   (AvgTime 1.1)   
   [Train] sup_loss:0.127813 lv_loss:0.043809 epi_loss:0.000010 total_loss:0.136575 pseudo_update_count:348441
   [Train] Epoch: [32][140/358]  Loss:0.135 (Avg 0.2136) IoU:0.640 (Avg 0.6033) Dice:0.7574 (Avg 0.7220) LR 9.78e-04   (AvgTime 1.1)   
   [Train] sup_loss:0.126139 lv_loss:0.042531 epi_loss:0.000012 total_loss:0.134645 pseudo_update_count:696394
   [Train] Epoch: [32][160/358]  Loss:0.174 (Avg 0.2147) IoU:0.671 (Avg 0.6022) Dice:0.7827 (Avg 0.7208) LR 9.78e-04   (AvgTime 1.1)   
   [Train] sup_loss:0.166320 lv_loss:0.039986 epi_loss:0.000010 total_loss:0.174318 pseudo_update_count:497896
   [Train] Epoch: [32][180/358]  Loss:0.121 (Avg 0.2132) IoU:0.656 (Avg 0.6040) Dice:0.7630 (Avg 0.7230) LR 9.78e-04   (AvgTime 1.1)   
   [Train] sup_loss:0.113082 lv_loss:0.038711 epi_loss:0.000012 total_loss:0.120825 pseudo_update_count:548232
   [Train] Epoch: [32][200/358]  Loss:0.166 (Avg 0.2119) IoU:0.619 (Avg 0.6049) Dice:0.7472 (Avg 0.7236) LR 9.78e-04   (AvgTime 1.1)   
   [Train] sup_loss:0.157497 lv_loss:0.040202 epi_loss:0.000010 total_loss:0.165538 pseudo_update_count:597448
   [Train] Epoch: [32][220/358]  Loss:0.207 (Avg 0.2129) IoU:0.644 (Avg 0.6034) Dice:0.7704 (Avg 0.7223) LR 9.78e-04   (AvgTime 1.1)   
   [Train] sup_loss:0.197852 lv_loss:0.045562 epi_loss:0.000009 total_loss:0.206965 pseudo_update_count:497311
   [Train] Epoch: [32][240/358]  Loss:0.207 (Avg 0.2139) IoU:0.461 (Avg 0.6027) Dice:0.5777 (Avg 0.7215) LR 9.78e-04   (AvgTime 1.1)   
   [Train] sup_loss:0.196005 lv_loss:0.056336 epi_loss:0.000010 total_loss:0.207273 pseudo_update_count:445330
   [Train] Epoch: [32][260/358]  Loss:0.262 (Avg 0.2139) IoU:0.517 (Avg 0.6011) Dice:0.6271 (Avg 0.7197) LR 9.78e-04   (AvgTime 1.1)   
   [Train] sup_loss:0.251541 lv_loss:0.050494 epi_loss:0.000009 total_loss:0.261640 pseudo_update_count:397262
   [Train] Epoch: [32][280/358]  Loss:0.204 (Avg 0.2149) IoU:0.593 (Avg 0.6001) Dice:0.7144 (Avg 0.7192) LR 9.78e-04   (AvgTime 1.1)   
   [Train] sup_loss:0.195367 lv_loss:0.041364 epi_loss:0.000007 total_loss:0.203640 pseudo_update_count:448294
   [Train] Epoch: [32][300/358]  Loss:0.315 (Avg 0.2149) IoU:0.515 (Avg 0.5988) Dice:0.6259 (Avg 0.7179) LR 9.78e-04   (AvgTime 1.1)   
   [Train] sup_loss:0.305741 lv_loss:0.045334 epi_loss:0.000012 total_loss:0.314809 pseudo_update_count:497560
   [Train] Epoch: [32][320/358]  Loss:0.416 (Avg 0.2165) IoU:0.460 (Avg 0.5978) Dice:0.5779 (Avg 0.7170) LR 9.78e-04   (AvgTime 1.1)   
   [Train] sup_loss:0.406587 lv_loss:0.044720 epi_loss:0.000010 total_loss:0.415532 pseudo_update_count:498088
   [Train] Epoch: [32][340/358]  Loss:0.232 (Avg 0.2159) IoU:0.556 (Avg 0.5964) Dice:0.6787 (Avg 0.7158) LR 9.78e-04   (AvgTime 1.1)   
   [Train] sup_loss:0.223171 lv_loss:0.043160 epi_loss:0.000015 total_loss:0.231803 pseudo_update_count:398082
[Train-Epoch-Metrics] epoch=32 sup_loss:0.207709 lv_loss:0.041577 epi_loss:0.000012 total_loss:0.216025 pseudo_update_count:142338924 labeled_seen:2858 unlabeled_seen:2858 Dice:0.716357 IoU:0.597160
Validation
   [Val] Epoch: [32][20/90]  Loss:0.161 (Avg 0.2013) IoU:0.646 (Avg 0.6221) Dice:0.7553 (Avg 0.7347) (AvgTime 0.5)   
   [Val] sup_loss:0.160568 lv_loss:0.000000 epi_loss:0.000000 total_loss:0.160568 pseudo_update_count:0
   [Val] Epoch: [32][40/90]  Loss:0.241 (Avg 0.2048) IoU:0.555 (Avg 0.6153) Dice:0.6790 (Avg 0.7308) (AvgTime 0.5)   
   [Val] sup_loss:0.240615 lv_loss:0.000000 epi_loss:0.000000 total_loss:0.240615 pseudo_update_count:0
   [Val] Epoch: [32][60/90]  Loss:0.252 (Avg 0.2115) IoU:0.608 (Avg 0.6087) Dice:0.7116 (Avg 0.7258) (AvgTime 0.5)   
   [Val] sup_loss:0.252347 lv_loss:0.000000 epi_loss:0.000000 total_loss:0.252347 pseudo_update_count:0
   [Val] Epoch: [32][80/90]  Loss:0.206 (Avg 0.2099) IoU:0.598 (Avg 0.6080) Dice:0.7209 (Avg 0.7249) (AvgTime 0.5)   
   [Val] sup_loss:0.206221 lv_loss:0.000000 epi_loss:0.000000 total_loss:0.206221 pseudo_update_count:0
[Val-Epoch-Metrics] epoch=32 sup_loss:0.209505 lv_loss:0.000000 epi_loss:0.000000 total_loss:0.209505 pseudo_update_count:0 labeled_seen:1429 unlabeled_seen:0 Dice:0.723956 IoU:0.607447
	 Mean dice:0.7240 does not increase, the best is still: 0.7513 in epoch 30
	 early_stopping_count: 2/100000

========= Epoch [33/76] =========
QaTa_Covid19_LViT_50pct_labels
Training with batch size : 16
[SemiSup] subset_ratio=0.5000 labeled_name_count=2858
   [Train] Epoch: [33][20/358]  Loss:0.275 (Avg 0.2195) IoU:0.611 (Avg 0.5819) Dice:0.7215 (Avg 0.7030) LR 9.14e-04   (AvgTime 1.2)   
   [Train] sup_loss:0.268290 lv_loss:0.034272 epi_loss:0.000011 total_loss:0.275145 pseudo_update_count:498547
   [Train] Epoch: [33][40/358]  Loss:0.441 (Avg 0.2191) IoU:0.532 (Avg 0.5927) Dice:0.6556 (Avg 0.7121) LR 9.14e-04   (AvgTime 1.2)   
   [Train] sup_loss:0.432934 lv_loss:0.040845 epi_loss:0.000014 total_loss:0.441104 pseudo_update_count:398378
   [Train] Epoch: [33][60/358]  Loss:0.145 (Avg 0.2088) IoU:0.643 (Avg 0.6019) Dice:0.7493 (Avg 0.7200) LR 9.14e-04   (AvgTime 1.1)   
   [Train] sup_loss:0.137424 lv_loss:0.038598 epi_loss:0.000009 total_loss:0.145144 pseudo_update_count:399196
   [Train] Epoch: [33][80/358]  Loss:0.159 (Avg 0.2070) IoU:0.656 (Avg 0.6065) Dice:0.7679 (Avg 0.7245) LR 9.14e-04   (AvgTime 1.1)   
   [Train] sup_loss:0.150414 lv_loss:0.042466 epi_loss:0.000008 total_loss:0.158907 pseudo_update_count:448403
   [Train] Epoch: [33][100/358]  Loss:0.159 (Avg 0.2068) IoU:0.554 (Avg 0.6075) Dice:0.6707 (Avg 0.7256) LR 9.14e-04   (AvgTime 1.1)   
   [Train] sup_loss:0.150063 lv_loss:0.042792 epi_loss:0.000010 total_loss:0.158622 pseudo_update_count:547536
   [Train] Epoch: [33][120/358]  Loss:0.218 (Avg 0.2044) IoU:0.529 (Avg 0.6075) Dice:0.6440 (Avg 0.7249) LR 9.14e-04   (AvgTime 1.1)   
   [Train] sup_loss:0.208092 lv_loss:0.047903 epi_loss:0.000015 total_loss:0.217674 pseudo_update_count:397790
   [Train] Epoch: [33][140/358]  Loss:0.171 (Avg 0.2047) IoU:0.623 (Avg 0.6062) Dice:0.7450 (Avg 0.7238) LR 9.14e-04   (AvgTime 1.1)   
   [Train] sup_loss:0.164970 lv_loss:0.032167 epi_loss:0.000006 total_loss:0.171403 pseudo_update_count:399308
   [Train] Epoch: [33][160/358]  Loss:0.145 (Avg 0.2058) IoU:0.735 (Avg 0.6044) Dice:0.8311 (Avg 0.7216) LR 9.14e-04   (AvgTime 1.1)   
   [Train] sup_loss:0.136765 lv_loss:0.040791 epi_loss:0.000013 total_loss:0.144923 pseudo_update_count:298900
   [Train] Epoch: [33][180/358]  Loss:0.227 (Avg 0.2065) IoU:0.625 (Avg 0.6080) Dice:0.7383 (Avg 0.7248) LR 9.14e-04   (AvgTime 1.1)   
   [Train] sup_loss:0.219232 lv_loss:0.038695 epi_loss:0.000011 total_loss:0.226972 pseudo_update_count:448449
   [Train] Epoch: [33][200/358]  Loss:0.224 (Avg 0.2059) IoU:0.509 (Avg 0.6100) Dice:0.6390 (Avg 0.7269) LR 9.14e-04   (AvgTime 1.1)   
   [Train] sup_loss:0.214485 lv_loss:0.049974 epi_loss:0.000010 total_loss:0.224481 pseudo_update_count:447167
   [Train] Epoch: [33][220/358]  Loss:0.166 (Avg 0.2065) IoU:0.743 (Avg 0.6085) Dice:0.8391 (Avg 0.7254) LR 9.14e-04   (AvgTime 1.1)   
   [Train] sup_loss:0.158936 lv_loss:0.036511 epi_loss:0.000014 total_loss:0.166239 pseudo_update_count:548606
   [Train] Epoch: [33][240/358]  Loss:0.197 (Avg 0.2079) IoU:0.645 (Avg 0.6065) Dice:0.7676 (Avg 0.7235) LR 9.14e-04   (AvgTime 1.1)   
   [Train] sup_loss:0.190029 lv_loss:0.037131 epi_loss:0.000011 total_loss:0.197456 pseudo_update_count:448832
   [Train] Epoch: [33][260/358]  Loss:0.194 (Avg 0.2073) IoU:0.584 (Avg 0.6077) Dice:0.7128 (Avg 0.7246) LR 9.14e-04   (AvgTime 1.1)   
   [Train] sup_loss:0.185831 lv_loss:0.038862 epi_loss:0.000008 total_loss:0.193604 pseudo_update_count:398644
   [Train] Epoch: [33][280/358]  Loss:0.228 (Avg 0.2078) IoU:0.619 (Avg 0.6079) Dice:0.7350 (Avg 0.7248) LR 9.14e-04   (AvgTime 1.1)   
   [Train] sup_loss:0.219892 lv_loss:0.038473 epi_loss:0.000008 total_loss:0.227587 pseudo_update_count:598200
   [Train] Epoch: [33][300/358]  Loss:0.265 (Avg 0.2097) IoU:0.571 (Avg 0.6052) Dice:0.6896 (Avg 0.7226) LR 9.14e-04   (AvgTime 1.1)   
   [Train] sup_loss:0.255597 lv_loss:0.046472 epi_loss:0.000010 total_loss:0.264892 pseudo_update_count:447867
   [Train] Epoch: [33][320/358]  Loss:0.210 (Avg 0.2104) IoU:0.655 (Avg 0.6041) Dice:0.7745 (Avg 0.7218) LR 9.14e-04   (AvgTime 1.1)   
   [Train] sup_loss:0.201161 lv_loss:0.043177 epi_loss:0.000013 total_loss:0.209797 pseudo_update_count:548001
   [Train] Epoch: [33][340/358]  Loss:0.183 (Avg 0.2100) IoU:0.702 (Avg 0.6046) Dice:0.8054 (Avg 0.7223) LR 9.14e-04   (AvgTime 1.1)   
   [Train] sup_loss:0.174791 lv_loss:0.039229 epi_loss:0.000015 total_loss:0.182637 pseudo_update_count:399070
[Train-Epoch-Metrics] epoch=33 sup_loss:0.201340 lv_loss:0.040647 epi_loss:0.000011 total_loss:0.209471 pseudo_update_count:142360209 labeled_seen:2858 unlabeled_seen:2858 Dice:0.723962 IoU:0.606116
Validation
   [Val] Epoch: [33][20/90]  Loss:0.243 (Avg 0.2114) IoU:0.553 (Avg 0.6025) Dice:0.6715 (Avg 0.7225) (AvgTime 0.5)   
   [Val] sup_loss:0.243082 lv_loss:0.000000 epi_loss:0.000000 total_loss:0.243082 pseudo_update_count:0
   [Val] Epoch: [33][40/90]  Loss:0.197 (Avg 0.2022) IoU:0.637 (Avg 0.6204) Dice:0.7612 (Avg 0.7374) (AvgTime 0.5)   
   [Val] sup_loss:0.197030 lv_loss:0.000000 epi_loss:0.000000 total_loss:0.197030 pseudo_update_count:0
   [Val] Epoch: [33][60/90]  Loss:0.229 (Avg 0.2019) IoU:0.570 (Avg 0.6242) Dice:0.7000 (Avg 0.7401) (AvgTime 0.5)   
   [Val] sup_loss:0.228539 lv_loss:0.000000 epi_loss:0.000000 total_loss:0.228539 pseudo_update_count:0
   [Val] Epoch: [33][80/90]  Loss:0.167 (Avg 0.2015) IoU:0.699 (Avg 0.6288) Dice:0.7999 (Avg 0.7440) (AvgTime 0.5)   
   [Val] sup_loss:0.167406 lv_loss:0.000000 epi_loss:0.000000 total_loss:0.167406 pseudo_update_count:0
[Val-Epoch-Metrics] epoch=33 sup_loss:0.202143 lv_loss:0.000000 epi_loss:0.000000 total_loss:0.202143 pseudo_update_count:0 labeled_seen:1429 unlabeled_seen:0 Dice:0.743653 IoU:0.628900
	 Mean dice:0.7437 does not increase, the best is still: 0.7513 in epoch 30
	 early_stopping_count: 3/100000

========= Epoch [34/76] =========
QaTa_Covid19_LViT_50pct_labels
Training with batch size : 16
[SemiSup] subset_ratio=0.5000 labeled_name_count=2858
   [Train] Epoch: [34][20/358]  Loss:0.228 (Avg 0.2016) IoU:0.662 (Avg 0.6236) Dice:0.7687 (Avg 0.7429) LR 8.15e-04   (AvgTime 1.2)   
   [Train] sup_loss:0.221635 lv_loss:0.032266 epi_loss:0.000013 total_loss:0.228089 pseudo_update_count:299233
   [Train] Epoch: [34][40/358]  Loss:0.227 (Avg 0.2101) IoU:0.609 (Avg 0.6127) Dice:0.7193 (Avg 0.7280) LR 8.15e-04   (AvgTime 1.2)   
   [Train] sup_loss:0.219304 lv_loss:0.039014 epi_loss:0.000014 total_loss:0.227108 pseudo_update_count:448233
   [Train] Epoch: [34][60/358]  Loss:0.183 (Avg 0.2156) IoU:0.630 (Avg 0.6106) Dice:0.7438 (Avg 0.7272) LR 8.15e-04   (AvgTime 1.1)   
   [Train] sup_loss:0.174520 lv_loss:0.042925 epi_loss:0.000015 total_loss:0.183105 pseudo_update_count:397182
   [Train] Epoch: [34][80/358]  Loss:0.158 (Avg 0.2096) IoU:0.704 (Avg 0.6145) Dice:0.8054 (Avg 0.7312) LR 8.15e-04   (AvgTime 1.1)   
   [Train] sup_loss:0.150201 lv_loss:0.036747 epi_loss:0.000010 total_loss:0.157551 pseudo_update_count:398792
   [Train] Epoch: [34][100/358]  Loss:0.270 (Avg 0.2080) IoU:0.624 (Avg 0.6153) Dice:0.7425 (Avg 0.7325) LR 8.15e-04   (AvgTime 1.1)   
   [Train] sup_loss:0.261328 lv_loss:0.042704 epi_loss:0.000014 total_loss:0.269870 pseudo_update_count:448412
   [Train] Epoch: [34][120/358]  Loss:0.298 (Avg 0.2104) IoU:0.425 (Avg 0.6123) Dice:0.5441 (Avg 0.7299) LR 8.15e-04   (AvgTime 1.1)   
   [Train] sup_loss:0.289328 lv_loss:0.044324 epi_loss:0.000010 total_loss:0.298193 pseudo_update_count:496701
   [Train] Epoch: [34][140/358]  Loss:0.216 (Avg 0.2114) IoU:0.702 (Avg 0.6132) Dice:0.8133 (Avg 0.7309) LR 8.15e-04   (AvgTime 1.1)   
   [Train] sup_loss:0.208978 lv_loss:0.034797 epi_loss:0.000018 total_loss:0.215938 pseudo_update_count:249459
   [Train] Epoch: [34][160/358]  Loss:0.161 (Avg 0.2116) IoU:0.620 (Avg 0.6135) Dice:0.7484 (Avg 0.7318) LR 8.15e-04   (AvgTime 1.1)   
   [Train] sup_loss:0.152958 lv_loss:0.041311 epi_loss:0.000006 total_loss:0.161221 pseudo_update_count:348934
   [Train] Epoch: [34][180/358]  Loss:0.143 (Avg 0.2096) IoU:0.727 (Avg 0.6158) Dice:0.8211 (Avg 0.7335) LR 8.15e-04   (AvgTime 1.1)   
   [Train] sup_loss:0.136486 lv_loss:0.032263 epi_loss:0.000016 total_loss:0.142940 pseudo_update_count:449166
   [Train] Epoch: [34][200/358]  Loss:0.199 (Avg 0.2087) IoU:0.558 (Avg 0.6135) Dice:0.6765 (Avg 0.7310) LR 8.15e-04   (AvgTime 1.1)   
   [Train] sup_loss:0.189410 lv_loss:0.047723 epi_loss:0.000016 total_loss:0.198956 pseudo_update_count:347140
   [Train] Epoch: [34][220/358]  Loss:0.220 (Avg 0.2083) IoU:0.641 (Avg 0.6131) Dice:0.7424 (Avg 0.7303) LR 8.15e-04   (AvgTime 1.1)   
   [Train] sup_loss:0.212326 lv_loss:0.038930 epi_loss:0.000011 total_loss:0.220113 pseudo_update_count:497143
   [Train] Epoch: [34][240/358]  Loss:0.234 (Avg 0.2071) IoU:0.644 (Avg 0.6127) Dice:0.7568 (Avg 0.7296) LR 8.15e-04   (AvgTime 1.1)   
   [Train] sup_loss:0.226967 lv_loss:0.034575 epi_loss:0.000013 total_loss:0.233883 pseudo_update_count:399185
   [Train] Epoch: [34][260/358]  Loss:0.131 (Avg 0.2048) IoU:0.586 (Avg 0.6141) Dice:0.6936 (Avg 0.7307) LR 8.15e-04   (AvgTime 1.1)   
   [Train] sup_loss:0.123483 lv_loss:0.037875 epi_loss:0.000010 total_loss:0.131058 pseudo_update_count:398633
   [Train] Epoch: [34][280/358]  Loss:0.257 (Avg 0.2036) IoU:0.530 (Avg 0.6140) Dice:0.6570 (Avg 0.7308) LR 8.15e-04   (AvgTime 1.1)   
   [Train] sup_loss:0.249152 lv_loss:0.040773 epi_loss:0.000010 total_loss:0.257307 pseudo_update_count:348585
   [Train] Epoch: [34][300/358]  Loss:0.203 (Avg 0.2030) IoU:0.681 (Avg 0.6167) Dice:0.7894 (Avg 0.7332) LR 8.15e-04   (AvgTime 1.1)   
   [Train] sup_loss:0.194913 lv_loss:0.039685 epi_loss:0.000015 total_loss:0.202851 pseudo_update_count:448546
   [Train] Epoch: [34][320/358]  Loss:0.336 (Avg 0.2035) IoU:0.331 (Avg 0.6147) Dice:0.4736 (Avg 0.7314) LR 8.15e-04   (AvgTime 1.1)   
   [Train] sup_loss:0.327858 lv_loss:0.041555 epi_loss:0.000011 total_loss:0.336170 pseudo_update_count:348581
   [Train] Epoch: [34][340/358]  Loss:0.261 (Avg 0.2043) IoU:0.480 (Avg 0.6136) Dice:0.6090 (Avg 0.7305) LR 8.15e-04   (AvgTime 1.1)   
   [Train] sup_loss:0.250718 lv_loss:0.048940 epi_loss:0.000012 total_loss:0.260507 pseudo_update_count:447469
[Train-Epoch-Metrics] epoch=34 sup_loss:0.195553 lv_loss:0.039427 epi_loss:0.000011 total_loss:0.203439 pseudo_update_count:142370976 labeled_seen:2858 unlabeled_seen:2858 Dice:0.730819 IoU:0.614071
Validation
   [Val] Epoch: [34][20/90]  Loss:0.160 (Avg 0.2150) IoU:0.694 (Avg 0.6242) Dice:0.7976 (Avg 0.7390) (AvgTime 0.5)   
   [Val] sup_loss:0.160225 lv_loss:0.000000 epi_loss:0.000000 total_loss:0.160225 pseudo_update_count:0
   [Val] Epoch: [34][40/90]  Loss:0.240 (Avg 0.2133) IoU:0.561 (Avg 0.6287) Dice:0.6849 (Avg 0.7433) (AvgTime 0.5)   
   [Val] sup_loss:0.240125 lv_loss:0.000000 epi_loss:0.000000 total_loss:0.240125 pseudo_update_count:0
   [Val] Epoch: [34][60/90]  Loss:0.222 (Avg 0.2152) IoU:0.618 (Avg 0.6191) Dice:0.7501 (Avg 0.7340) (AvgTime 0.5)   
   [Val] sup_loss:0.222060 lv_loss:0.000000 epi_loss:0.000000 total_loss:0.222060 pseudo_update_count:0
   [Val] Epoch: [34][80/90]  Loss:0.183 (Avg 0.2166) IoU:0.626 (Avg 0.6172) Dice:0.7226 (Avg 0.7313) (AvgTime 0.5)   
   [Val] sup_loss:0.183315 lv_loss:0.000000 epi_loss:0.000000 total_loss:0.183315 pseudo_update_count:0
[Val-Epoch-Metrics] epoch=34 sup_loss:0.216661 lv_loss:0.000000 epi_loss:0.000000 total_loss:0.216661 pseudo_update_count:0 labeled_seen:1429 unlabeled_seen:0 Dice:0.731320 IoU:0.617349
	 Mean dice:0.7313 does not increase, the best is still: 0.7513 in epoch 30
	 early_stopping_count: 4/100000

========= Epoch [35/76] =========
QaTa_Covid19_LViT_50pct_labels
Training with batch size : 16
[SemiSup] subset_ratio=0.5000 labeled_name_count=2858
   [Train] Epoch: [35][20/358]  Loss:0.183 (Avg 0.2180) IoU:0.534 (Avg 0.6006) Dice:0.6736 (Avg 0.7239) LR 6.89e-04   (AvgTime 1.2)   
   [Train] sup_loss:0.176267 lv_loss:0.032494 epi_loss:0.000008 total_loss:0.182766 pseudo_update_count:548803
   [Train] Epoch: [35][40/358]  Loss:0.269 (Avg 0.2053) IoU:0.613 (Avg 0.6091) Dice:0.7506 (Avg 0.7301) LR 6.89e-04   (AvgTime 1.2)   
   [Train] sup_loss:0.262127 lv_loss:0.034583 epi_loss:0.000010 total_loss:0.269044 pseudo_update_count:348552
   [Train] Epoch: [35][60/358]  Loss:0.236 (Avg 0.2043) IoU:0.561 (Avg 0.6091) Dice:0.6838 (Avg 0.7289) LR 6.89e-04   (AvgTime 1.1)   
   [Train] sup_loss:0.228420 lv_loss:0.038028 epi_loss:0.000009 total_loss:0.236026 pseudo_update_count:348224
   [Train] Epoch: [35][80/358]  Loss:0.208 (Avg 0.2063) IoU:0.615 (Avg 0.6097) Dice:0.7124 (Avg 0.7287) LR 6.89e-04   (AvgTime 1.1)   
   [Train] sup_loss:0.198835 lv_loss:0.046352 epi_loss:0.000010 total_loss:0.208106 pseudo_update_count:398189
   [Train] Epoch: [35][100/358]  Loss:0.123 (Avg 0.1999) IoU:0.689 (Avg 0.6180) Dice:0.7966 (Avg 0.7352) LR 6.89e-04   (AvgTime 1.1)   
   [Train] sup_loss:0.115856 lv_loss:0.035600 epi_loss:0.000013 total_loss:0.122976 pseudo_update_count:349169
   [Train] Epoch: [35][120/358]  Loss:0.150 (Avg 0.1989) IoU:0.669 (Avg 0.6209) Dice:0.7828 (Avg 0.7379) LR 6.89e-04   (AvgTime 1.1)   
   [Train] sup_loss:0.141927 lv_loss:0.039094 epi_loss:0.000012 total_loss:0.149746 pseudo_update_count:398758
   [Train] Epoch: [35][140/358]  Loss:0.228 (Avg 0.1948) IoU:0.574 (Avg 0.6228) Dice:0.6934 (Avg 0.7396) LR 6.89e-04   (AvgTime 1.1)   
   [Train] sup_loss:0.220796 lv_loss:0.037652 epi_loss:0.000015 total_loss:0.228327 pseudo_update_count:348739
   [Train] Epoch: [35][160/358]  Loss:0.134 (Avg 0.1942) IoU:0.658 (Avg 0.6222) Dice:0.7710 (Avg 0.7383) LR 6.89e-04   (AvgTime 1.1)   
   [Train] sup_loss:0.125966 lv_loss:0.039880 epi_loss:0.000009 total_loss:0.133942 pseudo_update_count:497506
   [Train] Epoch: [35][180/358]  Loss:0.114 (Avg 0.1919) IoU:0.698 (Avg 0.6249) Dice:0.8007 (Avg 0.7411) LR 6.89e-04   (AvgTime 1.1)   
   [Train] sup_loss:0.106252 lv_loss:0.037330 epi_loss:0.000011 total_loss:0.113718 pseudo_update_count:398100
   [Train] Epoch: [35][200/358]  Loss:0.176 (Avg 0.1922) IoU:0.662 (Avg 0.6245) Dice:0.7750 (Avg 0.7406) LR 6.89e-04   (AvgTime 1.1)   
   [Train] sup_loss:0.169147 lv_loss:0.035120 epi_loss:0.000010 total_loss:0.176171 pseudo_update_count:398566
   [Train] Epoch: [35][220/358]  Loss:0.163 (Avg 0.1925) IoU:0.627 (Avg 0.6252) Dice:0.7574 (Avg 0.7411) LR 6.89e-04   (AvgTime 1.1)   
   [Train] sup_loss:0.154862 lv_loss:0.038660 epi_loss:0.000006 total_loss:0.162594 pseudo_update_count:298864
   [Train] Epoch: [35][240/358]  Loss:0.228 (Avg 0.1913) IoU:0.616 (Avg 0.6272) Dice:0.7418 (Avg 0.7425) LR 6.89e-04   (AvgTime 1.1)   
   [Train] sup_loss:0.222243 lv_loss:0.029462 epi_loss:0.000006 total_loss:0.228135 pseudo_update_count:499548
   [Train] Epoch: [35][260/358]  Loss:0.188 (Avg 0.1917) IoU:0.622 (Avg 0.6262) Dice:0.7202 (Avg 0.7415) LR 6.89e-04   (AvgTime 1.1)   
   [Train] sup_loss:0.181427 lv_loss:0.033550 epi_loss:0.000011 total_loss:0.188137 pseudo_update_count:349202
   [Train] Epoch: [35][280/358]  Loss:0.203 (Avg 0.1914) IoU:0.656 (Avg 0.6260) Dice:0.7601 (Avg 0.7412) LR 6.89e-04   (AvgTime 1.1)   
   [Train] sup_loss:0.197874 lv_loss:0.026492 epi_loss:0.000014 total_loss:0.203173 pseudo_update_count:199780
   [Train] Epoch: [35][300/358]  Loss:0.199 (Avg 0.1934) IoU:0.648 (Avg 0.6251) Dice:0.7654 (Avg 0.7407) LR 6.89e-04   (AvgTime 1.1)   
   [Train] sup_loss:0.190894 lv_loss:0.039790 epi_loss:0.000009 total_loss:0.198852 pseudo_update_count:448084
   [Train] Epoch: [35][320/358]  Loss:0.212 (Avg 0.1952) IoU:0.691 (Avg 0.6233) Dice:0.8048 (Avg 0.7391) LR 6.89e-04   (AvgTime 1.1)   
   [Train] sup_loss:0.203718 lv_loss:0.039156 epi_loss:0.000012 total_loss:0.211550 pseudo_update_count:398620
   [Train] Epoch: [35][340/358]  Loss:0.276 (Avg 0.1958) IoU:0.607 (Avg 0.6221) Dice:0.7141 (Avg 0.7379) LR 6.89e-04   (AvgTime 1.1)   
   [Train] sup_loss:0.268322 lv_loss:0.040572 epi_loss:0.000016 total_loss:0.276438 pseudo_update_count:348886
[Train-Epoch-Metrics] epoch=35 sup_loss:0.188714 lv_loss:0.037291 epi_loss:0.000011 total_loss:0.196173 pseudo_update_count:142416950 labeled_seen:2858 unlabeled_seen:2858 Dice:0.737916 IoU:0.622398
Validation
   [Val] Epoch: [35][20/90]  Loss:0.238 (Avg 0.1855) IoU:0.680 (Avg 0.6291) Dice:0.7891 (Avg 0.7469) (AvgTime 0.5)   
   [Val] sup_loss:0.237814 lv_loss:0.000000 epi_loss:0.000000 total_loss:0.237814 pseudo_update_count:0
   [Val] Epoch: [35][40/90]  Loss:0.213 (Avg 0.1874) IoU:0.576 (Avg 0.6287) Dice:0.6882 (Avg 0.7449) (AvgTime 0.5)   
   [Val] sup_loss:0.213193 lv_loss:0.000000 epi_loss:0.000000 total_loss:0.213193 pseudo_update_count:0
   [Val] Epoch: [35][60/90]  Loss:0.195 (Avg 0.1876) IoU:0.569 (Avg 0.6289) Dice:0.7121 (Avg 0.7444) (AvgTime 0.5)   
   [Val] sup_loss:0.194983 lv_loss:0.000000 epi_loss:0.000000 total_loss:0.194983 pseudo_update_count:0
   [Val] Epoch: [35][80/90]  Loss:0.189 (Avg 0.1923) IoU:0.624 (Avg 0.6209) Dice:0.7354 (Avg 0.7368) (AvgTime 0.5)   
   [Val] sup_loss:0.188952 lv_loss:0.000000 epi_loss:0.000000 total_loss:0.188952 pseudo_update_count:0
[Val-Epoch-Metrics] epoch=35 sup_loss:0.192681 lv_loss:0.000000 epi_loss:0.000000 total_loss:0.192681 pseudo_update_count:0 labeled_seen:1429 unlabeled_seen:0 Dice:0.735517 IoU:0.619060
	 Mean dice:0.7355 does not increase, the best is still: 0.7513 in epoch 30
	 early_stopping_count: 5/100000

========= Epoch [36/76] =========
QaTa_Covid19_LViT_50pct_labels
Training with batch size : 16
[SemiSup] subset_ratio=0.5000 labeled_name_count=2858
   [Train] Epoch: [36][20/358]  Loss:0.234 (Avg 0.1805) IoU:0.540 (Avg 0.6346) Dice:0.6750 (Avg 0.7461) LR 5.50e-04   (AvgTime 1.2)   
   [Train] sup_loss:0.226113 lv_loss:0.039017 epi_loss:0.000007 total_loss:0.233917 pseudo_update_count:349134
   [Train] Epoch: [36][40/358]  Loss:0.147 (Avg 0.1824) IoU:0.599 (Avg 0.6429) Dice:0.7237 (Avg 0.7549) LR 5.50e-04   (AvgTime 1.2)   
   [Train] sup_loss:0.139821 lv_loss:0.034637 epi_loss:0.000004 total_loss:0.146749 pseudo_update_count:348593
   [Train] Epoch: [36][60/358]  Loss:0.186 (Avg 0.1817) IoU:0.659 (Avg 0.6378) Dice:0.7830 (Avg 0.7499) LR 5.50e-04   (AvgTime 1.2)   
   [Train] sup_loss:0.179191 lv_loss:0.035014 epi_loss:0.000015 total_loss:0.186195 pseudo_update_count:299083
   [Train] Epoch: [36][80/358]  Loss:0.256 (Avg 0.1857) IoU:0.583 (Avg 0.6349) Dice:0.7097 (Avg 0.7481) LR 5.50e-04   (AvgTime 1.1)   
   [Train] sup_loss:0.250416 lv_loss:0.029679 epi_loss:0.000014 total_loss:0.256353 pseudo_update_count:498562
   [Train] Epoch: [36][100/358]  Loss:0.214 (Avg 0.1861) IoU:0.623 (Avg 0.6351) Dice:0.7456 (Avg 0.7486) LR 5.50e-04   (AvgTime 1.1)   
   [Train] sup_loss:0.205946 lv_loss:0.040177 epi_loss:0.000007 total_loss:0.213982 pseudo_update_count:398081
   [Train] Epoch: [36][120/358]  Loss:0.197 (Avg 0.1873) IoU:0.687 (Avg 0.6308) Dice:0.8051 (Avg 0.7461) LR 5.50e-04   (AvgTime 1.1)   
   [Train] sup_loss:0.189261 lv_loss:0.036766 epi_loss:0.000004 total_loss:0.196614 pseudo_update_count:348991
   [Train] Epoch: [36][140/358]  Loss:0.195 (Avg 0.1902) IoU:0.576 (Avg 0.6302) Dice:0.6986 (Avg 0.7455) LR 5.50e-04   (AvgTime 1.1)   
   [Train] sup_loss:0.189022 lv_loss:0.031946 epi_loss:0.000010 total_loss:0.195411 pseudo_update_count:499055
   [Train] Epoch: [36][160/358]  Loss:0.248 (Avg 0.1925) IoU:0.435 (Avg 0.6300) Dice:0.5659 (Avg 0.7450) LR 5.50e-04   (AvgTime 1.1)   
   [Train] sup_loss:0.240187 lv_loss:0.039154 epi_loss:0.000009 total_loss:0.248019 pseudo_update_count:298334
   [Train] Epoch: [36][180/358]  Loss:0.174 (Avg 0.1923) IoU:0.657 (Avg 0.6310) Dice:0.7861 (Avg 0.7457) LR 5.50e-04   (AvgTime 1.1)   
   [Train] sup_loss:0.167131 lv_loss:0.033276 epi_loss:0.000014 total_loss:0.173787 pseudo_update_count:299480
   [Train] Epoch: [36][200/358]  Loss:0.148 (Avg 0.1923) IoU:0.646 (Avg 0.6285) Dice:0.7690 (Avg 0.7437) LR 5.50e-04   (AvgTime 1.1)   
   [Train] sup_loss:0.140289 lv_loss:0.039536 epi_loss:0.000012 total_loss:0.148197 pseudo_update_count:248639
   [Train] Epoch: [36][220/358]  Loss:0.173 (Avg 0.1927) IoU:0.647 (Avg 0.6284) Dice:0.7686 (Avg 0.7432) LR 5.50e-04   (AvgTime 1.1)   
   [Train] sup_loss:0.166331 lv_loss:0.032190 epi_loss:0.000012 total_loss:0.172770 pseudo_update_count:299297
   [Train] Epoch: [36][240/358]  Loss:0.162 (Avg 0.1923) IoU:0.599 (Avg 0.6281) Dice:0.7232 (Avg 0.7428) LR 5.50e-04   (AvgTime 1.1)   
   [Train] sup_loss:0.153389 lv_loss:0.043649 epi_loss:0.000014 total_loss:0.162120 pseudo_update_count:497306
   [Train] Epoch: [36][260/358]  Loss:0.212 (Avg 0.1928) IoU:0.544 (Avg 0.6276) Dice:0.6842 (Avg 0.7425) LR 5.50e-04   (AvgTime 1.1)   
   [Train] sup_loss:0.204364 lv_loss:0.037269 epi_loss:0.000006 total_loss:0.211818 pseudo_update_count:349086
   [Train] Epoch: [36][280/358]  Loss:0.150 (Avg 0.1918) IoU:0.598 (Avg 0.6272) Dice:0.7234 (Avg 0.7424) LR 5.50e-04   (AvgTime 1.1)   
   [Train] sup_loss:0.143095 lv_loss:0.035212 epi_loss:0.000008 total_loss:0.150138 pseudo_update_count:448200
   [Train] Epoch: [36][300/358]  Loss:0.189 (Avg 0.1915) IoU:0.641 (Avg 0.6283) Dice:0.7447 (Avg 0.7435) LR 5.50e-04   (AvgTime 1.1)   
   [Train] sup_loss:0.182527 lv_loss:0.032292 epi_loss:0.000013 total_loss:0.188986 pseudo_update_count:398991
   [Train] Epoch: [36][320/358]  Loss:0.213 (Avg 0.1916) IoU:0.556 (Avg 0.6276) Dice:0.6874 (Avg 0.7427) LR 5.50e-04   (AvgTime 1.1)   
   [Train] sup_loss:0.205844 lv_loss:0.036746 epi_loss:0.000008 total_loss:0.213194 pseudo_update_count:398440
   [Train] Epoch: [36][340/358]  Loss:0.275 (Avg 0.1923) IoU:0.460 (Avg 0.6272) Dice:0.6000 (Avg 0.7424) LR 5.50e-04   (AvgTime 1.1)   
   [Train] sup_loss:0.267801 lv_loss:0.038219 epi_loss:0.000014 total_loss:0.275445 pseudo_update_count:497710
[Train-Epoch-Metrics] epoch=36 sup_loss:0.184238 lv_loss:0.036397 epi_loss:0.000011 total_loss:0.191518 pseudo_update_count:142426948 labeled_seen:2858 unlabeled_seen:2858 Dice:0.742399 IoU:0.627325
Validation
   [Val] Epoch: [36][20/90]  Loss:0.212 (Avg 0.1841) IoU:0.616 (Avg 0.6310) Dice:0.7202 (Avg 0.7461) (AvgTime 0.5)   
   [Val] sup_loss:0.212269 lv_loss:0.000000 epi_loss:0.000000 total_loss:0.212269 pseudo_update_count:0
   [Val] Epoch: [36][40/90]  Loss:0.234 (Avg 0.1871) IoU:0.586 (Avg 0.6288) Dice:0.7135 (Avg 0.7432) (AvgTime 0.5)   
   [Val] sup_loss:0.234327 lv_loss:0.000000 epi_loss:0.000000 total_loss:0.234327 pseudo_update_count:0
   [Val] Epoch: [36][60/90]  Loss:0.160 (Avg 0.1854) IoU:0.677 (Avg 0.6350) Dice:0.7897 (Avg 0.7495) (AvgTime 0.5)   
   [Val] sup_loss:0.160183 lv_loss:0.000000 epi_loss:0.000000 total_loss:0.160183 pseudo_update_count:0
   [Val] Epoch: [36][80/90]  Loss:0.194 (Avg 0.1847) IoU:0.637 (Avg 0.6374) Dice:0.7509 (Avg 0.7515) (AvgTime 0.5)   
   [Val] sup_loss:0.194197 lv_loss:0.000000 epi_loss:0.000000 total_loss:0.194197 pseudo_update_count:0
[Val-Epoch-Metrics] epoch=36 sup_loss:0.184122 lv_loss:0.000000 epi_loss:0.000000 total_loss:0.184122 pseudo_update_count:0 labeled_seen:1429 unlabeled_seen:0 Dice:0.751782 IoU:0.637773
	 Saving best model, mean dice increased from: 0.7513 to 0.7518
	 Saving to QaTa-Covid19/LViT/QaTa_Covid19_LViT_50pct_labels/models/
	 early_stopping_count: 0/100000

========= Epoch [37/76] =========
QaTa_Covid19_LViT_50pct_labels
Training with batch size : 16
[SemiSup] subset_ratio=0.5000 labeled_name_count=2858
   [Train] Epoch: [37][20/358]  Loss:0.256 (Avg 0.1822) IoU:0.561 (Avg 0.6401) Dice:0.6854 (Avg 0.7510) LR 4.11e-04   (AvgTime 1.2)   
   [Train] sup_loss:0.250939 lv_loss:0.027213 epi_loss:0.000008 total_loss:0.256382 pseudo_update_count:449201
   [Train] Epoch: [37][40/358]  Loss:0.359 (Avg 0.1803) IoU:0.536 (Avg 0.6401) Dice:0.6054 (Avg 0.7512) LR 4.11e-04   (AvgTime 1.2)   
   [Train] sup_loss:0.354151 lv_loss:0.026141 epi_loss:0.000009 total_loss:0.359380 pseudo_update_count:299951
   [Train] Epoch: [37][60/358]  Loss:0.293 (Avg 0.1815) IoU:0.614 (Avg 0.6421) Dice:0.7330 (Avg 0.7541) LR 4.11e-04   (AvgTime 1.2)   
   [Train] sup_loss:0.285082 lv_loss:0.040827 epi_loss:0.000015 total_loss:0.293248 pseudo_update_count:298258
   [Train] Epoch: [37][80/358]  Loss:0.160 (Avg 0.1796) IoU:0.730 (Avg 0.6434) Dice:0.8368 (Avg 0.7558) LR 4.11e-04   (AvgTime 1.1)   
   [Train] sup_loss:0.152385 lv_loss:0.037074 epi_loss:0.000015 total_loss:0.159800 pseudo_update_count:448444
   [Train] Epoch: [37][100/358]  Loss:0.168 (Avg 0.1817) IoU:0.676 (Avg 0.6438) Dice:0.7878 (Avg 0.7564) LR 4.11e-04   (AvgTime 1.1)   
   [Train] sup_loss:0.161722 lv_loss:0.030932 epi_loss:0.000012 total_loss:0.167909 pseudo_update_count:299413
   [Train] Epoch: [37][120/358]  Loss:0.103 (Avg 0.1764) IoU:0.646 (Avg 0.6457) Dice:0.7557 (Avg 0.7582) LR 4.11e-04   (AvgTime 1.1)   
   [Train] sup_loss:0.095998 lv_loss:0.033469 epi_loss:0.000016 total_loss:0.102693 pseudo_update_count:648184
   [Train] Epoch: [37][140/358]  Loss:0.163 (Avg 0.1786) IoU:0.593 (Avg 0.6419) Dice:0.7064 (Avg 0.7550) LR 4.11e-04   (AvgTime 1.1)   
   [Train] sup_loss:0.157120 lv_loss:0.029492 epi_loss:0.000005 total_loss:0.163019 pseudo_update_count:399212
   [Train] Epoch: [37][160/358]  Loss:0.156 (Avg 0.1799) IoU:0.633 (Avg 0.6394) Dice:0.7572 (Avg 0.7528) LR 4.11e-04   (AvgTime 1.1)   
   [Train] sup_loss:0.148811 lv_loss:0.036224 epi_loss:0.000011 total_loss:0.156057 pseudo_update_count:298989
   [Train] Epoch: [37][180/358]  Loss:0.229 (Avg 0.1836) IoU:0.616 (Avg 0.6381) Dice:0.7350 (Avg 0.7517) LR 4.11e-04   (AvgTime 1.1)   
   [Train] sup_loss:0.220568 lv_loss:0.040562 epi_loss:0.000014 total_loss:0.228681 pseudo_update_count:448241
   [Train] Epoch: [37][200/358]  Loss:0.197 (Avg 0.1851) IoU:0.632 (Avg 0.6348) Dice:0.7545 (Avg 0.7490) LR 4.11e-04   (AvgTime 1.1)   
   [Train] sup_loss:0.190280 lv_loss:0.033765 epi_loss:0.000010 total_loss:0.197034 pseudo_update_count:398821
   [Train] Epoch: [37][220/358]  Loss:0.120 (Avg 0.1852) IoU:0.762 (Avg 0.6374) Dice:0.8574 (Avg 0.7511) LR 4.11e-04   (AvgTime 1.1)   
   [Train] sup_loss:0.113919 lv_loss:0.031350 epi_loss:0.000010 total_loss:0.120189 pseudo_update_count:399023
   [Train] Epoch: [37][240/358]  Loss:0.183 (Avg 0.1842) IoU:0.629 (Avg 0.6367) Dice:0.7132 (Avg 0.7504) LR 4.11e-04   (AvgTime 1.1)   
   [Train] sup_loss:0.176429 lv_loss:0.035283 epi_loss:0.000010 total_loss:0.183486 pseudo_update_count:498460
   [Train] Epoch: [37][260/358]  Loss:0.222 (Avg 0.1837) IoU:0.724 (Avg 0.6383) Dice:0.8316 (Avg 0.7518) LR 4.11e-04   (AvgTime 1.1)   
   [Train] sup_loss:0.216578 lv_loss:0.028435 epi_loss:0.000021 total_loss:0.222266 pseudo_update_count:349398
   [Train] Epoch: [37][280/358]  Loss:0.186 (Avg 0.1846) IoU:0.623 (Avg 0.6376) Dice:0.7446 (Avg 0.7510) LR 4.11e-04   (AvgTime 1.1)   
   [Train] sup_loss:0.177289 lv_loss:0.043199 epi_loss:0.000015 total_loss:0.185929 pseudo_update_count:348022
   [Train] Epoch: [37][300/358]  Loss:0.173 (Avg 0.1831) IoU:0.690 (Avg 0.6395) Dice:0.8010 (Avg 0.7526) LR 4.11e-04   (AvgTime 1.1)   
   [Train] sup_loss:0.168092 lv_loss:0.023427 epi_loss:0.000006 total_loss:0.172778 pseudo_update_count:200024
   [Train] Epoch: [37][320/358]  Loss:0.164 (Avg 0.1827) IoU:0.629 (Avg 0.6402) Dice:0.7569 (Avg 0.7535) LR 4.11e-04   (AvgTime 1.1)   
   [Train] sup_loss:0.155988 lv_loss:0.040998 epi_loss:0.000014 total_loss:0.164188 pseudo_update_count:447948
   [Train] Epoch: [37][340/358]  Loss:0.143 (Avg 0.1837) IoU:0.682 (Avg 0.6384) Dice:0.7932 (Avg 0.7522) LR 4.11e-04   (AvgTime 1.1)   
   [Train] sup_loss:0.135053 lv_loss:0.041758 epi_loss:0.000012 total_loss:0.143405 pseudo_update_count:298484
[Train-Epoch-Metrics] epoch=37 sup_loss:0.176278 lv_loss:0.034433 epi_loss:0.000011 total_loss:0.183165 pseudo_update_count:142448118 labeled_seen:2858 unlabeled_seen:2858 Dice:0.751532 IoU:0.638041
Validation
   [Val] Epoch: [37][20/90]  Loss:0.208 (Avg 0.1756) IoU:0.594 (Avg 0.6697) Dice:0.7133 (Avg 0.7783) (AvgTime 0.5)   
   [Val] sup_loss:0.207667 lv_loss:0.000000 epi_loss:0.000000 total_loss:0.207667 pseudo_update_count:0
   [Val] Epoch: [37][40/90]  Loss:0.155 (Avg 0.1805) IoU:0.700 (Avg 0.6570) Dice:0.7998 (Avg 0.7679) (AvgTime 0.5)   
   [Val] sup_loss:0.154931 lv_loss:0.000000 epi_loss:0.000000 total_loss:0.154931 pseudo_update_count:0
   [Val] Epoch: [37][60/90]  Loss:0.150 (Avg 0.1818) IoU:0.721 (Avg 0.6554) Dice:0.8303 (Avg 0.7673) (AvgTime 0.5)   
   [Val] sup_loss:0.150011 lv_loss:0.000000 epi_loss:0.000000 total_loss:0.150011 pseudo_update_count:0
   [Val] Epoch: [37][80/90]  Loss:0.172 (Avg 0.1869) IoU:0.637 (Avg 0.6465) Dice:0.7492 (Avg 0.7594) (AvgTime 0.5)   
   [Val] sup_loss:0.171863 lv_loss:0.000000 epi_loss:0.000000 total_loss:0.171863 pseudo_update_count:0
[Val-Epoch-Metrics] epoch=37 sup_loss:0.188839 lv_loss:0.000000 epi_loss:0.000000 total_loss:0.188839 pseudo_update_count:0 labeled_seen:1429 unlabeled_seen:0 Dice:0.756734 IoU:0.643738
	 Saving best model, mean dice increased from: 0.7518 to 0.7567
	 Saving to QaTa-Covid19/LViT/QaTa_Covid19_LViT_50pct_labels/models/
	 early_stopping_count: 0/100000

========= Epoch [38/76] =========
QaTa_Covid19_LViT_50pct_labels
Training with batch size : 16
[SemiSup] subset_ratio=0.5000 labeled_name_count=2858
   [Train] Epoch: [38][20/358]  Loss:0.196 (Avg 0.1784) IoU:0.608 (Avg 0.6338) Dice:0.7297 (Avg 0.7483) LR 2.85e-04   (AvgTime 1.2)   
   [Train] sup_loss:0.189721 lv_loss:0.032861 epi_loss:0.000012 total_loss:0.196294 pseudo_update_count:448619
   [Train] Epoch: [38][40/358]  Loss:0.186 (Avg 0.1788) IoU:0.612 (Avg 0.6422) Dice:0.7274 (Avg 0.7540) LR 2.85e-04   (AvgTime 1.2)   
   [Train] sup_loss:0.179430 lv_loss:0.035284 epi_loss:0.000011 total_loss:0.186487 pseudo_update_count:447746
   [Train] Epoch: [38][60/358]  Loss:0.107 (Avg 0.1801) IoU:0.646 (Avg 0.6386) Dice:0.7695 (Avg 0.7512) LR 2.85e-04   (AvgTime 1.2)   
   [Train] sup_loss:0.099461 lv_loss:0.035970 epi_loss:0.000011 total_loss:0.106656 pseudo_update_count:398149
   [Train] Epoch: [38][80/358]  Loss:0.209 (Avg 0.1777) IoU:0.563 (Avg 0.6409) Dice:0.6925 (Avg 0.7536) LR 2.85e-04   (AvgTime 1.1)   
   [Train] sup_loss:0.201641 lv_loss:0.038961 epi_loss:0.000010 total_loss:0.209433 pseudo_update_count:547994
   [Train] Epoch: [38][100/358]  Loss:0.144 (Avg 0.1781) IoU:0.716 (Avg 0.6427) Dice:0.8185 (Avg 0.7555) LR 2.85e-04   (AvgTime 1.1)   
   [Train] sup_loss:0.138244 lv_loss:0.030137 epi_loss:0.000012 total_loss:0.144272 pseudo_update_count:349523
   [Train] Epoch: [38][120/358]  Loss:0.204 (Avg 0.1793) IoU:0.648 (Avg 0.6431) Dice:0.7775 (Avg 0.7555) LR 2.85e-04   (AvgTime 1.1)   
   [Train] sup_loss:0.197414 lv_loss:0.034736 epi_loss:0.000013 total_loss:0.204362 pseudo_update_count:499026
   [Train] Epoch: [38][140/358]  Loss:0.186 (Avg 0.1802) IoU:0.629 (Avg 0.6430) Dice:0.7384 (Avg 0.7554) LR 2.85e-04   (AvgTime 1.1)   
   [Train] sup_loss:0.177551 lv_loss:0.044537 epi_loss:0.000016 total_loss:0.186459 pseudo_update_count:198857
   [Train] Epoch: [38][160/358]  Loss:0.163 (Avg 0.1829) IoU:0.659 (Avg 0.6425) Dice:0.7729 (Avg 0.7550) LR 2.85e-04   (AvgTime 1.1)   
   [Train] sup_loss:0.156859 lv_loss:0.032388 epi_loss:0.000009 total_loss:0.163337 pseudo_update_count:199715
   [Train] Epoch: [38][180/358]  Loss:0.144 (Avg 0.1806) IoU:0.661 (Avg 0.6442) Dice:0.7770 (Avg 0.7566) LR 2.85e-04   (AvgTime 1.1)   
   [Train] sup_loss:0.137474 lv_loss:0.033973 epi_loss:0.000012 total_loss:0.144269 pseudo_update_count:548526
   [Train] Epoch: [38][200/358]  Loss:0.267 (Avg 0.1808) IoU:0.513 (Avg 0.6455) Dice:0.6463 (Avg 0.7578) LR 2.85e-04   (AvgTime 1.1)   
   [Train] sup_loss:0.261644 lv_loss:0.028903 epi_loss:0.000011 total_loss:0.267426 pseudo_update_count:349232
   [Train] Epoch: [38][220/358]  Loss:0.156 (Avg 0.1819) IoU:0.555 (Avg 0.6440) Dice:0.6705 (Avg 0.7563) LR 2.85e-04   (AvgTime 1.1)   
   [Train] sup_loss:0.149019 lv_loss:0.035343 epi_loss:0.000010 total_loss:0.156088 pseudo_update_count:498369
   [Train] Epoch: [38][240/358]  Loss:0.165 (Avg 0.1821) IoU:0.656 (Avg 0.6436) Dice:0.7755 (Avg 0.7557) LR 2.85e-04   (AvgTime 1.1)   
   [Train] sup_loss:0.159626 lv_loss:0.028478 epi_loss:0.000015 total_loss:0.165323 pseudo_update_count:299470
   [Train] Epoch: [38][260/358]  Loss:0.170 (Avg 0.1819) IoU:0.554 (Avg 0.6426) Dice:0.6685 (Avg 0.7547) LR 2.85e-04   (AvgTime 1.1)   
   [Train] sup_loss:0.162426 lv_loss:0.036588 epi_loss:0.000012 total_loss:0.169744 pseudo_update_count:547960
   [Train] Epoch: [38][280/358]  Loss:0.149 (Avg 0.1812) IoU:0.651 (Avg 0.6428) Dice:0.7502 (Avg 0.7549) LR 2.85e-04   (AvgTime 1.1)   
   [Train] sup_loss:0.143063 lv_loss:0.028461 epi_loss:0.000012 total_loss:0.148756 pseudo_update_count:499158
   [Train] Epoch: [38][300/358]  Loss:0.176 (Avg 0.1808) IoU:0.663 (Avg 0.6425) Dice:0.7793 (Avg 0.7547) LR 2.85e-04   (AvgTime 1.1)   
   [Train] sup_loss:0.171643 lv_loss:0.022810 epi_loss:0.000005 total_loss:0.176205 pseudo_update_count:149917
   [Train] Epoch: [38][320/358]  Loss:0.147 (Avg 0.1805) IoU:0.696 (Avg 0.6421) Dice:0.8058 (Avg 0.7543) LR 2.85e-04   (AvgTime 1.1)   
   [Train] sup_loss:0.139835 lv_loss:0.036722 epi_loss:0.000012 total_loss:0.147180 pseudo_update_count:398791
   [Train] Epoch: [38][340/358]  Loss:0.167 (Avg 0.1806) IoU:0.624 (Avg 0.6421) Dice:0.7528 (Avg 0.7544) LR 2.85e-04   (AvgTime 1.1)   
   [Train] sup_loss:0.161963 lv_loss:0.027092 epi_loss:0.000011 total_loss:0.167382 pseudo_update_count:299345
[Train-Epoch-Metrics] epoch=38 sup_loss:0.173312 lv_loss:0.034015 epi_loss:0.000011 total_loss:0.180116 pseudo_update_count:142478253 labeled_seen:2858 unlabeled_seen:2858 Dice:0.755594 IoU:0.643324
Validation
   [Val] Epoch: [38][20/90]  Loss:0.201 (Avg 0.1864) IoU:0.633 (Avg 0.6283) Dice:0.7454 (Avg 0.7427) (AvgTime 0.5)   
   [Val] sup_loss:0.201115 lv_loss:0.000000 epi_loss:0.000000 total_loss:0.201115 pseudo_update_count:0
   [Val] Epoch: [38][40/90]  Loss:0.308 (Avg 0.1926) IoU:0.526 (Avg 0.6292) Dice:0.6531 (Avg 0.7433) (AvgTime 0.5)   
   [Val] sup_loss:0.308464 lv_loss:0.000000 epi_loss:0.000000 total_loss:0.308464 pseudo_update_count:0
   [Val] Epoch: [38][60/90]  Loss:0.255 (Avg 0.1877) IoU:0.632 (Avg 0.6366) Dice:0.7610 (Avg 0.7512) (AvgTime 0.5)   
   [Val] sup_loss:0.254527 lv_loss:0.000000 epi_loss:0.000000 total_loss:0.254527 pseudo_update_count:0
   [Val] Epoch: [38][80/90]  Loss:0.166 (Avg 0.1826) IoU:0.651 (Avg 0.6425) Dice:0.7744 (Avg 0.7556) (AvgTime 0.5)   
   [Val] sup_loss:0.165974 lv_loss:0.000000 epi_loss:0.000000 total_loss:0.165974 pseudo_update_count:0
[Val-Epoch-Metrics] epoch=38 sup_loss:0.182624 lv_loss:0.000000 epi_loss:0.000000 total_loss:0.182624 pseudo_update_count:0 labeled_seen:1429 unlabeled_seen:0 Dice:0.753427 IoU:0.640428
	 Mean dice:0.7534 does not increase, the best is still: 0.7567 in epoch 37
	 early_stopping_count: 1/100000

========= Epoch [39/76] =========
QaTa_Covid19_LViT_50pct_labels
Training with batch size : 16
[SemiSup] subset_ratio=0.5000 labeled_name_count=2858
   [Train] Epoch: [39][20/358]  Loss:0.196 (Avg 0.1845) IoU:0.602 (Avg 0.6447) Dice:0.7200 (Avg 0.7552) LR 1.86e-04   (AvgTime 1.2)   
   [Train] sup_loss:0.189427 lv_loss:0.032656 epi_loss:0.000010 total_loss:0.195959 pseudo_update_count:249235
   [Train] Epoch: [39][40/358]  Loss:0.105 (Avg 0.1844) IoU:0.676 (Avg 0.6396) Dice:0.7833 (Avg 0.7511) LR 1.86e-04   (AvgTime 1.2)   
   [Train] sup_loss:0.097977 lv_loss:0.033045 epi_loss:0.000012 total_loss:0.104586 pseudo_update_count:448383
   [Train] Epoch: [39][60/358]  Loss:0.292 (Avg 0.1782) IoU:0.562 (Avg 0.6476) Dice:0.6793 (Avg 0.7579) LR 1.86e-04   (AvgTime 1.1)   
   [Train] sup_loss:0.285072 lv_loss:0.035483 epi_loss:0.000007 total_loss:0.292169 pseudo_update_count:448729
   [Train] Epoch: [39][80/358]  Loss:0.110 (Avg 0.1741) IoU:0.640 (Avg 0.6538) Dice:0.7410 (Avg 0.7631) LR 1.86e-04   (AvgTime 1.1)   
   [Train] sup_loss:0.102513 lv_loss:0.036143 epi_loss:0.000011 total_loss:0.109742 pseudo_update_count:547652
   [Train] Epoch: [39][100/358]  Loss:0.189 (Avg 0.1729) IoU:0.656 (Avg 0.6551) Dice:0.7801 (Avg 0.7647) LR 1.86e-04   (AvgTime 1.1)   
   [Train] sup_loss:0.183524 lv_loss:0.028007 epi_loss:0.000004 total_loss:0.189126 pseudo_update_count:349155
   [Train] Epoch: [39][120/358]  Loss:0.165 (Avg 0.1725) IoU:0.655 (Avg 0.6512) Dice:0.7677 (Avg 0.7615) LR 1.86e-04   (AvgTime 1.1)   
   [Train] sup_loss:0.157777 lv_loss:0.034225 epi_loss:0.000015 total_loss:0.164623 pseudo_update_count:498484
   [Train] Epoch: [39][140/358]  Loss:0.163 (Avg 0.1737) IoU:0.760 (Avg 0.6523) Dice:0.8489 (Avg 0.7625) LR 1.86e-04   (AvgTime 1.1)   
   [Train] sup_loss:0.153825 lv_loss:0.046665 epi_loss:0.000027 total_loss:0.163159 pseudo_update_count:198879
   [Train] Epoch: [39][160/358]  Loss:0.187 (Avg 0.1732) IoU:0.647 (Avg 0.6483) Dice:0.7566 (Avg 0.7590) LR 1.86e-04   (AvgTime 1.1)   
   [Train] sup_loss:0.181847 lv_loss:0.023344 epi_loss:0.000010 total_loss:0.186517 pseudo_update_count:399442
   [Train] Epoch: [39][180/358]  Loss:0.107 (Avg 0.1723) IoU:0.735 (Avg 0.6497) Dice:0.8405 (Avg 0.7605) LR 1.86e-04   (AvgTime 1.1)   
   [Train] sup_loss:0.102329 lv_loss:0.024017 epi_loss:0.000011 total_loss:0.107133 pseudo_update_count:349663
   [Train] Epoch: [39][200/358]  Loss:0.156 (Avg 0.1717) IoU:0.613 (Avg 0.6524) Dice:0.7372 (Avg 0.7630) LR 1.86e-04   (AvgTime 1.1)   
   [Train] sup_loss:0.147602 lv_loss:0.043120 epi_loss:0.000005 total_loss:0.156226 pseudo_update_count:298716
   [Train] Epoch: [39][220/358]  Loss:0.176 (Avg 0.1726) IoU:0.502 (Avg 0.6513) Dice:0.6356 (Avg 0.7620) LR 1.86e-04   (AvgTime 1.1)   
   [Train] sup_loss:0.168299 lv_loss:0.038112 epi_loss:0.000008 total_loss:0.175921 pseudo_update_count:448150
   [Train] Epoch: [39][240/358]  Loss:0.241 (Avg 0.1747) IoU:0.662 (Avg 0.6498) Dice:0.7827 (Avg 0.7606) LR 1.86e-04   (AvgTime 1.1)   
   [Train] sup_loss:0.235195 lv_loss:0.030144 epi_loss:0.000016 total_loss:0.241224 pseudo_update_count:299269
   [Train] Epoch: [39][260/358]  Loss:0.139 (Avg 0.1746) IoU:0.708 (Avg 0.6483) Dice:0.8175 (Avg 0.7595) LR 1.86e-04   (AvgTime 1.1)   
   [Train] sup_loss:0.129421 lv_loss:0.047904 epi_loss:0.000011 total_loss:0.139002 pseudo_update_count:297679
   [Train] Epoch: [39][280/358]  Loss:0.126 (Avg 0.1738) IoU:0.684 (Avg 0.6492) Dice:0.7977 (Avg 0.7606) LR 1.86e-04   (AvgTime 1.1)   
   [Train] sup_loss:0.118211 lv_loss:0.040537 epi_loss:0.000013 total_loss:0.126319 pseudo_update_count:348254
   [Train] Epoch: [39][300/358]  Loss:0.191 (Avg 0.1739) IoU:0.568 (Avg 0.6489) Dice:0.7008 (Avg 0.7604) LR 1.86e-04   (AvgTime 1.1)   
   [Train] sup_loss:0.183618 lv_loss:0.035158 epi_loss:0.000011 total_loss:0.190651 pseudo_update_count:498841
   [Train] Epoch: [39][320/358]  Loss:0.141 (Avg 0.1733) IoU:0.698 (Avg 0.6488) Dice:0.8085 (Avg 0.7603) LR 1.86e-04   (AvgTime 1.1)   
   [Train] sup_loss:0.135446 lv_loss:0.028850 epi_loss:0.000016 total_loss:0.141217 pseudo_update_count:399030
   [Train] Epoch: [39][340/358]  Loss:0.191 (Avg 0.1738) IoU:0.695 (Avg 0.6499) Dice:0.7942 (Avg 0.7612) LR 1.86e-04   (AvgTime 1.1)   
   [Train] sup_loss:0.185543 lv_loss:0.028962 epi_loss:0.000007 total_loss:0.191336 pseudo_update_count:549154
[Train-Epoch-Metrics] epoch=39 sup_loss:0.167381 lv_loss:0.032393 epi_loss:0.000011 total_loss:0.173860 pseudo_update_count:142511741 labeled_seen:2858 unlabeled_seen:2858 Dice:0.760959 IoU:0.649486
Validation
   [Val] Epoch: [39][20/90]  Loss:0.162 (Avg 0.1726) IoU:0.669 (Avg 0.6467) Dice:0.7802 (Avg 0.7587) (AvgTime 0.5)   
   [Val] sup_loss:0.161722 lv_loss:0.000000 epi_loss:0.000000 total_loss:0.161722 pseudo_update_count:0
   [Val] Epoch: [39][40/90]  Loss:0.251 (Avg 0.1725) IoU:0.560 (Avg 0.6450) Dice:0.6783 (Avg 0.7594) (AvgTime 0.5)   
   [Val] sup_loss:0.251467 lv_loss:0.000000 epi_loss:0.000000 total_loss:0.251467 pseudo_update_count:0
   [Val] Epoch: [39][60/90]  Loss:0.188 (Avg 0.1745) IoU:0.623 (Avg 0.6449) Dice:0.7495 (Avg 0.7593) (AvgTime 0.5)   
   [Val] sup_loss:0.188272 lv_loss:0.000000 epi_loss:0.000000 total_loss:0.188272 pseudo_update_count:0
   [Val] Epoch: [39][80/90]  Loss:0.226 (Avg 0.1736) IoU:0.594 (Avg 0.6464) Dice:0.7220 (Avg 0.7607) (AvgTime 0.5)   
   [Val] sup_loss:0.226032 lv_loss:0.000000 epi_loss:0.000000 total_loss:0.226032 pseudo_update_count:0
[Val-Epoch-Metrics] epoch=39 sup_loss:0.173256 lv_loss:0.000000 epi_loss:0.000000 total_loss:0.173256 pseudo_update_count:0 labeled_seen:1429 unlabeled_seen:0 Dice:0.761216 IoU:0.647430
	 Saving best model, mean dice increased from: 0.7567 to 0.7612
	 Saving to QaTa-Covid19/LViT/QaTa_Covid19_LViT_50pct_labels/models/
	 early_stopping_count: 0/100000

========= Epoch [40/76] =========
QaTa_Covid19_LViT_50pct_labels
Training with batch size : 16
[SemiSup] subset_ratio=0.5000 labeled_name_count=2858
   [Train] Epoch: [40][20/358]  Loss:0.156 (Avg 0.1658) IoU:0.623 (Avg 0.6667) Dice:0.7568 (Avg 0.7793) LR 1.22e-04   (AvgTime 1.2)   
   [Train] sup_loss:0.149110 lv_loss:0.036079 epi_loss:0.000011 total_loss:0.156327 pseudo_update_count:249055
   [Train] Epoch: [40][40/358]  Loss:0.171 (Avg 0.1698) IoU:0.611 (Avg 0.6568) Dice:0.7267 (Avg 0.7704) LR 1.22e-04   (AvgTime 1.2)   
   [Train] sup_loss:0.165763 lv_loss:0.027575 epi_loss:0.000009 total_loss:0.171278 pseudo_update_count:499380
   [Train] Epoch: [40][60/358]  Loss:0.146 (Avg 0.1730) IoU:0.658 (Avg 0.6508) Dice:0.7700 (Avg 0.7632) LR 1.22e-04   (AvgTime 1.2)   
   [Train] sup_loss:0.140618 lv_loss:0.026751 epi_loss:0.000007 total_loss:0.145969 pseudo_update_count:399536
   [Train] Epoch: [40][80/358]  Loss:0.187 (Avg 0.1742) IoU:0.670 (Avg 0.6534) Dice:0.7793 (Avg 0.7650) LR 1.22e-04   (AvgTime 1.1)   
   [Train] sup_loss:0.181149 lv_loss:0.031117 epi_loss:0.000013 total_loss:0.187373 pseudo_update_count:449381
   [Train] Epoch: [40][100/358]  Loss:0.170 (Avg 0.1741) IoU:0.648 (Avg 0.6558) Dice:0.7708 (Avg 0.7676) LR 1.22e-04   (AvgTime 1.1)   
   [Train] sup_loss:0.164476 lv_loss:0.029627 epi_loss:0.000011 total_loss:0.170402 pseudo_update_count:299074
   [Train] Epoch: [40][120/358]  Loss:0.203 (Avg 0.1721) IoU:0.607 (Avg 0.6543) Dice:0.7269 (Avg 0.7668) LR 1.22e-04   (AvgTime 1.1)   
   [Train] sup_loss:0.194527 lv_loss:0.040859 epi_loss:0.000015 total_loss:0.202700 pseudo_update_count:398343
   [Train] Epoch: [40][140/358]  Loss:0.178 (Avg 0.1710) IoU:0.615 (Avg 0.6569) Dice:0.7365 (Avg 0.7687) LR 1.22e-04   (AvgTime 1.1)   
   [Train] sup_loss:0.170898 lv_loss:0.035249 epi_loss:0.000012 total_loss:0.177949 pseudo_update_count:647282
   [Train] Epoch: [40][160/358]  Loss:0.304 (Avg 0.1713) IoU:0.494 (Avg 0.6556) Dice:0.6042 (Avg 0.7669) LR 1.22e-04   (AvgTime 1.1)   
   [Train] sup_loss:0.297460 lv_loss:0.031688 epi_loss:0.000009 total_loss:0.303798 pseudo_update_count:298752
   [Train] Epoch: [40][180/358]  Loss:0.138 (Avg 0.1719) IoU:0.610 (Avg 0.6529) Dice:0.7224 (Avg 0.7647) LR 1.22e-04   (AvgTime 1.1)   
   [Train] sup_loss:0.130046 lv_loss:0.038186 epi_loss:0.000010 total_loss:0.137684 pseudo_update_count:448214
   [Train] Epoch: [40][200/358]  Loss:0.126 (Avg 0.1707) IoU:0.679 (Avg 0.6536) Dice:0.7895 (Avg 0.7650) LR 1.22e-04   (AvgTime 1.1)   
   [Train] sup_loss:0.119343 lv_loss:0.031477 epi_loss:0.000009 total_loss:0.125639 pseudo_update_count:348847
   [Train] Epoch: [40][220/358]  Loss:0.217 (Avg 0.1717) IoU:0.599 (Avg 0.6524) Dice:0.7113 (Avg 0.7639) LR 1.22e-04   (AvgTime 1.1)   
   [Train] sup_loss:0.209283 lv_loss:0.036424 epi_loss:0.000014 total_loss:0.216568 pseudo_update_count:398728
   [Train] Epoch: [40][240/358]  Loss:0.235 (Avg 0.1724) IoU:0.622 (Avg 0.6530) Dice:0.7345 (Avg 0.7644) LR 1.22e-04   (AvgTime 1.1)   
   [Train] sup_loss:0.228771 lv_loss:0.033438 epi_loss:0.000011 total_loss:0.235459 pseudo_update_count:448513
   [Train] Epoch: [40][260/358]  Loss:0.208 (Avg 0.1710) IoU:0.708 (Avg 0.6544) Dice:0.8115 (Avg 0.7655) LR 1.22e-04   (AvgTime 1.1)   
   [Train] sup_loss:0.201769 lv_loss:0.029661 epi_loss:0.000014 total_loss:0.207701 pseudo_update_count:499020
   [Train] Epoch: [40][280/358]  Loss:0.221 (Avg 0.1705) IoU:0.625 (Avg 0.6542) Dice:0.7304 (Avg 0.7651) LR 1.22e-04   (AvgTime 1.1)   
   [Train] sup_loss:0.215542 lv_loss:0.028727 epi_loss:0.000009 total_loss:0.221288 pseudo_update_count:299558
   [Train] Epoch: [40][300/358]  Loss:0.216 (Avg 0.1693) IoU:0.589 (Avg 0.6555) Dice:0.7208 (Avg 0.7663) LR 1.22e-04   (AvgTime 1.1)   
   [Train] sup_loss:0.208996 lv_loss:0.032598 epi_loss:0.000010 total_loss:0.215516 pseudo_update_count:348914
   [Train] Epoch: [40][320/358]  Loss:0.194 (Avg 0.1693) IoU:0.665 (Avg 0.6550) Dice:0.7686 (Avg 0.7656) LR 1.22e-04   (AvgTime 1.1)   
   [Train] sup_loss:0.188556 lv_loss:0.029103 epi_loss:0.000013 total_loss:0.194377 pseudo_update_count:349163
   [Train] Epoch: [40][340/358]  Loss:0.151 (Avg 0.1689) IoU:0.657 (Avg 0.6555) Dice:0.7658 (Avg 0.7660) LR 1.22e-04   (AvgTime 1.1)   
   [Train] sup_loss:0.145947 lv_loss:0.023092 epi_loss:0.000015 total_loss:0.150566 pseudo_update_count:299805
[Train-Epoch-Metrics] epoch=40 sup_loss:0.162934 lv_loss:0.032102 epi_loss:0.000011 total_loss:0.169355 pseudo_update_count:142509710 labeled_seen:2858 unlabeled_seen:2858 Dice:0.764951 IoU:0.653965
Validation
   [Val] Epoch: [40][20/90]  Loss:0.286 (Avg 0.1731) IoU:0.640 (Avg 0.6586) Dice:0.7714 (Avg 0.7708) (AvgTime 0.5)   
   [Val] sup_loss:0.285841 lv_loss:0.000000 epi_loss:0.000000 total_loss:0.285841 pseudo_update_count:0
   [Val] Epoch: [40][40/90]  Loss:0.177 (Avg 0.1760) IoU:0.640 (Avg 0.6479) Dice:0.7617 (Avg 0.7626) (AvgTime 0.5)   
   [Val] sup_loss:0.176645 lv_loss:0.000000 epi_loss:0.000000 total_loss:0.176645 pseudo_update_count:0
   [Val] Epoch: [40][60/90]  Loss:0.157 (Avg 0.1685) IoU:0.677 (Avg 0.6606) Dice:0.7963 (Avg 0.7724) (AvgTime 0.5)   
   [Val] sup_loss:0.157122 lv_loss:0.000000 epi_loss:0.000000 total_loss:0.157122 pseudo_update_count:0
   [Val] Epoch: [40][80/90]  Loss:0.238 (Avg 0.1711) IoU:0.571 (Avg 0.6558) Dice:0.6680 (Avg 0.7678) (AvgTime 0.5)   
   [Val] sup_loss:0.238341 lv_loss:0.000000 epi_loss:0.000000 total_loss:0.238341 pseudo_update_count:0
[Val-Epoch-Metrics] epoch=40 sup_loss:0.171750 lv_loss:0.000000 epi_loss:0.000000 total_loss:0.171750 pseudo_update_count:0 labeled_seen:1429 unlabeled_seen:0 Dice:0.767297 IoU:0.655809
	 Saving best model, mean dice increased from: 0.7612 to 0.7673
	 Saving to QaTa-Covid19/LViT/QaTa_Covid19_LViT_50pct_labels/models/
	 early_stopping_count: 0/100000

========= Epoch [41/76] =========
QaTa_Covid19_LViT_50pct_labels
Training with batch size : 16
[SemiSup] subset_ratio=0.5000 labeled_name_count=2858
   [Train] Epoch: [41][20/358]  Loss:0.114 (Avg 0.2064) IoU:0.580 (Avg 0.6073) Dice:0.7035 (Avg 0.7229) LR 1.00e-03   (AvgTime 1.2)   
   [Train] sup_loss:0.106378 lv_loss:0.038447 epi_loss:0.000011 total_loss:0.114068 pseudo_update_count:547797
   [Train] Epoch: [41][40/358]  Loss:0.183 (Avg 0.1990) IoU:0.673 (Avg 0.6170) Dice:0.7818 (Avg 0.7339) LR 1.00e-03   (AvgTime 1.2)   
   [Train] sup_loss:0.174289 lv_loss:0.041552 epi_loss:0.000010 total_loss:0.182600 pseudo_update_count:447788
   [Train] Epoch: [41][60/358]  Loss:0.249 (Avg 0.1994) IoU:0.553 (Avg 0.6145) Dice:0.6903 (Avg 0.7319) LR 1.00e-03   (AvgTime 1.2)   
   [Train] sup_loss:0.241238 lv_loss:0.039849 epi_loss:0.000011 total_loss:0.249208 pseudo_update_count:448127
   [Train] Epoch: [41][80/358]  Loss:0.320 (Avg 0.1946) IoU:0.634 (Avg 0.6207) Dice:0.7564 (Avg 0.7384) LR 1.00e-03   (AvgTime 1.1)   
   [Train] sup_loss:0.313835 lv_loss:0.033206 epi_loss:0.000013 total_loss:0.320477 pseudo_update_count:448640
   [Train] Epoch: [41][100/358]  Loss:0.147 (Avg 0.1981) IoU:0.629 (Avg 0.6189) Dice:0.7528 (Avg 0.7361) LR 1.00e-03   (AvgTime 1.1)   
   [Train] sup_loss:0.138998 lv_loss:0.037920 epi_loss:0.000011 total_loss:0.146582 pseudo_update_count:448390
   [Train] Epoch: [41][120/358]  Loss:0.170 (Avg 0.1987) IoU:0.651 (Avg 0.6196) Dice:0.7700 (Avg 0.7360) LR 1.00e-03   (AvgTime 1.1)   
   [Train] sup_loss:0.163670 lv_loss:0.030583 epi_loss:0.000009 total_loss:0.169787 pseudo_update_count:399209
   [Train] Epoch: [41][140/358]  Loss:0.160 (Avg 0.1985) IoU:0.690 (Avg 0.6184) Dice:0.8071 (Avg 0.7346) LR 1.00e-03   (AvgTime 1.1)   
   [Train] sup_loss:0.153579 lv_loss:0.030626 epi_loss:0.000006 total_loss:0.159705 pseudo_update_count:299666
   [Train] Epoch: [41][160/358]  Loss:0.175 (Avg 0.1992) IoU:0.612 (Avg 0.6179) Dice:0.7464 (Avg 0.7343) LR 1.00e-03   (AvgTime 1.1)   
   [Train] sup_loss:0.166906 lv_loss:0.042522 epi_loss:0.000009 total_loss:0.175411 pseudo_update_count:298877
   [Train] Epoch: [41][180/358]  Loss:0.195 (Avg 0.1989) IoU:0.660 (Avg 0.6182) Dice:0.7802 (Avg 0.7346) LR 1.00e-03   (AvgTime 1.1)   
   [Train] sup_loss:0.187847 lv_loss:0.037748 epi_loss:0.000015 total_loss:0.195397 pseudo_update_count:298888
   [Train] Epoch: [41][200/358]  Loss:0.152 (Avg 0.1986) IoU:0.744 (Avg 0.6189) Dice:0.8457 (Avg 0.7348) LR 1.00e-03   (AvgTime 1.1)   
   [Train] sup_loss:0.145497 lv_loss:0.034619 epi_loss:0.000010 total_loss:0.152421 pseudo_update_count:399095
   [Train] Epoch: [41][220/358]  Loss:0.118 (Avg 0.1986) IoU:0.632 (Avg 0.6188) Dice:0.7490 (Avg 0.7347) LR 1.00e-03   (AvgTime 1.1)   
   [Train] sup_loss:0.111145 lv_loss:0.035172 epi_loss:0.000008 total_loss:0.118180 pseudo_update_count:498768
   [Train] Epoch: [41][240/358]  Loss:0.156 (Avg 0.1994) IoU:0.573 (Avg 0.6188) Dice:0.6905 (Avg 0.7348) LR 1.00e-03   (AvgTime 1.1)   
   [Train] sup_loss:0.146712 lv_loss:0.048859 epi_loss:0.000011 total_loss:0.156484 pseudo_update_count:446642
   [Train] Epoch: [41][260/358]  Loss:0.188 (Avg 0.1992) IoU:0.690 (Avg 0.6196) Dice:0.7980 (Avg 0.7356) LR 1.00e-03   (AvgTime 1.1)   
   [Train] sup_loss:0.182411 lv_loss:0.028682 epi_loss:0.000015 total_loss:0.188148 pseudo_update_count:149730
   [Train] Epoch: [41][280/358]  Loss:0.156 (Avg 0.1981) IoU:0.639 (Avg 0.6201) Dice:0.7503 (Avg 0.7361) LR 1.00e-03   (AvgTime 1.1)   
   [Train] sup_loss:0.149276 lv_loss:0.034130 epi_loss:0.000009 total_loss:0.156103 pseudo_update_count:398663
   [Train] Epoch: [41][300/358]  Loss:0.248 (Avg 0.1976) IoU:0.604 (Avg 0.6202) Dice:0.7075 (Avg 0.7362) LR 1.00e-03   (AvgTime 1.1)   
   [Train] sup_loss:0.240687 lv_loss:0.034650 epi_loss:0.000010 total_loss:0.247618 pseudo_update_count:448941
   [Train] Epoch: [41][320/358]  Loss:0.249 (Avg 0.1975) IoU:0.495 (Avg 0.6194) Dice:0.6290 (Avg 0.7354) LR 1.00e-03   (AvgTime 1.1)   
   [Train] sup_loss:0.240780 lv_loss:0.040849 epi_loss:0.000006 total_loss:0.248950 pseudo_update_count:597729
   [Train] Epoch: [41][340/358]  Loss:0.143 (Avg 0.1963) IoU:0.647 (Avg 0.6195) Dice:0.7528 (Avg 0.7355) LR 1.00e-03   (AvgTime 1.1)   
   [Train] sup_loss:0.137497 lv_loss:0.028247 epi_loss:0.000011 total_loss:0.143147 pseudo_update_count:349583
[Train-Epoch-Metrics] epoch=41 sup_loss:0.188831 lv_loss:0.036699 epi_loss:0.000011 total_loss:0.196171 pseudo_update_count:142422187 labeled_seen:2858 unlabeled_seen:2858 Dice:0.735723 IoU:0.619456
Validation
   [Val] Epoch: [41][20/90]  Loss:0.189 (Avg 0.2072) IoU:0.618 (Avg 0.6239) Dice:0.7477 (Avg 0.7408) (AvgTime 0.5)   
   [Val] sup_loss:0.188859 lv_loss:0.000000 epi_loss:0.000000 total_loss:0.188859 pseudo_update_count:0
   [Val] Epoch: [41][40/90]  Loss:0.245 (Avg 0.2139) IoU:0.572 (Avg 0.6104) Dice:0.7135 (Avg 0.7282) (AvgTime 0.5)   
   [Val] sup_loss:0.245122 lv_loss:0.000000 epi_loss:0.000000 total_loss:0.245122 pseudo_update_count:0
   [Val] Epoch: [41][60/90]  Loss:0.177 (Avg 0.2120) IoU:0.670 (Avg 0.6138) Dice:0.7934 (Avg 0.7311) (AvgTime 0.5)   
   [Val] sup_loss:0.176979 lv_loss:0.000000 epi_loss:0.000000 total_loss:0.176979 pseudo_update_count:0
   [Val] Epoch: [41][80/90]  Loss:0.130 (Avg 0.2085) IoU:0.715 (Avg 0.6166) Dice:0.8122 (Avg 0.7330) (AvgTime 0.5)   
   [Val] sup_loss:0.129532 lv_loss:0.000000 epi_loss:0.000000 total_loss:0.129532 pseudo_update_count:0
[Val-Epoch-Metrics] epoch=41 sup_loss:0.212658 lv_loss:0.000000 epi_loss:0.000000 total_loss:0.212658 pseudo_update_count:0 labeled_seen:1429 unlabeled_seen:0 Dice:0.729929 IoU:0.612697
	 Mean dice:0.7299 does not increase, the best is still: 0.7673 in epoch 40
	 early_stopping_count: 1/100000

========= Epoch [42/76] =========
QaTa_Covid19_LViT_50pct_labels
Training with batch size : 16
[SemiSup] subset_ratio=0.5000 labeled_name_count=2858
   [Train] Epoch: [42][20/358]  Loss:0.131 (Avg 0.2166) IoU:0.720 (Avg 0.6046) Dice:0.8027 (Avg 0.7242) LR 9.78e-04   (AvgTime 1.2)   
   [Train] sup_loss:0.123107 lv_loss:0.040121 epi_loss:0.000008 total_loss:0.131132 pseudo_update_count:248771
   [Train] Epoch: [42][40/358]  Loss:0.212 (Avg 0.2096) IoU:0.573 (Avg 0.6032) Dice:0.6985 (Avg 0.7250) LR 9.78e-04   (AvgTime 1.2)   
   [Train] sup_loss:0.200871 lv_loss:0.053994 epi_loss:0.000008 total_loss:0.211671 pseudo_update_count:447114
   [Train] Epoch: [42][60/358]  Loss:0.182 (Avg 0.2023) IoU:0.602 (Avg 0.6101) Dice:0.7286 (Avg 0.7294) LR 9.78e-04   (AvgTime 1.2)   
   [Train] sup_loss:0.176708 lv_loss:0.025789 epi_loss:0.000012 total_loss:0.181867 pseudo_update_count:399588
   [Train] Epoch: [42][80/358]  Loss:0.204 (Avg 0.1999) IoU:0.641 (Avg 0.6117) Dice:0.7491 (Avg 0.7319) LR 9.78e-04   (AvgTime 1.1)   
   [Train] sup_loss:0.197166 lv_loss:0.036620 epi_loss:0.000012 total_loss:0.204491 pseudo_update_count:348987
   [Train] Epoch: [42][100/358]  Loss:0.177 (Avg 0.1993) IoU:0.644 (Avg 0.6136) Dice:0.7720 (Avg 0.7336) LR 9.78e-04   (AvgTime 1.1)   
   [Train] sup_loss:0.170508 lv_loss:0.034470 epi_loss:0.000010 total_loss:0.177402 pseudo_update_count:399559
   [Train] Epoch: [42][120/358]  Loss:0.304 (Avg 0.1993) IoU:0.494 (Avg 0.6165) Dice:0.6174 (Avg 0.7356) LR 9.78e-04   (AvgTime 1.1)   
   [Train] sup_loss:0.295361 lv_loss:0.041790 epi_loss:0.000007 total_loss:0.303720 pseudo_update_count:447375
   [Train] Epoch: [42][140/358]  Loss:0.188 (Avg 0.2013) IoU:0.687 (Avg 0.6134) Dice:0.8029 (Avg 0.7324) LR 9.78e-04   (AvgTime 1.1)   
   [Train] sup_loss:0.180495 lv_loss:0.035506 epi_loss:0.000012 total_loss:0.187597 pseudo_update_count:349035
   [Train] Epoch: [42][160/358]  Loss:0.176 (Avg 0.1997) IoU:0.641 (Avg 0.6149) Dice:0.7620 (Avg 0.7337) LR 9.78e-04   (AvgTime 1.1)   
   [Train] sup_loss:0.166793 lv_loss:0.044577 epi_loss:0.000008 total_loss:0.175709 pseudo_update_count:347850
   [Train] Epoch: [42][180/358]  Loss:0.276 (Avg 0.1990) IoU:0.586 (Avg 0.6164) Dice:0.6980 (Avg 0.7344) LR 9.78e-04   (AvgTime 1.1)   
   [Train] sup_loss:0.267782 lv_loss:0.038695 epi_loss:0.000017 total_loss:0.275522 pseudo_update_count:597915
   [Train] Epoch: [42][200/358]  Loss:0.161 (Avg 0.1992) IoU:0.655 (Avg 0.6174) Dice:0.7702 (Avg 0.7352) LR 9.78e-04   (AvgTime 1.1)   
   [Train] sup_loss:0.155080 lv_loss:0.032044 epi_loss:0.000010 total_loss:0.161489 pseudo_update_count:398624
   [Train] Epoch: [42][220/358]  Loss:0.222 (Avg 0.1992) IoU:0.633 (Avg 0.6185) Dice:0.7531 (Avg 0.7358) LR 9.78e-04   (AvgTime 1.1)   
   [Train] sup_loss:0.215598 lv_loss:0.033345 epi_loss:0.000007 total_loss:0.222268 pseudo_update_count:299568
   [Train] Epoch: [42][240/358]  Loss:0.176 (Avg 0.1993) IoU:0.661 (Avg 0.6190) Dice:0.7738 (Avg 0.7362) LR 9.78e-04   (AvgTime 1.1)   
   [Train] sup_loss:0.169902 lv_loss:0.029815 epi_loss:0.000011 total_loss:0.175866 pseudo_update_count:499701
   [Train] Epoch: [42][260/358]  Loss:0.195 (Avg 0.1988) IoU:0.707 (Avg 0.6200) Dice:0.8078 (Avg 0.7367) LR 9.78e-04   (AvgTime 1.1)   
   [Train] sup_loss:0.184852 lv_loss:0.051063 epi_loss:0.000023 total_loss:0.195066 pseudo_update_count:297741
   [Train] Epoch: [42][280/358]  Loss:0.211 (Avg 0.1991) IoU:0.604 (Avg 0.6193) Dice:0.7069 (Avg 0.7358) LR 9.78e-04   (AvgTime 1.1)   
   [Train] sup_loss:0.204780 lv_loss:0.029261 epi_loss:0.000010 total_loss:0.210633 pseudo_update_count:499180
   [Train] Epoch: [42][300/358]  Loss:0.164 (Avg 0.1979) IoU:0.687 (Avg 0.6207) Dice:0.7935 (Avg 0.7368) LR 9.78e-04   (AvgTime 1.1)   
   [Train] sup_loss:0.156590 lv_loss:0.036489 epi_loss:0.000008 total_loss:0.163888 pseudo_update_count:398470
   [Train] Epoch: [42][320/358]  Loss:0.233 (Avg 0.1974) IoU:0.631 (Avg 0.6213) Dice:0.7601 (Avg 0.7375) LR 9.78e-04   (AvgTime 1.1)   
   [Train] sup_loss:0.225542 lv_loss:0.035792 epi_loss:0.000010 total_loss:0.232701 pseudo_update_count:448515
   [Train] Epoch: [42][340/358]  Loss:0.195 (Avg 0.1969) IoU:0.591 (Avg 0.6207) Dice:0.7244 (Avg 0.7367) LR 9.78e-04   (AvgTime 1.1)   
   [Train] sup_loss:0.188821 lv_loss:0.033236 epi_loss:0.000013 total_loss:0.195468 pseudo_update_count:299466
[Train-Epoch-Metrics] epoch=42 sup_loss:0.189413 lv_loss:0.037257 epi_loss:0.000011 total_loss:0.196865 pseudo_update_count:142412665 labeled_seen:2858 unlabeled_seen:2858 Dice:0.736785 IoU:0.621038
Validation
   [Val] Epoch: [42][20/90]  Loss:0.225 (Avg 0.1749) IoU:0.530 (Avg 0.6444) Dice:0.6559 (Avg 0.7612) (AvgTime 0.5)   
   [Val] sup_loss:0.225117 lv_loss:0.000000 epi_loss:0.000000 total_loss:0.225117 pseudo_update_count:0
   [Val] Epoch: [42][40/90]  Loss:0.159 (Avg 0.1806) IoU:0.665 (Avg 0.6375) Dice:0.7720 (Avg 0.7527) (AvgTime 0.5)   
   [Val] sup_loss:0.159491 lv_loss:0.000000 epi_loss:0.000000 total_loss:0.159491 pseudo_update_count:0
   [Val] Epoch: [42][60/90]  Loss:0.209 (Avg 0.1857) IoU:0.515 (Avg 0.6286) Dice:0.6539 (Avg 0.7449) (AvgTime 0.5)   
   [Val] sup_loss:0.208869 lv_loss:0.000000 epi_loss:0.000000 total_loss:0.208869 pseudo_update_count:0
   [Val] Epoch: [42][80/90]  Loss:0.192 (Avg 0.1876) IoU:0.624 (Avg 0.6259) Dice:0.7409 (Avg 0.7424) (AvgTime 0.5)   
   [Val] sup_loss:0.192166 lv_loss:0.000000 epi_loss:0.000000 total_loss:0.192166 pseudo_update_count:0
[Val-Epoch-Metrics] epoch=42 sup_loss:0.188560 lv_loss:0.000000 epi_loss:0.000000 total_loss:0.188560 pseudo_update_count:0 labeled_seen:1429 unlabeled_seen:0 Dice:0.739916 IoU:0.623219
	 Mean dice:0.7399 does not increase, the best is still: 0.7673 in epoch 40
	 early_stopping_count: 2/100000

========= Epoch [43/76] =========
QaTa_Covid19_LViT_50pct_labels
Training with batch size : 16
[SemiSup] subset_ratio=0.5000 labeled_name_count=2858
   [Train] Epoch: [43][20/358]  Loss:0.183 (Avg 0.1901) IoU:0.735 (Avg 0.6342) Dice:0.8419 (Avg 0.7503) LR 9.14e-04   (AvgTime 1.2)   
   [Train] sup_loss:0.176149 lv_loss:0.036197 epi_loss:0.000009 total_loss:0.183389 pseudo_update_count:348944
   [Train] Epoch: [43][40/358]  Loss:0.221 (Avg 0.1863) IoU:0.515 (Avg 0.6326) Dice:0.6517 (Avg 0.7472) LR 9.14e-04   (AvgTime 1.2)   
   [Train] sup_loss:0.212699 lv_loss:0.042637 epi_loss:0.000014 total_loss:0.221227 pseudo_update_count:448077
   [Train] Epoch: [43][60/358]  Loss:0.236 (Avg 0.1853) IoU:0.545 (Avg 0.6266) Dice:0.6829 (Avg 0.7409) LR 9.14e-04   (AvgTime 1.1)   
   [Train] sup_loss:0.228661 lv_loss:0.034540 epi_loss:0.000014 total_loss:0.235570 pseudo_update_count:398966
   [Train] Epoch: [43][80/358]  Loss:0.293 (Avg 0.1887) IoU:0.663 (Avg 0.6232) Dice:0.7695 (Avg 0.7372) LR 9.14e-04   (AvgTime 1.1)   
   [Train] sup_loss:0.284990 lv_loss:0.040905 epi_loss:0.000013 total_loss:0.293171 pseudo_update_count:448017
   [Train] Epoch: [43][100/358]  Loss:0.225 (Avg 0.1911) IoU:0.566 (Avg 0.6156) Dice:0.6849 (Avg 0.7310) LR 9.14e-04   (AvgTime 1.1)   
   [Train] sup_loss:0.219208 lv_loss:0.027838 epi_loss:0.000012 total_loss:0.224777 pseudo_update_count:399421
   [Train] Epoch: [43][120/358]  Loss:0.138 (Avg 0.1910) IoU:0.601 (Avg 0.6191) Dice:0.7199 (Avg 0.7342) LR 9.14e-04   (AvgTime 1.1)   
   [Train] sup_loss:0.128509 lv_loss:0.047577 epi_loss:0.000013 total_loss:0.138025 pseudo_update_count:497758
   [Train] Epoch: [43][140/358]  Loss:0.161 (Avg 0.1923) IoU:0.653 (Avg 0.6200) Dice:0.7706 (Avg 0.7350) LR 9.14e-04   (AvgTime 1.1)   
   [Train] sup_loss:0.151834 lv_loss:0.044222 epi_loss:0.000009 total_loss:0.160679 pseudo_update_count:447747
   [Train] Epoch: [43][160/358]  Loss:0.127 (Avg 0.1919) IoU:0.692 (Avg 0.6214) Dice:0.7958 (Avg 0.7364) LR 9.14e-04   (AvgTime 1.1)   
   [Train] sup_loss:0.118945 lv_loss:0.041070 epi_loss:0.000013 total_loss:0.127160 pseudo_update_count:348645
   [Train] Epoch: [43][180/358]  Loss:0.217 (Avg 0.1918) IoU:0.648 (Avg 0.6239) Dice:0.7629 (Avg 0.7387) LR 9.14e-04   (AvgTime 1.1)   
   [Train] sup_loss:0.209260 lv_loss:0.036940 epi_loss:0.000013 total_loss:0.216649 pseudo_update_count:248890
   [Train] Epoch: [43][200/358]  Loss:0.196 (Avg 0.1918) IoU:0.599 (Avg 0.6242) Dice:0.7404 (Avg 0.7391) LR 9.14e-04   (AvgTime 1.1)   
   [Train] sup_loss:0.189416 lv_loss:0.032154 epi_loss:0.000007 total_loss:0.195847 pseudo_update_count:249613
   [Train] Epoch: [43][220/358]  Loss:0.176 (Avg 0.1913) IoU:0.662 (Avg 0.6249) Dice:0.7750 (Avg 0.7397) LR 9.14e-04   (AvgTime 1.1)   
   [Train] sup_loss:0.170095 lv_loss:0.030532 epi_loss:0.000013 total_loss:0.176202 pseudo_update_count:449424
   [Train] Epoch: [43][240/358]  Loss:0.113 (Avg 0.1914) IoU:0.744 (Avg 0.6240) Dice:0.8439 (Avg 0.7389) LR 9.14e-04   (AvgTime 1.1)   
   [Train] sup_loss:0.105299 lv_loss:0.036895 epi_loss:0.000013 total_loss:0.112679 pseudo_update_count:498145
   [Train] Epoch: [43][260/358]  Loss:0.154 (Avg 0.1928) IoU:0.732 (Avg 0.6239) Dice:0.8348 (Avg 0.7387) LR 9.14e-04   (AvgTime 1.1)   
   [Train] sup_loss:0.143968 lv_loss:0.048562 epi_loss:0.000015 total_loss:0.153681 pseudo_update_count:397547
   [Train] Epoch: [43][280/358]  Loss:0.188 (Avg 0.1926) IoU:0.629 (Avg 0.6240) Dice:0.7511 (Avg 0.7393) LR 9.14e-04   (AvgTime 1.1)   
   [Train] sup_loss:0.178796 lv_loss:0.045527 epi_loss:0.000010 total_loss:0.187902 pseudo_update_count:297855
   [Train] Epoch: [43][300/358]  Loss:0.192 (Avg 0.1925) IoU:0.568 (Avg 0.6248) Dice:0.7041 (Avg 0.7403) LR 9.14e-04   (AvgTime 1.1)   
   [Train] sup_loss:0.186287 lv_loss:0.026101 epi_loss:0.000005 total_loss:0.191508 pseudo_update_count:249810
   [Train] Epoch: [43][320/358]  Loss:0.202 (Avg 0.1929) IoU:0.614 (Avg 0.6243) Dice:0.7510 (Avg 0.7398) LR 9.14e-04   (AvgTime 1.1)   
   [Train] sup_loss:0.195839 lv_loss:0.031324 epi_loss:0.000010 total_loss:0.202104 pseudo_update_count:299597
   [Train] Epoch: [43][340/358]  Loss:0.168 (Avg 0.1926) IoU:0.645 (Avg 0.6241) Dice:0.7627 (Avg 0.7397) LR 9.14e-04   (AvgTime 1.1)   
   [Train] sup_loss:0.160711 lv_loss:0.037445 epi_loss:0.000009 total_loss:0.168200 pseudo_update_count:548097
[Train-Epoch-Metrics] epoch=43 sup_loss:0.185692 lv_loss:0.037050 epi_loss:0.000011 total_loss:0.193103 pseudo_update_count:142426293 labeled_seen:2858 unlabeled_seen:2858 Dice:0.739205 IoU:0.623603
Validation
   [Val] Epoch: [43][20/90]  Loss:0.213 (Avg 0.2367) IoU:0.548 (Avg 0.5293) Dice:0.6657 (Avg 0.6573) (AvgTime 0.5)   
   [Val] sup_loss:0.213020 lv_loss:0.000000 epi_loss:0.000000 total_loss:0.213020 pseudo_update_count:0
   [Val] Epoch: [43][40/90]  Loss:0.188 (Avg 0.2429) IoU:0.585 (Avg 0.5200) Dice:0.7052 (Avg 0.6486) (AvgTime 0.5)   
   [Val] sup_loss:0.188229 lv_loss:0.000000 epi_loss:0.000000 total_loss:0.188229 pseudo_update_count:0
   [Val] Epoch: [43][60/90]  Loss:0.229 (Avg 0.2452) IoU:0.550 (Avg 0.5206) Dice:0.6756 (Avg 0.6484) (AvgTime 0.5)   
   [Val] sup_loss:0.228783 lv_loss:0.000000 epi_loss:0.000000 total_loss:0.228783 pseudo_update_count:0
   [Val] Epoch: [43][80/90]  Loss:0.303 (Avg 0.2454) IoU:0.406 (Avg 0.5201) Dice:0.5332 (Avg 0.6481) (AvgTime 0.5)   
   [Val] sup_loss:0.302931 lv_loss:0.000000 epi_loss:0.000000 total_loss:0.302931 pseudo_update_count:0
[Val-Epoch-Metrics] epoch=43 sup_loss:0.244520 lv_loss:0.000000 epi_loss:0.000000 total_loss:0.244520 pseudo_update_count:0 labeled_seen:1429 unlabeled_seen:0 Dice:0.649304 IoU:0.521202
	 Mean dice:0.6493 does not increase, the best is still: 0.7673 in epoch 40
	 early_stopping_count: 3/100000

========= Epoch [44/76] =========
QaTa_Covid19_LViT_50pct_labels
Training with batch size : 16
[SemiSup] subset_ratio=0.5000 labeled_name_count=2858
   [Train] Epoch: [44][20/358]  Loss:0.172 (Avg 0.2124) IoU:0.569 (Avg 0.6045) Dice:0.6959 (Avg 0.7232) LR 8.15e-04   (AvgTime 1.2)   
   [Train] sup_loss:0.165587 lv_loss:0.033599 epi_loss:0.000012 total_loss:0.172308 pseudo_update_count:498767
   [Train] Epoch: [44][40/358]  Loss:0.250 (Avg 0.2040) IoU:0.631 (Avg 0.6173) Dice:0.7415 (Avg 0.7352) LR 8.15e-04   (AvgTime 1.2)   
   [Train] sup_loss:0.241000 lv_loss:0.043983 epi_loss:0.000013 total_loss:0.249797 pseudo_update_count:348382
   [Train] Epoch: [44][60/358]  Loss:0.158 (Avg 0.1986) IoU:0.681 (Avg 0.6235) Dice:0.7935 (Avg 0.7398) LR 8.15e-04   (AvgTime 1.1)   
   [Train] sup_loss:0.149756 lv_loss:0.041102 epi_loss:0.000009 total_loss:0.157977 pseudo_update_count:298572
   [Train] Epoch: [44][80/358]  Loss:0.212 (Avg 0.1984) IoU:0.647 (Avg 0.6224) Dice:0.7717 (Avg 0.7384) LR 8.15e-04   (AvgTime 1.1)   
   [Train] sup_loss:0.204493 lv_loss:0.039641 epi_loss:0.000008 total_loss:0.212422 pseudo_update_count:349188
   [Train] Epoch: [44][100/358]  Loss:0.263 (Avg 0.2002) IoU:0.586 (Avg 0.6204) Dice:0.7167 (Avg 0.7372) LR 8.15e-04   (AvgTime 1.1)   
   [Train] sup_loss:0.255585 lv_loss:0.039302 epi_loss:0.000009 total_loss:0.263446 pseudo_update_count:398748
   [Train] Epoch: [44][120/358]  Loss:0.127 (Avg 0.1983) IoU:0.524 (Avg 0.6219) Dice:0.6438 (Avg 0.7385) LR 8.15e-04   (AvgTime 1.1)   
   [Train] sup_loss:0.118486 lv_loss:0.042363 epi_loss:0.000014 total_loss:0.126959 pseudo_update_count:547769
   [Train] Epoch: [44][140/358]  Loss:0.124 (Avg 0.1985) IoU:0.646 (Avg 0.6242) Dice:0.7720 (Avg 0.7405) LR 8.15e-04   (AvgTime 1.1)   
   [Train] sup_loss:0.117992 lv_loss:0.029911 epi_loss:0.000010 total_loss:0.123975 pseudo_update_count:399534
   [Train] Epoch: [44][160/358]  Loss:0.130 (Avg 0.1958) IoU:0.747 (Avg 0.6265) Dice:0.8513 (Avg 0.7424) LR 8.15e-04   (AvgTime 1.1)   
   [Train] sup_loss:0.122562 lv_loss:0.035852 epi_loss:0.000013 total_loss:0.129733 pseudo_update_count:398708
   [Train] Epoch: [44][180/358]  Loss:0.169 (Avg 0.1943) IoU:0.631 (Avg 0.6278) Dice:0.7481 (Avg 0.7433) LR 8.15e-04   (AvgTime 1.1)   
   [Train] sup_loss:0.162336 lv_loss:0.033472 epi_loss:0.000011 total_loss:0.169031 pseudo_update_count:398989
   [Train] Epoch: [44][200/358]  Loss:0.135 (Avg 0.1916) IoU:0.705 (Avg 0.6314) Dice:0.8135 (Avg 0.7463) LR 8.15e-04   (AvgTime 1.1)   
   [Train] sup_loss:0.128859 lv_loss:0.029079 epi_loss:0.000010 total_loss:0.134675 pseudo_update_count:449377
   [Train] Epoch: [44][220/358]  Loss:0.142 (Avg 0.1893) IoU:0.673 (Avg 0.6328) Dice:0.7846 (Avg 0.7476) LR 8.15e-04   (AvgTime 1.1)   
   [Train] sup_loss:0.134116 lv_loss:0.038583 epi_loss:0.000013 total_loss:0.141833 pseudo_update_count:398111
   [Train] Epoch: [44][240/358]  Loss:0.134 (Avg 0.1886) IoU:0.691 (Avg 0.6343) Dice:0.7808 (Avg 0.7489) LR 8.15e-04   (AvgTime 1.1)   
   [Train] sup_loss:0.127362 lv_loss:0.031949 epi_loss:0.000010 total_loss:0.133752 pseudo_update_count:249234
   [Train] Epoch: [44][260/358]  Loss:0.235 (Avg 0.1889) IoU:0.571 (Avg 0.6342) Dice:0.6714 (Avg 0.7485) LR 8.15e-04   (AvgTime 1.1)   
   [Train] sup_loss:0.227802 lv_loss:0.035529 epi_loss:0.000009 total_loss:0.234909 pseudo_update_count:398535
   [Train] Epoch: [44][280/358]  Loss:0.078 (Avg 0.1882) IoU:0.747 (Avg 0.6351) Dice:0.8439 (Avg 0.7495) LR 8.15e-04   (AvgTime 1.1)   
   [Train] sup_loss:0.072338 lv_loss:0.030260 epi_loss:0.000008 total_loss:0.078390 pseudo_update_count:548738
   [Train] Epoch: [44][300/358]  Loss:0.185 (Avg 0.1883) IoU:0.694 (Avg 0.6351) Dice:0.8036 (Avg 0.7498) LR 8.15e-04   (AvgTime 1.1)   
   [Train] sup_loss:0.178226 lv_loss:0.035470 epi_loss:0.000010 total_loss:0.185321 pseudo_update_count:349009
   [Train] Epoch: [44][320/358]  Loss:0.219 (Avg 0.1888) IoU:0.616 (Avg 0.6346) Dice:0.7357 (Avg 0.7494) LR 8.15e-04   (AvgTime 1.1)   
   [Train] sup_loss:0.213264 lv_loss:0.030228 epi_loss:0.000013 total_loss:0.219311 pseudo_update_count:399308
   [Train] Epoch: [44][340/358]  Loss:0.199 (Avg 0.1894) IoU:0.692 (Avg 0.6336) Dice:0.8094 (Avg 0.7484) LR 8.15e-04   (AvgTime 1.1)   
   [Train] sup_loss:0.190464 lv_loss:0.040362 epi_loss:0.000015 total_loss:0.198537 pseudo_update_count:299432
[Train-Epoch-Metrics] epoch=44 sup_loss:0.183109 lv_loss:0.035800 epi_loss:0.000011 total_loss:0.190270 pseudo_update_count:142462315 labeled_seen:2858 unlabeled_seen:2858 Dice:0.748564 IoU:0.633868
Validation
   [Val] Epoch: [44][20/90]  Loss:0.198 (Avg 0.1684) IoU:0.597 (Avg 0.6645) Dice:0.7026 (Avg 0.7736) (AvgTime 0.5)   
   [Val] sup_loss:0.198212 lv_loss:0.000000 epi_loss:0.000000 total_loss:0.198212 pseudo_update_count:0
   [Val] Epoch: [44][40/90]  Loss:0.219 (Avg 0.1791) IoU:0.609 (Avg 0.6528) Dice:0.7300 (Avg 0.7632) (AvgTime 0.5)   
   [Val] sup_loss:0.219207 lv_loss:0.000000 epi_loss:0.000000 total_loss:0.219207 pseudo_update_count:0
   [Val] Epoch: [44][60/90]  Loss:0.248 (Avg 0.1779) IoU:0.567 (Avg 0.6528) Dice:0.6903 (Avg 0.7636) (AvgTime 0.5)   
   [Val] sup_loss:0.248249 lv_loss:0.000000 epi_loss:0.000000 total_loss:0.248249 pseudo_update_count:0
   [Val] Epoch: [44][80/90]  Loss:0.204 (Avg 0.1783) IoU:0.583 (Avg 0.6501) Dice:0.7080 (Avg 0.7619) (AvgTime 0.5)   
   [Val] sup_loss:0.204070 lv_loss:0.000000 epi_loss:0.000000 total_loss:0.204070 pseudo_update_count:0
[Val-Epoch-Metrics] epoch=44 sup_loss:0.181081 lv_loss:0.000000 epi_loss:0.000000 total_loss:0.181081 pseudo_update_count:0 labeled_seen:1429 unlabeled_seen:0 Dice:0.759606 IoU:0.647053
	 Mean dice:0.7596 does not increase, the best is still: 0.7673 in epoch 40
	 early_stopping_count: 4/100000

========= Epoch [45/76] =========
QaTa_Covid19_LViT_50pct_labels
Training with batch size : 16
[SemiSup] subset_ratio=0.5000 labeled_name_count=2858
   [Train] Epoch: [45][20/358]  Loss:0.193 (Avg 0.1788) IoU:0.597 (Avg 0.6231) Dice:0.7223 (Avg 0.7421) LR 6.89e-04   (AvgTime 1.2)   
   [Train] sup_loss:0.187107 lv_loss:0.030163 epi_loss:0.000008 total_loss:0.193140 pseudo_update_count:449230
   [Train] Epoch: [45][40/358]  Loss:0.148 (Avg 0.1839) IoU:0.706 (Avg 0.6236) Dice:0.8089 (Avg 0.7399) LR 6.89e-04   (AvgTime 1.2)   
   [Train] sup_loss:0.140153 lv_loss:0.038842 epi_loss:0.000007 total_loss:0.147922 pseudo_update_count:249136
   [Train] Epoch: [45][60/358]  Loss:0.110 (Avg 0.1789) IoU:0.740 (Avg 0.6324) Dice:0.8338 (Avg 0.7475) LR 6.89e-04   (AvgTime 1.2)   
   [Train] sup_loss:0.104624 lv_loss:0.028755 epi_loss:0.000015 total_loss:0.110375 pseudo_update_count:249594
   [Train] Epoch: [45][80/358]  Loss:0.214 (Avg 0.1770) IoU:0.542 (Avg 0.6344) Dice:0.6713 (Avg 0.7490) LR 6.89e-04   (AvgTime 1.1)   
   [Train] sup_loss:0.209444 lv_loss:0.022565 epi_loss:0.000008 total_loss:0.213958 pseudo_update_count:299966
   [Train] Epoch: [45][100/358]  Loss:0.169 (Avg 0.1788) IoU:0.577 (Avg 0.6355) Dice:0.6915 (Avg 0.7499) LR 6.89e-04   (AvgTime 1.1)   
   [Train] sup_loss:0.161240 lv_loss:0.039336 epi_loss:0.000008 total_loss:0.169108 pseudo_update_count:398352
   [Train] Epoch: [45][120/358]  Loss:0.241 (Avg 0.1798) IoU:0.558 (Avg 0.6341) Dice:0.6912 (Avg 0.7488) LR 6.89e-04   (AvgTime 1.1)   
   [Train] sup_loss:0.233915 lv_loss:0.035823 epi_loss:0.000012 total_loss:0.241080 pseudo_update_count:398745
   [Train] Epoch: [45][140/358]  Loss:0.160 (Avg 0.1806) IoU:0.671 (Avg 0.6362) Dice:0.7917 (Avg 0.7510) LR 6.89e-04   (AvgTime 1.1)   
   [Train] sup_loss:0.153763 lv_loss:0.030684 epi_loss:0.000006 total_loss:0.159900 pseudo_update_count:249421
   [Train] Epoch: [45][160/358]  Loss:0.220 (Avg 0.1816) IoU:0.697 (Avg 0.6364) Dice:0.8051 (Avg 0.7511) LR 6.89e-04   (AvgTime 1.1)   
   [Train] sup_loss:0.212057 lv_loss:0.037535 epi_loss:0.000016 total_loss:0.219565 pseudo_update_count:348174
   [Train] Epoch: [45][180/358]  Loss:0.151 (Avg 0.1817) IoU:0.623 (Avg 0.6375) Dice:0.7412 (Avg 0.7521) LR 6.89e-04   (AvgTime 1.1)   
   [Train] sup_loss:0.143146 lv_loss:0.038200 epi_loss:0.000008 total_loss:0.150787 pseudo_update_count:199352
   [Train] Epoch: [45][200/358]  Loss:0.178 (Avg 0.1819) IoU:0.610 (Avg 0.6379) Dice:0.7453 (Avg 0.7525) LR 6.89e-04   (AvgTime 1.1)   
   [Train] sup_loss:0.172158 lv_loss:0.031124 epi_loss:0.000008 total_loss:0.178383 pseudo_update_count:549032
   [Train] Epoch: [45][220/358]  Loss:0.153 (Avg 0.1814) IoU:0.683 (Avg 0.6399) Dice:0.7943 (Avg 0.7544) LR 6.89e-04   (AvgTime 1.1)   
   [Train] sup_loss:0.144788 lv_loss:0.042652 epi_loss:0.000015 total_loss:0.153320 pseudo_update_count:298662
   [Train] Epoch: [45][240/358]  Loss:0.234 (Avg 0.1809) IoU:0.598 (Avg 0.6403) Dice:0.7019 (Avg 0.7545) LR 6.89e-04   (AvgTime 1.1)   
   [Train] sup_loss:0.228667 lv_loss:0.028797 epi_loss:0.000015 total_loss:0.234427 pseudo_update_count:349579
   [Train] Epoch: [45][260/358]  Loss:0.093 (Avg 0.1785) IoU:0.749 (Avg 0.6421) Dice:0.8378 (Avg 0.7561) LR 6.89e-04   (AvgTime 1.1)   
   [Train] sup_loss:0.087675 lv_loss:0.028839 epi_loss:0.000010 total_loss:0.093443 pseudo_update_count:649348
   [Train] Epoch: [45][280/358]  Loss:0.118 (Avg 0.1795) IoU:0.716 (Avg 0.6410) Dice:0.8307 (Avg 0.7552) LR 6.89e-04   (AvgTime 1.1)   
   [Train] sup_loss:0.113365 lv_loss:0.025110 epi_loss:0.000012 total_loss:0.118388 pseudo_update_count:349595
   [Train] Epoch: [45][300/358]  Loss:0.183 (Avg 0.1812) IoU:0.660 (Avg 0.6394) Dice:0.7772 (Avg 0.7536) LR 6.89e-04   (AvgTime 1.1)   
   [Train] sup_loss:0.176371 lv_loss:0.035534 epi_loss:0.000011 total_loss:0.183479 pseudo_update_count:499069
   [Train] Epoch: [45][320/358]  Loss:0.156 (Avg 0.1810) IoU:0.608 (Avg 0.6395) Dice:0.7183 (Avg 0.7537) LR 6.89e-04   (AvgTime 1.1)   
   [Train] sup_loss:0.148993 lv_loss:0.033777 epi_loss:0.000008 total_loss:0.155749 pseudo_update_count:448757
   [Train] Epoch: [45][340/358]  Loss:0.154 (Avg 0.1813) IoU:0.632 (Avg 0.6394) Dice:0.7489 (Avg 0.7533) LR 6.89e-04   (AvgTime 1.1)   
   [Train] sup_loss:0.147091 lv_loss:0.034818 epi_loss:0.000010 total_loss:0.154055 pseudo_update_count:548754
[Train-Epoch-Metrics] epoch=45 sup_loss:0.174198 lv_loss:0.034203 epi_loss:0.000011 total_loss:0.181039 pseudo_update_count:142493600 labeled_seen:2858 unlabeled_seen:2858 Dice:0.753368 IoU:0.639706
Validation
   [Val] Epoch: [45][20/90]  Loss:0.220 (Avg 0.1698) IoU:0.662 (Avg 0.6580) Dice:0.7769 (Avg 0.7709) (AvgTime 0.5)   
   [Val] sup_loss:0.220429 lv_loss:0.000000 epi_loss:0.000000 total_loss:0.220429 pseudo_update_count:0
   [Val] Epoch: [45][40/90]  Loss:0.111 (Avg 0.1668) IoU:0.747 (Avg 0.6696) Dice:0.8489 (Avg 0.7802) (AvgTime 0.5)   
   [Val] sup_loss:0.111108 lv_loss:0.000000 epi_loss:0.000000 total_loss:0.111108 pseudo_update_count:0
   [Val] Epoch: [45][60/90]  Loss:0.152 (Avg 0.1731) IoU:0.736 (Avg 0.6643) Dice:0.8370 (Avg 0.7749) (AvgTime 0.5)   
   [Val] sup_loss:0.152098 lv_loss:0.000000 epi_loss:0.000000 total_loss:0.152098 pseudo_update_count:0
   [Val] Epoch: [45][80/90]  Loss:0.146 (Avg 0.1766) IoU:0.689 (Avg 0.6628) Dice:0.8014 (Avg 0.7736) (AvgTime 0.5)   
   [Val] sup_loss:0.146055 lv_loss:0.000000 epi_loss:0.000000 total_loss:0.146055 pseudo_update_count:0
[Val-Epoch-Metrics] epoch=45 sup_loss:0.178781 lv_loss:0.000000 epi_loss:0.000000 total_loss:0.178781 pseudo_update_count:0 labeled_seen:1429 unlabeled_seen:0 Dice:0.770526 IoU:0.658856
	 Saving best model, mean dice increased from: 0.7673 to 0.7705
	 Saving to QaTa-Covid19/LViT/QaTa_Covid19_LViT_50pct_labels/models/
	 early_stopping_count: 0/100000

========= Epoch [46/76] =========
QaTa_Covid19_LViT_50pct_labels
Training with batch size : 16
[SemiSup] subset_ratio=0.5000 labeled_name_count=2858
   [Train] Epoch: [46][20/358]  Loss:0.221 (Avg 0.1848) IoU:0.572 (Avg 0.6394) Dice:0.7070 (Avg 0.7552) LR 5.50e-04   (AvgTime 1.2)   
   [Train] sup_loss:0.214625 lv_loss:0.032480 epi_loss:0.000007 total_loss:0.221121 pseudo_update_count:448828
   [Train] Epoch: [46][40/358]  Loss:0.153 (Avg 0.1735) IoU:0.617 (Avg 0.6462) Dice:0.7232 (Avg 0.7594) LR 5.50e-04   (AvgTime 1.2)   
   [Train] sup_loss:0.147424 lv_loss:0.029536 epi_loss:0.000011 total_loss:0.153332 pseudo_update_count:648822
   [Train] Epoch: [46][60/358]  Loss:0.196 (Avg 0.1675) IoU:0.687 (Avg 0.6550) Dice:0.8017 (Avg 0.7674) LR 5.50e-04   (AvgTime 1.2)   
   [Train] sup_loss:0.191341 lv_loss:0.023214 epi_loss:0.000012 total_loss:0.195985 pseudo_update_count:249861
   [Train] Epoch: [46][80/358]  Loss:0.215 (Avg 0.1721) IoU:0.594 (Avg 0.6507) Dice:0.6937 (Avg 0.7632) LR 5.50e-04   (AvgTime 1.2)   
   [Train] sup_loss:0.209473 lv_loss:0.029237 epi_loss:0.000011 total_loss:0.215321 pseudo_update_count:498830
   [Train] Epoch: [46][100/358]  Loss:0.205 (Avg 0.1741) IoU:0.623 (Avg 0.6484) Dice:0.7415 (Avg 0.7613) LR 5.50e-04   (AvgTime 1.1)   
   [Train] sup_loss:0.198210 lv_loss:0.035586 epi_loss:0.000009 total_loss:0.205327 pseudo_update_count:349103
   [Train] Epoch: [46][120/358]  Loss:0.130 (Avg 0.1779) IoU:0.656 (Avg 0.6489) Dice:0.7730 (Avg 0.7617) LR 5.50e-04   (AvgTime 1.1)   
   [Train] sup_loss:0.122112 lv_loss:0.037460 epi_loss:0.000012 total_loss:0.129605 pseudo_update_count:398671
   [Train] Epoch: [46][140/358]  Loss:0.148 (Avg 0.1785) IoU:0.685 (Avg 0.6466) Dice:0.7784 (Avg 0.7598) LR 5.50e-04   (AvgTime 1.1)   
   [Train] sup_loss:0.140201 lv_loss:0.037419 epi_loss:0.000014 total_loss:0.147685 pseudo_update_count:448156
   [Train] Epoch: [46][160/358]  Loss:0.175 (Avg 0.1796) IoU:0.569 (Avg 0.6470) Dice:0.6777 (Avg 0.7602) LR 5.50e-04   (AvgTime 1.1)   
   [Train] sup_loss:0.169195 lv_loss:0.029693 epi_loss:0.000012 total_loss:0.175134 pseudo_update_count:299790
   [Train] Epoch: [46][180/358]  Loss:0.137 (Avg 0.1794) IoU:0.748 (Avg 0.6472) Dice:0.8488 (Avg 0.7601) LR 5.50e-04   (AvgTime 1.1)   
   [Train] sup_loss:0.131834 lv_loss:0.028040 epi_loss:0.000012 total_loss:0.137443 pseudo_update_count:399522
   [Train] Epoch: [46][200/358]  Loss:0.161 (Avg 0.1791) IoU:0.749 (Avg 0.6472) Dice:0.8448 (Avg 0.7603) LR 5.50e-04   (AvgTime 1.1)   
   [Train] sup_loss:0.155025 lv_loss:0.028946 epi_loss:0.000007 total_loss:0.160815 pseudo_update_count:299585
   [Train] Epoch: [46][220/358]  Loss:0.137 (Avg 0.1786) IoU:0.664 (Avg 0.6471) Dice:0.7812 (Avg 0.7601) LR 5.50e-04   (AvgTime 1.1)   
   [Train] sup_loss:0.131720 lv_loss:0.028338 epi_loss:0.000010 total_loss:0.137388 pseudo_update_count:449110
   [Train] Epoch: [46][240/358]  Loss:0.160 (Avg 0.1775) IoU:0.664 (Avg 0.6465) Dice:0.7723 (Avg 0.7592) LR 5.50e-04   (AvgTime 1.1)   
   [Train] sup_loss:0.154366 lv_loss:0.029366 epi_loss:0.000013 total_loss:0.160240 pseudo_update_count:299429
   [Train] Epoch: [46][260/358]  Loss:0.170 (Avg 0.1767) IoU:0.677 (Avg 0.6468) Dice:0.7823 (Avg 0.7592) LR 5.50e-04   (AvgTime 1.1)   
   [Train] sup_loss:0.163504 lv_loss:0.032275 epi_loss:0.000011 total_loss:0.169959 pseudo_update_count:299323
   [Train] Epoch: [46][280/358]  Loss:0.162 (Avg 0.1753) IoU:0.681 (Avg 0.6481) Dice:0.7922 (Avg 0.7605) LR 5.50e-04   (AvgTime 1.1)   
   [Train] sup_loss:0.155620 lv_loss:0.030080 epi_loss:0.000013 total_loss:0.161637 pseudo_update_count:299631
   [Train] Epoch: [46][300/358]  Loss:0.146 (Avg 0.1753) IoU:0.690 (Avg 0.6480) Dice:0.7951 (Avg 0.7603) LR 5.50e-04   (AvgTime 1.1)   
   [Train] sup_loss:0.141131 lv_loss:0.022539 epi_loss:0.000011 total_loss:0.145639 pseudo_update_count:349855
   [Train] Epoch: [46][320/358]  Loss:0.218 (Avg 0.1764) IoU:0.578 (Avg 0.6475) Dice:0.7007 (Avg 0.7598) LR 5.50e-04   (AvgTime 1.1)   
   [Train] sup_loss:0.211263 lv_loss:0.035307 epi_loss:0.000009 total_loss:0.218325 pseudo_update_count:249195
   [Train] Epoch: [46][340/358]  Loss:0.205 (Avg 0.1767) IoU:0.660 (Avg 0.6472) Dice:0.7734 (Avg 0.7595) LR 5.50e-04   (AvgTime 1.1)   
   [Train] sup_loss:0.198733 lv_loss:0.031387 epi_loss:0.000015 total_loss:0.205011 pseudo_update_count:549032
[Train-Epoch-Metrics] epoch=46 sup_loss:0.169891 lv_loss:0.032802 epi_loss:0.000011 total_loss:0.176452 pseudo_update_count:142528441 labeled_seen:2858 unlabeled_seen:2858 Dice:0.759457 IoU:0.647009
Validation
   [Val] Epoch: [46][20/90]  Loss:0.126 (Avg 0.1821) IoU:0.715 (Avg 0.6489) Dice:0.8269 (Avg 0.7643) (AvgTime 0.5)   
   [Val] sup_loss:0.126197 lv_loss:0.000000 epi_loss:0.000000 total_loss:0.126197 pseudo_update_count:0
   [Val] Epoch: [46][40/90]  Loss:0.228 (Avg 0.1793) IoU:0.585 (Avg 0.6556) Dice:0.7030 (Avg 0.7679) (AvgTime 0.5)   
   [Val] sup_loss:0.227848 lv_loss:0.000000 epi_loss:0.000000 total_loss:0.227848 pseudo_update_count:0
   [Val] Epoch: [46][60/90]  Loss:0.163 (Avg 0.1753) IoU:0.648 (Avg 0.6623) Dice:0.7687 (Avg 0.7731) (AvgTime 0.5)   
   [Val] sup_loss:0.162792 lv_loss:0.000000 epi_loss:0.000000 total_loss:0.162792 pseudo_update_count:0
   [Val] Epoch: [46][80/90]  Loss:0.169 (Avg 0.1756) IoU:0.643 (Avg 0.6650) Dice:0.7511 (Avg 0.7751) (AvgTime 0.5)   
   [Val] sup_loss:0.168621 lv_loss:0.000000 epi_loss:0.000000 total_loss:0.168621 pseudo_update_count:0
[Val-Epoch-Metrics] epoch=46 sup_loss:0.174870 lv_loss:0.000000 epi_loss:0.000000 total_loss:0.174870 pseudo_update_count:0 labeled_seen:1429 unlabeled_seen:0 Dice:0.774862 IoU:0.664771
	 Saving best model, mean dice increased from: 0.7705 to 0.7749
	 Saving to QaTa-Covid19/LViT/QaTa_Covid19_LViT_50pct_labels/models/
	 early_stopping_count: 0/100000

========= Epoch [47/76] =========
QaTa_Covid19_LViT_50pct_labels
Training with batch size : 16
[SemiSup] subset_ratio=0.5000 labeled_name_count=2858
   [Train] Epoch: [47][20/358]  Loss:0.210 (Avg 0.1719) IoU:0.567 (Avg 0.6634) Dice:0.6902 (Avg 0.7728) LR 4.11e-04   (AvgTime 1.2)   
   [Train] sup_loss:0.204075 lv_loss:0.028061 epi_loss:0.000011 total_loss:0.209688 pseudo_update_count:449128
   [Train] Epoch: [47][40/358]  Loss:0.146 (Avg 0.1746) IoU:0.691 (Avg 0.6465) Dice:0.8084 (Avg 0.7600) LR 4.11e-04   (AvgTime 1.2)   
   [Train] sup_loss:0.138988 lv_loss:0.033676 epi_loss:0.000012 total_loss:0.145724 pseudo_update_count:398499
   [Train] Epoch: [47][60/358]  Loss:0.140 (Avg 0.1730) IoU:0.679 (Avg 0.6422) Dice:0.7930 (Avg 0.7548) LR 4.11e-04   (AvgTime 1.1)   
   [Train] sup_loss:0.134636 lv_loss:0.026481 epi_loss:0.000006 total_loss:0.139932 pseudo_update_count:349682
   [Train] Epoch: [47][80/358]  Loss:0.158 (Avg 0.1729) IoU:0.662 (Avg 0.6473) Dice:0.7714 (Avg 0.7594) LR 4.11e-04   (AvgTime 1.1)   
   [Train] sup_loss:0.153268 lv_loss:0.025369 epi_loss:0.000014 total_loss:0.158342 pseudo_update_count:399358
   [Train] Epoch: [47][100/358]  Loss:0.178 (Avg 0.1728) IoU:0.643 (Avg 0.6463) Dice:0.7626 (Avg 0.7586) LR 4.11e-04   (AvgTime 1.1)   
   [Train] sup_loss:0.170050 lv_loss:0.038093 epi_loss:0.000012 total_loss:0.177670 pseudo_update_count:547586
   [Train] Epoch: [47][120/358]  Loss:0.217 (Avg 0.1720) IoU:0.607 (Avg 0.6483) Dice:0.7342 (Avg 0.7600) LR 4.11e-04   (AvgTime 1.1)   
   [Train] sup_loss:0.211434 lv_loss:0.029024 epi_loss:0.000013 total_loss:0.217239 pseudo_update_count:299551
   [Train] Epoch: [47][140/358]  Loss:0.166 (Avg 0.1724) IoU:0.730 (Avg 0.6499) Dice:0.8287 (Avg 0.7615) LR 4.11e-04   (AvgTime 1.1)   
   [Train] sup_loss:0.160706 lv_loss:0.027621 epi_loss:0.000012 total_loss:0.166231 pseudo_update_count:499427
   [Train] Epoch: [47][160/358]  Loss:0.201 (Avg 0.1714) IoU:0.697 (Avg 0.6526) Dice:0.8061 (Avg 0.7638) LR 4.11e-04   (AvgTime 1.1)   
   [Train] sup_loss:0.194389 lv_loss:0.030939 epi_loss:0.000013 total_loss:0.200577 pseudo_update_count:548374
   [Train] Epoch: [47][180/358]  Loss:0.175 (Avg 0.1709) IoU:0.653 (Avg 0.6537) Dice:0.7719 (Avg 0.7649) LR 4.11e-04   (AvgTime 1.1)   
   [Train] sup_loss:0.170148 lv_loss:0.024628 epi_loss:0.000006 total_loss:0.175074 pseudo_update_count:349500
   [Train] Epoch: [47][200/358]  Loss:0.132 (Avg 0.1722) IoU:0.641 (Avg 0.6534) Dice:0.7566 (Avg 0.7648) LR 4.11e-04   (AvgTime 1.1)   
   [Train] sup_loss:0.125541 lv_loss:0.031856 epi_loss:0.000013 total_loss:0.131913 pseudo_update_count:349596
   [Train] Epoch: [47][220/358]  Loss:0.139 (Avg 0.1719) IoU:0.723 (Avg 0.6544) Dice:0.8202 (Avg 0.7657) LR 4.11e-04   (AvgTime 1.1)   
   [Train] sup_loss:0.133247 lv_loss:0.029037 epi_loss:0.000008 total_loss:0.139054 pseudo_update_count:299597
   [Train] Epoch: [47][240/358]  Loss:0.201 (Avg 0.1737) IoU:0.591 (Avg 0.6529) Dice:0.7175 (Avg 0.7646) LR 4.11e-04   (AvgTime 1.1)   
   [Train] sup_loss:0.195681 lv_loss:0.024401 epi_loss:0.000009 total_loss:0.200562 pseudo_update_count:349759
   [Train] Epoch: [47][260/358]  Loss:0.162 (Avg 0.1733) IoU:0.681 (Avg 0.6543) Dice:0.7856 (Avg 0.7658) LR 4.11e-04   (AvgTime 1.1)   
   [Train] sup_loss:0.156559 lv_loss:0.028335 epi_loss:0.000009 total_loss:0.162226 pseudo_update_count:249571
   [Train] Epoch: [47][280/358]  Loss:0.182 (Avg 0.1739) IoU:0.694 (Avg 0.6535) Dice:0.7866 (Avg 0.7651) LR 4.11e-04   (AvgTime 1.1)   
   [Train] sup_loss:0.175137 lv_loss:0.032987 epi_loss:0.000013 total_loss:0.181735 pseudo_update_count:499008
   [Train] Epoch: [47][300/358]  Loss:0.134 (Avg 0.1730) IoU:0.691 (Avg 0.6530) Dice:0.8086 (Avg 0.7646) LR 4.11e-04   (AvgTime 1.1)   
   [Train] sup_loss:0.128045 lv_loss:0.029260 epi_loss:0.000016 total_loss:0.133898 pseudo_update_count:299396
   [Train] Epoch: [47][320/358]  Loss:0.186 (Avg 0.1730) IoU:0.668 (Avg 0.6528) Dice:0.7821 (Avg 0.7644) LR 4.11e-04   (AvgTime 1.1)   
   [Train] sup_loss:0.178814 lv_loss:0.033539 epi_loss:0.000015 total_loss:0.185523 pseudo_update_count:398808
   [Train] Epoch: [47][340/358]  Loss:0.114 (Avg 0.1726) IoU:0.688 (Avg 0.6531) Dice:0.7996 (Avg 0.7647) LR 4.11e-04   (AvgTime 1.1)   
   [Train] sup_loss:0.107937 lv_loss:0.029395 epi_loss:0.000005 total_loss:0.113817 pseudo_update_count:499262
[Train-Epoch-Metrics] epoch=47 sup_loss:0.166243 lv_loss:0.032246 epi_loss:0.000011 total_loss:0.172692 pseudo_update_count:142537310 labeled_seen:2858 unlabeled_seen:2858 Dice:0.764919 IoU:0.653305
Validation
   [Val] Epoch: [47][20/90]  Loss:0.187 (Avg 0.1730) IoU:0.665 (Avg 0.6518) Dice:0.7837 (Avg 0.7642) (AvgTime 0.5)   
   [Val] sup_loss:0.187475 lv_loss:0.000000 epi_loss:0.000000 total_loss:0.187475 pseudo_update_count:0
   [Val] Epoch: [47][40/90]  Loss:0.118 (Avg 0.1681) IoU:0.756 (Avg 0.6593) Dice:0.8564 (Avg 0.7700) (AvgTime 0.5)   
   [Val] sup_loss:0.117771 lv_loss:0.000000 epi_loss:0.000000 total_loss:0.117771 pseudo_update_count:0
   [Val] Epoch: [47][60/90]  Loss:0.130 (Avg 0.1708) IoU:0.714 (Avg 0.6603) Dice:0.8219 (Avg 0.7711) (AvgTime 0.5)   
   [Val] sup_loss:0.130499 lv_loss:0.000000 epi_loss:0.000000 total_loss:0.130499 pseudo_update_count:0
   [Val] Epoch: [47][80/90]  Loss:0.246 (Avg 0.1702) IoU:0.561 (Avg 0.6603) Dice:0.6919 (Avg 0.7711) (AvgTime 0.5)   
   [Val] sup_loss:0.245746 lv_loss:0.000000 epi_loss:0.000000 total_loss:0.245746 pseudo_update_count:0
[Val-Epoch-Metrics] epoch=47 sup_loss:0.169854 lv_loss:0.000000 epi_loss:0.000000 total_loss:0.169854 pseudo_update_count:0 labeled_seen:1429 unlabeled_seen:0 Dice:0.770972 IoU:0.660674
	 Mean dice:0.7710 does not increase, the best is still: 0.7749 in epoch 46
	 early_stopping_count: 1/100000

========= Epoch [48/76] =========
QaTa_Covid19_LViT_50pct_labels
Training with batch size : 16
[SemiSup] subset_ratio=0.5000 labeled_name_count=2858
   [Train] Epoch: [48][20/358]  Loss:0.145 (Avg 0.1614) IoU:0.644 (Avg 0.6439) Dice:0.7622 (Avg 0.7573) LR 2.85e-04   (AvgTime 1.2)   
   [Train] sup_loss:0.139423 lv_loss:0.026712 epi_loss:0.000011 total_loss:0.144766 pseudo_update_count:499650
   [Train] Epoch: [48][40/358]  Loss:0.152 (Avg 0.1628) IoU:0.686 (Avg 0.6574) Dice:0.7965 (Avg 0.7674) LR 2.85e-04   (AvgTime 1.2)   
   [Train] sup_loss:0.146582 lv_loss:0.027238 epi_loss:0.000006 total_loss:0.152030 pseudo_update_count:299710
   [Train] Epoch: [48][60/358]  Loss:0.119 (Avg 0.1646) IoU:0.707 (Avg 0.6574) Dice:0.7996 (Avg 0.7681) LR 2.85e-04   (AvgTime 1.2)   
   [Train] sup_loss:0.112997 lv_loss:0.032496 epi_loss:0.000013 total_loss:0.119496 pseudo_update_count:398864
   [Train] Epoch: [48][80/358]  Loss:0.306 (Avg 0.1694) IoU:0.375 (Avg 0.6540) Dice:0.5204 (Avg 0.7646) LR 2.85e-04   (AvgTime 1.1)   
   [Train] sup_loss:0.298347 lv_loss:0.037748 epi_loss:0.000008 total_loss:0.305897 pseudo_update_count:398858
   [Train] Epoch: [48][100/358]  Loss:0.163 (Avg 0.1675) IoU:0.712 (Avg 0.6565) Dice:0.8219 (Avg 0.7677) LR 2.85e-04   (AvgTime 1.1)   
   [Train] sup_loss:0.156888 lv_loss:0.031563 epi_loss:0.000012 total_loss:0.163201 pseudo_update_count:299168
   [Train] Epoch: [48][120/358]  Loss:0.176 (Avg 0.1684) IoU:0.714 (Avg 0.6558) Dice:0.8228 (Avg 0.7674) LR 2.85e-04   (AvgTime 1.1)   
   [Train] sup_loss:0.170337 lv_loss:0.027566 epi_loss:0.000013 total_loss:0.175851 pseudo_update_count:499390
   [Train] Epoch: [48][140/358]  Loss:0.174 (Avg 0.1668) IoU:0.653 (Avg 0.6583) Dice:0.7734 (Avg 0.7694) LR 2.85e-04   (AvgTime 1.1)   
   [Train] sup_loss:0.168635 lv_loss:0.028974 epi_loss:0.000012 total_loss:0.174430 pseudo_update_count:448794
   [Train] Epoch: [48][160/358]  Loss:0.140 (Avg 0.1666) IoU:0.645 (Avg 0.6584) Dice:0.7590 (Avg 0.7696) LR 2.85e-04   (AvgTime 1.1)   
   [Train] sup_loss:0.133532 lv_loss:0.033385 epi_loss:0.000014 total_loss:0.140210 pseudo_update_count:299244
   [Train] Epoch: [48][180/358]  Loss:0.174 (Avg 0.1687) IoU:0.715 (Avg 0.6570) Dice:0.8232 (Avg 0.7682) LR 2.85e-04   (AvgTime 1.1)   
   [Train] sup_loss:0.168304 lv_loss:0.026738 epi_loss:0.000011 total_loss:0.173653 pseudo_update_count:599468
   [Train] Epoch: [48][200/358]  Loss:0.090 (Avg 0.1675) IoU:0.764 (Avg 0.6579) Dice:0.8599 (Avg 0.7686) LR 2.85e-04   (AvgTime 1.1)   
   [Train] sup_loss:0.083929 lv_loss:0.030913 epi_loss:0.000016 total_loss:0.090112 pseudo_update_count:498910
   [Train] Epoch: [48][220/358]  Loss:0.131 (Avg 0.1670) IoU:0.731 (Avg 0.6581) Dice:0.8323 (Avg 0.7690) LR 2.85e-04   (AvgTime 1.1)   
   [Train] sup_loss:0.126528 lv_loss:0.021419 epi_loss:0.000008 total_loss:0.130813 pseudo_update_count:299791
   [Train] Epoch: [48][240/358]  Loss:0.223 (Avg 0.1674) IoU:0.579 (Avg 0.6568) Dice:0.7125 (Avg 0.7678) LR 2.85e-04   (AvgTime 1.1)   
   [Train] sup_loss:0.217963 lv_loss:0.025470 epi_loss:0.000008 total_loss:0.223058 pseudo_update_count:499204
   [Train] Epoch: [48][260/358]  Loss:0.218 (Avg 0.1676) IoU:0.572 (Avg 0.6560) Dice:0.6967 (Avg 0.7670) LR 2.85e-04   (AvgTime 1.1)   
   [Train] sup_loss:0.212853 lv_loss:0.024110 epi_loss:0.000006 total_loss:0.217676 pseudo_update_count:249731
   [Train] Epoch: [48][280/358]  Loss:0.231 (Avg 0.1676) IoU:0.682 (Avg 0.6567) Dice:0.7878 (Avg 0.7675) LR 2.85e-04   (AvgTime 1.1)   
   [Train] sup_loss:0.224339 lv_loss:0.035284 epi_loss:0.000014 total_loss:0.231396 pseudo_update_count:348805
   [Train] Epoch: [48][300/358]  Loss:0.190 (Avg 0.1671) IoU:0.722 (Avg 0.6578) Dice:0.8086 (Avg 0.7684) LR 2.85e-04   (AvgTime 1.1)   
   [Train] sup_loss:0.185191 lv_loss:0.026281 epi_loss:0.000011 total_loss:0.190447 pseudo_update_count:349608
   [Train] Epoch: [48][320/358]  Loss:0.129 (Avg 0.1679) IoU:0.728 (Avg 0.6577) Dice:0.8254 (Avg 0.7683) LR 2.85e-04   (AvgTime 1.1)   
   [Train] sup_loss:0.122818 lv_loss:0.033394 epi_loss:0.000018 total_loss:0.129497 pseudo_update_count:448545
   [Train] Epoch: [48][340/358]  Loss:0.175 (Avg 0.1676) IoU:0.636 (Avg 0.6596) Dice:0.7426 (Avg 0.7699) LR 2.85e-04   (AvgTime 1.1)   
   [Train] sup_loss:0.168543 lv_loss:0.033312 epi_loss:0.000017 total_loss:0.175206 pseudo_update_count:349025
[Train-Epoch-Metrics] epoch=48 sup_loss:0.160971 lv_loss:0.030956 epi_loss:0.000011 total_loss:0.167162 pseudo_update_count:142568186 labeled_seen:2858 unlabeled_seen:2858 Dice:0.770037 IoU:0.659799
Validation
   [Val] Epoch: [48][20/90]  Loss:0.117 (Avg 0.1589) IoU:0.720 (Avg 0.6888) Dice:0.8206 (Avg 0.7963) (AvgTime 0.5)   
   [Val] sup_loss:0.116848 lv_loss:0.000000 epi_loss:0.000000 total_loss:0.116848 pseudo_update_count:0
   [Val] Epoch: [48][40/90]  Loss:0.180 (Avg 0.1682) IoU:0.616 (Avg 0.6673) Dice:0.7351 (Avg 0.7761) (AvgTime 0.5)   
   [Val] sup_loss:0.179859 lv_loss:0.000000 epi_loss:0.000000 total_loss:0.179859 pseudo_update_count:0
   [Val] Epoch: [48][60/90]  Loss:0.145 (Avg 0.1724) IoU:0.700 (Avg 0.6590) Dice:0.8086 (Avg 0.7693) (AvgTime 0.5)   
   [Val] sup_loss:0.145040 lv_loss:0.000000 epi_loss:0.000000 total_loss:0.145040 pseudo_update_count:0
   [Val] Epoch: [48][80/90]  Loss:0.133 (Avg 0.1697) IoU:0.715 (Avg 0.6619) Dice:0.8265 (Avg 0.7716) (AvgTime 0.5)   
   [Val] sup_loss:0.132888 lv_loss:0.000000 epi_loss:0.000000 total_loss:0.132888 pseudo_update_count:0
[Val-Epoch-Metrics] epoch=48 sup_loss:0.169790 lv_loss:0.000000 epi_loss:0.000000 total_loss:0.169790 pseudo_update_count:0 labeled_seen:1429 unlabeled_seen:0 Dice:0.772216 IoU:0.662130
	 Mean dice:0.7722 does not increase, the best is still: 0.7749 in epoch 46
	 early_stopping_count: 2/100000

========= Epoch [49/76] =========
QaTa_Covid19_LViT_50pct_labels
Training with batch size : 16
[SemiSup] subset_ratio=0.5000 labeled_name_count=2858
   [Train] Epoch: [49][20/358]  Loss:0.172 (Avg 0.1889) IoU:0.614 (Avg 0.6542) Dice:0.7410 (Avg 0.7625) LR 1.86e-04   (AvgTime 1.2)   
   [Train] sup_loss:0.165269 lv_loss:0.031193 epi_loss:0.000008 total_loss:0.171508 pseudo_update_count:398910
   [Train] Epoch: [49][40/358]  Loss:0.147 (Avg 0.1769) IoU:0.676 (Avg 0.6558) Dice:0.7793 (Avg 0.7668) LR 1.86e-04   (AvgTime 1.2)   
   [Train] sup_loss:0.136869 lv_loss:0.051815 epi_loss:0.000011 total_loss:0.147232 pseudo_update_count:248579
   [Train] Epoch: [49][60/358]  Loss:0.165 (Avg 0.1700) IoU:0.700 (Avg 0.6672) Dice:0.8081 (Avg 0.7766) LR 1.86e-04   (AvgTime 1.1)   
   [Train] sup_loss:0.159707 lv_loss:0.026493 epi_loss:0.000007 total_loss:0.165006 pseudo_update_count:449273
   [Train] Epoch: [49][80/358]  Loss:0.145 (Avg 0.1675) IoU:0.641 (Avg 0.6663) Dice:0.7513 (Avg 0.7765) LR 1.86e-04   (AvgTime 1.1)   
   [Train] sup_loss:0.138799 lv_loss:0.029360 epi_loss:0.000007 total_loss:0.144671 pseudo_update_count:299780
   [Train] Epoch: [49][100/358]  Loss:0.180 (Avg 0.1672) IoU:0.512 (Avg 0.6624) Dice:0.6558 (Avg 0.7729) LR 1.86e-04   (AvgTime 1.1)   
   [Train] sup_loss:0.172735 lv_loss:0.036086 epi_loss:0.000005 total_loss:0.179953 pseudo_update_count:348680
   [Train] Epoch: [49][120/358]  Loss:0.185 (Avg 0.1656) IoU:0.643 (Avg 0.6631) Dice:0.7417 (Avg 0.7733) LR 1.86e-04   (AvgTime 1.1)   
   [Train] sup_loss:0.179136 lv_loss:0.027375 epi_loss:0.000011 total_loss:0.184611 pseudo_update_count:349584
   [Train] Epoch: [49][140/358]  Loss:0.221 (Avg 0.1646) IoU:0.596 (Avg 0.6645) Dice:0.7276 (Avg 0.7739) LR 1.86e-04   (AvgTime 1.1)   
   [Train] sup_loss:0.214961 lv_loss:0.032207 epi_loss:0.000008 total_loss:0.221403 pseudo_update_count:498210
   [Train] Epoch: [49][160/358]  Loss:0.123 (Avg 0.1660) IoU:0.765 (Avg 0.6618) Dice:0.8573 (Avg 0.7715) LR 1.86e-04   (AvgTime 1.1)   
   [Train] sup_loss:0.116665 lv_loss:0.031350 epi_loss:0.000018 total_loss:0.122936 pseudo_update_count:449110
   [Train] Epoch: [49][180/358]  Loss:0.204 (Avg 0.1652) IoU:0.532 (Avg 0.6613) Dice:0.6677 (Avg 0.7712) LR 1.86e-04   (AvgTime 1.1)   
   [Train] sup_loss:0.199169 lv_loss:0.025418 epi_loss:0.000006 total_loss:0.204253 pseudo_update_count:449193
   [Train] Epoch: [49][200/358]  Loss:0.179 (Avg 0.1636) IoU:0.597 (Avg 0.6622) Dice:0.6926 (Avg 0.7721) LR 1.86e-04   (AvgTime 1.1)   
   [Train] sup_loss:0.174314 lv_loss:0.022779 epi_loss:0.000006 total_loss:0.178870 pseudo_update_count:449797
   [Train] Epoch: [49][220/358]  Loss:0.152 (Avg 0.1633) IoU:0.734 (Avg 0.6650) Dice:0.8333 (Avg 0.7743) LR 1.86e-04   (AvgTime 1.1)   
   [Train] sup_loss:0.148087 lv_loss:0.021742 epi_loss:0.000015 total_loss:0.152436 pseudo_update_count:199883
   [Train] Epoch: [49][240/358]  Loss:0.147 (Avg 0.1629) IoU:0.697 (Avg 0.6665) Dice:0.7950 (Avg 0.7755) LR 1.86e-04   (AvgTime 1.1)   
   [Train] sup_loss:0.141532 lv_loss:0.025966 epi_loss:0.000013 total_loss:0.146725 pseudo_update_count:449114
   [Train] Epoch: [49][260/358]  Loss:0.251 (Avg 0.1632) IoU:0.635 (Avg 0.6654) Dice:0.7357 (Avg 0.7748) LR 1.86e-04   (AvgTime 1.1)   
   [Train] sup_loss:0.244533 lv_loss:0.030483 epi_loss:0.000017 total_loss:0.250630 pseudo_update_count:349408
   [Train] Epoch: [49][280/358]  Loss:0.161 (Avg 0.1628) IoU:0.696 (Avg 0.6674) Dice:0.8054 (Avg 0.7765) LR 1.86e-04   (AvgTime 1.1)   
   [Train] sup_loss:0.155295 lv_loss:0.028819 epi_loss:0.000011 total_loss:0.161059 pseudo_update_count:299574
   [Train] Epoch: [49][300/358]  Loss:0.118 (Avg 0.1618) IoU:0.755 (Avg 0.6679) Dice:0.8509 (Avg 0.7770) LR 1.86e-04   (AvgTime 1.1)   
   [Train] sup_loss:0.113175 lv_loss:0.023700 epi_loss:0.000009 total_loss:0.117916 pseudo_update_count:549577
   [Train] Epoch: [49][320/358]  Loss:0.168 (Avg 0.1618) IoU:0.670 (Avg 0.6683) Dice:0.7859 (Avg 0.7773) LR 1.86e-04   (AvgTime 1.1)   
   [Train] sup_loss:0.162833 lv_loss:0.023581 epi_loss:0.000008 total_loss:0.167550 pseudo_update_count:499656
   [Train] Epoch: [49][340/358]  Loss:0.175 (Avg 0.1619) IoU:0.503 (Avg 0.6680) Dice:0.6447 (Avg 0.7770) LR 1.86e-04   (AvgTime 1.1)   
   [Train] sup_loss:0.168770 lv_loss:0.029546 epi_loss:0.000006 total_loss:0.174679 pseudo_update_count:398834
[Train-Epoch-Metrics] epoch=49 sup_loss:0.156505 lv_loss:0.030185 epi_loss:0.000011 total_loss:0.162543 pseudo_update_count:142561546 labeled_seen:2858 unlabeled_seen:2858 Dice:0.776214 IoU:0.667235
Validation
   [Val] Epoch: [49][20/90]  Loss:0.166 (Avg 0.1628) IoU:0.682 (Avg 0.6624) Dice:0.8010 (Avg 0.7727) (AvgTime 0.5)   
   [Val] sup_loss:0.165541 lv_loss:0.000000 epi_loss:0.000000 total_loss:0.165541 pseudo_update_count:0
   [Val] Epoch: [49][40/90]  Loss:0.115 (Avg 0.1630) IoU:0.759 (Avg 0.6641) Dice:0.8516 (Avg 0.7728) (AvgTime 0.5)   
   [Val] sup_loss:0.114711 lv_loss:0.000000 epi_loss:0.000000 total_loss:0.114711 pseudo_update_count:0
   [Val] Epoch: [49][60/90]  Loss:0.157 (Avg 0.1614) IoU:0.631 (Avg 0.6664) Dice:0.7288 (Avg 0.7753) (AvgTime 0.5)   
   [Val] sup_loss:0.156766 lv_loss:0.000000 epi_loss:0.000000 total_loss:0.156766 pseudo_update_count:0
   [Val] Epoch: [49][80/90]  Loss:0.146 (Avg 0.1621) IoU:0.677 (Avg 0.6702) Dice:0.7714 (Avg 0.7791) (AvgTime 0.5)   
   [Val] sup_loss:0.145555 lv_loss:0.000000 epi_loss:0.000000 total_loss:0.145555 pseudo_update_count:0
[Val-Epoch-Metrics] epoch=49 sup_loss:0.162395 lv_loss:0.000000 epi_loss:0.000000 total_loss:0.162395 pseudo_update_count:0 labeled_seen:1429 unlabeled_seen:0 Dice:0.778007 IoU:0.668953
	 Saving best model, mean dice increased from: 0.7749 to 0.7780
	 Saving to QaTa-Covid19/LViT/QaTa_Covid19_LViT_50pct_labels/models/
	 early_stopping_count: 0/100000

========= Epoch [50/76] =========
QaTa_Covid19_LViT_50pct_labels
Training with batch size : 16
[SemiSup] subset_ratio=0.5000 labeled_name_count=2858
   [Train] Epoch: [50][20/358]  Loss:0.215 (Avg 0.1445) IoU:0.593 (Avg 0.6766) Dice:0.7179 (Avg 0.7852) LR 1.22e-04   (AvgTime 1.2)   
   [Train] sup_loss:0.209085 lv_loss:0.029662 epi_loss:0.000007 total_loss:0.215017 pseudo_update_count:548973
   [Train] Epoch: [50][40/358]  Loss:0.141 (Avg 0.1541) IoU:0.697 (Avg 0.6771) Dice:0.8023 (Avg 0.7830) LR 1.22e-04   (AvgTime 1.2)   
   [Train] sup_loss:0.133912 lv_loss:0.033608 epi_loss:0.000008 total_loss:0.140634 pseudo_update_count:299111
   [Train] Epoch: [50][60/358]  Loss:0.153 (Avg 0.1532) IoU:0.620 (Avg 0.6746) Dice:0.7433 (Avg 0.7819) LR 1.22e-04   (AvgTime 1.1)   
   [Train] sup_loss:0.147688 lv_loss:0.024702 epi_loss:0.000010 total_loss:0.152629 pseudo_update_count:349919
   [Train] Epoch: [50][80/358]  Loss:0.199 (Avg 0.1514) IoU:0.668 (Avg 0.6770) Dice:0.7717 (Avg 0.7828) LR 1.22e-04   (AvgTime 1.1)   
   [Train] sup_loss:0.194485 lv_loss:0.021392 epi_loss:0.000009 total_loss:0.198764 pseudo_update_count:300019
   [Train] Epoch: [50][100/358]  Loss:0.161 (Avg 0.1528) IoU:0.648 (Avg 0.6735) Dice:0.7605 (Avg 0.7801) LR 1.22e-04   (AvgTime 1.1)   
   [Train] sup_loss:0.155562 lv_loss:0.026249 epi_loss:0.000009 total_loss:0.160812 pseudo_update_count:399684
   [Train] Epoch: [50][120/358]  Loss:0.158 (Avg 0.1560) IoU:0.625 (Avg 0.6719) Dice:0.7412 (Avg 0.7788) LR 1.22e-04   (AvgTime 1.1)   
   [Train] sup_loss:0.151099 lv_loss:0.033687 epi_loss:0.000019 total_loss:0.157837 pseudo_update_count:348565
   [Train] Epoch: [50][140/358]  Loss:0.168 (Avg 0.1542) IoU:0.633 (Avg 0.6730) Dice:0.7600 (Avg 0.7802) LR 1.22e-04   (AvgTime 1.1)   
   [Train] sup_loss:0.160607 lv_loss:0.038190 epi_loss:0.000012 total_loss:0.168246 pseudo_update_count:348485
   [Train] Epoch: [50][160/358]  Loss:0.144 (Avg 0.1532) IoU:0.734 (Avg 0.6734) Dice:0.8271 (Avg 0.7809) LR 1.22e-04   (AvgTime 1.1)   
   [Train] sup_loss:0.138454 lv_loss:0.028848 epi_loss:0.000013 total_loss:0.144224 pseudo_update_count:449205
   [Train] Epoch: [50][180/358]  Loss:0.138 (Avg 0.1549) IoU:0.727 (Avg 0.6733) Dice:0.8243 (Avg 0.7810) LR 1.22e-04   (AvgTime 1.1)   
   [Train] sup_loss:0.132343 lv_loss:0.027689 epi_loss:0.000011 total_loss:0.137882 pseudo_update_count:349309
   [Train] Epoch: [50][200/358]  Loss:0.195 (Avg 0.1565) IoU:0.645 (Avg 0.6722) Dice:0.7666 (Avg 0.7803) LR 1.22e-04   (AvgTime 1.1)   
   [Train] sup_loss:0.189408 lv_loss:0.026043 epi_loss:0.000010 total_loss:0.194617 pseudo_update_count:449196
   [Train] Epoch: [50][220/358]  Loss:0.163 (Avg 0.1570) IoU:0.674 (Avg 0.6717) Dice:0.7708 (Avg 0.7802) LR 1.22e-04   (AvgTime 1.1)   
   [Train] sup_loss:0.158346 lv_loss:0.023219 epi_loss:0.000015 total_loss:0.162991 pseudo_update_count:399877
   [Train] Epoch: [50][240/358]  Loss:0.110 (Avg 0.1567) IoU:0.753 (Avg 0.6733) Dice:0.8466 (Avg 0.7817) LR 1.22e-04   (AvgTime 1.1)   
   [Train] sup_loss:0.104461 lv_loss:0.029030 epi_loss:0.000012 total_loss:0.110268 pseudo_update_count:499088
   [Train] Epoch: [50][260/358]  Loss:0.197 (Avg 0.1577) IoU:0.542 (Avg 0.6712) Dice:0.6579 (Avg 0.7798) LR 1.22e-04   (AvgTime 1.1)   
   [Train] sup_loss:0.191674 lv_loss:0.029093 epi_loss:0.000009 total_loss:0.197493 pseudo_update_count:548793
   [Train] Epoch: [50][280/358]  Loss:0.252 (Avg 0.1584) IoU:0.692 (Avg 0.6713) Dice:0.8016 (Avg 0.7798) LR 1.22e-04   (AvgTime 1.1)   
   [Train] sup_loss:0.245256 lv_loss:0.031960 epi_loss:0.000011 total_loss:0.251648 pseudo_update_count:349006
   [Train] Epoch: [50][300/358]  Loss:0.122 (Avg 0.1579) IoU:0.731 (Avg 0.6723) Dice:0.8381 (Avg 0.7804) LR 1.22e-04   (AvgTime 1.1)   
   [Train] sup_loss:0.115452 lv_loss:0.033114 epi_loss:0.000006 total_loss:0.122075 pseudo_update_count:199367
   [Train] Epoch: [50][320/358]  Loss:0.065 (Avg 0.1589) IoU:0.689 (Avg 0.6719) Dice:0.7716 (Avg 0.7799) LR 1.22e-04   (AvgTime 1.1)   
   [Train] sup_loss:0.060039 lv_loss:0.026414 epi_loss:0.000012 total_loss:0.065322 pseudo_update_count:499569
   [Train] Epoch: [50][340/358]  Loss:0.179 (Avg 0.1589) IoU:0.678 (Avg 0.6710) Dice:0.7918 (Avg 0.7792) LR 1.22e-04   (AvgTime 1.1)   
   [Train] sup_loss:0.173450 lv_loss:0.028761 epi_loss:0.000014 total_loss:0.179203 pseudo_update_count:498864
[Train-Epoch-Metrics] epoch=50 sup_loss:0.153361 lv_loss:0.029799 epi_loss:0.000011 total_loss:0.159321 pseudo_update_count:142586790 labeled_seen:2858 unlabeled_seen:2858 Dice:0.779092 IoU:0.670827
Validation
   [Val] Epoch: [50][20/90]  Loss:0.155 (Avg 0.1607) IoU:0.684 (Avg 0.6840) Dice:0.7922 (Avg 0.7897) (AvgTime 0.5)   
   [Val] sup_loss:0.154724 lv_loss:0.000000 epi_loss:0.000000 total_loss:0.154724 pseudo_update_count:0
   [Val] Epoch: [50][40/90]  Loss:0.154 (Avg 0.1654) IoU:0.696 (Avg 0.6697) Dice:0.7965 (Avg 0.7790) (AvgTime 0.5)   
   [Val] sup_loss:0.153990 lv_loss:0.000000 epi_loss:0.000000 total_loss:0.153990 pseudo_update_count:0
   [Val] Epoch: [50][60/90]  Loss:0.164 (Avg 0.1649) IoU:0.645 (Avg 0.6732) Dice:0.7566 (Avg 0.7819) (AvgTime 0.5)   
   [Val] sup_loss:0.163770 lv_loss:0.000000 epi_loss:0.000000 total_loss:0.163770 pseudo_update_count:0
   [Val] Epoch: [50][80/90]  Loss:0.185 (Avg 0.1645) IoU:0.623 (Avg 0.6757) Dice:0.7515 (Avg 0.7839) (AvgTime 0.5)   
   [Val] sup_loss:0.184747 lv_loss:0.000000 epi_loss:0.000000 total_loss:0.184747 pseudo_update_count:0
[Val-Epoch-Metrics] epoch=50 sup_loss:0.163001 lv_loss:0.000000 epi_loss:0.000000 total_loss:0.163001 pseudo_update_count:0 labeled_seen:1429 unlabeled_seen:0 Dice:0.784647 IoU:0.676834
	 Saving best model, mean dice increased from: 0.7780 to 0.7846
	 Saving to QaTa-Covid19/LViT/QaTa_Covid19_LViT_50pct_labels/models/
	 early_stopping_count: 0/100000

========= Epoch [51/76] =========
QaTa_Covid19_LViT_50pct_labels
Training with batch size : 16
[SemiSup] subset_ratio=0.5000 labeled_name_count=2858
   [Train] Epoch: [51][20/358]  Loss:0.117 (Avg 0.1630) IoU:0.651 (Avg 0.6507) Dice:0.7565 (Avg 0.7638) LR 1.00e-03   (AvgTime 1.2)   
   [Train] sup_loss:0.112165 lv_loss:0.022716 epi_loss:0.000009 total_loss:0.116709 pseudo_update_count:499308
   [Train] Epoch: [51][40/358]  Loss:0.153 (Avg 0.1692) IoU:0.675 (Avg 0.6534) Dice:0.7905 (Avg 0.7653) LR 1.00e-03   (AvgTime 1.2)   
   [Train] sup_loss:0.145699 lv_loss:0.034071 epi_loss:0.000016 total_loss:0.152513 pseudo_update_count:448780
   [Train] Epoch: [51][60/358]  Loss:0.152 (Avg 0.1728) IoU:0.679 (Avg 0.6540) Dice:0.7944 (Avg 0.7667) LR 1.00e-03   (AvgTime 1.2)   
   [Train] sup_loss:0.145811 lv_loss:0.031159 epi_loss:0.000012 total_loss:0.152043 pseudo_update_count:499324
   [Train] Epoch: [51][80/358]  Loss:0.221 (Avg 0.1777) IoU:0.677 (Avg 0.6517) Dice:0.7915 (Avg 0.7644) LR 1.00e-03   (AvgTime 1.1)   
   [Train] sup_loss:0.214505 lv_loss:0.034334 epi_loss:0.000014 total_loss:0.221372 pseudo_update_count:448956
   [Train] Epoch: [51][100/358]  Loss:0.205 (Avg 0.1839) IoU:0.654 (Avg 0.6453) Dice:0.7867 (Avg 0.7587) LR 1.00e-03   (AvgTime 1.1)   
   [Train] sup_loss:0.197285 lv_loss:0.040522 epi_loss:0.000011 total_loss:0.205390 pseudo_update_count:398172
   [Train] Epoch: [51][120/358]  Loss:0.185 (Avg 0.1824) IoU:0.680 (Avg 0.6459) Dice:0.7965 (Avg 0.7591) LR 1.00e-03   (AvgTime 1.1)   
   [Train] sup_loss:0.178116 lv_loss:0.036050 epi_loss:0.000014 total_loss:0.185326 pseudo_update_count:498289
   [Train] Epoch: [51][140/358]  Loss:0.188 (Avg 0.1814) IoU:0.713 (Avg 0.6459) Dice:0.8166 (Avg 0.7590) LR 1.00e-03   (AvgTime 1.1)   
   [Train] sup_loss:0.181253 lv_loss:0.031998 epi_loss:0.000008 total_loss:0.187653 pseudo_update_count:398962
   [Train] Epoch: [51][160/358]  Loss:0.146 (Avg 0.1827) IoU:0.681 (Avg 0.6433) Dice:0.7986 (Avg 0.7568) LR 1.00e-03   (AvgTime 1.1)   
   [Train] sup_loss:0.138102 lv_loss:0.039450 epi_loss:0.000009 total_loss:0.145992 pseudo_update_count:447681
   [Train] Epoch: [51][180/358]  Loss:0.238 (Avg 0.1867) IoU:0.575 (Avg 0.6382) Dice:0.7022 (Avg 0.7526) LR 1.00e-03   (AvgTime 1.1)   
   [Train] sup_loss:0.229679 lv_loss:0.040116 epi_loss:0.000014 total_loss:0.237703 pseudo_update_count:299101
   [Train] Epoch: [51][200/358]  Loss:0.147 (Avg 0.1846) IoU:0.670 (Avg 0.6380) Dice:0.7938 (Avg 0.7525) LR 1.00e-03   (AvgTime 1.1)   
   [Train] sup_loss:0.138137 lv_loss:0.045923 epi_loss:0.000012 total_loss:0.147322 pseudo_update_count:397467
   [Train] Epoch: [51][220/358]  Loss:0.209 (Avg 0.1867) IoU:0.538 (Avg 0.6349) Dice:0.6670 (Avg 0.7500) LR 1.00e-03   (AvgTime 1.1)   
   [Train] sup_loss:0.198972 lv_loss:0.048807 epi_loss:0.000015 total_loss:0.208735 pseudo_update_count:347611
   [Train] Epoch: [51][240/358]  Loss:0.220 (Avg 0.1878) IoU:0.560 (Avg 0.6340) Dice:0.6853 (Avg 0.7495) LR 1.00e-03   (AvgTime 1.1)   
   [Train] sup_loss:0.209675 lv_loss:0.050990 epi_loss:0.000019 total_loss:0.219874 pseudo_update_count:248758
   [Train] Epoch: [51][260/358]  Loss:0.179 (Avg 0.1882) IoU:0.576 (Avg 0.6325) Dice:0.7072 (Avg 0.7477) LR 1.00e-03   (AvgTime 1.1)   
   [Train] sup_loss:0.172852 lv_loss:0.030175 epi_loss:0.000008 total_loss:0.178887 pseudo_update_count:448897
   [Train] Epoch: [51][280/358]  Loss:0.159 (Avg 0.1884) IoU:0.638 (Avg 0.6335) Dice:0.7705 (Avg 0.7484) LR 1.00e-03   (AvgTime 1.1)   
   [Train] sup_loss:0.151969 lv_loss:0.033930 epi_loss:0.000012 total_loss:0.158756 pseudo_update_count:449225
   [Train] Epoch: [51][300/358]  Loss:0.114 (Avg 0.1886) IoU:0.675 (Avg 0.6327) Dice:0.7855 (Avg 0.7477) LR 1.00e-03   (AvgTime 1.1)   
   [Train] sup_loss:0.107319 lv_loss:0.032540 epi_loss:0.000005 total_loss:0.113827 pseudo_update_count:399458
   [Train] Epoch: [51][320/358]  Loss:0.184 (Avg 0.1896) IoU:0.661 (Avg 0.6311) Dice:0.7698 (Avg 0.7463) LR 1.00e-03   (AvgTime 1.1)   
   [Train] sup_loss:0.176457 lv_loss:0.036894 epi_loss:0.000009 total_loss:0.183836 pseudo_update_count:349027
   [Train] Epoch: [51][340/358]  Loss:0.096 (Avg 0.1892) IoU:0.701 (Avg 0.6311) Dice:0.8010 (Avg 0.7464) LR 1.00e-03   (AvgTime 1.1)   
   [Train] sup_loss:0.086077 lv_loss:0.049669 epi_loss:0.000015 total_loss:0.096012 pseudo_update_count:347637
[Train-Epoch-Metrics] epoch=51 sup_loss:0.181380 lv_loss:0.035942 epi_loss:0.000011 total_loss:0.188569 pseudo_update_count:142447063 labeled_seen:2858 unlabeled_seen:2858 Dice:0.747241 IoU:0.632406
Validation
   [Val] Epoch: [51][20/90]  Loss:0.200 (Avg 0.1907) IoU:0.597 (Avg 0.6280) Dice:0.7307 (Avg 0.7486) (AvgTime 0.5)   
   [Val] sup_loss:0.199516 lv_loss:0.000000 epi_loss:0.000000 total_loss:0.199516 pseudo_update_count:0
   [Val] Epoch: [51][40/90]  Loss:0.191 (Avg 0.1843) IoU:0.617 (Avg 0.6393) Dice:0.7366 (Avg 0.7561) (AvgTime 0.5)   
   [Val] sup_loss:0.190718 lv_loss:0.000000 epi_loss:0.000000 total_loss:0.190718 pseudo_update_count:0
   [Val] Epoch: [51][60/90]  Loss:0.211 (Avg 0.1761) IoU:0.635 (Avg 0.6507) Dice:0.7497 (Avg 0.7642) (AvgTime 0.5)   
   [Val] sup_loss:0.210686 lv_loss:0.000000 epi_loss:0.000000 total_loss:0.210686 pseudo_update_count:0
   [Val] Epoch: [51][80/90]  Loss:0.152 (Avg 0.1774) IoU:0.707 (Avg 0.6468) Dice:0.8156 (Avg 0.7609) (AvgTime 0.5)   
   [Val] sup_loss:0.151549 lv_loss:0.000000 epi_loss:0.000000 total_loss:0.151549 pseudo_update_count:0
[Val-Epoch-Metrics] epoch=51 sup_loss:0.176317 lv_loss:0.000000 epi_loss:0.000000 total_loss:0.176317 pseudo_update_count:0 labeled_seen:1429 unlabeled_seen:0 Dice:0.761138 IoU:0.647695
	 Mean dice:0.7611 does not increase, the best is still: 0.7846 in epoch 50
	 early_stopping_count: 1/100000

========= Epoch [52/76] =========
QaTa_Covid19_LViT_50pct_labels
Training with batch size : 16
[SemiSup] subset_ratio=0.5000 labeled_name_count=2858
   [Train] Epoch: [52][20/358]  Loss:0.136 (Avg 0.1676) IoU:0.737 (Avg 0.6680) Dice:0.8361 (Avg 0.7792) LR 9.78e-04   (AvgTime 1.2)   
   [Train] sup_loss:0.128618 lv_loss:0.035442 epi_loss:0.000016 total_loss:0.135707 pseudo_update_count:298859
   [Train] Epoch: [52][40/358]  Loss:0.116 (Avg 0.1631) IoU:0.650 (Avg 0.6677) Dice:0.7716 (Avg 0.7797) LR 9.78e-04   (AvgTime 1.2)   
   [Train] sup_loss:0.109617 lv_loss:0.033056 epi_loss:0.000005 total_loss:0.116228 pseudo_update_count:448649
   [Train] Epoch: [52][60/358]  Loss:0.152 (Avg 0.1726) IoU:0.600 (Avg 0.6539) Dice:0.7322 (Avg 0.7665) LR 9.78e-04   (AvgTime 1.2)   
   [Train] sup_loss:0.144544 lv_loss:0.036056 epi_loss:0.000010 total_loss:0.151755 pseudo_update_count:448756
   [Train] Epoch: [52][80/358]  Loss:0.130 (Avg 0.1773) IoU:0.689 (Avg 0.6476) Dice:0.8059 (Avg 0.7607) LR 9.78e-04   (AvgTime 1.1)   
   [Train] sup_loss:0.124065 lv_loss:0.029017 epi_loss:0.000010 total_loss:0.129869 pseudo_update_count:499310
   [Train] Epoch: [52][100/358]  Loss:0.210 (Avg 0.1790) IoU:0.604 (Avg 0.6390) Dice:0.7273 (Avg 0.7535) LR 9.78e-04   (AvgTime 1.1)   
   [Train] sup_loss:0.202776 lv_loss:0.033808 epi_loss:0.000016 total_loss:0.209538 pseudo_update_count:349325
   [Train] Epoch: [52][120/358]  Loss:0.174 (Avg 0.1809) IoU:0.618 (Avg 0.6371) Dice:0.7313 (Avg 0.7517) LR 9.78e-04   (AvgTime 1.1)   
   [Train] sup_loss:0.168686 lv_loss:0.027604 epi_loss:0.000011 total_loss:0.174207 pseudo_update_count:449554
   [Train] Epoch: [52][140/358]  Loss:0.173 (Avg 0.1889) IoU:0.588 (Avg 0.6307) Dice:0.6973 (Avg 0.7454) LR 9.78e-04   (AvgTime 1.1)   
   [Train] sup_loss:0.163569 lv_loss:0.048317 epi_loss:0.000008 total_loss:0.173233 pseudo_update_count:447940
   [Train] Epoch: [52][160/358]  Loss:0.124 (Avg 0.1884) IoU:0.774 (Avg 0.6327) Dice:0.8627 (Avg 0.7475) LR 9.78e-04   (AvgTime 1.1)   
   [Train] sup_loss:0.116438 lv_loss:0.037192 epi_loss:0.000009 total_loss:0.123877 pseudo_update_count:398345
   [Train] Epoch: [52][180/358]  Loss:0.241 (Avg 0.1885) IoU:0.645 (Avg 0.6341) Dice:0.7394 (Avg 0.7484) LR 9.78e-04   (AvgTime 1.1)   
   [Train] sup_loss:0.234894 lv_loss:0.031105 epi_loss:0.000007 total_loss:0.241115 pseudo_update_count:299133
   [Train] Epoch: [52][200/358]  Loss:0.135 (Avg 0.1898) IoU:0.763 (Avg 0.6326) Dice:0.8496 (Avg 0.7470) LR 9.78e-04   (AvgTime 1.1)   
   [Train] sup_loss:0.126759 lv_loss:0.039484 epi_loss:0.000014 total_loss:0.134656 pseudo_update_count:298891
   [Train] Epoch: [52][220/358]  Loss:0.123 (Avg 0.1875) IoU:0.646 (Avg 0.6357) Dice:0.7584 (Avg 0.7499) LR 9.78e-04   (AvgTime 1.1)   
   [Train] sup_loss:0.116140 lv_loss:0.032895 epi_loss:0.000012 total_loss:0.122719 pseudo_update_count:498557
   [Train] Epoch: [52][240/358]  Loss:0.221 (Avg 0.1868) IoU:0.590 (Avg 0.6363) Dice:0.6869 (Avg 0.7503) LR 9.78e-04   (AvgTime 1.1)   
   [Train] sup_loss:0.213732 lv_loss:0.037355 epi_loss:0.000011 total_loss:0.221204 pseudo_update_count:248479
   [Train] Epoch: [52][260/358]  Loss:0.228 (Avg 0.1868) IoU:0.635 (Avg 0.6357) Dice:0.7583 (Avg 0.7498) LR 9.78e-04   (AvgTime 1.1)   
   [Train] sup_loss:0.220002 lv_loss:0.037948 epi_loss:0.000011 total_loss:0.227592 pseudo_update_count:598197
   [Train] Epoch: [52][280/358]  Loss:0.128 (Avg 0.1865) IoU:0.732 (Avg 0.6359) Dice:0.8222 (Avg 0.7501) LR 9.78e-04   (AvgTime 1.1)   
   [Train] sup_loss:0.122222 lv_loss:0.030953 epi_loss:0.000011 total_loss:0.128413 pseudo_update_count:448818
   [Train] Epoch: [52][300/358]  Loss:0.230 (Avg 0.1872) IoU:0.625 (Avg 0.6354) Dice:0.7325 (Avg 0.7496) LR 9.78e-04   (AvgTime 1.1)   
   [Train] sup_loss:0.223772 lv_loss:0.031342 epi_loss:0.000011 total_loss:0.230041 pseudo_update_count:399236
   [Train] Epoch: [52][320/358]  Loss:0.206 (Avg 0.1887) IoU:0.680 (Avg 0.6344) Dice:0.7800 (Avg 0.7488) LR 9.78e-04   (AvgTime 1.1)   
   [Train] sup_loss:0.200090 lv_loss:0.028422 epi_loss:0.000010 total_loss:0.205775 pseudo_update_count:199771
   [Train] Epoch: [52][340/358]  Loss:0.206 (Avg 0.1892) IoU:0.610 (Avg 0.6338) Dice:0.7420 (Avg 0.7485) LR 9.78e-04   (AvgTime 1.1)   
   [Train] sup_loss:0.197523 lv_loss:0.041102 epi_loss:0.000014 total_loss:0.205744 pseudo_update_count:448045
[Train-Epoch-Metrics] epoch=52 sup_loss:0.182321 lv_loss:0.035921 epi_loss:0.000011 total_loss:0.189506 pseudo_update_count:142447631 labeled_seen:2858 unlabeled_seen:2858 Dice:0.748308 IoU:0.633756
Validation
   [Val] Epoch: [52][20/90]  Loss:0.237 (Avg 0.1994) IoU:0.506 (Avg 0.6134) Dice:0.6446 (Avg 0.7303) (AvgTime 0.5)   
   [Val] sup_loss:0.237074 lv_loss:0.000000 epi_loss:0.000000 total_loss:0.237074 pseudo_update_count:0
   [Val] Epoch: [52][40/90]  Loss:0.228 (Avg 0.2080) IoU:0.542 (Avg 0.5929) Dice:0.6578 (Avg 0.7109) (AvgTime 0.5)   
   [Val] sup_loss:0.227674 lv_loss:0.000000 epi_loss:0.000000 total_loss:0.227674 pseudo_update_count:0
   [Val] Epoch: [52][60/90]  Loss:0.217 (Avg 0.2067) IoU:0.544 (Avg 0.5928) Dice:0.6698 (Avg 0.7112) (AvgTime 0.5)   
   [Val] sup_loss:0.217051 lv_loss:0.000000 epi_loss:0.000000 total_loss:0.217051 pseudo_update_count:0
   [Val] Epoch: [52][80/90]  Loss:0.241 (Avg 0.2063) IoU:0.597 (Avg 0.5948) Dice:0.7145 (Avg 0.7130) (AvgTime 0.5)   
   [Val] sup_loss:0.240505 lv_loss:0.000000 epi_loss:0.000000 total_loss:0.240505 pseudo_update_count:0
[Val-Epoch-Metrics] epoch=52 sup_loss:0.208149 lv_loss:0.000000 epi_loss:0.000000 total_loss:0.208149 pseudo_update_count:0 labeled_seen:1429 unlabeled_seen:0 Dice:0.710418 IoU:0.592568
	 Mean dice:0.7104 does not increase, the best is still: 0.7846 in epoch 50
	 early_stopping_count: 2/100000

========= Epoch [53/76] =========
QaTa_Covid19_LViT_50pct_labels
Training with batch size : 16
[SemiSup] subset_ratio=0.5000 labeled_name_count=2858
   [Train] Epoch: [53][20/358]  Loss:0.249 (Avg 0.1920) IoU:0.635 (Avg 0.6136) Dice:0.7494 (Avg 0.7299) LR 9.14e-04   (AvgTime 1.2)   
   [Train] sup_loss:0.242130 lv_loss:0.036215 epi_loss:0.000007 total_loss:0.249374 pseudo_update_count:299200
   [Train] Epoch: [53][40/358]  Loss:0.131 (Avg 0.1899) IoU:0.755 (Avg 0.6291) Dice:0.8529 (Avg 0.7420) LR 9.14e-04   (AvgTime 1.2)   
   [Train] sup_loss:0.123455 lv_loss:0.037659 epi_loss:0.000014 total_loss:0.130987 pseudo_update_count:348609
   [Train] Epoch: [53][60/358]  Loss:0.192 (Avg 0.1858) IoU:0.635 (Avg 0.6369) Dice:0.7337 (Avg 0.7499) LR 9.14e-04   (AvgTime 1.1)   
   [Train] sup_loss:0.183703 lv_loss:0.039968 epi_loss:0.000013 total_loss:0.191697 pseudo_update_count:497483
   [Train] Epoch: [53][80/358]  Loss:0.140 (Avg 0.1867) IoU:0.745 (Avg 0.6416) Dice:0.8367 (Avg 0.7539) LR 9.14e-04   (AvgTime 1.1)   
   [Train] sup_loss:0.133196 lv_loss:0.031882 epi_loss:0.000012 total_loss:0.139573 pseudo_update_count:598719
   [Train] Epoch: [53][100/358]  Loss:0.193 (Avg 0.1896) IoU:0.658 (Avg 0.6362) Dice:0.7812 (Avg 0.7501) LR 9.14e-04   (AvgTime 1.1)   
   [Train] sup_loss:0.185992 lv_loss:0.033318 epi_loss:0.000012 total_loss:0.192656 pseudo_update_count:498542
   [Train] Epoch: [53][120/358]  Loss:0.205 (Avg 0.1909) IoU:0.600 (Avg 0.6321) Dice:0.7235 (Avg 0.7465) LR 9.14e-04   (AvgTime 1.1)   
   [Train] sup_loss:0.198243 lv_loss:0.033544 epi_loss:0.000009 total_loss:0.204953 pseudo_update_count:349182
   [Train] Epoch: [53][140/358]  Loss:0.216 (Avg 0.1903) IoU:0.494 (Avg 0.6333) Dice:0.6174 (Avg 0.7478) LR 9.14e-04   (AvgTime 1.1)   
   [Train] sup_loss:0.208056 lv_loss:0.037784 epi_loss:0.000010 total_loss:0.215613 pseudo_update_count:298703
   [Train] Epoch: [53][160/358]  Loss:0.150 (Avg 0.1888) IoU:0.681 (Avg 0.6354) Dice:0.7996 (Avg 0.7495) LR 9.14e-04   (AvgTime 1.1)   
   [Train] sup_loss:0.144488 lv_loss:0.029540 epi_loss:0.000008 total_loss:0.150396 pseudo_update_count:449199
   [Train] Epoch: [53][180/358]  Loss:0.133 (Avg 0.1862) IoU:0.616 (Avg 0.6366) Dice:0.7305 (Avg 0.7503) LR 9.14e-04   (AvgTime 1.1)   
   [Train] sup_loss:0.125782 lv_loss:0.034227 epi_loss:0.000007 total_loss:0.132628 pseudo_update_count:547833
   [Train] Epoch: [53][200/358]  Loss:0.357 (Avg 0.1839) IoU:0.562 (Avg 0.6399) Dice:0.6633 (Avg 0.7536) LR 9.14e-04   (AvgTime 1.1)   
   [Train] sup_loss:0.351268 lv_loss:0.030856 epi_loss:0.000008 total_loss:0.357440 pseudo_update_count:249366
   [Train] Epoch: [53][220/358]  Loss:0.123 (Avg 0.1812) IoU:0.757 (Avg 0.6423) Dice:0.8551 (Avg 0.7552) LR 9.14e-04   (AvgTime 1.1)   
   [Train] sup_loss:0.116491 lv_loss:0.031722 epi_loss:0.000013 total_loss:0.122836 pseudo_update_count:448615
   [Train] Epoch: [53][240/358]  Loss:0.225 (Avg 0.1817) IoU:0.675 (Avg 0.6413) Dice:0.7945 (Avg 0.7544) LR 9.14e-04   (AvgTime 1.1)   
   [Train] sup_loss:0.221031 lv_loss:0.019010 epi_loss:0.000006 total_loss:0.224833 pseudo_update_count:350148
   [Train] Epoch: [53][260/358]  Loss:0.123 (Avg 0.1808) IoU:0.700 (Avg 0.6424) Dice:0.8011 (Avg 0.7554) LR 9.14e-04   (AvgTime 1.1)   
   [Train] sup_loss:0.116849 lv_loss:0.029183 epi_loss:0.000006 total_loss:0.122686 pseudo_update_count:349609
   [Train] Epoch: [53][280/358]  Loss:0.265 (Avg 0.1812) IoU:0.733 (Avg 0.6424) Dice:0.8187 (Avg 0.7552) LR 9.14e-04   (AvgTime 1.1)   
   [Train] sup_loss:0.259200 lv_loss:0.030153 epi_loss:0.000012 total_loss:0.265231 pseudo_update_count:499230
   [Train] Epoch: [53][300/358]  Loss:0.184 (Avg 0.1805) IoU:0.656 (Avg 0.6434) Dice:0.7797 (Avg 0.7560) LR 9.14e-04   (AvgTime 1.1)   
   [Train] sup_loss:0.176868 lv_loss:0.034606 epi_loss:0.000005 total_loss:0.183789 pseudo_update_count:249175
   [Train] Epoch: [53][320/358]  Loss:0.225 (Avg 0.1803) IoU:0.577 (Avg 0.6438) Dice:0.7029 (Avg 0.7563) LR 9.14e-04   (AvgTime 1.1)   
   [Train] sup_loss:0.218349 lv_loss:0.031940 epi_loss:0.000009 total_loss:0.224738 pseudo_update_count:449165
   [Train] Epoch: [53][340/358]  Loss:0.138 (Avg 0.1795) IoU:0.641 (Avg 0.6439) Dice:0.7646 (Avg 0.7564) LR 9.14e-04   (AvgTime 1.1)   
   [Train] sup_loss:0.130701 lv_loss:0.037470 epi_loss:0.000013 total_loss:0.138195 pseudo_update_count:498033
[Train-Epoch-Metrics] epoch=53 sup_loss:0.172799 lv_loss:0.033650 epi_loss:0.000011 total_loss:0.179529 pseudo_update_count:142497639 labeled_seen:2858 unlabeled_seen:2858 Dice:0.756972 IoU:0.644654
Validation
   [Val] Epoch: [53][20/90]  Loss:0.213 (Avg 0.1734) IoU:0.558 (Avg 0.6401) Dice:0.6862 (Avg 0.7547) (AvgTime 0.5)   
   [Val] sup_loss:0.212681 lv_loss:0.000000 epi_loss:0.000000 total_loss:0.212681 pseudo_update_count:0
   [Val] Epoch: [53][40/90]  Loss:0.117 (Avg 0.1799) IoU:0.736 (Avg 0.6360) Dice:0.8287 (Avg 0.7518) (AvgTime 0.5)   
   [Val] sup_loss:0.117276 lv_loss:0.000000 epi_loss:0.000000 total_loss:0.117276 pseudo_update_count:0
   [Val] Epoch: [53][60/90]  Loss:0.167 (Avg 0.1773) IoU:0.697 (Avg 0.6361) Dice:0.7947 (Avg 0.7516) (AvgTime 0.5)   
   [Val] sup_loss:0.167397 lv_loss:0.000000 epi_loss:0.000000 total_loss:0.167397 pseudo_update_count:0
   [Val] Epoch: [53][80/90]  Loss:0.182 (Avg 0.1753) IoU:0.592 (Avg 0.6388) Dice:0.7062 (Avg 0.7543) (AvgTime 0.5)   
   [Val] sup_loss:0.182467 lv_loss:0.000000 epi_loss:0.000000 total_loss:0.182467 pseudo_update_count:0
[Val-Epoch-Metrics] epoch=53 sup_loss:0.175431 lv_loss:0.000000 epi_loss:0.000000 total_loss:0.175431 pseudo_update_count:0 labeled_seen:1429 unlabeled_seen:0 Dice:0.754362 IoU:0.639098
	 Mean dice:0.7544 does not increase, the best is still: 0.7846 in epoch 50
	 early_stopping_count: 3/100000

========= Epoch [54/76] =========
QaTa_Covid19_LViT_50pct_labels
Training with batch size : 16
[SemiSup] subset_ratio=0.5000 labeled_name_count=2858
   [Train] Epoch: [54][20/358]  Loss:0.139 (Avg 0.1756) IoU:0.696 (Avg 0.6461) Dice:0.7901 (Avg 0.7593) LR 8.15e-04   (AvgTime 1.2)   
   [Train] sup_loss:0.132183 lv_loss:0.031617 epi_loss:0.000007 total_loss:0.138506 pseudo_update_count:349504
   [Train] Epoch: [54][40/358]  Loss:0.113 (Avg 0.1760) IoU:0.685 (Avg 0.6490) Dice:0.7971 (Avg 0.7634) LR 8.15e-04   (AvgTime 1.2)   
   [Train] sup_loss:0.106735 lv_loss:0.031815 epi_loss:0.000005 total_loss:0.113099 pseudo_update_count:399079
   [Train] Epoch: [54][60/358]  Loss:0.130 (Avg 0.1736) IoU:0.676 (Avg 0.6509) Dice:0.7964 (Avg 0.7638) LR 8.15e-04   (AvgTime 1.1)   
   [Train] sup_loss:0.122638 lv_loss:0.038116 epi_loss:0.000010 total_loss:0.130261 pseudo_update_count:348175
   [Train] Epoch: [54][80/358]  Loss:0.106 (Avg 0.1757) IoU:0.755 (Avg 0.6495) Dice:0.8493 (Avg 0.7621) LR 8.15e-04   (AvgTime 1.1)   
   [Train] sup_loss:0.097557 lv_loss:0.041328 epi_loss:0.000015 total_loss:0.105823 pseudo_update_count:447858
   [Train] Epoch: [54][100/358]  Loss:0.122 (Avg 0.1749) IoU:0.676 (Avg 0.6472) Dice:0.7742 (Avg 0.7593) LR 8.15e-04   (AvgTime 1.1)   
   [Train] sup_loss:0.115297 lv_loss:0.034382 epi_loss:0.000010 total_loss:0.122174 pseudo_update_count:349018
   [Train] Epoch: [54][120/358]  Loss:0.164 (Avg 0.1743) IoU:0.632 (Avg 0.6491) Dice:0.7561 (Avg 0.7607) LR 8.15e-04   (AvgTime 1.1)   
   [Train] sup_loss:0.157089 lv_loss:0.034266 epi_loss:0.000008 total_loss:0.163943 pseudo_update_count:398885
   [Train] Epoch: [54][140/358]  Loss:0.149 (Avg 0.1759) IoU:0.719 (Avg 0.6499) Dice:0.8256 (Avg 0.7613) LR 8.15e-04   (AvgTime 1.1)   
   [Train] sup_loss:0.142098 lv_loss:0.034502 epi_loss:0.000018 total_loss:0.149000 pseudo_update_count:299314
   [Train] Epoch: [54][160/358]  Loss:0.152 (Avg 0.1746) IoU:0.685 (Avg 0.6502) Dice:0.7919 (Avg 0.7614) LR 8.15e-04   (AvgTime 1.1)   
   [Train] sup_loss:0.144002 lv_loss:0.039636 epi_loss:0.000013 total_loss:0.151929 pseudo_update_count:298503
   [Train] Epoch: [54][180/358]  Loss:0.145 (Avg 0.1716) IoU:0.711 (Avg 0.6526) Dice:0.8070 (Avg 0.7637) LR 8.15e-04   (AvgTime 1.1)   
   [Train] sup_loss:0.139889 lv_loss:0.026861 epi_loss:0.000018 total_loss:0.145262 pseudo_update_count:199815
   [Train] Epoch: [54][200/358]  Loss:0.156 (Avg 0.1723) IoU:0.722 (Avg 0.6537) Dice:0.8290 (Avg 0.7644) LR 8.15e-04   (AvgTime 1.1)   
   [Train] sup_loss:0.148371 lv_loss:0.038419 epi_loss:0.000011 total_loss:0.156056 pseudo_update_count:348841
   [Train] Epoch: [54][220/358]  Loss:0.154 (Avg 0.1718) IoU:0.702 (Avg 0.6527) Dice:0.8144 (Avg 0.7636) LR 8.15e-04   (AvgTime 1.1)   
   [Train] sup_loss:0.147101 lv_loss:0.032161 epi_loss:0.000014 total_loss:0.153534 pseudo_update_count:548627
   [Train] Epoch: [54][240/358]  Loss:0.075 (Avg 0.1728) IoU:0.747 (Avg 0.6523) Dice:0.8438 (Avg 0.7631) LR 8.15e-04   (AvgTime 1.1)   
   [Train] sup_loss:0.068305 lv_loss:0.031700 epi_loss:0.000006 total_loss:0.074646 pseudo_update_count:399459
   [Train] Epoch: [54][260/358]  Loss:0.178 (Avg 0.1746) IoU:0.720 (Avg 0.6507) Dice:0.8215 (Avg 0.7620) LR 8.15e-04   (AvgTime 1.1)   
   [Train] sup_loss:0.171896 lv_loss:0.031723 epi_loss:0.000019 total_loss:0.178242 pseudo_update_count:299382
   [Train] Epoch: [54][280/358]  Loss:0.174 (Avg 0.1756) IoU:0.581 (Avg 0.6504) Dice:0.7082 (Avg 0.7619) LR 8.15e-04   (AvgTime 1.1)   
   [Train] sup_loss:0.165942 lv_loss:0.039316 epi_loss:0.000012 total_loss:0.173806 pseudo_update_count:398148
   [Train] Epoch: [54][300/358]  Loss:0.175 (Avg 0.1755) IoU:0.578 (Avg 0.6503) Dice:0.7181 (Avg 0.7619) LR 8.15e-04   (AvgTime 1.1)   
   [Train] sup_loss:0.168280 lv_loss:0.032573 epi_loss:0.000009 total_loss:0.174795 pseudo_update_count:349404
   [Train] Epoch: [54][320/358]  Loss:0.114 (Avg 0.1743) IoU:0.725 (Avg 0.6515) Dice:0.8198 (Avg 0.7629) LR 8.15e-04   (AvgTime 1.1)   
   [Train] sup_loss:0.106704 lv_loss:0.034070 epi_loss:0.000012 total_loss:0.113519 pseudo_update_count:249405
   [Train] Epoch: [54][340/358]  Loss:0.106 (Avg 0.1738) IoU:0.638 (Avg 0.6506) Dice:0.7551 (Avg 0.7620) LR 8.15e-04   (AvgTime 1.1)   
   [Train] sup_loss:0.099515 lv_loss:0.030794 epi_loss:0.000011 total_loss:0.105675 pseudo_update_count:598536
[Train-Epoch-Metrics] epoch=54 sup_loss:0.167442 lv_loss:0.032798 epi_loss:0.000011 total_loss:0.174002 pseudo_update_count:142525849 labeled_seen:2858 unlabeled_seen:2858 Dice:0.762478 IoU:0.651019
Validation
   [Val] Epoch: [54][20/90]  Loss:0.209 (Avg 0.1791) IoU:0.610 (Avg 0.6475) Dice:0.7426 (Avg 0.7609) (AvgTime 0.5)   
   [Val] sup_loss:0.208806 lv_loss:0.000000 epi_loss:0.000000 total_loss:0.208806 pseudo_update_count:0
   [Val] Epoch: [54][40/90]  Loss:0.156 (Avg 0.1739) IoU:0.684 (Avg 0.6536) Dice:0.7859 (Avg 0.7649) (AvgTime 0.5)   
   [Val] sup_loss:0.155793 lv_loss:0.000000 epi_loss:0.000000 total_loss:0.155793 pseudo_update_count:0
   [Val] Epoch: [54][60/90]  Loss:0.204 (Avg 0.1761) IoU:0.669 (Avg 0.6517) Dice:0.7845 (Avg 0.7633) (AvgTime 0.5)   
   [Val] sup_loss:0.203673 lv_loss:0.000000 epi_loss:0.000000 total_loss:0.203673 pseudo_update_count:0
   [Val] Epoch: [54][80/90]  Loss:0.164 (Avg 0.1760) IoU:0.690 (Avg 0.6540) Dice:0.8028 (Avg 0.7655) (AvgTime 0.5)   
   [Val] sup_loss:0.164418 lv_loss:0.000000 epi_loss:0.000000 total_loss:0.164418 pseudo_update_count:0
[Val-Epoch-Metrics] epoch=54 sup_loss:0.176782 lv_loss:0.000000 epi_loss:0.000000 total_loss:0.176782 pseudo_update_count:0 labeled_seen:1429 unlabeled_seen:0 Dice:0.764062 IoU:0.652446
	 Mean dice:0.7641 does not increase, the best is still: 0.7846 in epoch 50
	 early_stopping_count: 4/100000

========= Epoch [55/76] =========
QaTa_Covid19_LViT_50pct_labels
Training with batch size : 16
[SemiSup] subset_ratio=0.5000 labeled_name_count=2858
   [Train] Epoch: [55][20/358]  Loss:0.170 (Avg 0.1667) IoU:0.666 (Avg 0.6695) Dice:0.7867 (Avg 0.7787) LR 6.89e-04   (AvgTime 1.2)   
   [Train] sup_loss:0.164087 lv_loss:0.031211 epi_loss:0.000012 total_loss:0.170330 pseudo_update_count:349205
   [Train] Epoch: [55][40/358]  Loss:0.268 (Avg 0.1693) IoU:0.593 (Avg 0.6671) Dice:0.7164 (Avg 0.7764) LR 6.89e-04   (AvgTime 1.2)   
   [Train] sup_loss:0.259843 lv_loss:0.038367 epi_loss:0.000011 total_loss:0.267517 pseudo_update_count:498012
   [Train] Epoch: [55][60/358]  Loss:0.172 (Avg 0.1658) IoU:0.592 (Avg 0.6609) Dice:0.7219 (Avg 0.7707) LR 6.89e-04   (AvgTime 1.2)   
   [Train] sup_loss:0.166619 lv_loss:0.028640 epi_loss:0.000009 total_loss:0.172347 pseudo_update_count:548443
   [Train] Epoch: [55][80/358]  Loss:0.145 (Avg 0.1618) IoU:0.685 (Avg 0.6653) Dice:0.8034 (Avg 0.7743) LR 6.89e-04   (AvgTime 1.1)   
   [Train] sup_loss:0.137895 lv_loss:0.036398 epi_loss:0.000012 total_loss:0.145175 pseudo_update_count:248904
   [Train] Epoch: [55][100/358]  Loss:0.187 (Avg 0.1627) IoU:0.660 (Avg 0.6655) Dice:0.7814 (Avg 0.7748) LR 6.89e-04   (AvgTime 1.1)   
   [Train] sup_loss:0.180352 lv_loss:0.034600 epi_loss:0.000009 total_loss:0.187273 pseudo_update_count:398516
   [Train] Epoch: [55][120/358]  Loss:0.120 (Avg 0.1609) IoU:0.731 (Avg 0.6666) Dice:0.8342 (Avg 0.7759) LR 6.89e-04   (AvgTime 1.1)   
   [Train] sup_loss:0.111966 lv_loss:0.041903 epi_loss:0.000020 total_loss:0.120347 pseudo_update_count:348541
   [Train] Epoch: [55][140/358]  Loss:0.137 (Avg 0.1624) IoU:0.753 (Avg 0.6656) Dice:0.8524 (Avg 0.7747) LR 6.89e-04   (AvgTime 1.1)   
   [Train] sup_loss:0.131513 lv_loss:0.027705 epi_loss:0.000013 total_loss:0.137054 pseudo_update_count:349716
   [Train] Epoch: [55][160/358]  Loss:0.129 (Avg 0.1640) IoU:0.695 (Avg 0.6625) Dice:0.8037 (Avg 0.7724) LR 6.89e-04   (AvgTime 1.1)   
   [Train] sup_loss:0.122339 lv_loss:0.030940 epi_loss:0.000008 total_loss:0.128527 pseudo_update_count:348788
   [Train] Epoch: [55][180/358]  Loss:0.134 (Avg 0.1668) IoU:0.717 (Avg 0.6590) Dice:0.8245 (Avg 0.7691) LR 6.89e-04   (AvgTime 1.1)   
   [Train] sup_loss:0.126702 lv_loss:0.034405 epi_loss:0.000011 total_loss:0.133583 pseudo_update_count:449106
   [Train] Epoch: [55][200/358]  Loss:0.157 (Avg 0.1677) IoU:0.687 (Avg 0.6586) Dice:0.7934 (Avg 0.7691) LR 6.89e-04   (AvgTime 1.1)   
   [Train] sup_loss:0.149632 lv_loss:0.035058 epi_loss:0.000010 total_loss:0.156644 pseudo_update_count:249259
   [Train] Epoch: [55][220/358]  Loss:0.185 (Avg 0.1680) IoU:0.610 (Avg 0.6600) Dice:0.7143 (Avg 0.7702) LR 6.89e-04   (AvgTime 1.1)   
   [Train] sup_loss:0.178291 lv_loss:0.035648 epi_loss:0.000012 total_loss:0.185421 pseudo_update_count:249392
   [Train] Epoch: [55][240/358]  Loss:0.096 (Avg 0.1675) IoU:0.707 (Avg 0.6595) Dice:0.7886 (Avg 0.7696) LR 6.89e-04   (AvgTime 1.1)   
   [Train] sup_loss:0.090473 lv_loss:0.027248 epi_loss:0.000012 total_loss:0.095923 pseudo_update_count:449582
   [Train] Epoch: [55][260/358]  Loss:0.165 (Avg 0.1679) IoU:0.638 (Avg 0.6601) Dice:0.7638 (Avg 0.7702) LR 6.89e-04   (AvgTime 1.1)   
   [Train] sup_loss:0.158217 lv_loss:0.033491 epi_loss:0.000012 total_loss:0.164916 pseudo_update_count:498470
   [Train] Epoch: [55][280/358]  Loss:0.102 (Avg 0.1683) IoU:0.718 (Avg 0.6590) Dice:0.8275 (Avg 0.7696) LR 6.89e-04   (AvgTime 1.1)   
   [Train] sup_loss:0.096157 lv_loss:0.028355 epi_loss:0.000009 total_loss:0.101829 pseudo_update_count:498974
   [Train] Epoch: [55][300/358]  Loss:0.137 (Avg 0.1689) IoU:0.661 (Avg 0.6582) Dice:0.7842 (Avg 0.7692) LR 6.89e-04   (AvgTime 1.1)   
   [Train] sup_loss:0.129980 lv_loss:0.035541 epi_loss:0.000012 total_loss:0.137089 pseudo_update_count:399319
   [Train] Epoch: [55][320/358]  Loss:0.181 (Avg 0.1684) IoU:0.675 (Avg 0.6590) Dice:0.7816 (Avg 0.7700) LR 6.89e-04   (AvgTime 1.1)   
   [Train] sup_loss:0.175298 lv_loss:0.026638 epi_loss:0.000011 total_loss:0.180626 pseudo_update_count:449779
   [Train] Epoch: [55][340/358]  Loss:0.185 (Avg 0.1677) IoU:0.713 (Avg 0.6602) Dice:0.8171 (Avg 0.7708) LR 6.89e-04   (AvgTime 1.1)   
   [Train] sup_loss:0.180151 lv_loss:0.025032 epi_loss:0.000014 total_loss:0.185158 pseudo_update_count:349557
[Train-Epoch-Metrics] epoch=55 sup_loss:0.162048 lv_loss:0.031542 epi_loss:0.000011 total_loss:0.168357 pseudo_update_count:142541094 labeled_seen:2858 unlabeled_seen:2858 Dice:0.768923 IoU:0.657935
Validation
   [Val] Epoch: [55][20/90]  Loss:0.171 (Avg 0.1768) IoU:0.661 (Avg 0.6549) Dice:0.7639 (Avg 0.7626) (AvgTime 0.5)   
   [Val] sup_loss:0.171440 lv_loss:0.000000 epi_loss:0.000000 total_loss:0.171440 pseudo_update_count:0
   [Val] Epoch: [55][40/90]  Loss:0.132 (Avg 0.1823) IoU:0.740 (Avg 0.6551) Dice:0.8445 (Avg 0.7657) (AvgTime 0.5)   
   [Val] sup_loss:0.132188 lv_loss:0.000000 epi_loss:0.000000 total_loss:0.132188 pseudo_update_count:0
   [Val] Epoch: [55][60/90]  Loss:0.184 (Avg 0.1821) IoU:0.628 (Avg 0.6510) Dice:0.7542 (Avg 0.7633) (AvgTime 0.5)   
   [Val] sup_loss:0.183516 lv_loss:0.000000 epi_loss:0.000000 total_loss:0.183516 pseudo_update_count:0
   [Val] Epoch: [55][80/90]  Loss:0.158 (Avg 0.1788) IoU:0.662 (Avg 0.6557) Dice:0.7783 (Avg 0.7677) (AvgTime 0.5)   
   [Val] sup_loss:0.158271 lv_loss:0.000000 epi_loss:0.000000 total_loss:0.158271 pseudo_update_count:0
[Val-Epoch-Metrics] epoch=55 sup_loss:0.180727 lv_loss:0.000000 epi_loss:0.000000 total_loss:0.180727 pseudo_update_count:0 labeled_seen:1429 unlabeled_seen:0 Dice:0.766295 IoU:0.653727
	 Mean dice:0.7663 does not increase, the best is still: 0.7846 in epoch 50
	 early_stopping_count: 5/100000

========= Epoch [56/76] =========
QaTa_Covid19_LViT_50pct_labels
Training with batch size : 16
[SemiSup] subset_ratio=0.5000 labeled_name_count=2858
   [Train] Epoch: [56][20/358]  Loss:0.132 (Avg 0.1738) IoU:0.735 (Avg 0.6573) Dice:0.8407 (Avg 0.7699) LR 5.50e-04   (AvgTime 1.2)   
   [Train] sup_loss:0.125623 lv_loss:0.030618 epi_loss:0.000017 total_loss:0.131747 pseudo_update_count:299352
   [Train] Epoch: [56][40/358]  Loss:0.221 (Avg 0.1681) IoU:0.585 (Avg 0.6651) Dice:0.7065 (Avg 0.7749) LR 5.50e-04   (AvgTime 1.2)   
   [Train] sup_loss:0.214399 lv_loss:0.033794 epi_loss:0.000008 total_loss:0.221158 pseudo_update_count:448945
   [Train] Epoch: [56][60/358]  Loss:0.227 (Avg 0.1618) IoU:0.615 (Avg 0.6675) Dice:0.7317 (Avg 0.7776) LR 5.50e-04   (AvgTime 1.1)   
   [Train] sup_loss:0.219626 lv_loss:0.034432 epi_loss:0.000011 total_loss:0.226513 pseudo_update_count:448216
   [Train] Epoch: [56][80/358]  Loss:0.152 (Avg 0.1623) IoU:0.678 (Avg 0.6660) Dice:0.7700 (Avg 0.7752) LR 5.50e-04   (AvgTime 1.1)   
   [Train] sup_loss:0.146640 lv_loss:0.029261 epi_loss:0.000012 total_loss:0.152493 pseudo_update_count:299735
   [Train] Epoch: [56][100/358]  Loss:0.211 (Avg 0.1647) IoU:0.642 (Avg 0.6644) Dice:0.7562 (Avg 0.7737) LR 5.50e-04   (AvgTime 1.1)   
   [Train] sup_loss:0.206266 lv_loss:0.024505 epi_loss:0.000009 total_loss:0.211167 pseudo_update_count:349804
   [Train] Epoch: [56][120/358]  Loss:0.174 (Avg 0.1657) IoU:0.646 (Avg 0.6626) Dice:0.7561 (Avg 0.7715) LR 5.50e-04   (AvgTime 1.1)   
   [Train] sup_loss:0.168267 lv_loss:0.026727 epi_loss:0.000012 total_loss:0.173613 pseudo_update_count:249705
   [Train] Epoch: [56][140/358]  Loss:0.298 (Avg 0.1675) IoU:0.512 (Avg 0.6588) Dice:0.6246 (Avg 0.7685) LR 5.50e-04   (AvgTime 1.1)   
   [Train] sup_loss:0.292961 lv_loss:0.023869 epi_loss:0.000009 total_loss:0.297735 pseudo_update_count:349808
   [Train] Epoch: [56][160/358]  Loss:0.153 (Avg 0.1657) IoU:0.720 (Avg 0.6599) Dice:0.8228 (Avg 0.7695) LR 5.50e-04   (AvgTime 1.1)   
   [Train] sup_loss:0.147403 lv_loss:0.029635 epi_loss:0.000005 total_loss:0.153330 pseudo_update_count:448953
   [Train] Epoch: [56][180/358]  Loss:0.269 (Avg 0.1661) IoU:0.501 (Avg 0.6604) Dice:0.6269 (Avg 0.7699) LR 5.50e-04   (AvgTime 1.1)   
   [Train] sup_loss:0.262630 lv_loss:0.034037 epi_loss:0.000011 total_loss:0.269438 pseudo_update_count:298827
   [Train] Epoch: [56][200/358]  Loss:0.123 (Avg 0.1644) IoU:0.702 (Avg 0.6618) Dice:0.8027 (Avg 0.7709) LR 5.50e-04   (AvgTime 1.1)   
   [Train] sup_loss:0.116512 lv_loss:0.030562 epi_loss:0.000010 total_loss:0.122625 pseudo_update_count:349130
   [Train] Epoch: [56][220/358]  Loss:0.233 (Avg 0.1646) IoU:0.582 (Avg 0.6628) Dice:0.7083 (Avg 0.7720) LR 5.50e-04   (AvgTime 1.1)   
   [Train] sup_loss:0.226152 lv_loss:0.031762 epi_loss:0.000013 total_loss:0.232505 pseudo_update_count:597834
   [Train] Epoch: [56][240/358]  Loss:0.133 (Avg 0.1654) IoU:0.739 (Avg 0.6635) Dice:0.8374 (Avg 0.7724) LR 5.50e-04   (AvgTime 1.1)   
   [Train] sup_loss:0.128305 lv_loss:0.021707 epi_loss:0.000004 total_loss:0.132647 pseudo_update_count:200094
   [Train] Epoch: [56][260/358]  Loss:0.155 (Avg 0.1655) IoU:0.710 (Avg 0.6633) Dice:0.8102 (Avg 0.7723) LR 5.50e-04   (AvgTime 1.1)   
   [Train] sup_loss:0.149471 lv_loss:0.028780 epi_loss:0.000013 total_loss:0.155228 pseudo_update_count:399255
   [Train] Epoch: [56][280/358]  Loss:0.174 (Avg 0.1650) IoU:0.577 (Avg 0.6639) Dice:0.7089 (Avg 0.7730) LR 5.50e-04   (AvgTime 1.1)   
   [Train] sup_loss:0.166771 lv_loss:0.034641 epi_loss:0.000011 total_loss:0.173699 pseudo_update_count:249584
   [Train] Epoch: [56][300/358]  Loss:0.141 (Avg 0.1651) IoU:0.690 (Avg 0.6636) Dice:0.7827 (Avg 0.7727) LR 5.50e-04   (AvgTime 1.1)   
   [Train] sup_loss:0.133292 lv_loss:0.037387 epi_loss:0.000007 total_loss:0.140770 pseudo_update_count:398768
   [Train] Epoch: [56][320/358]  Loss:0.212 (Avg 0.1655) IoU:0.650 (Avg 0.6624) Dice:0.7510 (Avg 0.7717) LR 5.50e-04   (AvgTime 1.1)   
   [Train] sup_loss:0.206559 lv_loss:0.028006 epi_loss:0.000010 total_loss:0.212160 pseudo_update_count:449020
   [Train] Epoch: [56][340/358]  Loss:0.188 (Avg 0.1667) IoU:0.647 (Avg 0.6616) Dice:0.7694 (Avg 0.7712) LR 5.50e-04   (AvgTime 1.1)   
   [Train] sup_loss:0.180844 lv_loss:0.036549 epi_loss:0.000014 total_loss:0.188155 pseudo_update_count:498645
[Train-Epoch-Metrics] epoch=56 sup_loss:0.159356 lv_loss:0.031321 epi_loss:0.000011 total_loss:0.165621 pseudo_update_count:142555634 labeled_seen:2858 unlabeled_seen:2858 Dice:0.772625 IoU:0.663259
Validation
   [Val] Epoch: [56][20/90]  Loss:0.186 (Avg 0.1782) IoU:0.640 (Avg 0.6634) Dice:0.7387 (Avg 0.7702) (AvgTime 0.5)   
   [Val] sup_loss:0.186097 lv_loss:0.000000 epi_loss:0.000000 total_loss:0.186097 pseudo_update_count:0
   [Val] Epoch: [56][40/90]  Loss:0.170 (Avg 0.1861) IoU:0.653 (Avg 0.6602) Dice:0.7755 (Avg 0.7672) (AvgTime 0.5)   
   [Val] sup_loss:0.169813 lv_loss:0.000000 epi_loss:0.000000 total_loss:0.169813 pseudo_update_count:0
   [Val] Epoch: [56][60/90]  Loss:0.277 (Avg 0.1876) IoU:0.627 (Avg 0.6575) Dice:0.7363 (Avg 0.7651) (AvgTime 0.5)   
   [Val] sup_loss:0.277358 lv_loss:0.000000 epi_loss:0.000000 total_loss:0.277358 pseudo_update_count:0
   [Val] Epoch: [56][80/90]  Loss:0.191 (Avg 0.1881) IoU:0.649 (Avg 0.6599) Dice:0.7510 (Avg 0.7686) (AvgTime 0.5)   
   [Val] sup_loss:0.191283 lv_loss:0.000000 epi_loss:0.000000 total_loss:0.191283 pseudo_update_count:0
[Val-Epoch-Metrics] epoch=56 sup_loss:0.189598 lv_loss:0.000000 epi_loss:0.000000 total_loss:0.189598 pseudo_update_count:0 labeled_seen:1429 unlabeled_seen:0 Dice:0.766740 IoU:0.657983
	 Mean dice:0.7667 does not increase, the best is still: 0.7846 in epoch 50
	 early_stopping_count: 6/100000

========= Epoch [57/76] =========
QaTa_Covid19_LViT_50pct_labels
Training with batch size : 16
[SemiSup] subset_ratio=0.5000 labeled_name_count=2858
   [Train] Epoch: [57][20/358]  Loss:0.089 (Avg 0.1687) IoU:0.744 (Avg 0.6635) Dice:0.8427 (Avg 0.7708) LR 4.11e-04   (AvgTime 1.2)   
   [Train] sup_loss:0.083628 lv_loss:0.025353 epi_loss:0.000009 total_loss:0.088699 pseudo_update_count:549295
   [Train] Epoch: [57][40/358]  Loss:0.221 (Avg 0.1652) IoU:0.615 (Avg 0.6719) Dice:0.7322 (Avg 0.7787) LR 4.11e-04   (AvgTime 1.2)   
   [Train] sup_loss:0.213602 lv_loss:0.038217 epi_loss:0.000010 total_loss:0.221246 pseudo_update_count:398244
   [Train] Epoch: [57][60/358]  Loss:0.254 (Avg 0.1644) IoU:0.735 (Avg 0.6827) Dice:0.8393 (Avg 0.7885) LR 4.11e-04   (AvgTime 1.1)   
   [Train] sup_loss:0.248294 lv_loss:0.029087 epi_loss:0.000014 total_loss:0.254112 pseudo_update_count:648683
   [Train] Epoch: [57][80/358]  Loss:0.196 (Avg 0.1635) IoU:0.630 (Avg 0.6798) Dice:0.7446 (Avg 0.7858) LR 4.11e-04   (AvgTime 1.1)   
   [Train] sup_loss:0.191031 lv_loss:0.023143 epi_loss:0.000007 total_loss:0.195660 pseudo_update_count:499574
   [Train] Epoch: [57][100/358]  Loss:0.103 (Avg 0.1635) IoU:0.755 (Avg 0.6786) Dice:0.8343 (Avg 0.7848) LR 4.11e-04   (AvgTime 1.1)   
   [Train] sup_loss:0.096525 lv_loss:0.033794 epi_loss:0.000010 total_loss:0.103284 pseudo_update_count:349332
   [Train] Epoch: [57][120/358]  Loss:0.177 (Avg 0.1653) IoU:0.663 (Avg 0.6779) Dice:0.7450 (Avg 0.7842) LR 4.11e-04   (AvgTime 1.1)   
   [Train] sup_loss:0.169507 lv_loss:0.037125 epi_loss:0.000012 total_loss:0.176933 pseudo_update_count:348805
   [Train] Epoch: [57][140/358]  Loss:0.159 (Avg 0.1657) IoU:0.680 (Avg 0.6760) Dice:0.8000 (Avg 0.7828) LR 4.11e-04   (AvgTime 1.1)   
   [Train] sup_loss:0.153814 lv_loss:0.027859 epi_loss:0.000012 total_loss:0.159386 pseudo_update_count:399151
   [Train] Epoch: [57][160/358]  Loss:0.100 (Avg 0.1628) IoU:0.776 (Avg 0.6783) Dice:0.8655 (Avg 0.7848) LR 4.11e-04   (AvgTime 1.1)   
   [Train] sup_loss:0.093540 lv_loss:0.032435 epi_loss:0.000013 total_loss:0.100028 pseudo_update_count:548893
   [Train] Epoch: [57][180/358]  Loss:0.122 (Avg 0.1644) IoU:0.677 (Avg 0.6740) Dice:0.7941 (Avg 0.7813) LR 4.11e-04   (AvgTime 1.1)   
   [Train] sup_loss:0.115094 lv_loss:0.034974 epi_loss:0.000014 total_loss:0.122089 pseudo_update_count:498199
   [Train] Epoch: [57][200/358]  Loss:0.132 (Avg 0.1627) IoU:0.617 (Avg 0.6721) Dice:0.7415 (Avg 0.7800) LR 4.11e-04   (AvgTime 1.1)   
   [Train] sup_loss:0.126365 lv_loss:0.029677 epi_loss:0.000007 total_loss:0.132301 pseudo_update_count:449068
   [Train] Epoch: [57][220/358]  Loss:0.281 (Avg 0.1622) IoU:0.533 (Avg 0.6718) Dice:0.6596 (Avg 0.7795) LR 4.11e-04   (AvgTime 1.1)   
   [Train] sup_loss:0.274927 lv_loss:0.029337 epi_loss:0.000009 total_loss:0.280795 pseudo_update_count:498976
   [Train] Epoch: [57][240/358]  Loss:0.198 (Avg 0.1619) IoU:0.670 (Avg 0.6704) Dice:0.7882 (Avg 0.7785) LR 4.11e-04   (AvgTime 1.1)   
   [Train] sup_loss:0.192428 lv_loss:0.028676 epi_loss:0.000015 total_loss:0.198164 pseudo_update_count:399081
   [Train] Epoch: [57][260/358]  Loss:0.152 (Avg 0.1628) IoU:0.653 (Avg 0.6685) Dice:0.7658 (Avg 0.7769) LR 4.11e-04   (AvgTime 1.1)   
   [Train] sup_loss:0.142076 lv_loss:0.047383 epi_loss:0.000019 total_loss:0.151554 pseudo_update_count:248666
   [Train] Epoch: [57][280/358]  Loss:0.271 (Avg 0.1628) IoU:0.565 (Avg 0.6681) Dice:0.6927 (Avg 0.7767) LR 4.11e-04   (AvgTime 1.1)   
   [Train] sup_loss:0.263815 lv_loss:0.035106 epi_loss:0.000010 total_loss:0.270836 pseudo_update_count:398949
   [Train] Epoch: [57][300/358]  Loss:0.411 (Avg 0.1636) IoU:0.504 (Avg 0.6684) Dice:0.6337 (Avg 0.7769) LR 4.11e-04   (AvgTime 1.1)   
   [Train] sup_loss:0.404499 lv_loss:0.030931 epi_loss:0.000006 total_loss:0.410686 pseudo_update_count:598540
   [Train] Epoch: [57][320/358]  Loss:0.210 (Avg 0.1631) IoU:0.694 (Avg 0.6687) Dice:0.7838 (Avg 0.7772) LR 4.11e-04   (AvgTime 1.1)   
   [Train] sup_loss:0.203314 lv_loss:0.032801 epi_loss:0.000014 total_loss:0.209875 pseudo_update_count:299409
   [Train] Epoch: [57][340/358]  Loss:0.216 (Avg 0.1623) IoU:0.620 (Avg 0.6690) Dice:0.7368 (Avg 0.7774) LR 4.11e-04   (AvgTime 1.1)   
   [Train] sup_loss:0.211863 lv_loss:0.020645 epi_loss:0.000009 total_loss:0.215992 pseudo_update_count:349959
[Train-Epoch-Metrics] epoch=57 sup_loss:0.155601 lv_loss:0.030124 epi_loss:0.000011 total_loss:0.161626 pseudo_update_count:142592993 labeled_seen:2858 unlabeled_seen:2858 Dice:0.777866 IoU:0.669331
Validation
   [Val] Epoch: [57][20/90]  Loss:0.140 (Avg 0.1583) IoU:0.693 (Avg 0.6792) Dice:0.8097 (Avg 0.7867) (AvgTime 0.5)   
   [Val] sup_loss:0.140261 lv_loss:0.000000 epi_loss:0.000000 total_loss:0.140261 pseudo_update_count:0
   [Val] Epoch: [57][40/90]  Loss:0.147 (Avg 0.1542) IoU:0.662 (Avg 0.6794) Dice:0.7766 (Avg 0.7869) (AvgTime 0.5)   
   [Val] sup_loss:0.146749 lv_loss:0.000000 epi_loss:0.000000 total_loss:0.146749 pseudo_update_count:0
   [Val] Epoch: [57][60/90]  Loss:0.129 (Avg 0.1603) IoU:0.753 (Avg 0.6719) Dice:0.8479 (Avg 0.7799) (AvgTime 0.5)   
   [Val] sup_loss:0.129479 lv_loss:0.000000 epi_loss:0.000000 total_loss:0.129479 pseudo_update_count:0
   [Val] Epoch: [57][80/90]  Loss:0.135 (Avg 0.1622) IoU:0.745 (Avg 0.6683) Dice:0.8318 (Avg 0.7782) (AvgTime 0.5)   
   [Val] sup_loss:0.134953 lv_loss:0.000000 epi_loss:0.000000 total_loss:0.134953 pseudo_update_count:0
[Val-Epoch-Metrics] epoch=57 sup_loss:0.162165 lv_loss:0.000000 epi_loss:0.000000 total_loss:0.162165 pseudo_update_count:0 labeled_seen:1429 unlabeled_seen:0 Dice:0.778788 IoU:0.669301
	 Mean dice:0.7788 does not increase, the best is still: 0.7846 in epoch 50
	 early_stopping_count: 7/100000

========= Epoch [58/76] =========
QaTa_Covid19_LViT_50pct_labels
Training with batch size : 16
[SemiSup] subset_ratio=0.5000 labeled_name_count=2858
   [Train] Epoch: [58][20/358]  Loss:0.092 (Avg 0.1514) IoU:0.705 (Avg 0.6877) Dice:0.8162 (Avg 0.7921) LR 2.85e-04   (AvgTime 1.2)   
   [Train] sup_loss:0.087110 lv_loss:0.025858 epi_loss:0.000011 total_loss:0.092282 pseudo_update_count:449602
   [Train] Epoch: [58][40/358]  Loss:0.161 (Avg 0.1568) IoU:0.691 (Avg 0.6750) Dice:0.7967 (Avg 0.7822) LR 2.85e-04   (AvgTime 1.2)   
   [Train] sup_loss:0.155326 lv_loss:0.028254 epi_loss:0.000012 total_loss:0.160977 pseudo_update_count:498869
   [Train] Epoch: [58][60/358]  Loss:0.200 (Avg 0.1535) IoU:0.716 (Avg 0.6773) Dice:0.8109 (Avg 0.7849) LR 2.85e-04   (AvgTime 1.1)   
   [Train] sup_loss:0.193883 lv_loss:0.028834 epi_loss:0.000014 total_loss:0.199650 pseudo_update_count:399403
   [Train] Epoch: [58][80/358]  Loss:0.098 (Avg 0.1544) IoU:0.709 (Avg 0.6760) Dice:0.7902 (Avg 0.7836) LR 2.85e-04   (AvgTime 1.1)   
   [Train] sup_loss:0.091605 lv_loss:0.030675 epi_loss:0.000006 total_loss:0.097740 pseudo_update_count:249403
   [Train] Epoch: [58][100/358]  Loss:0.089 (Avg 0.1522) IoU:0.758 (Avg 0.6750) Dice:0.8553 (Avg 0.7834) LR 2.85e-04   (AvgTime 1.1)   
   [Train] sup_loss:0.083083 lv_loss:0.030616 epi_loss:0.000012 total_loss:0.089207 pseudo_update_count:647940
   [Train] Epoch: [58][120/358]  Loss:0.168 (Avg 0.1533) IoU:0.669 (Avg 0.6724) Dice:0.7738 (Avg 0.7808) LR 2.85e-04   (AvgTime 1.1)   
   [Train] sup_loss:0.161249 lv_loss:0.033517 epi_loss:0.000014 total_loss:0.167953 pseudo_update_count:448893
   [Train] Epoch: [58][140/358]  Loss:0.139 (Avg 0.1510) IoU:0.703 (Avg 0.6771) Dice:0.8123 (Avg 0.7845) LR 2.85e-04   (AvgTime 1.1)   
   [Train] sup_loss:0.134136 lv_loss:0.023872 epi_loss:0.000020 total_loss:0.138911 pseudo_update_count:249653
   [Train] Epoch: [58][160/358]  Loss:0.198 (Avg 0.1526) IoU:0.645 (Avg 0.6767) Dice:0.7625 (Avg 0.7845) LR 2.85e-04   (AvgTime 1.1)   
   [Train] sup_loss:0.191588 lv_loss:0.031071 epi_loss:0.000012 total_loss:0.197803 pseudo_update_count:399066
   [Train] Epoch: [58][180/358]  Loss:0.163 (Avg 0.1529) IoU:0.630 (Avg 0.6762) Dice:0.7432 (Avg 0.7841) LR 2.85e-04   (AvgTime 1.1)   
   [Train] sup_loss:0.156927 lv_loss:0.027978 epi_loss:0.000012 total_loss:0.162524 pseudo_update_count:249368
   [Train] Epoch: [58][200/358]  Loss:0.181 (Avg 0.1526) IoU:0.588 (Avg 0.6757) Dice:0.7188 (Avg 0.7835) LR 2.85e-04   (AvgTime 1.1)   
   [Train] sup_loss:0.176397 lv_loss:0.025253 epi_loss:0.000007 total_loss:0.181447 pseudo_update_count:449456
   [Train] Epoch: [58][220/358]  Loss:0.244 (Avg 0.1548) IoU:0.621 (Avg 0.6747) Dice:0.7363 (Avg 0.7825) LR 2.85e-04   (AvgTime 1.1)   
   [Train] sup_loss:0.239421 lv_loss:0.024003 epi_loss:0.000014 total_loss:0.244222 pseudo_update_count:349846
   [Train] Epoch: [58][240/358]  Loss:0.225 (Avg 0.1553) IoU:0.654 (Avg 0.6741) Dice:0.7675 (Avg 0.7820) LR 2.85e-04   (AvgTime 1.1)   
   [Train] sup_loss:0.218363 lv_loss:0.034336 epi_loss:0.000010 total_loss:0.225231 pseudo_update_count:398572
   [Train] Epoch: [58][260/358]  Loss:0.158 (Avg 0.1554) IoU:0.644 (Avg 0.6736) Dice:0.7578 (Avg 0.7816) LR 2.85e-04   (AvgTime 1.1)   
   [Train] sup_loss:0.152568 lv_loss:0.029605 epi_loss:0.000011 total_loss:0.158490 pseudo_update_count:399368
   [Train] Epoch: [58][280/358]  Loss:0.223 (Avg 0.1558) IoU:0.498 (Avg 0.6739) Dice:0.6375 (Avg 0.7819) LR 2.85e-04   (AvgTime 1.1)   
   [Train] sup_loss:0.217968 lv_loss:0.025811 epi_loss:0.000007 total_loss:0.223130 pseudo_update_count:349185
   [Train] Epoch: [58][300/358]  Loss:0.225 (Avg 0.1548) IoU:0.641 (Avg 0.6752) Dice:0.7579 (Avg 0.7828) LR 2.85e-04   (AvgTime 1.1)   
   [Train] sup_loss:0.216825 lv_loss:0.040425 epi_loss:0.000010 total_loss:0.224910 pseudo_update_count:447714
   [Train] Epoch: [58][320/358]  Loss:0.173 (Avg 0.1539) IoU:0.623 (Avg 0.6771) Dice:0.7458 (Avg 0.7845) LR 2.85e-04   (AvgTime 1.1)   
   [Train] sup_loss:0.166258 lv_loss:0.033076 epi_loss:0.000005 total_loss:0.172873 pseudo_update_count:398475
   [Train] Epoch: [58][340/358]  Loss:0.155 (Avg 0.1542) IoU:0.636 (Avg 0.6776) Dice:0.7530 (Avg 0.7849) LR 2.85e-04   (AvgTime 1.1)   
   [Train] sup_loss:0.150735 lv_loss:0.023295 epi_loss:0.000010 total_loss:0.155394 pseudo_update_count:299613
[Train-Epoch-Metrics] epoch=58 sup_loss:0.148632 lv_loss:0.028760 epi_loss:0.000011 total_loss:0.154385 pseudo_update_count:142612871 labeled_seen:2858 unlabeled_seen:2858 Dice:0.785122 IoU:0.677790
Validation
   [Val] Epoch: [58][20/90]  Loss:0.210 (Avg 0.1531) IoU:0.651 (Avg 0.6812) Dice:0.7544 (Avg 0.7890) (AvgTime 0.5)   
   [Val] sup_loss:0.209638 lv_loss:0.000000 epi_loss:0.000000 total_loss:0.209638 pseudo_update_count:0
   [Val] Epoch: [58][40/90]  Loss:0.192 (Avg 0.1589) IoU:0.596 (Avg 0.6729) Dice:0.7126 (Avg 0.7825) (AvgTime 0.5)   
   [Val] sup_loss:0.191916 lv_loss:0.000000 epi_loss:0.000000 total_loss:0.191916 pseudo_update_count:0
   [Val] Epoch: [58][60/90]  Loss:0.160 (Avg 0.1606) IoU:0.652 (Avg 0.6714) Dice:0.7624 (Avg 0.7820) (AvgTime 0.5)   
   [Val] sup_loss:0.160187 lv_loss:0.000000 epi_loss:0.000000 total_loss:0.160187 pseudo_update_count:0
   [Val] Epoch: [58][80/90]  Loss:0.134 (Avg 0.1596) IoU:0.726 (Avg 0.6718) Dice:0.8213 (Avg 0.7814) (AvgTime 0.5)   
   [Val] sup_loss:0.134012 lv_loss:0.000000 epi_loss:0.000000 total_loss:0.134012 pseudo_update_count:0
[Val-Epoch-Metrics] epoch=58 sup_loss:0.159766 lv_loss:0.000000 epi_loss:0.000000 total_loss:0.159766 pseudo_update_count:0 labeled_seen:1429 unlabeled_seen:0 Dice:0.781116 IoU:0.672250
	 Mean dice:0.7811 does not increase, the best is still: 0.7846 in epoch 50
	 early_stopping_count: 8/100000

========= Epoch [59/76] =========
QaTa_Covid19_LViT_50pct_labels
Training with batch size : 16
[SemiSup] subset_ratio=0.5000 labeled_name_count=2858
   [Train] Epoch: [59][20/358]  Loss:0.101 (Avg 0.1554) IoU:0.826 (Avg 0.6814) Dice:0.9021 (Avg 0.7906) LR 1.86e-04   (AvgTime 1.2)   
   [Train] sup_loss:0.096031 lv_loss:0.022511 epi_loss:0.000009 total_loss:0.100533 pseudo_update_count:349863
   [Train] Epoch: [59][40/358]  Loss:0.155 (Avg 0.1456) IoU:0.677 (Avg 0.6892) Dice:0.7871 (Avg 0.7951) LR 1.86e-04   (AvgTime 1.2)   
   [Train] sup_loss:0.151856 lv_loss:0.016714 epi_loss:0.000009 total_loss:0.155199 pseudo_update_count:300272
   [Train] Epoch: [59][60/358]  Loss:0.209 (Avg 0.1491) IoU:0.594 (Avg 0.6815) Dice:0.7110 (Avg 0.7891) LR 1.86e-04   (AvgTime 1.1)   
   [Train] sup_loss:0.202307 lv_loss:0.035681 epi_loss:0.000012 total_loss:0.209444 pseudo_update_count:249106
   [Train] Epoch: [59][80/358]  Loss:0.224 (Avg 0.1486) IoU:0.604 (Avg 0.6816) Dice:0.7276 (Avg 0.7887) LR 1.86e-04   (AvgTime 1.1)   
   [Train] sup_loss:0.219051 lv_loss:0.024927 epi_loss:0.000010 total_loss:0.224037 pseudo_update_count:349353
   [Train] Epoch: [59][100/358]  Loss:0.149 (Avg 0.1465) IoU:0.657 (Avg 0.6803) Dice:0.7737 (Avg 0.7876) LR 1.86e-04   (AvgTime 1.1)   
   [Train] sup_loss:0.142146 lv_loss:0.033420 epi_loss:0.000013 total_loss:0.148831 pseudo_update_count:348671
   [Train] Epoch: [59][120/358]  Loss:0.097 (Avg 0.1464) IoU:0.784 (Avg 0.6832) Dice:0.8669 (Avg 0.7900) LR 1.86e-04   (AvgTime 1.1)   
   [Train] sup_loss:0.090629 lv_loss:0.034136 epi_loss:0.000017 total_loss:0.097457 pseudo_update_count:398977
   [Train] Epoch: [59][140/358]  Loss:0.103 (Avg 0.1471) IoU:0.769 (Avg 0.6831) Dice:0.8559 (Avg 0.7894) LR 1.86e-04   (AvgTime 1.1)   
   [Train] sup_loss:0.098030 lv_loss:0.024954 epi_loss:0.000015 total_loss:0.103022 pseudo_update_count:249783
   [Train] Epoch: [59][160/358]  Loss:0.102 (Avg 0.1498) IoU:0.712 (Avg 0.6839) Dice:0.8081 (Avg 0.7901) LR 1.86e-04   (AvgTime 1.1)   
   [Train] sup_loss:0.095811 lv_loss:0.030310 epi_loss:0.000004 total_loss:0.101873 pseudo_update_count:349159
   [Train] Epoch: [59][180/358]  Loss:0.119 (Avg 0.1504) IoU:0.713 (Avg 0.6816) Dice:0.8193 (Avg 0.7882) LR 1.86e-04   (AvgTime 1.1)   
   [Train] sup_loss:0.114998 lv_loss:0.022204 epi_loss:0.000008 total_loss:0.119440 pseudo_update_count:399972
   [Train] Epoch: [59][200/358]  Loss:0.140 (Avg 0.1505) IoU:0.726 (Avg 0.6810) Dice:0.8226 (Avg 0.7876) LR 1.86e-04   (AvgTime 1.1)   
   [Train] sup_loss:0.135053 lv_loss:0.024731 epi_loss:0.000014 total_loss:0.140000 pseudo_update_count:349874
   [Train] Epoch: [59][220/358]  Loss:0.147 (Avg 0.1523) IoU:0.695 (Avg 0.6804) Dice:0.8057 (Avg 0.7870) LR 1.86e-04   (AvgTime 1.1)   
   [Train] sup_loss:0.138483 lv_loss:0.041356 epi_loss:0.000018 total_loss:0.146755 pseudo_update_count:398098
   [Train] Epoch: [59][240/358]  Loss:0.140 (Avg 0.1527) IoU:0.690 (Avg 0.6804) Dice:0.7780 (Avg 0.7870) LR 1.86e-04   (AvgTime 1.1)   
   [Train] sup_loss:0.133072 lv_loss:0.034277 epi_loss:0.000019 total_loss:0.139929 pseudo_update_count:199553
   [Train] Epoch: [59][260/358]  Loss:0.164 (Avg 0.1517) IoU:0.645 (Avg 0.6816) Dice:0.7686 (Avg 0.7879) LR 1.86e-04   (AvgTime 1.1)   
   [Train] sup_loss:0.157572 lv_loss:0.032535 epi_loss:0.000012 total_loss:0.164080 pseudo_update_count:448642
   [Train] Epoch: [59][280/358]  Loss:0.128 (Avg 0.1511) IoU:0.666 (Avg 0.6820) Dice:0.7739 (Avg 0.7884) LR 1.86e-04   (AvgTime 1.1)   
   [Train] sup_loss:0.124165 lv_loss:0.019341 epi_loss:0.000005 total_loss:0.128034 pseudo_update_count:399976
   [Train] Epoch: [59][300/358]  Loss:0.086 (Avg 0.1513) IoU:0.668 (Avg 0.6818) Dice:0.7626 (Avg 0.7882) LR 1.86e-04   (AvgTime 1.1)   
   [Train] sup_loss:0.080893 lv_loss:0.023258 epi_loss:0.000009 total_loss:0.085545 pseudo_update_count:399793
   [Train] Epoch: [59][320/358]  Loss:0.186 (Avg 0.1515) IoU:0.604 (Avg 0.6810) Dice:0.7246 (Avg 0.7875) LR 1.86e-04   (AvgTime 1.1)   
   [Train] sup_loss:0.180338 lv_loss:0.026325 epi_loss:0.000009 total_loss:0.185604 pseudo_update_count:299509
   [Train] Epoch: [59][340/358]  Loss:0.201 (Avg 0.1518) IoU:0.654 (Avg 0.6816) Dice:0.7687 (Avg 0.7880) LR 1.86e-04   (AvgTime 1.1)   
   [Train] sup_loss:0.195828 lv_loss:0.025763 epi_loss:0.000016 total_loss:0.200982 pseudo_update_count:499593
[Train-Epoch-Metrics] epoch=59 sup_loss:0.146012 lv_loss:0.028604 epi_loss:0.000011 total_loss:0.151734 pseudo_update_count:142624162 labeled_seen:2858 unlabeled_seen:2858 Dice:0.787855 IoU:0.681263
Validation
   [Val] Epoch: [59][20/90]  Loss:0.165 (Avg 0.1702) IoU:0.669 (Avg 0.6616) Dice:0.7793 (Avg 0.7707) (AvgTime 0.5)   
   [Val] sup_loss:0.164781 lv_loss:0.000000 epi_loss:0.000000 total_loss:0.164781 pseudo_update_count:0
   [Val] Epoch: [59][40/90]  Loss:0.195 (Avg 0.1669) IoU:0.619 (Avg 0.6687) Dice:0.7318 (Avg 0.7775) (AvgTime 0.5)   
   [Val] sup_loss:0.195386 lv_loss:0.000000 epi_loss:0.000000 total_loss:0.195386 pseudo_update_count:0
   [Val] Epoch: [59][60/90]  Loss:0.210 (Avg 0.1654) IoU:0.655 (Avg 0.6756) Dice:0.7563 (Avg 0.7823) (AvgTime 0.5)   
   [Val] sup_loss:0.210143 lv_loss:0.000000 epi_loss:0.000000 total_loss:0.210143 pseudo_update_count:0
   [Val] Epoch: [59][80/90]  Loss:0.150 (Avg 0.1619) IoU:0.692 (Avg 0.6772) Dice:0.8032 (Avg 0.7838) (AvgTime 0.5)   
   [Val] sup_loss:0.149912 lv_loss:0.000000 epi_loss:0.000000 total_loss:0.149912 pseudo_update_count:0
[Val-Epoch-Metrics] epoch=59 sup_loss:0.160674 lv_loss:0.000000 epi_loss:0.000000 total_loss:0.160674 pseudo_update_count:0 labeled_seen:1429 unlabeled_seen:0 Dice:0.784482 IoU:0.677843
	 Mean dice:0.7845 does not increase, the best is still: 0.7846 in epoch 50
	 early_stopping_count: 9/100000

========= Epoch [60/76] =========
QaTa_Covid19_LViT_50pct_labels
Training with batch size : 16
[SemiSup] subset_ratio=0.5000 labeled_name_count=2858
   [Train] Epoch: [60][20/358]  Loss:0.168 (Avg 0.1411) IoU:0.649 (Avg 0.6940) Dice:0.7660 (Avg 0.7995) LR 1.22e-04   (AvgTime 1.2)   
   [Train] sup_loss:0.160743 lv_loss:0.034677 epi_loss:0.000013 total_loss:0.167679 pseudo_update_count:448458
   [Train] Epoch: [60][40/358]  Loss:0.135 (Avg 0.1358) IoU:0.667 (Avg 0.6917) Dice:0.7738 (Avg 0.7963) LR 1.22e-04   (AvgTime 1.2)   
   [Train] sup_loss:0.127662 lv_loss:0.034646 epi_loss:0.000011 total_loss:0.134591 pseudo_update_count:398919
   [Train] Epoch: [60][60/358]  Loss:0.123 (Avg 0.1410) IoU:0.733 (Avg 0.6898) Dice:0.8376 (Avg 0.7948) LR 1.22e-04   (AvgTime 1.1)   
   [Train] sup_loss:0.117016 lv_loss:0.028751 epi_loss:0.000005 total_loss:0.122767 pseudo_update_count:299481
   [Train] Epoch: [60][80/358]  Loss:0.120 (Avg 0.1439) IoU:0.684 (Avg 0.6902) Dice:0.7906 (Avg 0.7953) LR 1.22e-04   (AvgTime 1.1)   
   [Train] sup_loss:0.114713 lv_loss:0.024430 epi_loss:0.000006 total_loss:0.119599 pseudo_update_count:449223
   [Train] Epoch: [60][100/358]  Loss:0.152 (Avg 0.1458) IoU:0.616 (Avg 0.6870) Dice:0.7299 (Avg 0.7931) LR 1.22e-04   (AvgTime 1.1)   
   [Train] sup_loss:0.146416 lv_loss:0.029391 epi_loss:0.000018 total_loss:0.152296 pseudo_update_count:449238
   [Train] Epoch: [60][120/358]  Loss:0.115 (Avg 0.1470) IoU:0.685 (Avg 0.6866) Dice:0.7972 (Avg 0.7925) LR 1.22e-04   (AvgTime 1.1)   
   [Train] sup_loss:0.108778 lv_loss:0.028993 epi_loss:0.000007 total_loss:0.114577 pseudo_update_count:449465
   [Train] Epoch: [60][140/358]  Loss:0.146 (Avg 0.1446) IoU:0.625 (Avg 0.6881) Dice:0.7560 (Avg 0.7938) LR 1.22e-04   (AvgTime 1.1)   
   [Train] sup_loss:0.139401 lv_loss:0.033747 epi_loss:0.000011 total_loss:0.146151 pseudo_update_count:398807
   [Train] Epoch: [60][160/358]  Loss:0.128 (Avg 0.1459) IoU:0.682 (Avg 0.6877) Dice:0.7998 (Avg 0.7938) LR 1.22e-04   (AvgTime 1.1)   
   [Train] sup_loss:0.118030 lv_loss:0.048127 epi_loss:0.000011 total_loss:0.127656 pseudo_update_count:298044
   [Train] Epoch: [60][180/358]  Loss:0.150 (Avg 0.1455) IoU:0.615 (Avg 0.6880) Dice:0.7148 (Avg 0.7940) LR 1.22e-04   (AvgTime 1.1)   
   [Train] sup_loss:0.145143 lv_loss:0.023289 epi_loss:0.000009 total_loss:0.149802 pseudo_update_count:498873
   [Train] Epoch: [60][200/358]  Loss:0.115 (Avg 0.1455) IoU:0.736 (Avg 0.6879) Dice:0.8338 (Avg 0.7938) LR 1.22e-04   (AvgTime 1.1)   
   [Train] sup_loss:0.111072 lv_loss:0.021245 epi_loss:0.000009 total_loss:0.115321 pseudo_update_count:399928
   [Train] Epoch: [60][220/358]  Loss:0.189 (Avg 0.1465) IoU:0.662 (Avg 0.6867) Dice:0.7734 (Avg 0.7928) LR 1.22e-04   (AvgTime 1.1)   
   [Train] sup_loss:0.184383 lv_loss:0.024810 epi_loss:0.000007 total_loss:0.189346 pseudo_update_count:499387
   [Train] Epoch: [60][240/358]  Loss:0.213 (Avg 0.1476) IoU:0.684 (Avg 0.6869) Dice:0.7971 (Avg 0.7930) LR 1.22e-04   (AvgTime 1.1)   
   [Train] sup_loss:0.209556 lv_loss:0.019714 epi_loss:0.000007 total_loss:0.213499 pseudo_update_count:399974
   [Train] Epoch: [60][260/358]  Loss:0.208 (Avg 0.1482) IoU:0.637 (Avg 0.6862) Dice:0.7373 (Avg 0.7923) LR 1.22e-04   (AvgTime 1.1)   
   [Train] sup_loss:0.202658 lv_loss:0.026167 epi_loss:0.000014 total_loss:0.207892 pseudo_update_count:299677
   [Train] Epoch: [60][280/358]  Loss:0.127 (Avg 0.1489) IoU:0.720 (Avg 0.6860) Dice:0.8247 (Avg 0.7920) LR 1.22e-04   (AvgTime 1.1)   
   [Train] sup_loss:0.121568 lv_loss:0.026449 epi_loss:0.000016 total_loss:0.126858 pseudo_update_count:299271
   [Train] Epoch: [60][300/358]  Loss:0.131 (Avg 0.1482) IoU:0.689 (Avg 0.6855) Dice:0.7861 (Avg 0.7915) LR 1.22e-04   (AvgTime 1.1)   
   [Train] sup_loss:0.123908 lv_loss:0.034504 epi_loss:0.000009 total_loss:0.130810 pseudo_update_count:398475
   [Train] Epoch: [60][320/358]  Loss:0.162 (Avg 0.1489) IoU:0.553 (Avg 0.6842) Dice:0.6778 (Avg 0.7904) LR 1.22e-04   (AvgTime 1.1)   
   [Train] sup_loss:0.155876 lv_loss:0.028348 epi_loss:0.000011 total_loss:0.161546 pseudo_update_count:598536
   [Train] Epoch: [60][340/358]  Loss:0.182 (Avg 0.1489) IoU:0.651 (Avg 0.6843) Dice:0.7524 (Avg 0.7906) LR 1.22e-04   (AvgTime 1.1)   
   [Train] sup_loss:0.176546 lv_loss:0.027938 epi_loss:0.000017 total_loss:0.182134 pseudo_update_count:249643
[Train-Epoch-Metrics] epoch=60 sup_loss:0.143306 lv_loss:0.027729 epi_loss:0.000011 total_loss:0.148853 pseudo_update_count:142637134 labeled_seen:2858 unlabeled_seen:2858 Dice:0.790102 IoU:0.683658
Validation
   [Val] Epoch: [60][20/90]  Loss:0.151 (Avg 0.1536) IoU:0.676 (Avg 0.6878) Dice:0.7867 (Avg 0.7942) (AvgTime 0.5)   
   [Val] sup_loss:0.150914 lv_loss:0.000000 epi_loss:0.000000 total_loss:0.150914 pseudo_update_count:0
   [Val] Epoch: [60][40/90]  Loss:0.232 (Avg 0.1571) IoU:0.614 (Avg 0.6787) Dice:0.7423 (Avg 0.7855) (AvgTime 0.5)   
   [Val] sup_loss:0.232283 lv_loss:0.000000 epi_loss:0.000000 total_loss:0.232283 pseudo_update_count:0
   [Val] Epoch: [60][60/90]  Loss:0.157 (Avg 0.1589) IoU:0.709 (Avg 0.6771) Dice:0.8133 (Avg 0.7845) (AvgTime 0.5)   
   [Val] sup_loss:0.156502 lv_loss:0.000000 epi_loss:0.000000 total_loss:0.156502 pseudo_update_count:0
   [Val] Epoch: [60][80/90]  Loss:0.139 (Avg 0.1574) IoU:0.705 (Avg 0.6783) Dice:0.8046 (Avg 0.7857) (AvgTime 0.5)   
   [Val] sup_loss:0.139348 lv_loss:0.000000 epi_loss:0.000000 total_loss:0.139348 pseudo_update_count:0
[Val-Epoch-Metrics] epoch=60 sup_loss:0.157761 lv_loss:0.000000 epi_loss:0.000000 total_loss:0.157761 pseudo_update_count:0 labeled_seen:1429 unlabeled_seen:0 Dice:0.783659 IoU:0.675932
	 Mean dice:0.7837 does not increase, the best is still: 0.7846 in epoch 50
	 early_stopping_count: 10/100000

========= Epoch [61/76] =========
QaTa_Covid19_LViT_50pct_labels
Training with batch size : 16
[SemiSup] subset_ratio=0.5000 labeled_name_count=2858
   [Train] Epoch: [61][20/358]  Loss:0.169 (Avg 0.1439) IoU:0.639 (Avg 0.7081) Dice:0.7486 (Avg 0.8120) LR 1.00e-03   (AvgTime 1.2)   
   [Train] sup_loss:0.163436 lv_loss:0.026198 epi_loss:0.000005 total_loss:0.168676 pseudo_update_count:448989
   [Train] Epoch: [61][40/358]  Loss:0.190 (Avg 0.1550) IoU:0.618 (Avg 0.6921) Dice:0.7449 (Avg 0.7977) LR 1.00e-03   (AvgTime 1.2)   
   [Train] sup_loss:0.183649 lv_loss:0.033885 epi_loss:0.000012 total_loss:0.190427 pseudo_update_count:299401
   [Train] Epoch: [61][60/358]  Loss:0.168 (Avg 0.1525) IoU:0.610 (Avg 0.6887) Dice:0.7469 (Avg 0.7951) LR 1.00e-03   (AvgTime 1.1)   
   [Train] sup_loss:0.164038 lv_loss:0.020864 epi_loss:0.000008 total_loss:0.168211 pseudo_update_count:349750
   [Train] Epoch: [61][80/358]  Loss:0.206 (Avg 0.1611) IoU:0.644 (Avg 0.6765) Dice:0.7601 (Avg 0.7853) LR 1.00e-03   (AvgTime 1.1)   
   [Train] sup_loss:0.197934 lv_loss:0.039923 epi_loss:0.000011 total_loss:0.205919 pseudo_update_count:448335
   [Train] Epoch: [61][100/358]  Loss:0.159 (Avg 0.1602) IoU:0.725 (Avg 0.6764) Dice:0.8330 (Avg 0.7854) LR 1.00e-03   (AvgTime 1.1)   
   [Train] sup_loss:0.151996 lv_loss:0.032779 epi_loss:0.000009 total_loss:0.158553 pseudo_update_count:448924
   [Train] Epoch: [61][120/358]  Loss:0.119 (Avg 0.1621) IoU:0.716 (Avg 0.6735) Dice:0.8205 (Avg 0.7832) LR 1.00e-03   (AvgTime 1.1)   
   [Train] sup_loss:0.112335 lv_loss:0.034795 epi_loss:0.000015 total_loss:0.119294 pseudo_update_count:398381
   [Train] Epoch: [61][140/358]  Loss:0.140 (Avg 0.1654) IoU:0.656 (Avg 0.6680) Dice:0.7721 (Avg 0.7780) LR 1.00e-03   (AvgTime 1.1)   
   [Train] sup_loss:0.131222 lv_loss:0.043390 epi_loss:0.000012 total_loss:0.139901 pseudo_update_count:398428
   [Train] Epoch: [61][160/358]  Loss:0.172 (Avg 0.1658) IoU:0.609 (Avg 0.6676) Dice:0.7280 (Avg 0.7780) LR 1.00e-03   (AvgTime 1.1)   
   [Train] sup_loss:0.167207 lv_loss:0.025637 epi_loss:0.000011 total_loss:0.172335 pseudo_update_count:449775
   [Train] Epoch: [61][180/358]  Loss:0.207 (Avg 0.1673) IoU:0.675 (Avg 0.6640) Dice:0.7769 (Avg 0.7747) LR 1.00e-03   (AvgTime 1.1)   
   [Train] sup_loss:0.199812 lv_loss:0.035380 epi_loss:0.000016 total_loss:0.206888 pseudo_update_count:398728
   [Train] Epoch: [61][200/358]  Loss:0.201 (Avg 0.1671) IoU:0.708 (Avg 0.6651) Dice:0.8175 (Avg 0.7755) LR 1.00e-03   (AvgTime 1.1)   
   [Train] sup_loss:0.193926 lv_loss:0.033870 epi_loss:0.000012 total_loss:0.200701 pseudo_update_count:449021
   [Train] Epoch: [61][220/358]  Loss:0.191 (Avg 0.1674) IoU:0.592 (Avg 0.6635) Dice:0.7277 (Avg 0.7736) LR 1.00e-03   (AvgTime 1.1)   
   [Train] sup_loss:0.186490 lv_loss:0.023644 epi_loss:0.000007 total_loss:0.191219 pseudo_update_count:449751
   [Train] Epoch: [61][240/358]  Loss:0.164 (Avg 0.1682) IoU:0.685 (Avg 0.6608) Dice:0.7838 (Avg 0.7712) LR 1.00e-03   (AvgTime 1.1)   
   [Train] sup_loss:0.157235 lv_loss:0.034557 epi_loss:0.000015 total_loss:0.164147 pseudo_update_count:399068
   [Train] Epoch: [61][260/358]  Loss:0.245 (Avg 0.1697) IoU:0.580 (Avg 0.6588) Dice:0.7152 (Avg 0.7697) LR 1.00e-03   (AvgTime 1.1)   
   [Train] sup_loss:0.238464 lv_loss:0.030802 epi_loss:0.000012 total_loss:0.244625 pseudo_update_count:448667
   [Train] Epoch: [61][280/358]  Loss:0.094 (Avg 0.1689) IoU:0.677 (Avg 0.6588) Dice:0.7783 (Avg 0.7698) LR 1.00e-03   (AvgTime 1.1)   
   [Train] sup_loss:0.087838 lv_loss:0.029895 epi_loss:0.000010 total_loss:0.093817 pseudo_update_count:598392
   [Train] Epoch: [61][300/358]  Loss:0.158 (Avg 0.1692) IoU:0.612 (Avg 0.6569) Dice:0.7375 (Avg 0.7685) LR 1.00e-03   (AvgTime 1.1)   
   [Train] sup_loss:0.149311 lv_loss:0.044427 epi_loss:0.000013 total_loss:0.158197 pseudo_update_count:347642
   [Train] Epoch: [61][320/358]  Loss:0.176 (Avg 0.1699) IoU:0.626 (Avg 0.6547) Dice:0.7285 (Avg 0.7662) LR 1.00e-03   (AvgTime 1.1)   
   [Train] sup_loss:0.169970 lv_loss:0.031660 epi_loss:0.000009 total_loss:0.176303 pseudo_update_count:449313
   [Train] Epoch: [61][340/358]  Loss:0.123 (Avg 0.1719) IoU:0.721 (Avg 0.6531) Dice:0.8297 (Avg 0.7647) LR 1.00e-03   (AvgTime 1.1)   
   [Train] sup_loss:0.116613 lv_loss:0.033178 epi_loss:0.000010 total_loss:0.123250 pseudo_update_count:349076
[Train-Epoch-Metrics] epoch=61 sup_loss:0.165592 lv_loss:0.031971 epi_loss:0.000011 total_loss:0.171986 pseudo_update_count:142537254 labeled_seen:2858 unlabeled_seen:2858 Dice:0.764241 IoU:0.652382
Validation
   [Val] Epoch: [61][20/90]  Loss:0.142 (Avg 0.1865) IoU:0.732 (Avg 0.6518) Dice:0.8304 (Avg 0.7632) (AvgTime 0.5)   
   [Val] sup_loss:0.142091 lv_loss:0.000000 epi_loss:0.000000 total_loss:0.142091 pseudo_update_count:0
   [Val] Epoch: [61][40/90]  Loss:0.219 (Avg 0.1757) IoU:0.629 (Avg 0.6618) Dice:0.7427 (Avg 0.7728) (AvgTime 0.5)   
   [Val] sup_loss:0.218722 lv_loss:0.000000 epi_loss:0.000000 total_loss:0.218722 pseudo_update_count:0
   [Val] Epoch: [61][60/90]  Loss:0.191 (Avg 0.1784) IoU:0.585 (Avg 0.6590) Dice:0.7115 (Avg 0.7704) (AvgTime 0.5)   
   [Val] sup_loss:0.190582 lv_loss:0.000000 epi_loss:0.000000 total_loss:0.190582 pseudo_update_count:0
   [Val] Epoch: [61][80/90]  Loss:0.190 (Avg 0.1784) IoU:0.631 (Avg 0.6577) Dice:0.7609 (Avg 0.7695) (AvgTime 0.5)   
   [Val] sup_loss:0.189964 lv_loss:0.000000 epi_loss:0.000000 total_loss:0.189964 pseudo_update_count:0
[Val-Epoch-Metrics] epoch=61 sup_loss:0.176739 lv_loss:0.000000 epi_loss:0.000000 total_loss:0.176739 pseudo_update_count:0 labeled_seen:1429 unlabeled_seen:0 Dice:0.771359 IoU:0.660370
	 Mean dice:0.7714 does not increase, the best is still: 0.7846 in epoch 50
	 early_stopping_count: 11/100000

========= Epoch [62/76] =========
QaTa_Covid19_LViT_50pct_labels
Training with batch size : 16
[SemiSup] subset_ratio=0.5000 labeled_name_count=2858
   [Train] Epoch: [62][20/358]  Loss:0.127 (Avg 0.1751) IoU:0.641 (Avg 0.6420) Dice:0.7560 (Avg 0.7582) LR 9.78e-04   (AvgTime 1.2)   
   [Train] sup_loss:0.122204 lv_loss:0.025451 epi_loss:0.000010 total_loss:0.127295 pseudo_update_count:499363
   [Train] Epoch: [62][40/358]  Loss:0.196 (Avg 0.1620) IoU:0.581 (Avg 0.6604) Dice:0.7054 (Avg 0.7737) LR 9.78e-04   (AvgTime 1.2)   
   [Train] sup_loss:0.191381 lv_loss:0.024463 epi_loss:0.000009 total_loss:0.196274 pseudo_update_count:349617
   [Train] Epoch: [62][60/358]  Loss:0.173 (Avg 0.1649) IoU:0.608 (Avg 0.6604) Dice:0.7369 (Avg 0.7730) LR 9.78e-04   (AvgTime 1.1)   
   [Train] sup_loss:0.166418 lv_loss:0.032424 epi_loss:0.000013 total_loss:0.172903 pseudo_update_count:349379
   [Train] Epoch: [62][80/358]  Loss:0.130 (Avg 0.1647) IoU:0.636 (Avg 0.6633) Dice:0.7456 (Avg 0.7755) LR 9.78e-04   (AvgTime 1.1)   
   [Train] sup_loss:0.123547 lv_loss:0.029997 epi_loss:0.000010 total_loss:0.129547 pseudo_update_count:499010
   [Train] Epoch: [62][100/358]  Loss:0.155 (Avg 0.1686) IoU:0.641 (Avg 0.6621) Dice:0.7558 (Avg 0.7744) LR 9.78e-04   (AvgTime 1.1)   
   [Train] sup_loss:0.147877 lv_loss:0.034739 epi_loss:0.000011 total_loss:0.154825 pseudo_update_count:448982
   [Train] Epoch: [62][120/358]  Loss:0.169 (Avg 0.1685) IoU:0.633 (Avg 0.6619) Dice:0.7496 (Avg 0.7740) LR 9.78e-04   (AvgTime 1.1)   
   [Train] sup_loss:0.160968 lv_loss:0.039062 epi_loss:0.000008 total_loss:0.168781 pseudo_update_count:249243
   [Train] Epoch: [62][140/358]  Loss:0.193 (Avg 0.1677) IoU:0.702 (Avg 0.6618) Dice:0.8004 (Avg 0.7740) LR 9.78e-04   (AvgTime 1.1)   
   [Train] sup_loss:0.187605 lv_loss:0.026157 epi_loss:0.000014 total_loss:0.192837 pseudo_update_count:449487
   [Train] Epoch: [62][160/358]  Loss:0.121 (Avg 0.1664) IoU:0.706 (Avg 0.6612) Dice:0.8090 (Avg 0.7730) LR 9.78e-04   (AvgTime 1.1)   
   [Train] sup_loss:0.114860 lv_loss:0.030933 epi_loss:0.000009 total_loss:0.121047 pseudo_update_count:349001
   [Train] Epoch: [62][180/358]  Loss:0.219 (Avg 0.1679) IoU:0.677 (Avg 0.6582) Dice:0.7851 (Avg 0.7701) LR 9.78e-04   (AvgTime 1.1)   
   [Train] sup_loss:0.210970 lv_loss:0.041280 epi_loss:0.000015 total_loss:0.219226 pseudo_update_count:448349
   [Train] Epoch: [62][200/358]  Loss:0.193 (Avg 0.1684) IoU:0.575 (Avg 0.6565) Dice:0.7134 (Avg 0.7688) LR 9.78e-04   (AvgTime 1.1)   
   [Train] sup_loss:0.188107 lv_loss:0.025962 epi_loss:0.000007 total_loss:0.193300 pseudo_update_count:299734
   [Train] Epoch: [62][220/358]  Loss:0.140 (Avg 0.1691) IoU:0.645 (Avg 0.6549) Dice:0.7522 (Avg 0.7671) LR 9.78e-04   (AvgTime 1.1)   
   [Train] sup_loss:0.133270 lv_loss:0.033908 epi_loss:0.000012 total_loss:0.140052 pseudo_update_count:598308
   [Train] Epoch: [62][240/358]  Loss:0.115 (Avg 0.1680) IoU:0.626 (Avg 0.6553) Dice:0.7358 (Avg 0.7674) LR 9.78e-04   (AvgTime 1.1)   
   [Train] sup_loss:0.109049 lv_loss:0.031318 epi_loss:0.000012 total_loss:0.115313 pseudo_update_count:548475
   [Train] Epoch: [62][260/358]  Loss:0.170 (Avg 0.1689) IoU:0.603 (Avg 0.6546) Dice:0.7278 (Avg 0.7667) LR 9.78e-04   (AvgTime 1.1)   
   [Train] sup_loss:0.162361 lv_loss:0.038592 epi_loss:0.000007 total_loss:0.170079 pseudo_update_count:448496
   [Train] Epoch: [62][280/358]  Loss:0.222 (Avg 0.1696) IoU:0.634 (Avg 0.6542) Dice:0.7455 (Avg 0.7661) LR 9.78e-04   (AvgTime 1.1)   
   [Train] sup_loss:0.214577 lv_loss:0.036302 epi_loss:0.000010 total_loss:0.221838 pseudo_update_count:249294
   [Train] Epoch: [62][300/358]  Loss:0.183 (Avg 0.1693) IoU:0.584 (Avg 0.6550) Dice:0.6958 (Avg 0.7666) LR 9.78e-04   (AvgTime 1.1)   
   [Train] sup_loss:0.172415 lv_loss:0.051904 epi_loss:0.000008 total_loss:0.182796 pseudo_update_count:347655
   [Train] Epoch: [62][320/358]  Loss:0.113 (Avg 0.1702) IoU:0.638 (Avg 0.6546) Dice:0.7347 (Avg 0.7660) LR 9.78e-04   (AvgTime 1.1)   
   [Train] sup_loss:0.106866 lv_loss:0.032813 epi_loss:0.000008 total_loss:0.113429 pseudo_update_count:448791
   [Train] Epoch: [62][340/358]  Loss:0.100 (Avg 0.1703) IoU:0.741 (Avg 0.6540) Dice:0.8351 (Avg 0.7653) LR 9.78e-04   (AvgTime 1.1)   
   [Train] sup_loss:0.093683 lv_loss:0.031192 epi_loss:0.000014 total_loss:0.099923 pseudo_update_count:499169
[Train-Epoch-Metrics] epoch=62 sup_loss:0.164217 lv_loss:0.032300 epi_loss:0.000011 total_loss:0.170678 pseudo_update_count:142532359 labeled_seen:2858 unlabeled_seen:2858 Dice:0.765484 IoU:0.654362
Validation
   [Val] Epoch: [62][20/90]  Loss:0.164 (Avg 0.2071) IoU:0.633 (Avg 0.5952) Dice:0.7337 (Avg 0.7145) (AvgTime 0.5)   
   [Val] sup_loss:0.163643 lv_loss:0.000000 epi_loss:0.000000 total_loss:0.163643 pseudo_update_count:0
   [Val] Epoch: [62][40/90]  Loss:0.190 (Avg 0.1947) IoU:0.602 (Avg 0.6091) Dice:0.7195 (Avg 0.7264) (AvgTime 0.5)   
   [Val] sup_loss:0.189546 lv_loss:0.000000 epi_loss:0.000000 total_loss:0.189546 pseudo_update_count:0
   [Val] Epoch: [62][60/90]  Loss:0.197 (Avg 0.1935) IoU:0.634 (Avg 0.6113) Dice:0.7555 (Avg 0.7286) (AvgTime 0.5)   
   [Val] sup_loss:0.197240 lv_loss:0.000000 epi_loss:0.000000 total_loss:0.197240 pseudo_update_count:0
   [Val] Epoch: [62][80/90]  Loss:0.191 (Avg 0.1894) IoU:0.620 (Avg 0.6193) Dice:0.7236 (Avg 0.7359) (AvgTime 0.5)   
   [Val] sup_loss:0.190833 lv_loss:0.000000 epi_loss:0.000000 total_loss:0.190833 pseudo_update_count:0
[Val-Epoch-Metrics] epoch=62 sup_loss:0.189777 lv_loss:0.000000 epi_loss:0.000000 total_loss:0.189777 pseudo_update_count:0 labeled_seen:1429 unlabeled_seen:0 Dice:0.734735 IoU:0.618224
	 Mean dice:0.7347 does not increase, the best is still: 0.7846 in epoch 50
	 early_stopping_count: 12/100000

========= Epoch [63/76] =========
QaTa_Covid19_LViT_50pct_labels
Training with batch size : 16
[SemiSup] subset_ratio=0.5000 labeled_name_count=2858
   [Train] Epoch: [63][20/358]  Loss:0.133 (Avg 0.1671) IoU:0.635 (Avg 0.6622) Dice:0.7436 (Avg 0.7724) LR 9.14e-04   (AvgTime 1.2)   
   [Train] sup_loss:0.126626 lv_loss:0.031192 epi_loss:0.000010 total_loss:0.132865 pseudo_update_count:448588
   [Train] Epoch: [63][40/358]  Loss:0.211 (Avg 0.1697) IoU:0.650 (Avg 0.6601) Dice:0.7750 (Avg 0.7715) LR 9.14e-04   (AvgTime 1.2)   
   [Train] sup_loss:0.204490 lv_loss:0.031244 epi_loss:0.000010 total_loss:0.210739 pseudo_update_count:349434
   [Train] Epoch: [63][60/358]  Loss:0.166 (Avg 0.1679) IoU:0.659 (Avg 0.6602) Dice:0.7807 (Avg 0.7710) LR 9.14e-04   (AvgTime 1.1)   
   [Train] sup_loss:0.158656 lv_loss:0.035963 epi_loss:0.000018 total_loss:0.165850 pseudo_update_count:349042
   [Train] Epoch: [63][80/358]  Loss:0.135 (Avg 0.1688) IoU:0.736 (Avg 0.6588) Dice:0.8350 (Avg 0.7702) LR 9.14e-04   (AvgTime 1.1)   
   [Train] sup_loss:0.128502 lv_loss:0.033887 epi_loss:0.000014 total_loss:0.135280 pseudo_update_count:597876
   [Train] Epoch: [63][100/358]  Loss:0.138 (Avg 0.1695) IoU:0.631 (Avg 0.6570) Dice:0.7394 (Avg 0.7691) LR 9.14e-04   (AvgTime 1.1)   
   [Train] sup_loss:0.131880 lv_loss:0.032911 epi_loss:0.000010 total_loss:0.138462 pseudo_update_count:298860
   [Train] Epoch: [63][120/358]  Loss:0.162 (Avg 0.1688) IoU:0.649 (Avg 0.6565) Dice:0.7682 (Avg 0.7683) LR 9.14e-04   (AvgTime 1.1)   
   [Train] sup_loss:0.156290 lv_loss:0.029373 epi_loss:0.000008 total_loss:0.162165 pseudo_update_count:299229
   [Train] Epoch: [63][140/358]  Loss:0.179 (Avg 0.1714) IoU:0.652 (Avg 0.6538) Dice:0.7517 (Avg 0.7656) LR 9.14e-04   (AvgTime 1.1)   
   [Train] sup_loss:0.171419 lv_loss:0.035428 epi_loss:0.000013 total_loss:0.178506 pseudo_update_count:349350
   [Train] Epoch: [63][160/358]  Loss:0.210 (Avg 0.1746) IoU:0.601 (Avg 0.6470) Dice:0.7215 (Avg 0.7593) LR 9.14e-04   (AvgTime 1.1)   
   [Train] sup_loss:0.199822 lv_loss:0.052551 epi_loss:0.000007 total_loss:0.210332 pseudo_update_count:248082
   [Train] Epoch: [63][180/358]  Loss:0.212 (Avg 0.1746) IoU:0.739 (Avg 0.6488) Dice:0.8274 (Avg 0.7611) LR 9.14e-04   (AvgTime 1.1)   
   [Train] sup_loss:0.206161 lv_loss:0.029190 epi_loss:0.000019 total_loss:0.212000 pseudo_update_count:349349
   [Train] Epoch: [63][200/358]  Loss:0.152 (Avg 0.1726) IoU:0.609 (Avg 0.6495) Dice:0.7416 (Avg 0.7614) LR 9.14e-04   (AvgTime 1.1)   
   [Train] sup_loss:0.141012 lv_loss:0.052583 epi_loss:0.000009 total_loss:0.151529 pseudo_update_count:247668
   [Train] Epoch: [63][220/358]  Loss:0.109 (Avg 0.1727) IoU:0.689 (Avg 0.6499) Dice:0.8054 (Avg 0.7618) LR 9.14e-04   (AvgTime 1.1)   
   [Train] sup_loss:0.101561 lv_loss:0.035596 epi_loss:0.000013 total_loss:0.108681 pseudo_update_count:448406
   [Train] Epoch: [63][240/358]  Loss:0.120 (Avg 0.1735) IoU:0.634 (Avg 0.6503) Dice:0.7293 (Avg 0.7619) LR 9.14e-04   (AvgTime 1.1)   
   [Train] sup_loss:0.115278 lv_loss:0.024698 epi_loss:0.000003 total_loss:0.120218 pseudo_update_count:349707
   [Train] Epoch: [63][260/358]  Loss:0.167 (Avg 0.1731) IoU:0.645 (Avg 0.6521) Dice:0.7340 (Avg 0.7634) LR 9.14e-04   (AvgTime 1.1)   
   [Train] sup_loss:0.161965 lv_loss:0.025584 epi_loss:0.000013 total_loss:0.167082 pseudo_update_count:449429
   [Train] Epoch: [63][280/358]  Loss:0.141 (Avg 0.1732) IoU:0.744 (Avg 0.6526) Dice:0.8447 (Avg 0.7639) LR 9.14e-04   (AvgTime 1.1)   
   [Train] sup_loss:0.135928 lv_loss:0.026467 epi_loss:0.000014 total_loss:0.141223 pseudo_update_count:349724
   [Train] Epoch: [63][300/358]  Loss:0.187 (Avg 0.1740) IoU:0.647 (Avg 0.6523) Dice:0.7595 (Avg 0.7635) LR 9.14e-04   (AvgTime 1.1)   
   [Train] sup_loss:0.179520 lv_loss:0.036637 epi_loss:0.000012 total_loss:0.186848 pseudo_update_count:497913
   [Train] Epoch: [63][320/358]  Loss:0.168 (Avg 0.1742) IoU:0.679 (Avg 0.6514) Dice:0.7988 (Avg 0.7630) LR 9.14e-04   (AvgTime 1.1)   
   [Train] sup_loss:0.164272 lv_loss:0.020427 epi_loss:0.000009 total_loss:0.168358 pseudo_update_count:499933
   [Train] Epoch: [63][340/358]  Loss:0.169 (Avg 0.1740) IoU:0.722 (Avg 0.6519) Dice:0.8246 (Avg 0.7634) LR 9.14e-04   (AvgTime 1.1)   
   [Train] sup_loss:0.161995 lv_loss:0.035914 epi_loss:0.000018 total_loss:0.169179 pseudo_update_count:498798
[Train-Epoch-Metrics] epoch=63 sup_loss:0.167232 lv_loss:0.032279 epi_loss:0.000011 total_loss:0.173688 pseudo_update_count:142510565 labeled_seen:2858 unlabeled_seen:2858 Dice:0.763806 IoU:0.652443
Validation
   [Val] Epoch: [63][20/90]  Loss:0.210 (Avg 0.1807) IoU:0.582 (Avg 0.6295) Dice:0.7125 (Avg 0.7454) (AvgTime 0.5)   
   [Val] sup_loss:0.210020 lv_loss:0.000000 epi_loss:0.000000 total_loss:0.210020 pseudo_update_count:0
   [Val] Epoch: [63][40/90]  Loss:0.222 (Avg 0.1782) IoU:0.545 (Avg 0.6305) Dice:0.6603 (Avg 0.7465) (AvgTime 0.5)   
   [Val] sup_loss:0.222072 lv_loss:0.000000 epi_loss:0.000000 total_loss:0.222072 pseudo_update_count:0
   [Val] Epoch: [63][60/90]  Loss:0.161 (Avg 0.1776) IoU:0.647 (Avg 0.6337) Dice:0.7532 (Avg 0.7498) (AvgTime 0.5)   
   [Val] sup_loss:0.161279 lv_loss:0.000000 epi_loss:0.000000 total_loss:0.161279 pseudo_update_count:0
   [Val] Epoch: [63][80/90]  Loss:0.132 (Avg 0.1788) IoU:0.688 (Avg 0.6301) Dice:0.8001 (Avg 0.7468) (AvgTime 0.5)   
   [Val] sup_loss:0.132055 lv_loss:0.000000 epi_loss:0.000000 total_loss:0.132055 pseudo_update_count:0
[Val-Epoch-Metrics] epoch=63 sup_loss:0.180202 lv_loss:0.000000 epi_loss:0.000000 total_loss:0.180202 pseudo_update_count:0 labeled_seen:1429 unlabeled_seen:0 Dice:0.743941 IoU:0.627005
	 Mean dice:0.7439 does not increase, the best is still: 0.7846 in epoch 50
	 early_stopping_count: 13/100000

========= Epoch [64/76] =========
QaTa_Covid19_LViT_50pct_labels
Training with batch size : 16
[SemiSup] subset_ratio=0.5000 labeled_name_count=2858
   [Train] Epoch: [64][20/358]  Loss:0.116 (Avg 0.1516) IoU:0.677 (Avg 0.6625) Dice:0.8022 (Avg 0.7762) LR 8.15e-04   (AvgTime 1.2)   
   [Train] sup_loss:0.110529 lv_loss:0.029687 epi_loss:0.000011 total_loss:0.116467 pseudo_update_count:349282
   [Train] Epoch: [64][40/358]  Loss:0.169 (Avg 0.1625) IoU:0.681 (Avg 0.6578) Dice:0.7833 (Avg 0.7714) LR 8.15e-04   (AvgTime 1.2)   
   [Train] sup_loss:0.161908 lv_loss:0.033203 epi_loss:0.000014 total_loss:0.168550 pseudo_update_count:348911
   [Train] Epoch: [64][60/358]  Loss:0.199 (Avg 0.1680) IoU:0.639 (Avg 0.6622) Dice:0.7607 (Avg 0.7745) LR 8.15e-04   (AvgTime 1.1)   
   [Train] sup_loss:0.191676 lv_loss:0.038758 epi_loss:0.000011 total_loss:0.199428 pseudo_update_count:348477
   [Train] Epoch: [64][80/358]  Loss:0.172 (Avg 0.1632) IoU:0.622 (Avg 0.6696) Dice:0.7450 (Avg 0.7803) LR 8.15e-04   (AvgTime 1.1)   
   [Train] sup_loss:0.165468 lv_loss:0.034064 epi_loss:0.000008 total_loss:0.172281 pseudo_update_count:597788
   [Train] Epoch: [64][100/358]  Loss:0.193 (Avg 0.1646) IoU:0.651 (Avg 0.6649) Dice:0.7661 (Avg 0.7761) LR 8.15e-04   (AvgTime 1.1)   
   [Train] sup_loss:0.187263 lv_loss:0.027494 epi_loss:0.000010 total_loss:0.192762 pseudo_update_count:549075
   [Train] Epoch: [64][120/358]  Loss:0.138 (Avg 0.1681) IoU:0.644 (Avg 0.6656) Dice:0.7336 (Avg 0.7760) LR 8.15e-04   (AvgTime 1.1)   
   [Train] sup_loss:0.131188 lv_loss:0.032291 epi_loss:0.000005 total_loss:0.137647 pseudo_update_count:298862
   [Train] Epoch: [64][140/358]  Loss:0.158 (Avg 0.1693) IoU:0.627 (Avg 0.6627) Dice:0.7440 (Avg 0.7725) LR 8.15e-04   (AvgTime 1.1)   
   [Train] sup_loss:0.152423 lv_loss:0.027306 epi_loss:0.000009 total_loss:0.157885 pseudo_update_count:299591
   [Train] Epoch: [64][160/358]  Loss:0.160 (Avg 0.1697) IoU:0.685 (Avg 0.6612) Dice:0.8002 (Avg 0.7709) LR 8.15e-04   (AvgTime 1.1)   
   [Train] sup_loss:0.153838 lv_loss:0.030980 epi_loss:0.000010 total_loss:0.160034 pseudo_update_count:398078
   [Train] Epoch: [64][180/358]  Loss:0.196 (Avg 0.1696) IoU:0.559 (Avg 0.6592) Dice:0.6893 (Avg 0.7693) LR 8.15e-04   (AvgTime 1.1)   
   [Train] sup_loss:0.189802 lv_loss:0.030166 epi_loss:0.000012 total_loss:0.195836 pseudo_update_count:399020
   [Train] Epoch: [64][200/358]  Loss:0.117 (Avg 0.1691) IoU:0.697 (Avg 0.6593) Dice:0.7993 (Avg 0.7694) LR 8.15e-04   (AvgTime 1.1)   
   [Train] sup_loss:0.111453 lv_loss:0.029340 epi_loss:0.000016 total_loss:0.117322 pseudo_update_count:499356
   [Train] Epoch: [64][220/358]  Loss:0.141 (Avg 0.1684) IoU:0.605 (Avg 0.6604) Dice:0.7108 (Avg 0.7705) LR 8.15e-04   (AvgTime 1.1)   
   [Train] sup_loss:0.134877 lv_loss:0.031931 epi_loss:0.000010 total_loss:0.141263 pseudo_update_count:598170
   [Train] Epoch: [64][240/358]  Loss:0.154 (Avg 0.1675) IoU:0.620 (Avg 0.6615) Dice:0.7190 (Avg 0.7711) LR 8.15e-04   (AvgTime 1.1)   
   [Train] sup_loss:0.148315 lv_loss:0.026556 epi_loss:0.000010 total_loss:0.153627 pseudo_update_count:349554
   [Train] Epoch: [64][260/358]  Loss:0.189 (Avg 0.1679) IoU:0.618 (Avg 0.6616) Dice:0.7316 (Avg 0.7713) LR 8.15e-04   (AvgTime 1.1)   
   [Train] sup_loss:0.180578 lv_loss:0.040074 epi_loss:0.000014 total_loss:0.188593 pseudo_update_count:398293
   [Train] Epoch: [64][280/358]  Loss:0.179 (Avg 0.1683) IoU:0.594 (Avg 0.6608) Dice:0.7051 (Avg 0.7709) LR 8.15e-04   (AvgTime 1.1)   
   [Train] sup_loss:0.172788 lv_loss:0.030549 epi_loss:0.000010 total_loss:0.178898 pseudo_update_count:449485
   [Train] Epoch: [64][300/358]  Loss:0.175 (Avg 0.1684) IoU:0.624 (Avg 0.6605) Dice:0.7470 (Avg 0.7706) LR 8.15e-04   (AvgTime 1.1)   
   [Train] sup_loss:0.167361 lv_loss:0.035924 epi_loss:0.000012 total_loss:0.174546 pseudo_update_count:497773
   [Train] Epoch: [64][320/358]  Loss:0.161 (Avg 0.1669) IoU:0.576 (Avg 0.6608) Dice:0.7017 (Avg 0.7710) LR 8.15e-04   (AvgTime 1.1)   
   [Train] sup_loss:0.154299 lv_loss:0.032008 epi_loss:0.000010 total_loss:0.160701 pseudo_update_count:499192
   [Train] Epoch: [64][340/358]  Loss:0.187 (Avg 0.1664) IoU:0.596 (Avg 0.6611) Dice:0.7251 (Avg 0.7711) LR 8.15e-04   (AvgTime 1.1)   
   [Train] sup_loss:0.181430 lv_loss:0.027982 epi_loss:0.000011 total_loss:0.187027 pseudo_update_count:348988
[Train-Epoch-Metrics] epoch=64 sup_loss:0.159788 lv_loss:0.031332 epi_loss:0.000011 total_loss:0.166055 pseudo_update_count:142549441 labeled_seen:2858 unlabeled_seen:2858 Dice:0.771832 IoU:0.661946
Validation
   [Val] Epoch: [64][20/90]  Loss:0.208 (Avg 0.1930) IoU:0.555 (Avg 0.6435) Dice:0.6773 (Avg 0.7573) (AvgTime 0.5)   
   [Val] sup_loss:0.207653 lv_loss:0.000000 epi_loss:0.000000 total_loss:0.207653 pseudo_update_count:0
   [Val] Epoch: [64][40/90]  Loss:0.140 (Avg 0.1830) IoU:0.696 (Avg 0.6601) Dice:0.8039 (Avg 0.7705) (AvgTime 0.5)   
   [Val] sup_loss:0.140051 lv_loss:0.000000 epi_loss:0.000000 total_loss:0.140051 pseudo_update_count:0
   [Val] Epoch: [64][60/90]  Loss:0.128 (Avg 0.1778) IoU:0.741 (Avg 0.6664) Dice:0.8411 (Avg 0.7746) (AvgTime 0.5)   
   [Val] sup_loss:0.128326 lv_loss:0.000000 epi_loss:0.000000 total_loss:0.128326 pseudo_update_count:0
   [Val] Epoch: [64][80/90]  Loss:0.197 (Avg 0.1780) IoU:0.631 (Avg 0.6681) Dice:0.7406 (Avg 0.7758) (AvgTime 0.5)   
   [Val] sup_loss:0.196507 lv_loss:0.000000 epi_loss:0.000000 total_loss:0.196507 pseudo_update_count:0
[Val-Epoch-Metrics] epoch=64 sup_loss:0.176822 lv_loss:0.000000 epi_loss:0.000000 total_loss:0.176822 pseudo_update_count:0 labeled_seen:1429 unlabeled_seen:0 Dice:0.776301 IoU:0.668438
	 Mean dice:0.7763 does not increase, the best is still: 0.7846 in epoch 50
	 early_stopping_count: 14/100000

========= Epoch [65/76] =========
QaTa_Covid19_LViT_50pct_labels
Training with batch size : 16
[SemiSup] subset_ratio=0.5000 labeled_name_count=2858
   [Train] Epoch: [65][20/358]  Loss:0.132 (Avg 0.1568) IoU:0.734 (Avg 0.6650) Dice:0.8295 (Avg 0.7753) LR 6.89e-04   (AvgTime 1.2)   
   [Train] sup_loss:0.127042 lv_loss:0.024661 epi_loss:0.000018 total_loss:0.131975 pseudo_update_count:349553
   [Train] Epoch: [65][40/358]  Loss:0.181 (Avg 0.1626) IoU:0.617 (Avg 0.6596) Dice:0.7326 (Avg 0.7703) LR 6.89e-04   (AvgTime 1.2)   
   [Train] sup_loss:0.176922 lv_loss:0.020773 epi_loss:0.000009 total_loss:0.181077 pseudo_update_count:349918
   [Train] Epoch: [65][60/358]  Loss:0.198 (Avg 0.1635) IoU:0.663 (Avg 0.6625) Dice:0.7784 (Avg 0.7724) LR 6.89e-04   (AvgTime 1.1)   
   [Train] sup_loss:0.192800 lv_loss:0.026007 epi_loss:0.000013 total_loss:0.198002 pseudo_update_count:249689
   [Train] Epoch: [65][80/358]  Loss:0.227 (Avg 0.1665) IoU:0.596 (Avg 0.6564) Dice:0.6987 (Avg 0.7674) LR 6.89e-04   (AvgTime 1.1)   
   [Train] sup_loss:0.222134 lv_loss:0.024842 epi_loss:0.000010 total_loss:0.227103 pseudo_update_count:399570
   [Train] Epoch: [65][100/358]  Loss:0.108 (Avg 0.1635) IoU:0.677 (Avg 0.6578) Dice:0.7878 (Avg 0.7690) LR 6.89e-04   (AvgTime 1.1)   
   [Train] sup_loss:0.102214 lv_loss:0.028299 epi_loss:0.000009 total_loss:0.107874 pseudo_update_count:548789
   [Train] Epoch: [65][120/358]  Loss:0.141 (Avg 0.1622) IoU:0.640 (Avg 0.6591) Dice:0.7686 (Avg 0.7698) LR 6.89e-04   (AvgTime 1.1)   
   [Train] sup_loss:0.135158 lv_loss:0.027818 epi_loss:0.000007 total_loss:0.140722 pseudo_update_count:399340
   [Train] Epoch: [65][140/358]  Loss:0.185 (Avg 0.1613) IoU:0.717 (Avg 0.6626) Dice:0.8184 (Avg 0.7726) LR 6.89e-04   (AvgTime 1.1)   
   [Train] sup_loss:0.180219 lv_loss:0.023307 epi_loss:0.000012 total_loss:0.184881 pseudo_update_count:449809
   [Train] Epoch: [65][160/358]  Loss:0.195 (Avg 0.1633) IoU:0.761 (Avg 0.6603) Dice:0.8529 (Avg 0.7704) LR 6.89e-04   (AvgTime 1.1)   
   [Train] sup_loss:0.188703 lv_loss:0.031676 epi_loss:0.000014 total_loss:0.195039 pseudo_update_count:448933
   [Train] Epoch: [65][180/358]  Loss:0.169 (Avg 0.1626) IoU:0.654 (Avg 0.6603) Dice:0.7691 (Avg 0.7706) LR 6.89e-04   (AvgTime 1.1)   
   [Train] sup_loss:0.162289 lv_loss:0.031760 epi_loss:0.000005 total_loss:0.168642 pseudo_update_count:398974
   [Train] Epoch: [65][200/358]  Loss:0.211 (Avg 0.1606) IoU:0.558 (Avg 0.6634) Dice:0.6672 (Avg 0.7732) LR 6.89e-04   (AvgTime 1.1)   
   [Train] sup_loss:0.202727 lv_loss:0.039471 epi_loss:0.000010 total_loss:0.210621 pseudo_update_count:348497
   [Train] Epoch: [65][220/358]  Loss:0.095 (Avg 0.1593) IoU:0.774 (Avg 0.6661) Dice:0.8607 (Avg 0.7754) LR 6.89e-04   (AvgTime 1.1)   
   [Train] sup_loss:0.088492 lv_loss:0.032001 epi_loss:0.000015 total_loss:0.094893 pseudo_update_count:199437
   [Train] Epoch: [65][240/358]  Loss:0.145 (Avg 0.1595) IoU:0.708 (Avg 0.6656) Dice:0.8096 (Avg 0.7749) LR 6.89e-04   (AvgTime 1.1)   
   [Train] sup_loss:0.139491 lv_loss:0.029111 epi_loss:0.000012 total_loss:0.145314 pseudo_update_count:449471
   [Train] Epoch: [65][260/358]  Loss:0.155 (Avg 0.1599) IoU:0.714 (Avg 0.6661) Dice:0.8151 (Avg 0.7752) LR 6.89e-04   (AvgTime 1.1)   
   [Train] sup_loss:0.149922 lv_loss:0.026566 epi_loss:0.000013 total_loss:0.155236 pseudo_update_count:499386
   [Train] Epoch: [65][280/358]  Loss:0.147 (Avg 0.1598) IoU:0.689 (Avg 0.6670) Dice:0.7935 (Avg 0.7759) LR 6.89e-04   (AvgTime 1.1)   
   [Train] sup_loss:0.142041 lv_loss:0.025769 epi_loss:0.000012 total_loss:0.147196 pseudo_update_count:349581
   [Train] Epoch: [65][300/358]  Loss:0.105 (Avg 0.1590) IoU:0.715 (Avg 0.6680) Dice:0.8166 (Avg 0.7768) LR 6.89e-04   (AvgTime 1.1)   
   [Train] sup_loss:0.101120 lv_loss:0.020769 epi_loss:0.000012 total_loss:0.105275 pseudo_update_count:450081
   [Train] Epoch: [65][320/358]  Loss:0.149 (Avg 0.1585) IoU:0.731 (Avg 0.6688) Dice:0.8326 (Avg 0.7777) LR 6.89e-04   (AvgTime 1.1)   
   [Train] sup_loss:0.143736 lv_loss:0.027421 epi_loss:0.000015 total_loss:0.149220 pseudo_update_count:349648
   [Train] Epoch: [65][340/358]  Loss:0.176 (Avg 0.1585) IoU:0.702 (Avg 0.6696) Dice:0.8163 (Avg 0.7784) LR 6.89e-04   (AvgTime 1.1)   
   [Train] sup_loss:0.170677 lv_loss:0.026835 epi_loss:0.000016 total_loss:0.176045 pseudo_update_count:498955
[Train-Epoch-Metrics] epoch=65 sup_loss:0.152282 lv_loss:0.029711 epi_loss:0.000011 total_loss:0.158224 pseudo_update_count:142577619 labeled_seen:2858 unlabeled_seen:2858 Dice:0.779471 IoU:0.670727
Validation
   [Val] Epoch: [65][20/90]  Loss:0.140 (Avg 0.1808) IoU:0.695 (Avg 0.6548) Dice:0.7924 (Avg 0.7684) (AvgTime 0.5)   
   [Val] sup_loss:0.140356 lv_loss:0.000000 epi_loss:0.000000 total_loss:0.140356 pseudo_update_count:0
   [Val] Epoch: [65][40/90]  Loss:0.139 (Avg 0.1682) IoU:0.680 (Avg 0.6629) Dice:0.7942 (Avg 0.7734) (AvgTime 0.5)   
   [Val] sup_loss:0.139108 lv_loss:0.000000 epi_loss:0.000000 total_loss:0.139108 pseudo_update_count:0
   [Val] Epoch: [65][60/90]  Loss:0.149 (Avg 0.1648) IoU:0.674 (Avg 0.6688) Dice:0.7903 (Avg 0.7789) (AvgTime 0.5)   
   [Val] sup_loss:0.149408 lv_loss:0.000000 epi_loss:0.000000 total_loss:0.149408 pseudo_update_count:0
   [Val] Epoch: [65][80/90]  Loss:0.193 (Avg 0.1648) IoU:0.641 (Avg 0.6685) Dice:0.7534 (Avg 0.7786) (AvgTime 0.5)   
   [Val] sup_loss:0.193158 lv_loss:0.000000 epi_loss:0.000000 total_loss:0.193158 pseudo_update_count:0
[Val-Epoch-Metrics] epoch=65 sup_loss:0.165484 lv_loss:0.000000 epi_loss:0.000000 total_loss:0.165484 pseudo_update_count:0 labeled_seen:1429 unlabeled_seen:0 Dice:0.776677 IoU:0.667367
	 Mean dice:0.7767 does not increase, the best is still: 0.7846 in epoch 50
	 early_stopping_count: 15/100000

========= Epoch [66/76] =========
QaTa_Covid19_LViT_50pct_labels
Training with batch size : 16
[SemiSup] subset_ratio=0.5000 labeled_name_count=2858
   [Train] Epoch: [66][20/358]  Loss:0.086 (Avg 0.1463) IoU:0.812 (Avg 0.6850) Dice:0.8866 (Avg 0.7906) LR 5.50e-04   (AvgTime 1.2)   
   [Train] sup_loss:0.080452 lv_loss:0.029270 epi_loss:0.000009 total_loss:0.086307 pseudo_update_count:299489
   [Train] Epoch: [66][40/358]  Loss:0.158 (Avg 0.1540) IoU:0.561 (Avg 0.6768) Dice:0.6741 (Avg 0.7835) LR 5.50e-04   (AvgTime 1.2)   
   [Train] sup_loss:0.153305 lv_loss:0.023968 epi_loss:0.000013 total_loss:0.158100 pseudo_update_count:499909
   [Train] Epoch: [66][60/358]  Loss:0.182 (Avg 0.1545) IoU:0.654 (Avg 0.6800) Dice:0.7529 (Avg 0.7876) LR 5.50e-04   (AvgTime 1.1)   
   [Train] sup_loss:0.174266 lv_loss:0.038895 epi_loss:0.000014 total_loss:0.182045 pseudo_update_count:597581
   [Train] Epoch: [66][80/358]  Loss:0.149 (Avg 0.1574) IoU:0.673 (Avg 0.6754) Dice:0.7932 (Avg 0.7839) LR 5.50e-04   (AvgTime 1.1)   
   [Train] sup_loss:0.141431 lv_loss:0.037637 epi_loss:0.000019 total_loss:0.148959 pseudo_update_count:348639
   [Train] Epoch: [66][100/358]  Loss:0.133 (Avg 0.1568) IoU:0.752 (Avg 0.6751) Dice:0.8525 (Avg 0.7828) LR 5.50e-04   (AvgTime 1.1)   
   [Train] sup_loss:0.128928 lv_loss:0.022139 epi_loss:0.000018 total_loss:0.133357 pseudo_update_count:249977
   [Train] Epoch: [66][120/358]  Loss:0.215 (Avg 0.1568) IoU:0.603 (Avg 0.6716) Dice:0.7312 (Avg 0.7802) LR 5.50e-04   (AvgTime 1.1)   
   [Train] sup_loss:0.209794 lv_loss:0.026616 epi_loss:0.000008 total_loss:0.215118 pseudo_update_count:249693
   [Train] Epoch: [66][140/358]  Loss:0.115 (Avg 0.1573) IoU:0.750 (Avg 0.6719) Dice:0.8468 (Avg 0.7805) LR 5.50e-04   (AvgTime 1.1)   
   [Train] sup_loss:0.108674 lv_loss:0.032167 epi_loss:0.000017 total_loss:0.115108 pseudo_update_count:299360
   [Train] Epoch: [66][160/358]  Loss:0.148 (Avg 0.1563) IoU:0.738 (Avg 0.6727) Dice:0.8399 (Avg 0.7811) LR 5.50e-04   (AvgTime 1.1)   
   [Train] sup_loss:0.142780 lv_loss:0.025941 epi_loss:0.000017 total_loss:0.147970 pseudo_update_count:249700
   [Train] Epoch: [66][180/358]  Loss:0.112 (Avg 0.1568) IoU:0.746 (Avg 0.6706) Dice:0.8321 (Avg 0.7793) LR 5.50e-04   (AvgTime 1.1)   
   [Train] sup_loss:0.107381 lv_loss:0.022521 epi_loss:0.000016 total_loss:0.111886 pseudo_update_count:449890
   [Train] Epoch: [66][200/358]  Loss:0.201 (Avg 0.1566) IoU:0.677 (Avg 0.6712) Dice:0.7856 (Avg 0.7798) LR 5.50e-04   (AvgTime 1.1)   
   [Train] sup_loss:0.195443 lv_loss:0.028193 epi_loss:0.000008 total_loss:0.201082 pseudo_update_count:399227
   [Train] Epoch: [66][220/358]  Loss:0.118 (Avg 0.1571) IoU:0.754 (Avg 0.6722) Dice:0.8534 (Avg 0.7805) LR 5.50e-04   (AvgTime 1.1)   
   [Train] sup_loss:0.112332 lv_loss:0.028381 epi_loss:0.000013 total_loss:0.118009 pseudo_update_count:499333
   [Train] Epoch: [66][240/358]  Loss:0.173 (Avg 0.1566) IoU:0.651 (Avg 0.6715) Dice:0.7526 (Avg 0.7800) LR 5.50e-04   (AvgTime 1.1)   
   [Train] sup_loss:0.167684 lv_loss:0.025221 epi_loss:0.000009 total_loss:0.172729 pseudo_update_count:399564
   [Train] Epoch: [66][260/358]  Loss:0.146 (Avg 0.1562) IoU:0.703 (Avg 0.6727) Dice:0.8029 (Avg 0.7804) LR 5.50e-04   (AvgTime 1.1)   
   [Train] sup_loss:0.140879 lv_loss:0.027374 epi_loss:0.000016 total_loss:0.146355 pseudo_update_count:349689
   [Train] Epoch: [66][280/358]  Loss:0.137 (Avg 0.1572) IoU:0.702 (Avg 0.6719) Dice:0.8192 (Avg 0.7799) LR 5.50e-04   (AvgTime 1.1)   
   [Train] sup_loss:0.131804 lv_loss:0.026358 epi_loss:0.000009 total_loss:0.137076 pseudo_update_count:399640
   [Train] Epoch: [66][300/358]  Loss:0.166 (Avg 0.1566) IoU:0.685 (Avg 0.6743) Dice:0.7987 (Avg 0.7820) LR 5.50e-04   (AvgTime 1.1)   
   [Train] sup_loss:0.159042 lv_loss:0.034902 epi_loss:0.000017 total_loss:0.166023 pseudo_update_count:298564
   [Train] Epoch: [66][320/358]  Loss:0.156 (Avg 0.1565) IoU:0.671 (Avg 0.6733) Dice:0.7816 (Avg 0.7814) LR 5.50e-04   (AvgTime 1.1)   
   [Train] sup_loss:0.149728 lv_loss:0.029277 epi_loss:0.000007 total_loss:0.155584 pseudo_update_count:299389
   [Train] Epoch: [66][340/358]  Loss:0.124 (Avg 0.1561) IoU:0.741 (Avg 0.6746) Dice:0.8435 (Avg 0.7824) LR 5.50e-04   (AvgTime 1.1)   
   [Train] sup_loss:0.117622 lv_loss:0.030959 epi_loss:0.000011 total_loss:0.123814 pseudo_update_count:349221
[Train-Epoch-Metrics] epoch=66 sup_loss:0.150302 lv_loss:0.028983 epi_loss:0.000011 total_loss:0.156099 pseudo_update_count:142616060 labeled_seen:2858 unlabeled_seen:2858 Dice:0.782106 IoU:0.674048
Validation
   [Val] Epoch: [66][20/90]  Loss:0.205 (Avg 0.1753) IoU:0.630 (Avg 0.6555) Dice:0.7409 (Avg 0.7654) (AvgTime 0.5)   
   [Val] sup_loss:0.205336 lv_loss:0.000000 epi_loss:0.000000 total_loss:0.205336 pseudo_update_count:0
   [Val] Epoch: [66][40/90]  Loss:0.171 (Avg 0.1676) IoU:0.718 (Avg 0.6715) Dice:0.8119 (Avg 0.7785) (AvgTime 0.5)   
   [Val] sup_loss:0.170505 lv_loss:0.000000 epi_loss:0.000000 total_loss:0.170505 pseudo_update_count:0
   [Val] Epoch: [66][60/90]  Loss:0.168 (Avg 0.1673) IoU:0.626 (Avg 0.6727) Dice:0.7515 (Avg 0.7802) (AvgTime 0.5)   
   [Val] sup_loss:0.168433 lv_loss:0.000000 epi_loss:0.000000 total_loss:0.168433 pseudo_update_count:0
   [Val] Epoch: [66][80/90]  Loss:0.130 (Avg 0.1706) IoU:0.755 (Avg 0.6734) Dice:0.8521 (Avg 0.7814) (AvgTime 0.5)   
   [Val] sup_loss:0.129674 lv_loss:0.000000 epi_loss:0.000000 total_loss:0.129674 pseudo_update_count:0
[Val-Epoch-Metrics] epoch=66 sup_loss:0.170870 lv_loss:0.000000 epi_loss:0.000000 total_loss:0.170870 pseudo_update_count:0 labeled_seen:1429 unlabeled_seen:0 Dice:0.780506 IoU:0.672491
	 Mean dice:0.7805 does not increase, the best is still: 0.7846 in epoch 50
	 early_stopping_count: 16/100000

========= Epoch [67/76] =========
QaTa_Covid19_LViT_50pct_labels
Training with batch size : 16
[SemiSup] subset_ratio=0.5000 labeled_name_count=2858
   [Train] Epoch: [67][20/358]  Loss:0.175 (Avg 0.1544) IoU:0.640 (Avg 0.6739) Dice:0.7518 (Avg 0.7821) LR 4.11e-04   (AvgTime 1.2)   
   [Train] sup_loss:0.167859 lv_loss:0.035588 epi_loss:0.000009 total_loss:0.174977 pseudo_update_count:199070
   [Train] Epoch: [67][40/358]  Loss:0.115 (Avg 0.1578) IoU:0.788 (Avg 0.6810) Dice:0.8764 (Avg 0.7870) LR 4.11e-04   (AvgTime 1.2)   
   [Train] sup_loss:0.108654 lv_loss:0.031419 epi_loss:0.000017 total_loss:0.114938 pseudo_update_count:349050
   [Train] Epoch: [67][60/358]  Loss:0.222 (Avg 0.1527) IoU:0.653 (Avg 0.6890) Dice:0.7728 (Avg 0.7940) LR 4.11e-04   (AvgTime 1.1)   
   [Train] sup_loss:0.214653 lv_loss:0.034972 epi_loss:0.000018 total_loss:0.221648 pseudo_update_count:348770
   [Train] Epoch: [67][80/358]  Loss:0.128 (Avg 0.1490) IoU:0.669 (Avg 0.6833) Dice:0.7688 (Avg 0.7895) LR 4.11e-04   (AvgTime 1.1)   
   [Train] sup_loss:0.123159 lv_loss:0.026511 epi_loss:0.000004 total_loss:0.128461 pseudo_update_count:299879
   [Train] Epoch: [67][100/358]  Loss:0.162 (Avg 0.1483) IoU:0.697 (Avg 0.6840) Dice:0.8004 (Avg 0.7899) LR 4.11e-04   (AvgTime 1.1)   
   [Train] sup_loss:0.156180 lv_loss:0.030184 epi_loss:0.000011 total_loss:0.162217 pseudo_update_count:548697
   [Train] Epoch: [67][120/358]  Loss:0.102 (Avg 0.1469) IoU:0.730 (Avg 0.6838) Dice:0.8322 (Avg 0.7901) LR 4.11e-04   (AvgTime 1.1)   
   [Train] sup_loss:0.096452 lv_loss:0.025792 epi_loss:0.000014 total_loss:0.101611 pseudo_update_count:449168
   [Train] Epoch: [67][140/358]  Loss:0.111 (Avg 0.1464) IoU:0.701 (Avg 0.6841) Dice:0.8038 (Avg 0.7904) LR 4.11e-04   (AvgTime 1.1)   
   [Train] sup_loss:0.105636 lv_loss:0.026061 epi_loss:0.000013 total_loss:0.110849 pseudo_update_count:399530
   [Train] Epoch: [67][160/358]  Loss:0.113 (Avg 0.1449) IoU:0.718 (Avg 0.6849) Dice:0.8253 (Avg 0.7914) LR 4.11e-04   (AvgTime 1.1)   
   [Train] sup_loss:0.107396 lv_loss:0.030410 epi_loss:0.000009 total_loss:0.113478 pseudo_update_count:449056
   [Train] Epoch: [67][180/358]  Loss:0.136 (Avg 0.1469) IoU:0.719 (Avg 0.6843) Dice:0.8238 (Avg 0.7909) LR 4.11e-04   (AvgTime 1.1)   
   [Train] sup_loss:0.129263 lv_loss:0.034543 epi_loss:0.000018 total_loss:0.136173 pseudo_update_count:249337
   [Train] Epoch: [67][200/358]  Loss:0.135 (Avg 0.1453) IoU:0.719 (Avg 0.6857) Dice:0.8218 (Avg 0.7922) LR 4.11e-04   (AvgTime 1.1)   
   [Train] sup_loss:0.130151 lv_loss:0.024542 epi_loss:0.000010 total_loss:0.135060 pseudo_update_count:499482
   [Train] Epoch: [67][220/358]  Loss:0.131 (Avg 0.1449) IoU:0.751 (Avg 0.6875) Dice:0.8452 (Avg 0.7937) LR 4.11e-04   (AvgTime 1.1)   
   [Train] sup_loss:0.125735 lv_loss:0.024144 epi_loss:0.000008 total_loss:0.130564 pseudo_update_count:499699
   [Train] Epoch: [67][240/358]  Loss:0.097 (Avg 0.1456) IoU:0.736 (Avg 0.6870) Dice:0.8346 (Avg 0.7932) LR 4.11e-04   (AvgTime 1.1)   
   [Train] sup_loss:0.090440 lv_loss:0.031402 epi_loss:0.000013 total_loss:0.096721 pseudo_update_count:448743
   [Train] Epoch: [67][260/358]  Loss:0.154 (Avg 0.1456) IoU:0.696 (Avg 0.6868) Dice:0.7827 (Avg 0.7931) LR 4.11e-04   (AvgTime 1.1)   
   [Train] sup_loss:0.149407 lv_loss:0.022876 epi_loss:0.000011 total_loss:0.153982 pseudo_update_count:499451
   [Train] Epoch: [67][280/358]  Loss:0.110 (Avg 0.1456) IoU:0.696 (Avg 0.6862) Dice:0.8075 (Avg 0.7927) LR 4.11e-04   (AvgTime 1.1)   
   [Train] sup_loss:0.103295 lv_loss:0.031248 epi_loss:0.000011 total_loss:0.109545 pseudo_update_count:398798
   [Train] Epoch: [67][300/358]  Loss:0.128 (Avg 0.1472) IoU:0.691 (Avg 0.6841) Dice:0.7986 (Avg 0.7909) LR 4.11e-04   (AvgTime 1.1)   
   [Train] sup_loss:0.122936 lv_loss:0.026567 epi_loss:0.000012 total_loss:0.128250 pseudo_update_count:349416
   [Train] Epoch: [67][320/358]  Loss:0.155 (Avg 0.1482) IoU:0.706 (Avg 0.6835) Dice:0.8058 (Avg 0.7903) LR 4.11e-04   (AvgTime 1.1)   
   [Train] sup_loss:0.149039 lv_loss:0.031520 epi_loss:0.000019 total_loss:0.155344 pseudo_update_count:199668
   [Train] Epoch: [67][340/358]  Loss:0.147 (Avg 0.1486) IoU:0.589 (Avg 0.6829) Dice:0.7183 (Avg 0.7899) LR 4.11e-04   (AvgTime 1.1)   
   [Train] sup_loss:0.139697 lv_loss:0.038909 epi_loss:0.000012 total_loss:0.147480 pseudo_update_count:547136
[Train-Epoch-Metrics] epoch=67 sup_loss:0.143651 lv_loss:0.027676 epi_loss:0.000011 total_loss:0.149186 pseudo_update_count:142632734 labeled_seen:2858 unlabeled_seen:2858 Dice:0.789258 IoU:0.682006
Validation
   [Val] Epoch: [67][20/90]  Loss:0.165 (Avg 0.1690) IoU:0.657 (Avg 0.6739) Dice:0.7536 (Avg 0.7788) (AvgTime 0.5)   
   [Val] sup_loss:0.164659 lv_loss:0.000000 epi_loss:0.000000 total_loss:0.164659 pseudo_update_count:0
   [Val] Epoch: [67][40/90]  Loss:0.124 (Avg 0.1644) IoU:0.713 (Avg 0.6778) Dice:0.8137 (Avg 0.7823) (AvgTime 0.5)   
   [Val] sup_loss:0.124082 lv_loss:0.000000 epi_loss:0.000000 total_loss:0.124082 pseudo_update_count:0
   [Val] Epoch: [67][60/90]  Loss:0.156 (Avg 0.1706) IoU:0.667 (Avg 0.6690) Dice:0.7750 (Avg 0.7760) (AvgTime 0.5)   
   [Val] sup_loss:0.155597 lv_loss:0.000000 epi_loss:0.000000 total_loss:0.155597 pseudo_update_count:0
   [Val] Epoch: [67][80/90]  Loss:0.190 (Avg 0.1719) IoU:0.625 (Avg 0.6632) Dice:0.7439 (Avg 0.7709) (AvgTime 0.5)   
   [Val] sup_loss:0.190035 lv_loss:0.000000 epi_loss:0.000000 total_loss:0.190035 pseudo_update_count:0
[Val-Epoch-Metrics] epoch=67 sup_loss:0.171430 lv_loss:0.000000 epi_loss:0.000000 total_loss:0.171430 pseudo_update_count:0 labeled_seen:1429 unlabeled_seen:0 Dice:0.771211 IoU:0.662982
	 Mean dice:0.7712 does not increase, the best is still: 0.7846 in epoch 50
	 early_stopping_count: 17/100000

========= Epoch [68/76] =========
QaTa_Covid19_LViT_50pct_labels
Training with batch size : 16
[SemiSup] subset_ratio=0.5000 labeled_name_count=2858
   [Train] Epoch: [68][20/358]  Loss:0.201 (Avg 0.1536) IoU:0.628 (Avg 0.6862) Dice:0.7485 (Avg 0.7905) LR 2.85e-04   (AvgTime 1.2)   
   [Train] sup_loss:0.194655 lv_loss:0.033168 epi_loss:0.000012 total_loss:0.201290 pseudo_update_count:448887
   [Train] Epoch: [68][40/358]  Loss:0.123 (Avg 0.1491) IoU:0.691 (Avg 0.6910) Dice:0.7933 (Avg 0.7973) LR 2.85e-04   (AvgTime 1.2)   
   [Train] sup_loss:0.118797 lv_loss:0.019622 epi_loss:0.000004 total_loss:0.122721 pseudo_update_count:250049
   [Train] Epoch: [68][60/358]  Loss:0.096 (Avg 0.1474) IoU:0.728 (Avg 0.6918) Dice:0.8171 (Avg 0.7980) LR 2.85e-04   (AvgTime 1.1)   
   [Train] sup_loss:0.090720 lv_loss:0.024298 epi_loss:0.000005 total_loss:0.095580 pseudo_update_count:399340
   [Train] Epoch: [68][80/358]  Loss:0.119 (Avg 0.1494) IoU:0.759 (Avg 0.6859) Dice:0.8581 (Avg 0.7923) LR 2.85e-04   (AvgTime 1.1)   
   [Train] sup_loss:0.112342 lv_loss:0.032675 epi_loss:0.000009 total_loss:0.118878 pseudo_update_count:448406
   [Train] Epoch: [68][100/358]  Loss:0.202 (Avg 0.1475) IoU:0.668 (Avg 0.6889) Dice:0.7824 (Avg 0.7951) LR 2.85e-04   (AvgTime 1.1)   
   [Train] sup_loss:0.195523 lv_loss:0.031436 epi_loss:0.000012 total_loss:0.201811 pseudo_update_count:298945
   [Train] Epoch: [68][120/358]  Loss:0.189 (Avg 0.1456) IoU:0.711 (Avg 0.6889) Dice:0.8088 (Avg 0.7953) LR 2.85e-04   (AvgTime 1.1)   
   [Train] sup_loss:0.181316 lv_loss:0.038647 epi_loss:0.000017 total_loss:0.189046 pseudo_update_count:447686
   [Train] Epoch: [68][140/358]  Loss:0.162 (Avg 0.1456) IoU:0.657 (Avg 0.6879) Dice:0.7718 (Avg 0.7946) LR 2.85e-04   (AvgTime 1.1)   
   [Train] sup_loss:0.156125 lv_loss:0.027235 epi_loss:0.000008 total_loss:0.161573 pseudo_update_count:499016
   [Train] Epoch: [68][160/358]  Loss:0.156 (Avg 0.1455) IoU:0.620 (Avg 0.6854) Dice:0.7379 (Avg 0.7922) LR 2.85e-04   (AvgTime 1.1)   
   [Train] sup_loss:0.149871 lv_loss:0.030419 epi_loss:0.000015 total_loss:0.155956 pseudo_update_count:448875
   [Train] Epoch: [68][180/358]  Loss:0.118 (Avg 0.1448) IoU:0.759 (Avg 0.6867) Dice:0.8534 (Avg 0.7930) LR 2.85e-04   (AvgTime 1.1)   
   [Train] sup_loss:0.113803 lv_loss:0.021533 epi_loss:0.000008 total_loss:0.118110 pseudo_update_count:249836
   [Train] Epoch: [68][200/358]  Loss:0.141 (Avg 0.1452) IoU:0.760 (Avg 0.6852) Dice:0.8510 (Avg 0.7917) LR 2.85e-04   (AvgTime 1.1)   
   [Train] sup_loss:0.135237 lv_loss:0.026348 epi_loss:0.000006 total_loss:0.140507 pseudo_update_count:349777
   [Train] Epoch: [68][220/358]  Loss:0.155 (Avg 0.1465) IoU:0.621 (Avg 0.6843) Dice:0.7489 (Avg 0.7905) LR 2.85e-04   (AvgTime 1.1)   
   [Train] sup_loss:0.149707 lv_loss:0.026730 epi_loss:0.000009 total_loss:0.155054 pseudo_update_count:549160
   [Train] Epoch: [68][240/358]  Loss:0.194 (Avg 0.1472) IoU:0.665 (Avg 0.6848) Dice:0.7740 (Avg 0.7912) LR 2.85e-04   (AvgTime 1.1)   
   [Train] sup_loss:0.188435 lv_loss:0.027613 epi_loss:0.000017 total_loss:0.193959 pseudo_update_count:299185
   [Train] Epoch: [68][260/358]  Loss:0.207 (Avg 0.1477) IoU:0.633 (Avg 0.6845) Dice:0.7511 (Avg 0.7910) LR 2.85e-04   (AvgTime 1.1)   
   [Train] sup_loss:0.201235 lv_loss:0.026377 epi_loss:0.000011 total_loss:0.206511 pseudo_update_count:549368
   [Train] Epoch: [68][280/358]  Loss:0.066 (Avg 0.1484) IoU:0.809 (Avg 0.6848) Dice:0.8858 (Avg 0.7910) LR 2.85e-04   (AvgTime 1.1)   
   [Train] sup_loss:0.060985 lv_loss:0.024809 epi_loss:0.000008 total_loss:0.065948 pseudo_update_count:449483
   [Train] Epoch: [68][300/358]  Loss:0.226 (Avg 0.1477) IoU:0.653 (Avg 0.6851) Dice:0.7607 (Avg 0.7913) LR 2.85e-04   (AvgTime 1.1)   
   [Train] sup_loss:0.221104 lv_loss:0.022754 epi_loss:0.000015 total_loss:0.225656 pseudo_update_count:349753
   [Train] Epoch: [68][320/358]  Loss:0.248 (Avg 0.1478) IoU:0.641 (Avg 0.6857) Dice:0.7414 (Avg 0.7917) LR 2.85e-04   (AvgTime 1.1)   
   [Train] sup_loss:0.242811 lv_loss:0.024074 epi_loss:0.000019 total_loss:0.247627 pseudo_update_count:399798
   [Train] Epoch: [68][340/358]  Loss:0.157 (Avg 0.1478) IoU:0.682 (Avg 0.6867) Dice:0.7933 (Avg 0.7925) LR 2.85e-04   (AvgTime 1.1)   
   [Train] sup_loss:0.149998 lv_loss:0.034081 epi_loss:0.000008 total_loss:0.156815 pseudo_update_count:697644
[Train-Epoch-Metrics] epoch=68 sup_loss:0.141930 lv_loss:0.027394 epi_loss:0.000011 total_loss:0.147410 pseudo_update_count:142644308 labeled_seen:2858 unlabeled_seen:2858 Dice:0.791696 IoU:0.685772
Validation
   [Val] Epoch: [68][20/90]  Loss:0.143 (Avg 0.1643) IoU:0.697 (Avg 0.6734) Dice:0.8008 (Avg 0.7817) (AvgTime 0.5)   
   [Val] sup_loss:0.142784 lv_loss:0.000000 epi_loss:0.000000 total_loss:0.142784 pseudo_update_count:0
   [Val] Epoch: [68][40/90]  Loss:0.173 (Avg 0.1628) IoU:0.655 (Avg 0.6750) Dice:0.7674 (Avg 0.7833) (AvgTime 0.5)   
   [Val] sup_loss:0.172896 lv_loss:0.000000 epi_loss:0.000000 total_loss:0.172896 pseudo_update_count:0
   [Val] Epoch: [68][60/90]  Loss:0.163 (Avg 0.1569) IoU:0.631 (Avg 0.6838) Dice:0.7484 (Avg 0.7908) (AvgTime 0.5)   
   [Val] sup_loss:0.163224 lv_loss:0.000000 epi_loss:0.000000 total_loss:0.163224 pseudo_update_count:0
   [Val] Epoch: [68][80/90]  Loss:0.134 (Avg 0.1548) IoU:0.715 (Avg 0.6862) Dice:0.8113 (Avg 0.7922) (AvgTime 0.5)   
   [Val] sup_loss:0.133721 lv_loss:0.000000 epi_loss:0.000000 total_loss:0.133721 pseudo_update_count:0
[Val-Epoch-Metrics] epoch=68 sup_loss:0.157017 lv_loss:0.000000 epi_loss:0.000000 total_loss:0.157017 pseudo_update_count:0 labeled_seen:1429 unlabeled_seen:0 Dice:0.790488 IoU:0.683807
	 Saving best model, mean dice increased from: 0.7846 to 0.7905
	 Saving to QaTa-Covid19/LViT/QaTa_Covid19_LViT_50pct_labels/models/
	 early_stopping_count: 0/100000

========= Epoch [69/76] =========
QaTa_Covid19_LViT_50pct_labels
Training with batch size : 16
[SemiSup] subset_ratio=0.5000 labeled_name_count=2858
   [Train] Epoch: [69][20/358]  Loss:0.136 (Avg 0.1425) IoU:0.703 (Avg 0.6949) Dice:0.8141 (Avg 0.8008) LR 1.86e-04   (AvgTime 1.2)   
   [Train] sup_loss:0.131269 lv_loss:0.023561 epi_loss:0.000012 total_loss:0.135982 pseudo_update_count:499677
   [Train] Epoch: [69][40/358]  Loss:0.121 (Avg 0.1455) IoU:0.659 (Avg 0.6864) Dice:0.7770 (Avg 0.7918) LR 1.86e-04   (AvgTime 1.2)   
   [Train] sup_loss:0.115238 lv_loss:0.027649 epi_loss:0.000010 total_loss:0.120768 pseudo_update_count:399503
   [Train] Epoch: [69][60/358]  Loss:0.150 (Avg 0.1398) IoU:0.759 (Avg 0.6948) Dice:0.8323 (Avg 0.7983) LR 1.86e-04   (AvgTime 1.1)   
   [Train] sup_loss:0.143254 lv_loss:0.032942 epi_loss:0.000008 total_loss:0.149843 pseudo_update_count:249021
   [Train] Epoch: [69][80/358]  Loss:0.169 (Avg 0.1390) IoU:0.620 (Avg 0.6982) Dice:0.7503 (Avg 0.8014) LR 1.86e-04   (AvgTime 1.1)   
   [Train] sup_loss:0.163291 lv_loss:0.030388 epi_loss:0.000011 total_loss:0.169369 pseudo_update_count:398861
   [Train] Epoch: [69][100/358]  Loss:0.113 (Avg 0.1420) IoU:0.713 (Avg 0.6938) Dice:0.8229 (Avg 0.7981) LR 1.86e-04   (AvgTime 1.1)   
   [Train] sup_loss:0.107980 lv_loss:0.022955 epi_loss:0.000009 total_loss:0.112571 pseudo_update_count:449650
   [Train] Epoch: [69][120/358]  Loss:0.101 (Avg 0.1392) IoU:0.701 (Avg 0.6960) Dice:0.7970 (Avg 0.8001) LR 1.86e-04   (AvgTime 1.1)   
   [Train] sup_loss:0.096569 lv_loss:0.024373 epi_loss:0.000012 total_loss:0.101445 pseudo_update_count:349348
   [Train] Epoch: [69][140/358]  Loss:0.158 (Avg 0.1387) IoU:0.650 (Avg 0.6970) Dice:0.7510 (Avg 0.8006) LR 1.86e-04   (AvgTime 1.1)   
   [Train] sup_loss:0.152463 lv_loss:0.028020 epi_loss:0.000004 total_loss:0.158067 pseudo_update_count:448923
   [Train] Epoch: [69][160/358]  Loss:0.184 (Avg 0.1397) IoU:0.761 (Avg 0.6963) Dice:0.8548 (Avg 0.8003) LR 1.86e-04   (AvgTime 1.1)   
   [Train] sup_loss:0.178938 lv_loss:0.025187 epi_loss:0.000015 total_loss:0.183976 pseudo_update_count:499119
   [Train] Epoch: [69][180/358]  Loss:0.141 (Avg 0.1412) IoU:0.654 (Avg 0.6951) Dice:0.7755 (Avg 0.7991) LR 1.86e-04   (AvgTime 1.1)   
   [Train] sup_loss:0.135446 lv_loss:0.029210 epi_loss:0.000013 total_loss:0.141288 pseudo_update_count:448836
   [Train] Epoch: [69][200/358]  Loss:0.185 (Avg 0.1416) IoU:0.695 (Avg 0.6951) Dice:0.8094 (Avg 0.7992) LR 1.86e-04   (AvgTime 1.1)   
   [Train] sup_loss:0.180322 lv_loss:0.024281 epi_loss:0.000005 total_loss:0.185178 pseudo_update_count:449439
   [Train] Epoch: [69][220/358]  Loss:0.154 (Avg 0.1409) IoU:0.595 (Avg 0.6947) Dice:0.7169 (Avg 0.7991) LR 1.86e-04   (AvgTime 1.1)   
   [Train] sup_loss:0.148736 lv_loss:0.027463 epi_loss:0.000006 total_loss:0.154229 pseudo_update_count:499080
   [Train] Epoch: [69][240/358]  Loss:0.136 (Avg 0.1422) IoU:0.717 (Avg 0.6930) Dice:0.8224 (Avg 0.7971) LR 1.86e-04   (AvgTime 1.1)   
   [Train] sup_loss:0.131699 lv_loss:0.023958 epi_loss:0.000012 total_loss:0.136491 pseudo_update_count:450012
   [Train] Epoch: [69][260/358]  Loss:0.242 (Avg 0.1422) IoU:0.498 (Avg 0.6925) Dice:0.6319 (Avg 0.7968) LR 1.86e-04   (AvgTime 1.1)   
   [Train] sup_loss:0.234229 lv_loss:0.036469 epi_loss:0.000015 total_loss:0.241524 pseudo_update_count:697291
   [Train] Epoch: [69][280/358]  Loss:0.216 (Avg 0.1423) IoU:0.620 (Avg 0.6921) Dice:0.7492 (Avg 0.7966) LR 1.86e-04   (AvgTime 1.1)   
   [Train] sup_loss:0.210438 lv_loss:0.029372 epi_loss:0.000008 total_loss:0.216313 pseudo_update_count:399494
   [Train] Epoch: [69][300/358]  Loss:0.137 (Avg 0.1419) IoU:0.720 (Avg 0.6920) Dice:0.8212 (Avg 0.7964) LR 1.86e-04   (AvgTime 1.1)   
   [Train] sup_loss:0.131502 lv_loss:0.028562 epi_loss:0.000010 total_loss:0.137215 pseudo_update_count:349247
   [Train] Epoch: [69][320/358]  Loss:0.114 (Avg 0.1423) IoU:0.745 (Avg 0.6920) Dice:0.8367 (Avg 0.7963) LR 1.86e-04   (AvgTime 1.1)   
   [Train] sup_loss:0.110522 lv_loss:0.019814 epi_loss:0.000007 total_loss:0.114486 pseudo_update_count:199987
   [Train] Epoch: [69][340/358]  Loss:0.131 (Avg 0.1429) IoU:0.692 (Avg 0.6913) Dice:0.8005 (Avg 0.7958) LR 1.86e-04   (AvgTime 1.1)   
   [Train] sup_loss:0.125645 lv_loss:0.024925 epi_loss:0.000011 total_loss:0.130631 pseudo_update_count:499866
[Train-Epoch-Metrics] epoch=69 sup_loss:0.137489 lv_loss:0.026508 epi_loss:0.000011 total_loss:0.142791 pseudo_update_count:142659667 labeled_seen:2858 unlabeled_seen:2858 Dice:0.795991 IoU:0.691401
Validation
   [Val] Epoch: [69][20/90]  Loss:0.127 (Avg 0.1620) IoU:0.701 (Avg 0.6781) Dice:0.8049 (Avg 0.7828) (AvgTime 0.5)   
   [Val] sup_loss:0.126635 lv_loss:0.000000 epi_loss:0.000000 total_loss:0.126635 pseudo_update_count:0
   [Val] Epoch: [69][40/90]  Loss:0.140 (Avg 0.1540) IoU:0.688 (Avg 0.6849) Dice:0.8009 (Avg 0.7901) (AvgTime 0.5)   
   [Val] sup_loss:0.139704 lv_loss:0.000000 epi_loss:0.000000 total_loss:0.139704 pseudo_update_count:0
   [Val] Epoch: [69][60/90]  Loss:0.141 (Avg 0.1539) IoU:0.711 (Avg 0.6873) Dice:0.8166 (Avg 0.7925) (AvgTime 0.5)   
   [Val] sup_loss:0.140804 lv_loss:0.000000 epi_loss:0.000000 total_loss:0.140804 pseudo_update_count:0
   [Val] Epoch: [69][80/90]  Loss:0.180 (Avg 0.1541) IoU:0.667 (Avg 0.6881) Dice:0.7869 (Avg 0.7938) (AvgTime 0.5)   
   [Val] sup_loss:0.179945 lv_loss:0.000000 epi_loss:0.000000 total_loss:0.179945 pseudo_update_count:0
[Val-Epoch-Metrics] epoch=69 sup_loss:0.155930 lv_loss:0.000000 epi_loss:0.000000 total_loss:0.155930 pseudo_update_count:0 labeled_seen:1429 unlabeled_seen:0 Dice:0.791137 IoU:0.684812
	 Saving best model, mean dice increased from: 0.7905 to 0.7911
	 Saving to QaTa-Covid19/LViT/QaTa_Covid19_LViT_50pct_labels/models/
	 early_stopping_count: 0/100000

========= Epoch [70/76] =========
QaTa_Covid19_LViT_50pct_labels
Training with batch size : 16
[SemiSup] subset_ratio=0.5000 labeled_name_count=2858
   [Train] Epoch: [70][20/358]  Loss:0.210 (Avg 0.1593) IoU:0.681 (Avg 0.6840) Dice:0.7949 (Avg 0.7894) LR 1.22e-04   (AvgTime 1.2)   
   [Train] sup_loss:0.205362 lv_loss:0.022460 epi_loss:0.000011 total_loss:0.209855 pseudo_update_count:499593
   [Train] Epoch: [70][40/358]  Loss:0.111 (Avg 0.1538) IoU:0.651 (Avg 0.6888) Dice:0.7515 (Avg 0.7933) LR 1.22e-04   (AvgTime 1.2)   
   [Train] sup_loss:0.106303 lv_loss:0.022798 epi_loss:0.000009 total_loss:0.110863 pseudo_update_count:549661
   [Train] Epoch: [70][60/358]  Loss:0.138 (Avg 0.1490) IoU:0.733 (Avg 0.6896) Dice:0.8365 (Avg 0.7937) LR 1.22e-04   (AvgTime 1.1)   
   [Train] sup_loss:0.132923 lv_loss:0.027089 epi_loss:0.000015 total_loss:0.138342 pseudo_update_count:399369
   [Train] Epoch: [70][80/358]  Loss:0.172 (Avg 0.1463) IoU:0.681 (Avg 0.6903) Dice:0.7903 (Avg 0.7943) LR 1.22e-04   (AvgTime 1.1)   
   [Train] sup_loss:0.167579 lv_loss:0.023468 epi_loss:0.000010 total_loss:0.172273 pseudo_update_count:349624
   [Train] Epoch: [70][100/358]  Loss:0.118 (Avg 0.1464) IoU:0.763 (Avg 0.6887) Dice:0.8542 (Avg 0.7933) LR 1.22e-04   (AvgTime 1.1)   
   [Train] sup_loss:0.112351 lv_loss:0.026137 epi_loss:0.000014 total_loss:0.117580 pseudo_update_count:399649
   [Train] Epoch: [70][120/358]  Loss:0.158 (Avg 0.1478) IoU:0.739 (Avg 0.6881) Dice:0.8330 (Avg 0.7930) LR 1.22e-04   (AvgTime 1.1)   
   [Train] sup_loss:0.151397 lv_loss:0.030849 epi_loss:0.000018 total_loss:0.157568 pseudo_update_count:498690
   [Train] Epoch: [70][140/358]  Loss:0.066 (Avg 0.1452) IoU:0.700 (Avg 0.6894) Dice:0.7878 (Avg 0.7942) LR 1.22e-04   (AvgTime 1.1)   
   [Train] sup_loss:0.060679 lv_loss:0.025553 epi_loss:0.000011 total_loss:0.065790 pseudo_update_count:598794
   [Train] Epoch: [70][160/358]  Loss:0.179 (Avg 0.1447) IoU:0.687 (Avg 0.6885) Dice:0.8010 (Avg 0.7937) LR 1.22e-04   (AvgTime 1.1)   
   [Train] sup_loss:0.173377 lv_loss:0.028228 epi_loss:0.000015 total_loss:0.179024 pseudo_update_count:399336
   [Train] Epoch: [70][180/358]  Loss:0.162 (Avg 0.1438) IoU:0.733 (Avg 0.6886) Dice:0.8408 (Avg 0.7940) LR 1.22e-04   (AvgTime 1.1)   
   [Train] sup_loss:0.157768 lv_loss:0.023538 epi_loss:0.000013 total_loss:0.162476 pseudo_update_count:549272
   [Train] Epoch: [70][200/358]  Loss:0.118 (Avg 0.1431) IoU:0.731 (Avg 0.6894) Dice:0.8156 (Avg 0.7945) LR 1.22e-04   (AvgTime 1.1)   
   [Train] sup_loss:0.112803 lv_loss:0.027226 epi_loss:0.000012 total_loss:0.118249 pseudo_update_count:349732
   [Train] Epoch: [70][220/358]  Loss:0.106 (Avg 0.1428) IoU:0.720 (Avg 0.6909) Dice:0.8062 (Avg 0.7955) LR 1.22e-04   (AvgTime 1.1)   
   [Train] sup_loss:0.101050 lv_loss:0.025988 epi_loss:0.000012 total_loss:0.106248 pseudo_update_count:349271
   [Train] Epoch: [70][240/358]  Loss:0.176 (Avg 0.1431) IoU:0.613 (Avg 0.6906) Dice:0.7474 (Avg 0.7955) LR 1.22e-04   (AvgTime 1.1)   
   [Train] sup_loss:0.171425 lv_loss:0.023500 epi_loss:0.000013 total_loss:0.176125 pseudo_update_count:499827
   [Train] Epoch: [70][260/358]  Loss:0.179 (Avg 0.1434) IoU:0.680 (Avg 0.6925) Dice:0.7935 (Avg 0.7972) LR 1.22e-04   (AvgTime 1.1)   
   [Train] sup_loss:0.172839 lv_loss:0.031399 epi_loss:0.000014 total_loss:0.179120 pseudo_update_count:498447
   [Train] Epoch: [70][280/358]  Loss:0.088 (Avg 0.1427) IoU:0.709 (Avg 0.6920) Dice:0.8149 (Avg 0.7967) LR 1.22e-04   (AvgTime 1.1)   
   [Train] sup_loss:0.081257 lv_loss:0.036131 epi_loss:0.000012 total_loss:0.088484 pseudo_update_count:398543
   [Train] Epoch: [70][300/358]  Loss:0.147 (Avg 0.1425) IoU:0.595 (Avg 0.6921) Dice:0.7278 (Avg 0.7969) LR 1.22e-04   (AvgTime 1.1)   
   [Train] sup_loss:0.141285 lv_loss:0.028872 epi_loss:0.000009 total_loss:0.147060 pseudo_update_count:448516
   [Train] Epoch: [70][320/358]  Loss:0.188 (Avg 0.1427) IoU:0.654 (Avg 0.6926) Dice:0.7613 (Avg 0.7974) LR 1.22e-04   (AvgTime 1.1)   
   [Train] sup_loss:0.182556 lv_loss:0.026286 epi_loss:0.000015 total_loss:0.187814 pseudo_update_count:399278
   [Train] Epoch: [70][340/358]  Loss:0.127 (Avg 0.1427) IoU:0.662 (Avg 0.6929) Dice:0.7573 (Avg 0.7978) LR 1.22e-04   (AvgTime 1.1)   
   [Train] sup_loss:0.118601 lv_loss:0.041728 epi_loss:0.000022 total_loss:0.126948 pseudo_update_count:298731
[Train-Epoch-Metrics] epoch=70 sup_loss:0.136910 lv_loss:0.026399 epi_loss:0.000011 total_loss:0.142191 pseudo_update_count:142664047 labeled_seen:2858 unlabeled_seen:2858 Dice:0.797970 IoU:0.693333
Validation
   [Val] Epoch: [70][20/90]  Loss:0.111 (Avg 0.1565) IoU:0.755 (Avg 0.6757) Dice:0.8489 (Avg 0.7850) (AvgTime 0.5)   
   [Val] sup_loss:0.110924 lv_loss:0.000000 epi_loss:0.000000 total_loss:0.110924 pseudo_update_count:0
   [Val] Epoch: [70][40/90]  Loss:0.160 (Avg 0.1596) IoU:0.668 (Avg 0.6783) Dice:0.7845 (Avg 0.7876) (AvgTime 0.5)   
   [Val] sup_loss:0.160349 lv_loss:0.000000 epi_loss:0.000000 total_loss:0.160349 pseudo_update_count:0
   [Val] Epoch: [70][60/90]  Loss:0.129 (Avg 0.1568) IoU:0.703 (Avg 0.6773) Dice:0.8147 (Avg 0.7861) (AvgTime 0.5)   
   [Val] sup_loss:0.128691 lv_loss:0.000000 epi_loss:0.000000 total_loss:0.128691 pseudo_update_count:0
   [Val] Epoch: [70][80/90]  Loss:0.152 (Avg 0.1558) IoU:0.693 (Avg 0.6804) Dice:0.7900 (Avg 0.7877) (AvgTime 0.5)   
   [Val] sup_loss:0.151889 lv_loss:0.000000 epi_loss:0.000000 total_loss:0.151889 pseudo_update_count:0
[Val-Epoch-Metrics] epoch=70 sup_loss:0.155006 lv_loss:0.000000 epi_loss:0.000000 total_loss:0.155006 pseudo_update_count:0 labeled_seen:1429 unlabeled_seen:0 Dice:0.788513 IoU:0.681586
	 Mean dice:0.7885 does not increase, the best is still: 0.7911 in epoch 69
	 early_stopping_count: 1/100000

========= Epoch [71/76] =========
QaTa_Covid19_LViT_50pct_labels
Training with batch size : 16
[SemiSup] subset_ratio=0.5000 labeled_name_count=2858
   [Train] Epoch: [71][20/358]  Loss:0.191 (Avg 0.1657) IoU:0.599 (Avg 0.6714) Dice:0.7330 (Avg 0.7809) LR 1.00e-03   (AvgTime 1.3)   
   [Train] sup_loss:0.185159 lv_loss:0.028281 epi_loss:0.000009 total_loss:0.190816 pseudo_update_count:448957
   [Train] Epoch: [71][40/358]  Loss:0.218 (Avg 0.1658) IoU:0.654 (Avg 0.6665) Dice:0.7786 (Avg 0.7772) LR 1.00e-03   (AvgTime 1.2)   
   [Train] sup_loss:0.211238 lv_loss:0.033759 epi_loss:0.000008 total_loss:0.217990 pseudo_update_count:548549
   [Train] Epoch: [71][60/358]  Loss:0.187 (Avg 0.1645) IoU:0.628 (Avg 0.6628) Dice:0.7438 (Avg 0.7728) LR 1.00e-03   (AvgTime 1.2)   
   [Train] sup_loss:0.182034 lv_loss:0.026178 epi_loss:0.000013 total_loss:0.187271 pseudo_update_count:349545
   [Train] Epoch: [71][80/358]  Loss:0.221 (Avg 0.1652) IoU:0.600 (Avg 0.6610) Dice:0.7315 (Avg 0.7716) LR 1.00e-03   (AvgTime 1.2)   
   [Train] sup_loss:0.214801 lv_loss:0.029981 epi_loss:0.000013 total_loss:0.220798 pseudo_update_count:249341
   [Train] Epoch: [71][100/358]  Loss:0.182 (Avg 0.1644) IoU:0.628 (Avg 0.6638) Dice:0.7477 (Avg 0.7739) LR 1.00e-03   (AvgTime 1.2)   
   [Train] sup_loss:0.177069 lv_loss:0.025530 epi_loss:0.000011 total_loss:0.182175 pseudo_update_count:399320
   [Train] Epoch: [71][120/358]  Loss:0.115 (Avg 0.1623) IoU:0.789 (Avg 0.6677) Dice:0.8754 (Avg 0.7771) LR 1.00e-03   (AvgTime 1.2)   
   [Train] sup_loss:0.108046 lv_loss:0.033259 epi_loss:0.000018 total_loss:0.114699 pseudo_update_count:299055
   [Train] Epoch: [71][140/358]  Loss:0.156 (Avg 0.1606) IoU:0.710 (Avg 0.6665) Dice:0.8171 (Avg 0.7761) LR 1.00e-03   (AvgTime 1.1)   
   [Train] sup_loss:0.150910 lv_loss:0.024244 epi_loss:0.000014 total_loss:0.155760 pseudo_update_count:349591
   [Train] Epoch: [71][160/358]  Loss:0.158 (Avg 0.1605) IoU:0.632 (Avg 0.6656) Dice:0.7423 (Avg 0.7752) LR 1.00e-03   (AvgTime 1.1)   
   [Train] sup_loss:0.151717 lv_loss:0.032695 epi_loss:0.000007 total_loss:0.158256 pseudo_update_count:448184
   [Train] Epoch: [71][180/358]  Loss:0.099 (Avg 0.1600) IoU:0.721 (Avg 0.6647) Dice:0.8230 (Avg 0.7747) LR 1.00e-03   (AvgTime 1.1)   
   [Train] sup_loss:0.093362 lv_loss:0.026959 epi_loss:0.000012 total_loss:0.098754 pseudo_update_count:449505
   [Train] Epoch: [71][200/358]  Loss:0.099 (Avg 0.1617) IoU:0.786 (Avg 0.6654) Dice:0.8751 (Avg 0.7751) LR 1.00e-03   (AvgTime 1.1)   
   [Train] sup_loss:0.093847 lv_loss:0.027870 epi_loss:0.000016 total_loss:0.099422 pseudo_update_count:399530
   [Train] Epoch: [71][220/358]  Loss:0.148 (Avg 0.1620) IoU:0.670 (Avg 0.6656) Dice:0.7792 (Avg 0.7755) LR 1.00e-03   (AvgTime 1.1)   
   [Train] sup_loss:0.143280 lv_loss:0.021316 epi_loss:0.000006 total_loss:0.147544 pseudo_update_count:449966
   [Train] Epoch: [71][240/358]  Loss:0.184 (Avg 0.1621) IoU:0.618 (Avg 0.6653) Dice:0.7183 (Avg 0.7749) LR 1.00e-03   (AvgTime 1.1)   
   [Train] sup_loss:0.177421 lv_loss:0.035267 epi_loss:0.000013 total_loss:0.184475 pseudo_update_count:447991
   [Train] Epoch: [71][260/358]  Loss:0.116 (Avg 0.1614) IoU:0.690 (Avg 0.6658) Dice:0.8089 (Avg 0.7753) LR 1.00e-03   (AvgTime 1.1)   
   [Train] sup_loss:0.109018 lv_loss:0.033737 epi_loss:0.000011 total_loss:0.115766 pseudo_update_count:448331
   [Train] Epoch: [71][280/358]  Loss:0.187 (Avg 0.1610) IoU:0.596 (Avg 0.6659) Dice:0.7164 (Avg 0.7755) LR 1.00e-03   (AvgTime 1.1)   
   [Train] sup_loss:0.181423 lv_loss:0.026184 epi_loss:0.000009 total_loss:0.186660 pseudo_update_count:499160
   [Train] Epoch: [71][300/358]  Loss:0.163 (Avg 0.1607) IoU:0.676 (Avg 0.6670) Dice:0.7882 (Avg 0.7764) LR 1.00e-03   (AvgTime 1.1)   
   [Train] sup_loss:0.157966 lv_loss:0.026614 epi_loss:0.000012 total_loss:0.163290 pseudo_update_count:448997
   [Train] Epoch: [71][320/358]  Loss:0.187 (Avg 0.1597) IoU:0.665 (Avg 0.6669) Dice:0.7765 (Avg 0.7765) LR 1.00e-03   (AvgTime 1.1)   
   [Train] sup_loss:0.181677 lv_loss:0.028502 epi_loss:0.000013 total_loss:0.187378 pseudo_update_count:548150
   [Train] Epoch: [71][340/358]  Loss:0.190 (Avg 0.1599) IoU:0.638 (Avg 0.6666) Dice:0.7560 (Avg 0.7763) LR 1.00e-03   (AvgTime 1.1)   
   [Train] sup_loss:0.183226 lv_loss:0.036267 epi_loss:0.000014 total_loss:0.190480 pseudo_update_count:498724
[Train-Epoch-Metrics] epoch=71 sup_loss:0.154593 lv_loss:0.029387 epi_loss:0.000011 total_loss:0.160471 pseudo_update_count:142597416 labeled_seen:2858 unlabeled_seen:2858 Dice:0.775433 IoU:0.665805
Validation
   [Val] Epoch: [71][20/90]  Loss:0.195 (Avg 0.1935) IoU:0.608 (Avg 0.6271) Dice:0.7255 (Avg 0.7398) (AvgTime 0.5)   
   [Val] sup_loss:0.194517 lv_loss:0.000000 epi_loss:0.000000 total_loss:0.194517 pseudo_update_count:0
   [Val] Epoch: [71][40/90]  Loss:0.130 (Avg 0.1905) IoU:0.727 (Avg 0.6361) Dice:0.8149 (Avg 0.7458) (AvgTime 0.5)   
   [Val] sup_loss:0.129619 lv_loss:0.000000 epi_loss:0.000000 total_loss:0.129619 pseudo_update_count:0
   [Val] Epoch: [71][60/90]  Loss:0.136 (Avg 0.1859) IoU:0.709 (Avg 0.6398) Dice:0.8105 (Avg 0.7499) (AvgTime 0.5)   
   [Val] sup_loss:0.135729 lv_loss:0.000000 epi_loss:0.000000 total_loss:0.135729 pseudo_update_count:0
   [Val] Epoch: [71][80/90]  Loss:0.137 (Avg 0.1800) IoU:0.688 (Avg 0.6455) Dice:0.7892 (Avg 0.7558) (AvgTime 0.5)   
   [Val] sup_loss:0.137435 lv_loss:0.000000 epi_loss:0.000000 total_loss:0.137435 pseudo_update_count:0
[Val-Epoch-Metrics] epoch=71 sup_loss:0.179365 lv_loss:0.000000 epi_loss:0.000000 total_loss:0.179365 pseudo_update_count:0 labeled_seen:1429 unlabeled_seen:0 Dice:0.756348 IoU:0.645789
	 Mean dice:0.7563 does not increase, the best is still: 0.7911 in epoch 69
	 early_stopping_count: 2/100000

========= Epoch [72/76] =========
QaTa_Covid19_LViT_50pct_labels
Training with batch size : 16
[SemiSup] subset_ratio=0.5000 labeled_name_count=2858
   [Train] Epoch: [72][20/358]  Loss:0.149 (Avg 0.1703) IoU:0.674 (Avg 0.6561) Dice:0.7861 (Avg 0.7628) LR 9.78e-04   (AvgTime 1.2)   
   [Train] sup_loss:0.144727 lv_loss:0.023724 epi_loss:0.000006 total_loss:0.149472 pseudo_update_count:349739
   [Train] Epoch: [72][40/358]  Loss:0.143 (Avg 0.1661) IoU:0.554 (Avg 0.6767) Dice:0.6686 (Avg 0.7820) LR 9.78e-04   (AvgTime 1.2)   
   [Train] sup_loss:0.135002 lv_loss:0.039648 epi_loss:0.000006 total_loss:0.142932 pseudo_update_count:397803
   [Train] Epoch: [72][60/358]  Loss:0.183 (Avg 0.1620) IoU:0.720 (Avg 0.6774) Dice:0.8164 (Avg 0.7840) LR 9.78e-04   (AvgTime 1.1)   
   [Train] sup_loss:0.176878 lv_loss:0.032262 epi_loss:0.000008 total_loss:0.183331 pseudo_update_count:548922
   [Train] Epoch: [72][80/358]  Loss:0.166 (Avg 0.1610) IoU:0.615 (Avg 0.6744) Dice:0.7413 (Avg 0.7820) LR 9.78e-04   (AvgTime 1.1)   
   [Train] sup_loss:0.159833 lv_loss:0.031133 epi_loss:0.000010 total_loss:0.166060 pseudo_update_count:199381
   [Train] Epoch: [72][100/358]  Loss:0.285 (Avg 0.1647) IoU:0.563 (Avg 0.6660) Dice:0.6730 (Avg 0.7753) LR 9.78e-04   (AvgTime 1.1)   
   [Train] sup_loss:0.279513 lv_loss:0.029041 epi_loss:0.000012 total_loss:0.285322 pseudo_update_count:349507
   [Train] Epoch: [72][120/358]  Loss:0.171 (Avg 0.1639) IoU:0.606 (Avg 0.6661) Dice:0.7296 (Avg 0.7752) LR 9.78e-04   (AvgTime 1.1)   
   [Train] sup_loss:0.164030 lv_loss:0.035957 epi_loss:0.000010 total_loss:0.171222 pseudo_update_count:348777
   [Train] Epoch: [72][140/358]  Loss:0.117 (Avg 0.1643) IoU:0.742 (Avg 0.6645) Dice:0.8324 (Avg 0.7741) LR 9.78e-04   (AvgTime 1.1)   
   [Train] sup_loss:0.111776 lv_loss:0.026433 epi_loss:0.000015 total_loss:0.117064 pseudo_update_count:648584
   [Train] Epoch: [72][160/358]  Loss:0.131 (Avg 0.1632) IoU:0.711 (Avg 0.6656) Dice:0.8163 (Avg 0.7752) LR 9.78e-04   (AvgTime 1.1)   
   [Train] sup_loss:0.126230 lv_loss:0.025392 epi_loss:0.000008 total_loss:0.131309 pseudo_update_count:549467
   [Train] Epoch: [72][180/358]  Loss:0.257 (Avg 0.1628) IoU:0.544 (Avg 0.6652) Dice:0.6793 (Avg 0.7750) LR 9.78e-04   (AvgTime 1.1)   
   [Train] sup_loss:0.250808 lv_loss:0.029083 epi_loss:0.000013 total_loss:0.256625 pseudo_update_count:498813
   [Train] Epoch: [72][200/358]  Loss:0.132 (Avg 0.1613) IoU:0.712 (Avg 0.6649) Dice:0.8180 (Avg 0.7747) LR 9.78e-04   (AvgTime 1.1)   
   [Train] sup_loss:0.128362 lv_loss:0.016377 epi_loss:0.000011 total_loss:0.131638 pseudo_update_count:250188
   [Train] Epoch: [72][220/358]  Loss:0.145 (Avg 0.1623) IoU:0.683 (Avg 0.6648) Dice:0.8024 (Avg 0.7747) LR 9.78e-04   (AvgTime 1.1)   
   [Train] sup_loss:0.137072 lv_loss:0.040685 epi_loss:0.000010 total_loss:0.145210 pseudo_update_count:298171
   [Train] Epoch: [72][240/358]  Loss:0.161 (Avg 0.1619) IoU:0.675 (Avg 0.6643) Dice:0.7921 (Avg 0.7742) LR 9.78e-04   (AvgTime 1.1)   
   [Train] sup_loss:0.155239 lv_loss:0.027582 epi_loss:0.000010 total_loss:0.160756 pseudo_update_count:249220
   [Train] Epoch: [72][260/358]  Loss:0.177 (Avg 0.1624) IoU:0.610 (Avg 0.6639) Dice:0.7328 (Avg 0.7737) LR 9.78e-04   (AvgTime 1.1)   
   [Train] sup_loss:0.172423 lv_loss:0.024264 epi_loss:0.000014 total_loss:0.177276 pseudo_update_count:249626
   [Train] Epoch: [72][280/358]  Loss:0.123 (Avg 0.1625) IoU:0.759 (Avg 0.6633) Dice:0.8560 (Avg 0.7732) LR 9.78e-04   (AvgTime 1.1)   
   [Train] sup_loss:0.118165 lv_loss:0.023715 epi_loss:0.000008 total_loss:0.122909 pseudo_update_count:499721
   [Train] Epoch: [72][300/358]  Loss:0.237 (Avg 0.1626) IoU:0.616 (Avg 0.6631) Dice:0.7315 (Avg 0.7732) LR 9.78e-04   (AvgTime 1.1)   
   [Train] sup_loss:0.232517 lv_loss:0.024428 epi_loss:0.000009 total_loss:0.237403 pseudo_update_count:249780
   [Train] Epoch: [72][320/358]  Loss:0.168 (Avg 0.1623) IoU:0.599 (Avg 0.6638) Dice:0.6996 (Avg 0.7738) LR 9.78e-04   (AvgTime 1.1)   
   [Train] sup_loss:0.163278 lv_loss:0.023943 epi_loss:0.000004 total_loss:0.168067 pseudo_update_count:299775
   [Train] Epoch: [72][340/358]  Loss:0.153 (Avg 0.1629) IoU:0.725 (Avg 0.6634) Dice:0.8341 (Avg 0.7734) LR 9.78e-04   (AvgTime 1.1)   
   [Train] sup_loss:0.145877 lv_loss:0.035548 epi_loss:0.000014 total_loss:0.152987 pseudo_update_count:448818
[Train-Epoch-Metrics] epoch=72 sup_loss:0.157208 lv_loss:0.030290 epi_loss:0.000011 total_loss:0.163267 pseudo_update_count:142578393 labeled_seen:2858 unlabeled_seen:2858 Dice:0.772706 IoU:0.662626
Validation
   [Val] Epoch: [72][20/90]  Loss:0.196 (Avg 0.2009) IoU:0.669 (Avg 0.6452) Dice:0.7818 (Avg 0.7562) (AvgTime 0.5)   
   [Val] sup_loss:0.196449 lv_loss:0.000000 epi_loss:0.000000 total_loss:0.196449 pseudo_update_count:0
   [Val] Epoch: [72][40/90]  Loss:0.146 (Avg 0.1929) IoU:0.743 (Avg 0.6559) Dice:0.8351 (Avg 0.7658) (AvgTime 0.5)   
   [Val] sup_loss:0.145504 lv_loss:0.000000 epi_loss:0.000000 total_loss:0.145504 pseudo_update_count:0
   [Val] Epoch: [72][60/90]  Loss:0.224 (Avg 0.1887) IoU:0.551 (Avg 0.6595) Dice:0.6780 (Avg 0.7705) (AvgTime 0.5)   
   [Val] sup_loss:0.224278 lv_loss:0.000000 epi_loss:0.000000 total_loss:0.224278 pseudo_update_count:0
   [Val] Epoch: [72][80/90]  Loss:0.141 (Avg 0.1918) IoU:0.720 (Avg 0.6579) Dice:0.8054 (Avg 0.7681) (AvgTime 0.5)   
   [Val] sup_loss:0.140949 lv_loss:0.000000 epi_loss:0.000000 total_loss:0.140949 pseudo_update_count:0
[Val-Epoch-Metrics] epoch=72 sup_loss:0.193420 lv_loss:0.000000 epi_loss:0.000000 total_loss:0.193420 pseudo_update_count:0 labeled_seen:1429 unlabeled_seen:0 Dice:0.767637 IoU:0.657012
	 Mean dice:0.7676 does not increase, the best is still: 0.7911 in epoch 69
	 early_stopping_count: 3/100000

========= Epoch [73/76] =========
QaTa_Covid19_LViT_50pct_labels
Training with batch size : 16
[SemiSup] subset_ratio=0.5000 labeled_name_count=2858
   [Train] Epoch: [73][20/358]  Loss:0.330 (Avg 0.1572) IoU:0.635 (Avg 0.6610) Dice:0.7521 (Avg 0.7726) LR 9.14e-04   (AvgTime 1.2)   
   [Train] sup_loss:0.324941 lv_loss:0.025634 epi_loss:0.000004 total_loss:0.330068 pseudo_update_count:399430
   [Train] Epoch: [73][40/358]  Loss:0.143 (Avg 0.1577) IoU:0.673 (Avg 0.6686) Dice:0.7722 (Avg 0.7785) LR 9.14e-04   (AvgTime 1.2)   
   [Train] sup_loss:0.137572 lv_loss:0.027397 epi_loss:0.000012 total_loss:0.143052 pseudo_update_count:499625
   [Train] Epoch: [73][60/358]  Loss:0.162 (Avg 0.1669) IoU:0.677 (Avg 0.6639) Dice:0.7859 (Avg 0.7741) LR 9.14e-04   (AvgTime 1.1)   
   [Train] sup_loss:0.156347 lv_loss:0.028102 epi_loss:0.000012 total_loss:0.161968 pseudo_update_count:349236
   [Train] Epoch: [73][80/358]  Loss:0.150 (Avg 0.1658) IoU:0.605 (Avg 0.6639) Dice:0.7206 (Avg 0.7740) LR 9.14e-04   (AvgTime 1.1)   
   [Train] sup_loss:0.145898 lv_loss:0.022254 epi_loss:0.000005 total_loss:0.150349 pseudo_update_count:399933
   [Train] Epoch: [73][100/358]  Loss:0.199 (Avg 0.1650) IoU:0.613 (Avg 0.6657) Dice:0.7393 (Avg 0.7756) LR 9.14e-04   (AvgTime 1.1)   
   [Train] sup_loss:0.194406 lv_loss:0.022675 epi_loss:0.000013 total_loss:0.198942 pseudo_update_count:499691
   [Train] Epoch: [73][120/358]  Loss:0.119 (Avg 0.1671) IoU:0.694 (Avg 0.6635) Dice:0.8064 (Avg 0.7737) LR 9.14e-04   (AvgTime 1.1)   
   [Train] sup_loss:0.113223 lv_loss:0.028210 epi_loss:0.000008 total_loss:0.118865 pseudo_update_count:499058
   [Train] Epoch: [73][140/358]  Loss:0.106 (Avg 0.1648) IoU:0.698 (Avg 0.6676) Dice:0.7931 (Avg 0.7769) LR 9.14e-04   (AvgTime 1.1)   
   [Train] sup_loss:0.101144 lv_loss:0.023165 epi_loss:0.000008 total_loss:0.105778 pseudo_update_count:299645
   [Train] Epoch: [73][160/358]  Loss:0.077 (Avg 0.1641) IoU:0.749 (Avg 0.6669) Dice:0.8498 (Avg 0.7762) LR 9.14e-04   (AvgTime 1.1)   
   [Train] sup_loss:0.070865 lv_loss:0.029794 epi_loss:0.000013 total_loss:0.076825 pseudo_update_count:548942
   [Train] Epoch: [73][180/358]  Loss:0.189 (Avg 0.1614) IoU:0.617 (Avg 0.6698) Dice:0.7414 (Avg 0.7786) LR 9.14e-04   (AvgTime 1.1)   
   [Train] sup_loss:0.182244 lv_loss:0.031358 epi_loss:0.000012 total_loss:0.188516 pseudo_update_count:199306
   [Train] Epoch: [73][200/358]  Loss:0.144 (Avg 0.1612) IoU:0.659 (Avg 0.6692) Dice:0.7554 (Avg 0.7779) LR 9.14e-04   (AvgTime 1.1)   
   [Train] sup_loss:0.138808 lv_loss:0.024545 epi_loss:0.000009 total_loss:0.143718 pseudo_update_count:399767
   [Train] Epoch: [73][220/358]  Loss:0.155 (Avg 0.1588) IoU:0.648 (Avg 0.6705) Dice:0.7650 (Avg 0.7790) LR 9.14e-04   (AvgTime 1.1)   
   [Train] sup_loss:0.148846 lv_loss:0.030681 epi_loss:0.000004 total_loss:0.154983 pseudo_update_count:299193
   [Train] Epoch: [73][240/358]  Loss:0.103 (Avg 0.1581) IoU:0.702 (Avg 0.6697) Dice:0.8018 (Avg 0.7783) LR 9.14e-04   (AvgTime 1.1)   
   [Train] sup_loss:0.098096 lv_loss:0.022959 epi_loss:0.000008 total_loss:0.102688 pseudo_update_count:349803
   [Train] Epoch: [73][260/358]  Loss:0.233 (Avg 0.1590) IoU:0.642 (Avg 0.6678) Dice:0.7381 (Avg 0.7765) LR 9.14e-04   (AvgTime 1.1)   
   [Train] sup_loss:0.226340 lv_loss:0.032989 epi_loss:0.000013 total_loss:0.232938 pseudo_update_count:399213
   [Train] Epoch: [73][280/358]  Loss:0.183 (Avg 0.1602) IoU:0.574 (Avg 0.6665) Dice:0.6766 (Avg 0.7754) LR 9.14e-04   (AvgTime 1.1)   
   [Train] sup_loss:0.177573 lv_loss:0.025056 epi_loss:0.000011 total_loss:0.182585 pseudo_update_count:549351
   [Train] Epoch: [73][300/358]  Loss:0.161 (Avg 0.1606) IoU:0.666 (Avg 0.6645) Dice:0.7902 (Avg 0.7740) LR 9.14e-04   (AvgTime 1.1)   
   [Train] sup_loss:0.157264 lv_loss:0.018367 epi_loss:0.000006 total_loss:0.160938 pseudo_update_count:250002
   [Train] Epoch: [73][320/358]  Loss:0.182 (Avg 0.1617) IoU:0.698 (Avg 0.6646) Dice:0.7875 (Avg 0.7740) LR 9.14e-04   (AvgTime 1.1)   
   [Train] sup_loss:0.172990 lv_loss:0.043152 epi_loss:0.000018 total_loss:0.181621 pseudo_update_count:298618
   [Train] Epoch: [73][340/358]  Loss:0.139 (Avg 0.1610) IoU:0.651 (Avg 0.6646) Dice:0.7496 (Avg 0.7741) LR 9.14e-04   (AvgTime 1.1)   
   [Train] sup_loss:0.130446 lv_loss:0.041865 epi_loss:0.000008 total_loss:0.138820 pseudo_update_count:298421
[Train-Epoch-Metrics] epoch=73 sup_loss:0.155486 lv_loss:0.029781 epi_loss:0.000011 total_loss:0.161442 pseudo_update_count:142591186 labeled_seen:2858 unlabeled_seen:2858 Dice:0.774165 IoU:0.664772
Validation
   [Val] Epoch: [73][20/90]  Loss:0.142 (Avg 0.1747) IoU:0.687 (Avg 0.6647) Dice:0.7896 (Avg 0.7733) (AvgTime 0.5)   
   [Val] sup_loss:0.141555 lv_loss:0.000000 epi_loss:0.000000 total_loss:0.141555 pseudo_update_count:0
   [Val] Epoch: [73][40/90]  Loss:0.133 (Avg 0.1747) IoU:0.710 (Avg 0.6593) Dice:0.8100 (Avg 0.7704) (AvgTime 0.5)   
   [Val] sup_loss:0.133068 lv_loss:0.000000 epi_loss:0.000000 total_loss:0.133068 pseudo_update_count:0
   [Val] Epoch: [73][60/90]  Loss:0.158 (Avg 0.1717) IoU:0.646 (Avg 0.6623) Dice:0.7676 (Avg 0.7733) (AvgTime 0.5)   
   [Val] sup_loss:0.158358 lv_loss:0.000000 epi_loss:0.000000 total_loss:0.158358 pseudo_update_count:0
   [Val] Epoch: [73][80/90]  Loss:0.138 (Avg 0.1727) IoU:0.697 (Avg 0.6593) Dice:0.7947 (Avg 0.7717) (AvgTime 0.5)   
   [Val] sup_loss:0.137729 lv_loss:0.000000 epi_loss:0.000000 total_loss:0.137729 pseudo_update_count:0
[Val-Epoch-Metrics] epoch=73 sup_loss:0.173829 lv_loss:0.000000 epi_loss:0.000000 total_loss:0.173829 pseudo_update_count:0 labeled_seen:1429 unlabeled_seen:0 Dice:0.772113 IoU:0.659730
	 Mean dice:0.7721 does not increase, the best is still: 0.7911 in epoch 69
	 early_stopping_count: 4/100000

========= Epoch [74/76] =========
QaTa_Covid19_LViT_50pct_labels
Training with batch size : 16
[SemiSup] subset_ratio=0.5000 labeled_name_count=2858
   [Train] Epoch: [74][20/358]  Loss:0.164 (Avg 0.1623) IoU:0.681 (Avg 0.6510) Dice:0.7882 (Avg 0.7612) LR 8.15e-04   (AvgTime 1.2)   
   [Train] sup_loss:0.154668 lv_loss:0.047135 epi_loss:0.000014 total_loss:0.164095 pseudo_update_count:248468
   [Train] Epoch: [74][40/358]  Loss:0.198 (Avg 0.1649) IoU:0.597 (Avg 0.6570) Dice:0.7268 (Avg 0.7688) LR 8.15e-04   (AvgTime 1.2)   
   [Train] sup_loss:0.191216 lv_loss:0.031765 epi_loss:0.000012 total_loss:0.197570 pseudo_update_count:398676
   [Train] Epoch: [74][60/358]  Loss:0.155 (Avg 0.1680) IoU:0.661 (Avg 0.6607) Dice:0.7813 (Avg 0.7726) LR 8.15e-04   (AvgTime 1.1)   
   [Train] sup_loss:0.148160 lv_loss:0.034317 epi_loss:0.000014 total_loss:0.155024 pseudo_update_count:348886
   [Train] Epoch: [74][80/358]  Loss:0.082 (Avg 0.1654) IoU:0.724 (Avg 0.6624) Dice:0.8237 (Avg 0.7742) LR 8.15e-04   (AvgTime 1.1)   
   [Train] sup_loss:0.074925 lv_loss:0.033589 epi_loss:0.000008 total_loss:0.081643 pseudo_update_count:398804
   [Train] Epoch: [74][100/358]  Loss:0.189 (Avg 0.1625) IoU:0.604 (Avg 0.6660) Dice:0.7325 (Avg 0.7766) LR 8.15e-04   (AvgTime 1.1)   
   [Train] sup_loss:0.181519 lv_loss:0.036738 epi_loss:0.000011 total_loss:0.188867 pseudo_update_count:347889
   [Train] Epoch: [74][120/358]  Loss:0.111 (Avg 0.1610) IoU:0.697 (Avg 0.6678) Dice:0.8060 (Avg 0.7779) LR 8.15e-04   (AvgTime 1.1)   
   [Train] sup_loss:0.103778 lv_loss:0.033880 epi_loss:0.000009 total_loss:0.110554 pseudo_update_count:548662
   [Train] Epoch: [74][140/358]  Loss:0.183 (Avg 0.1593) IoU:0.651 (Avg 0.6691) Dice:0.7740 (Avg 0.7791) LR 8.15e-04   (AvgTime 1.1)   
   [Train] sup_loss:0.177635 lv_loss:0.027950 epi_loss:0.000011 total_loss:0.183226 pseudo_update_count:349028
   [Train] Epoch: [74][160/358]  Loss:0.158 (Avg 0.1605) IoU:0.636 (Avg 0.6689) Dice:0.7628 (Avg 0.7791) LR 8.15e-04   (AvgTime 1.1)   
   [Train] sup_loss:0.147915 lv_loss:0.050420 epi_loss:0.000007 total_loss:0.158000 pseudo_update_count:198514
   [Train] Epoch: [74][180/358]  Loss:0.265 (Avg 0.1606) IoU:0.514 (Avg 0.6677) Dice:0.6347 (Avg 0.7775) LR 8.15e-04   (AvgTime 1.1)   
   [Train] sup_loss:0.259641 lv_loss:0.026494 epi_loss:0.000014 total_loss:0.264940 pseudo_update_count:499564
   [Train] Epoch: [74][200/358]  Loss:0.126 (Avg 0.1587) IoU:0.646 (Avg 0.6708) Dice:0.7598 (Avg 0.7800) LR 8.15e-04   (AvgTime 1.1)   
   [Train] sup_loss:0.118506 lv_loss:0.038167 epi_loss:0.000009 total_loss:0.126140 pseudo_update_count:448831
   [Train] Epoch: [74][220/358]  Loss:0.199 (Avg 0.1593) IoU:0.579 (Avg 0.6712) Dice:0.7022 (Avg 0.7804) LR 8.15e-04   (AvgTime 1.1)   
   [Train] sup_loss:0.192740 lv_loss:0.033513 epi_loss:0.000012 total_loss:0.199443 pseudo_update_count:349131
   [Train] Epoch: [74][240/358]  Loss:0.231 (Avg 0.1604) IoU:0.680 (Avg 0.6687) Dice:0.7857 (Avg 0.7782) LR 8.15e-04   (AvgTime 1.1)   
   [Train] sup_loss:0.225230 lv_loss:0.030780 epi_loss:0.000012 total_loss:0.231387 pseudo_update_count:498530
   [Train] Epoch: [74][260/358]  Loss:0.222 (Avg 0.1599) IoU:0.630 (Avg 0.6696) Dice:0.7334 (Avg 0.7789) LR 8.15e-04   (AvgTime 1.1)   
   [Train] sup_loss:0.216832 lv_loss:0.026783 epi_loss:0.000016 total_loss:0.222189 pseudo_update_count:449558
   [Train] Epoch: [74][280/358]  Loss:0.131 (Avg 0.1601) IoU:0.666 (Avg 0.6690) Dice:0.7782 (Avg 0.7783) LR 8.15e-04   (AvgTime 1.1)   
   [Train] sup_loss:0.125949 lv_loss:0.023027 epi_loss:0.000008 total_loss:0.130555 pseudo_update_count:449742
   [Train] Epoch: [74][300/358]  Loss:0.094 (Avg 0.1610) IoU:0.731 (Avg 0.6681) Dice:0.8289 (Avg 0.7775) LR 8.15e-04   (AvgTime 1.1)   
   [Train] sup_loss:0.086795 lv_loss:0.033563 epi_loss:0.000006 total_loss:0.093508 pseudo_update_count:348838
   [Train] Epoch: [74][320/358]  Loss:0.195 (Avg 0.1615) IoU:0.654 (Avg 0.6684) Dice:0.7706 (Avg 0.7777) LR 8.15e-04   (AvgTime 1.1)   
   [Train] sup_loss:0.188506 lv_loss:0.030073 epi_loss:0.000011 total_loss:0.194521 pseudo_update_count:499037
   [Train] Epoch: [74][340/358]  Loss:0.131 (Avg 0.1616) IoU:0.776 (Avg 0.6685) Dice:0.8581 (Avg 0.7778) LR 8.15e-04   (AvgTime 1.1)   
   [Train] sup_loss:0.122226 lv_loss:0.041770 epi_loss:0.000016 total_loss:0.130580 pseudo_update_count:298763
[Train-Epoch-Metrics] epoch=74 sup_loss:0.155195 lv_loss:0.030336 epi_loss:0.000011 total_loss:0.161263 pseudo_update_count:142579397 labeled_seen:2858 unlabeled_seen:2858 Dice:0.777893 IoU:0.668565
Validation
   [Val] Epoch: [74][20/90]  Loss:0.538 (Avg 0.3524) IoU:0.321 (Avg 0.4475) Dice:0.4416 (Avg 0.5762) (AvgTime 0.5)   
   [Val] sup_loss:0.538382 lv_loss:0.000000 epi_loss:0.000000 total_loss:0.538382 pseudo_update_count:0
   [Val] Epoch: [74][40/90]  Loss:0.354 (Avg 0.3591) IoU:0.369 (Avg 0.4424) Dice:0.5007 (Avg 0.5727) (AvgTime 0.5)   
   [Val] sup_loss:0.353642 lv_loss:0.000000 epi_loss:0.000000 total_loss:0.353642 pseudo_update_count:0
   [Val] Epoch: [74][60/90]  Loss:0.281 (Avg 0.3659) IoU:0.591 (Avg 0.4470) Dice:0.7311 (Avg 0.5797) (AvgTime 0.5)   
   [Val] sup_loss:0.280726 lv_loss:0.000000 epi_loss:0.000000 total_loss:0.280726 pseudo_update_count:0
   [Val] Epoch: [74][80/90]  Loss:0.368 (Avg 0.3618) IoU:0.396 (Avg 0.4468) Dice:0.5332 (Avg 0.5796) (AvgTime 0.5)   
   [Val] sup_loss:0.368097 lv_loss:0.000000 epi_loss:0.000000 total_loss:0.368097 pseudo_update_count:0
[Val-Epoch-Metrics] epoch=74 sup_loss:0.362455 lv_loss:0.000000 epi_loss:0.000000 total_loss:0.362455 pseudo_update_count:0 labeled_seen:1429 unlabeled_seen:0 Dice:0.578523 IoU:0.445355
	 Mean dice:0.5785 does not increase, the best is still: 0.7911 in epoch 69
	 early_stopping_count: 5/100000

========= Epoch [75/76] =========
QaTa_Covid19_LViT_50pct_labels
Training with batch size : 16
[SemiSup] subset_ratio=0.5000 labeled_name_count=2858
   [Train] Epoch: [75][20/358]  Loss:0.159 (Avg 0.1694) IoU:0.604 (Avg 0.6479) Dice:0.7162 (Avg 0.7605) LR 6.89e-04   (AvgTime 1.2)   
   [Train] sup_loss:0.152580 lv_loss:0.034584 epi_loss:0.000009 total_loss:0.159498 pseudo_update_count:547651
   [Train] Epoch: [75][40/358]  Loss:0.190 (Avg 0.1665) IoU:0.684 (Avg 0.6483) Dice:0.8023 (Avg 0.7600) LR 6.89e-04   (AvgTime 1.2)   
   [Train] sup_loss:0.183362 lv_loss:0.035128 epi_loss:0.000009 total_loss:0.190388 pseudo_update_count:348629
   [Train] Epoch: [75][60/358]  Loss:0.213 (Avg 0.1627) IoU:0.644 (Avg 0.6553) Dice:0.7538 (Avg 0.7669) LR 6.89e-04   (AvgTime 1.1)   
   [Train] sup_loss:0.208164 lv_loss:0.025410 epi_loss:0.000012 total_loss:0.213247 pseudo_update_count:399829
   [Train] Epoch: [75][80/358]  Loss:0.125 (Avg 0.1636) IoU:0.660 (Avg 0.6634) Dice:0.7706 (Avg 0.7739) LR 6.89e-04   (AvgTime 1.1)   
   [Train] sup_loss:0.118738 lv_loss:0.031130 epi_loss:0.000009 total_loss:0.124964 pseudo_update_count:348958
   [Train] Epoch: [75][100/358]  Loss:0.127 (Avg 0.1620) IoU:0.636 (Avg 0.6644) Dice:0.7535 (Avg 0.7746) LR 6.89e-04   (AvgTime 1.1)   
   [Train] sup_loss:0.120627 lv_loss:0.029762 epi_loss:0.000010 total_loss:0.126580 pseudo_update_count:498968
   [Train] Epoch: [75][120/358]  Loss:0.174 (Avg 0.1656) IoU:0.688 (Avg 0.6618) Dice:0.8019 (Avg 0.7718) LR 6.89e-04   (AvgTime 1.1)   
   [Train] sup_loss:0.164564 lv_loss:0.048581 epi_loss:0.000014 total_loss:0.174280 pseudo_update_count:397297
   [Train] Epoch: [75][140/358]  Loss:0.112 (Avg 0.1638) IoU:0.699 (Avg 0.6628) Dice:0.8094 (Avg 0.7731) LR 6.89e-04   (AvgTime 1.1)   
   [Train] sup_loss:0.104522 lv_loss:0.039559 epi_loss:0.000018 total_loss:0.112435 pseudo_update_count:498043
   [Train] Epoch: [75][160/358]  Loss:0.290 (Avg 0.1642) IoU:0.547 (Avg 0.6639) Dice:0.6663 (Avg 0.7741) LR 6.89e-04   (AvgTime 1.1)   
   [Train] sup_loss:0.284236 lv_loss:0.026383 epi_loss:0.000011 total_loss:0.289513 pseudo_update_count:349355
   [Train] Epoch: [75][180/358]  Loss:0.164 (Avg 0.1650) IoU:0.672 (Avg 0.6620) Dice:0.7986 (Avg 0.7729) LR 6.89e-04   (AvgTime 1.1)   
   [Train] sup_loss:0.158402 lv_loss:0.026701 epi_loss:0.000012 total_loss:0.163743 pseudo_update_count:648482
   [Train] Epoch: [75][200/358]  Loss:0.147 (Avg 0.1645) IoU:0.741 (Avg 0.6625) Dice:0.8439 (Avg 0.7734) LR 6.89e-04   (AvgTime 1.1)   
   [Train] sup_loss:0.140595 lv_loss:0.032223 epi_loss:0.000008 total_loss:0.147040 pseudo_update_count:398968
   [Train] Epoch: [75][220/358]  Loss:0.179 (Avg 0.1649) IoU:0.615 (Avg 0.6599) Dice:0.7414 (Avg 0.7713) LR 6.89e-04   (AvgTime 1.1)   
   [Train] sup_loss:0.172274 lv_loss:0.031746 epi_loss:0.000009 total_loss:0.178624 pseudo_update_count:299210
   [Train] Epoch: [75][240/358]  Loss:0.145 (Avg 0.1642) IoU:0.692 (Avg 0.6618) Dice:0.7979 (Avg 0.7725) LR 6.89e-04   (AvgTime 1.1)   
   [Train] sup_loss:0.138748 lv_loss:0.029926 epi_loss:0.000012 total_loss:0.144734 pseudo_update_count:449240
   [Train] Epoch: [75][260/358]  Loss:0.121 (Avg 0.1626) IoU:0.728 (Avg 0.6627) Dice:0.8261 (Avg 0.7727) LR 6.89e-04   (AvgTime 1.1)   
   [Train] sup_loss:0.115217 lv_loss:0.029105 epi_loss:0.000015 total_loss:0.121039 pseudo_update_count:349390
   [Train] Epoch: [75][280/358]  Loss:0.187 (Avg 0.1624) IoU:0.665 (Avg 0.6643) Dice:0.7802 (Avg 0.7741) LR 6.89e-04   (AvgTime 1.1)   
   [Train] sup_loss:0.181327 lv_loss:0.030190 epi_loss:0.000007 total_loss:0.187365 pseudo_update_count:398652
   [Train] Epoch: [75][300/358]  Loss:0.081 (Avg 0.1619) IoU:0.690 (Avg 0.6641) Dice:0.7815 (Avg 0.7737) LR 6.89e-04   (AvgTime 1.1)   
   [Train] sup_loss:0.074804 lv_loss:0.032387 epi_loss:0.000009 total_loss:0.081282 pseudo_update_count:249582
   [Train] Epoch: [75][320/358]  Loss:0.114 (Avg 0.1616) IoU:0.671 (Avg 0.6639) Dice:0.7974 (Avg 0.7734) LR 6.89e-04   (AvgTime 1.1)   
   [Train] sup_loss:0.107730 lv_loss:0.030556 epi_loss:0.000012 total_loss:0.113842 pseudo_update_count:399181
   [Train] Epoch: [75][340/358]  Loss:0.114 (Avg 0.1611) IoU:0.706 (Avg 0.6652) Dice:0.7996 (Avg 0.7745) LR 6.89e-04   (AvgTime 1.1)   
   [Train] sup_loss:0.109195 lv_loss:0.024550 epi_loss:0.000007 total_loss:0.114105 pseudo_update_count:399634
[Train-Epoch-Metrics] epoch=75 sup_loss:0.154447 lv_loss:0.029823 epi_loss:0.000011 total_loss:0.160412 pseudo_update_count:142574827 labeled_seen:2858 unlabeled_seen:2858 Dice:0.775450 IoU:0.666301
Validation
   [Val] Epoch: [75][20/90]  Loss:0.076 (Avg 0.1594) IoU:0.830 (Avg 0.6726) Dice:0.9000 (Avg 0.7813) (AvgTime 0.5)   
   [Val] sup_loss:0.076460 lv_loss:0.000000 epi_loss:0.000000 total_loss:0.076460 pseudo_update_count:0
   [Val] Epoch: [75][40/90]  Loss:0.195 (Avg 0.1630) IoU:0.609 (Avg 0.6737) Dice:0.7285 (Avg 0.7816) (AvgTime 0.5)   
   [Val] sup_loss:0.195161 lv_loss:0.000000 epi_loss:0.000000 total_loss:0.195161 pseudo_update_count:0
   [Val] Epoch: [75][60/90]  Loss:0.121 (Avg 0.1592) IoU:0.773 (Avg 0.6808) Dice:0.8543 (Avg 0.7873) (AvgTime 0.5)   
   [Val] sup_loss:0.121329 lv_loss:0.000000 epi_loss:0.000000 total_loss:0.121329 pseudo_update_count:0
   [Val] Epoch: [75][80/90]  Loss:0.117 (Avg 0.1612) IoU:0.758 (Avg 0.6773) Dice:0.8556 (Avg 0.7844) (AvgTime 0.5)   
   [Val] sup_loss:0.117005 lv_loss:0.000000 epi_loss:0.000000 total_loss:0.117005 pseudo_update_count:0
[Val-Epoch-Metrics] epoch=75 sup_loss:0.161645 lv_loss:0.000000 epi_loss:0.000000 total_loss:0.161645 pseudo_update_count:0 labeled_seen:1429 unlabeled_seen:0 Dice:0.784676 IoU:0.677174
	 Mean dice:0.7847 does not increase, the best is still: 0.7911 in epoch 69
	 early_stopping_count: 6/100000
