split,image_name,mask_name,height,width,mask_area,mask_area_ratio,bbox_area_ratio,centroid_x,centroid_y,component_count,largest_component_ratio,text_laterality,text_area_count,description
Train,bjorke_1.png,bjorke_1.png,512,512,37944,0.144744873046875,0.3818359375,0.4429058189780552,0.5959734976624322,2,0.6144317942230656,Bilateral,2.0,"Bilateral pulmonary infection, two infected areas, all left lung and middle right lung."
Train,bjorke_10.png,bjorke_10.png,512,512,30115,0.11487960815429688,0.254058837890625,0.5108343652008461,0.4962438506273895,2,0.5497592561846256,Bilateral,2.0,"Bilateral pulmonary infection, two infected areas, upper left lung and middle right lung."
Train,bjorke_100.png,bjorke_100.png,512,512,18511,0.07061386108398438,0.364105224609375,0.37084672032422467,0.5685407766747037,10,0.31165253092755657,Bilateral,9.0,"Bilateral pulmonary infection, nine infected areas, middle left lung and middle right lung."
Train,bjorke_11.png,bjorke_11.png,512,512,17197,0.06560134887695312,0.6093521118164062,0.42420075772101973,0.7336190595296795,9,0.42757457696109785,Bilateral,9.0,"Bilateral pulmonary infection, nine infected areas, middle left lung and middle right lung."
Train,bjorke_12.png,bjorke_12.png,512,512,23628,0.0901336669921875,0.2568702697753906,0.4250281681788531,0.49372498117428093,3,0.7540629761300153,Bilateral,3.0,"Bilateral pulmonary infection, three infected areas, upper left lung and upper right lung."
Train,bjorke_13.png,bjorke_13.png,512,512,14920,0.056915283203125,0.21185302734375,0.513881995561455,0.6243938972628973,7,0.560254691689008,Bilateral,9.0,"Bilateral pulmonary infection, nine infected areas, middle left lung and middle right lung."
Train,bjorke_14.png,bjorke_14.png,512,512,16684,0.0636444091796875,0.5921173095703125,0.5874810744770644,0.48733321259784146,9,0.2967513785662911,Bilateral,9.0,"Bilateral pulmonary infection, nine infected areas, all left lung and all right lung.."
Train,bjorke_15.png,bjorke_15.png,512,512,10473,0.039951324462890625,0.3173332214355469,0.5934288580663015,0.7069340357639428,7,0.37544161176358254,Bilateral,8.0,"Bilateral pulmonary infection, eight infected areas, lower left lung and middle right lung."
Train,bjorke_16.png,bjorke_16.png,512,512,28840,0.110015869140625,0.4350929260253906,0.2632493601244195,0.6317802383621356,6,0.9111650485436893,Bilateral,6.0,"Bilateral pulmonary infection, six infected areas, middle left lung and middle right lung."
Train,bjorke_17.png,bjorke_17.png,512,512,5194,0.01981353759765625,0.6286468505859375,0.3659675811394602,0.4591041748457312,13,0.4782441278398152,Bilateral,9.0,"Bilateral pulmonary infection, nine infected areas, middle left lung and all right lung.."
Train,bjorke_18.png,bjorke_18.png,512,512,7334,0.02797698974609375,0.3307342529296875,0.38176212765571393,0.32772354265605813,5,0.6655304063266976,Bilateral,5.0,"Bilateral pulmonary infection, five infected areas, upper left lung and upper right lung."
Train,bjorke_19.png,bjorke_19.png,512,512,9194,0.03507232666015625,0.34551239013671875,0.5971174938816135,0.6555460103947652,10,0.20546008266260604,Bilateral,9.0,"Bilateral pulmonary infection, nine infected areas, middle left lung and middle right lung."
Train,bjorke_2.png,bjorke_2.png,512,512,66746,0.25461578369140625,0.610382080078125,0.44367049590634894,0.6041189946781333,10,0.5778323794684326,Bilateral,9.0,"Bilateral pulmonary infection, nine infected areas, all left lung and all right lung.."
Train,bjorke_20.png,bjorke_20.png,512,512,43538,0.16608428955078125,0.6012153625488281,0.4555219054654912,0.5148217015183173,7,0.5260002756212964,Bilateral,8.0,"Bilateral pulmonary infection, eight infected areas, all left lung and all right lung.."
Train,bjorke_21.png,bjorke_21.png,512,512,9921,0.037845611572265625,0.3553466796875,0.5502508959725076,0.4764644606283968,14,0.28767261364781777,Bilateral,9.0,"Bilateral pulmonary infection, nine infected areas, upper left lung and middle right lung."
Train,bjorke_22.png,bjorke_22.png,512,512,17347,0.06617355346679688,0.6133918762207031,0.4834210013021872,0.5265427669159395,7,0.38617628408370325,Bilateral,7.0,"Bilateral pulmonary infection, seven infected areas, middle left lung and all right lung.."
Train,bjorke_23.png,bjorke_23.png,512,512,289,0.001102447509765625,0.001750946044921875,0.42517216395018925,0.6126463478219653,1,1.0,Unilateral,1.0,"Unilateral pulmonary infection, one infected areas, middle left lung."
Train,bjorke_24.png,bjorke_24.png,512,512,34578,0.13190460205078125,0.32541656494140625,0.4978300852809706,0.55135993056454,4,0.5318121348834519,Bilateral,4.0,"Bilateral pulmonary infection, four infected areas, middle left lung and middle right lung."
Train,bjorke_25.png,bjorke_25.png,512,512,2423,0.009243011474609375,0.21697998046875,0.73483325566388,0.7488711007444152,4,0.6335121749896823,Bilateral,4.0,"Bilateral pulmonary infection, four infected areas, lower left lung and middle right lung."
Train,bjorke_26.png,bjorke_26.png,512,512,28049,0.10699844360351562,0.5550155639648438,0.4986893568070247,0.571804346586931,8,0.3758422760169703,Bilateral,9.0,"Bilateral pulmonary infection, nine infected areas, all left lung and all right lung.."
Train,bjorke_27.png,bjorke_27.png,512,512,6843,0.026103973388671875,0.08960723876953125,0.6928076257738206,0.6689147393897173,2,0.8958059330702908,Unilateral,2.0,"Unilateral pulmonary infection, two infected areas, left lung and middle right lung."
Train,bjorke_28.png,bjorke_28.png,512,512,5335,0.020351409912109375,0.054836273193359375,0.6877919143418367,0.7348609870570045,1,1.0,Unilateral,1.0,"Unilateral pulmonary infection, one infected areas, left lung and middle right lung."
Train,bjorke_29.png,bjorke_29.png,512,512,12931,0.049327850341796875,0.18627166748046875,0.5231875765106411,0.6466688085988842,5,0.4977186605830949,Bilateral,6.0,"Bilateral pulmonary infection, six infected areas, middle left lung and middle right lung."
Train,bjorke_3.png,bjorke_3.png,512,512,970,0.00370025634765625,0.0055389404296875,0.6143220287691408,0.6869227510238667,1,1.0,Unilateral,1.0,"Unilateral pulmonary infection, one infected areas, left lung and middle right lung."
Train,bjorke_30.png,bjorke_30.png,512,512,53763,0.20508956909179688,0.47259521484375,0.5044657655820958,0.5100463937307221,4,0.5207670702899764,Bilateral,2.0,"Bilateral pulmonary infection, two infected areas, all left lung and all right lung.."
Train,bjorke_31.png,bjorke_31.png,512,512,27725,0.10576248168945312,0.48345947265625,0.5366653549768042,0.6422315197309331,10,0.5073038773669973,Bilateral,9.0,"Bilateral pulmonary infection, nine infected areas, all left lung and middle right lung."
Train,bjorke_32.png,bjorke_32.png,512,512,19523,0.07447433471679688,0.6443672180175781,0.5401604189468732,0.5649153043732953,7,0.30604927521385034,Bilateral,7.0,"Bilateral pulmonary infection, seven infected areas, middle left lung and all right lung.."
Train,bjorke_33.png,bjorke_33.png,512,512,66346,0.25308990478515625,0.6240234375,0.5496419971845399,0.6003329635900935,2,0.5025924697796401,Bilateral,3.0,"Bilateral pulmonary infection, three infected areas, all left lung and middle right lung."
Train,bjorke_34.png,bjorke_34.png,512,512,8562,0.03266143798828125,0.17265701293945312,0.7227395340353842,0.4782061637664445,4,0.5141322120999766,Unilateral,4.0,"Unilateral pulmonary infection, four infected areas, left lung and all right lung.."
Train,bjorke_35.png,bjorke_35.png,512,512,14446,0.05510711669921875,0.4907188415527344,0.36687909599499097,0.6724352762010245,4,0.7891457843001523,Bilateral,5.0,"Bilateral pulmonary infection, five infected areas, middle left lung and upper right lung."
Train,bjorke_36.png,bjorke_36.png,512,512,13839,0.052791595458984375,0.5741424560546875,0.4694932455697892,0.7774077598279007,5,0.6426764939663271,Bilateral,4.0,"Bilateral pulmonary infection, four infected areas, middle left lung and upper right lung."
Train,bjorke_37.png,bjorke_37.png,512,512,13488,0.05145263671875,0.25252532958984375,0.5966352928340448,0.7144615609613416,7,0.35802194543297744,Bilateral,7.0,"Bilateral pulmonary infection, seven infected areas, middle left lung and middle right lung."
Train,bjorke_38.png,bjorke_38.png,512,512,10592,0.0404052734375,0.200103759765625,0.5186876260043396,0.6859801881270656,6,0.49150302114803623,Bilateral,7.0,"Bilateral pulmonary infection, seven infected areas, middle left lung and middle right lung."
Train,bjorke_39.png,bjorke_39.png,512,512,15576,0.059417724609375,0.5226058959960938,0.5512664624285242,0.5513973778717219,9,0.4110169491525424,Bilateral,9.0,"Bilateral pulmonary infection, nine infected areas, all left lung and middle right lung."
Train,bjorke_4.png,bjorke_4.png,512,512,19062,0.07271575927734375,0.26641845703125,0.5278169434132025,0.6399703840039126,7,0.36328821739586614,Bilateral,9.0,"Bilateral pulmonary infection, nine infected areas, middle left lung and middle right lung."
Train,bjorke_40.png,bjorke_40.png,512,512,21325,0.08134841918945312,0.4185676574707031,0.5488181920377717,0.5924523782758218,8,0.49458382180539273,Bilateral,9.0,"Bilateral pulmonary infection, nine infected areas, middle left lung and middle right lung."
Train,bjorke_41.png,bjorke_41.png,512,512,6251,0.023845672607421875,0.3379669189453125,0.6428507250972917,0.5281371810255956,5,0.5843864981602943,Bilateral,5.0,"Bilateral pulmonary infection, five infected areas, middle left lung and middle right lung."
Train,bjorke_42.png,bjorke_42.png,512,512,23187,0.08845138549804688,0.27391815185546875,0.4910862985256348,0.5771036084816067,6,0.529952128347781,Bilateral,7.0,"Bilateral pulmonary infection, seven infected areas, middle left lung and middle right lung."
Train,bjorke_43.png,bjorke_43.png,512,512,25259,0.09635543823242188,0.5711746215820312,0.5061800839196336,0.6721384848275196,10,0.4276891405043747,Bilateral,9.0,"Bilateral pulmonary infection, nine infected areas, all left lung and all right lung.."
Train,bjorke_44.png,bjorke_44.png,512,512,14703,0.056087493896484375,0.5564346313476562,0.4833704744681817,0.7400535827918554,12,0.4191661565666871,Bilateral,9.0,"Bilateral pulmonary infection, nine infected areas, middle left lung and middle right lung."
Train,bjorke_45.png,bjorke_45.png,512,512,4682,0.01786041259765625,0.5337066650390625,0.4889730499702821,0.6962819675803824,13,0.1388295600170867,Bilateral,9.0,"Bilateral pulmonary infection, nine infected areas, middle left lung and middle right lung."
Train,bjorke_46.png,bjorke_46.png,512,512,13499,0.051494598388671875,0.658294677734375,0.596725944329572,0.5945741577726493,14,0.20334839617749462,Bilateral,9.0,"Bilateral pulmonary infection, nine infected areas, all left lung and all right lung.."
Train,bjorke_47.png,bjorke_47.png,512,512,4611,0.017589569091796875,0.313201904296875,0.26116607907322786,0.40108079844802336,6,0.5924962047278247,Bilateral,6.0,"Bilateral pulmonary infection, six infected areas, upper left lung and middle right lung."
Train,bjorke_48.png,bjorke_48.png,512,512,24797,0.09459304809570312,0.3013420104980469,0.5458000372022782,0.4869178433380024,7,0.5328063878695003,Bilateral,8.0,"Bilateral pulmonary infection, eight infected areas, middle left lung and upper right lung."
Train,bjorke_49.png,bjorke_49.png,512,512,0,0.0,0.0,,,0,0.0,Unknown,,"No pulmonary infection, zero infected areas."
Train,bjorke_5.png,bjorke_5.png,512,512,7978,0.03043365478515625,0.3507080078125,0.4867264625469552,0.33799970466728707,10,0.3957132113311607,Bilateral,9.0,"Bilateral pulmonary infection, nine infected areas, upper left lung and upper right lung."
Train,bjorke_50.png,bjorke_50.png,512,512,7180,0.0273895263671875,0.12058258056640625,0.5314782310069829,0.5824692421326908,4,0.5621169916434541,Bilateral,4.0,"Bilateral pulmonary infection, four infected areas, middle left lung and middle right lung."
Train,bjorke_51.png,bjorke_51.png,512,512,10394,0.03964996337890625,0.24382781982421875,0.5942030759127556,0.6546522963910761,22,0.13171060227054068,Bilateral,9.0,"Bilateral pulmonary infection, nine infected areas, middle left lung and middle right lung."
Train,bjorke_52.png,bjorke_52.png,512,512,57718,0.22017669677734375,0.674468994140625,0.47979185389465984,0.5017832841220242,6,0.5287085484597526,Bilateral,8.0,"Bilateral pulmonary infection, eight infected areas, all left lung and all right lung.."
Train,bjorke_53.png,bjorke_53.png,512,512,5629,0.021472930908203125,0.10374069213867188,0.48309443095738136,0.6701763546965863,3,0.49493693373600994,Bilateral,3.0,"Bilateral pulmonary infection, three infected areas, middle left lung and middle right lung."
Train,bjorke_54.png,bjorke_54.png,512,512,41776,0.15936279296875,0.6383819580078125,0.5040896054701582,0.5649734470526248,5,0.5343498659517426,Bilateral,6.0,"Bilateral pulmonary infection, six infected areas, middle left lung and all right lung.."
Train,bjorke_55.png,bjorke_55.png,512,512,16333,0.062305450439453125,0.14691162109375,0.5524944815959142,0.6577114537542581,2,0.5960325720933081,Bilateral,2.0,"Bilateral pulmonary infection, two infected areas, middle left lung and middle right lung."
Train,bjorke_56.png,bjorke_56.png,512,512,38162,0.14557647705078125,0.359527587890625,0.479416620318098,0.47386556087853293,6,0.63644463078455,Bilateral,3.0,"Bilateral pulmonary infection, three infected areas, all left lung and all right lung.."
Train,bjorke_57.png,bjorke_57.png,512,512,5159,0.019680023193359375,0.523162841796875,0.49596642805744073,0.6489155614663107,15,0.1504167474316728,Bilateral,9.0,"Bilateral pulmonary infection, nine infected areas, middle left lung and all right lung.."
Train,bjorke_58.png,bjorke_58.png,512,512,28624,0.10919189453125,0.6481857299804688,0.4750864573568196,0.6225912813573709,9,0.4031232532140861,Bilateral,9.0,"Bilateral pulmonary infection, nine infected areas, all left lung and all right lung.."
Train,bjorke_59.png,bjorke_59.png,512,512,36414,0.13890838623046875,0.513519287109375,0.5206253331308349,0.675996211001188,6,0.4892623716153128,Bilateral,6.0,"Bilateral pulmonary infection, six infected areas, middle left lung and middle right lung."
Train,bjorke_6.png,bjorke_6.png,512,512,5377,0.020511627197265625,0.14051437377929688,0.23033926847226008,0.40026611860985056,6,0.5159010600706714,Unilateral,6.0,"Unilateral pulmonary infection, six infected areas, upper left lung."
Train,bjorke_60.png,bjorke_60.png,512,512,42400,0.1617431640625,0.4131317138671875,0.47536332754864674,0.4877913728168962,7,0.5443396226415095,Bilateral,7.0,"Bilateral pulmonary infection, seven infected areas, all left lung and all right lung.."
Train,bjorke_61.png,bjorke_61.png,512,512,73527,0.2804832458496094,0.6936874389648438,0.49439796028440847,0.5108323826994128,7,0.502237273382567,Bilateral,7.0,"Bilateral pulmonary infection, seven infected areas, all left lung and all right lung.."
Train,bjorke_62.png,bjorke_62.png,512,512,5766,0.02199554443359375,0.6427383422851562,0.41323691821888625,0.4844272348940717,12,0.2027402011793271,Bilateral,9.0,"Bilateral pulmonary infection, nine infected areas, upper left lung and middle right lung."
Train,bjorke_63.png,bjorke_63.png,512,512,4186,0.01596832275390625,0.07373046875,0.47250970759862104,0.6093721219646515,3,0.6825131390348782,Bilateral,3.0,"Bilateral pulmonary infection, three infected areas, middle left lung and middle right lung."
Train,bjorke_64.png,bjorke_64.png,512,512,7553,0.028812408447265625,0.3393402099609375,0.5038223041193829,0.7098567384093049,6,0.4398252350059579,Bilateral,7.0,"Bilateral pulmonary infection, seven infected areas, middle left lung and middle right lung."
Train,bjorke_65.png,bjorke_65.png,512,512,2167,0.008266448974609375,0.22449493408203125,0.37121039033284353,0.4192553847654327,5,0.34610059990770653,Bilateral,5.0,"Bilateral pulmonary infection, five infected areas, upper left lung and middle right lung."
Train,bjorke_66.png,bjorke_66.png,512,512,8675,0.033092498779296875,0.331512451171875,0.6950451451355483,0.500363980892977,3,0.8013832853025936,Bilateral,3.0,"Bilateral pulmonary infection, three infected areas, middle left lung and upper right lung."
Train,bjorke_67.png,bjorke_67.png,512,512,4634,0.01767730712890625,0.2426605224609375,0.44993906183091537,0.5620783843065844,7,0.37181700474751833,Bilateral,8.0,"Bilateral pulmonary infection, eight infected areas, middle left lung and middle right lung."
Train,bjorke_68.png,bjorke_68.png,512,512,13778,0.05255889892578125,0.4511833190917969,0.452940093668712,0.7957704488763533,4,0.6446508927275366,Bilateral,4.0,"Bilateral pulmonary infection, four infected areas, middle left lung and lower right lung."
Train,bjorke_69.png,bjorke_69.png,512,512,15339,0.058513641357421875,0.38878631591796875,0.45504322468761754,0.5157505604901311,30,0.14042636416976334,Bilateral,9.0,"Bilateral pulmonary infection, nine infected areas, all left lung and middle right lung."
Train,bjorke_7.png,bjorke_7.png,512,512,7792,0.02972412109375,0.08219146728515625,0.6909133558630057,0.6598787154872074,2,0.6624743326488707,Unilateral,2.0,"Unilateral pulmonary infection, two infected areas, left lung and middle right lung."
Train,bjorke_70.png,bjorke_70.png,512,512,38315,0.14616012573242188,0.6858062744140625,0.5863214424255827,0.5810596729704558,6,0.36633172386793683,Bilateral,6.0,"Bilateral pulmonary infection, six infected areas, all left lung and all right lung.."
Train,bjorke_71.png,bjorke_71.png,512,512,20260,0.0772857666015625,0.426483154296875,0.5378852800095818,0.65095538817293,9,0.3435340572556762,Bilateral,9.0,"Bilateral pulmonary infection, nine infected areas, middle left lung and middle right lung."
Train,bjorke_72.png,bjorke_72.png,512,512,28168,0.107452392578125,0.4409980773925781,0.5130064594262771,0.498303094488701,8,0.4818943481965351,Bilateral,8.0,"Bilateral pulmonary infection, eight infected areas, middle left lung and upper right lung."
Train,bjorke_73.png,bjorke_73.png,512,512,30738,0.11725616455078125,0.4599571228027344,0.5051880300383559,0.6540351323520966,10,0.44563732188170996,Bilateral,9.0,"Bilateral pulmonary infection, nine infected areas, middle left lung and middle right lung."
Train,bjorke_74.png,bjorke_74.png,512,512,11110,0.04238128662109375,0.1977996826171875,0.5651862446518624,0.5846697585609834,5,0.4565256525652565,Bilateral,4.0,"Bilateral pulmonary infection, four infected areas, middle left lung and middle right lung."
Train,bjorke_75.png,bjorke_75.png,512,512,4691,0.017894744873046875,0.06878280639648438,0.4851410099115557,0.7559518768712707,2,0.6358985290982733,Bilateral,2.0,"Bilateral pulmonary infection, two infected areas, lower left lung and lower right lung."
Train,bjorke_76.png,bjorke_76.png,512,512,18769,0.07159805297851562,0.43872833251953125,0.48627160224540633,0.4985204295003242,14,0.2796632745484576,Bilateral,9.0,"Bilateral pulmonary infection, nine infected areas, all left lung and all right lung.."
Train,bjorke_77.png,bjorke_77.png,512,512,37278,0.14220428466796875,0.4855384826660156,0.45122840195037467,0.5830380168930138,6,0.5820322978700574,Bilateral,6.0,"Bilateral pulmonary infection, six infected areas, all left lung and all right lung.."
Train,bjorke_78.png,bjorke_78.png,512,512,23211,0.08854293823242188,0.23565673828125,0.46447147292754865,0.5398912942029899,9,0.5313859807849727,Bilateral,9.0,"Bilateral pulmonary infection, nine infected areas, middle left lung and middle right lung."
Train,bjorke_79.png,bjorke_79.png,512,512,22545,0.08600234985351562,0.3897361755371094,0.47838621517565,0.5963005929866728,4,0.4738522954091816,Bilateral,4.0,"Bilateral pulmonary infection, four infected areas, middle left lung and all right lung.."
Train,bjorke_8.png,bjorke_8.png,512,512,70570,0.26920318603515625,0.6733474731445312,0.4382596064974972,0.5252823319866439,2,0.5876151339095933,Bilateral,2.0,"Bilateral pulmonary infection, two infected areas, all left lung and all right lung.."
Train,bjorke_80.png,bjorke_80.png,512,512,56611,0.21595382690429688,0.4711151123046875,0.4765735853580488,0.5298752384393082,2,0.5077988376817226,Bilateral,2.0,"Bilateral pulmonary infection, two infected areas, all left lung and all right lung.."
Train,Jun_coronacases_case10_100.png,Jun_coronacases_case10_100.png,512,512,6309,0.024066925048828125,0.12860107421875,0.4974169476152944,0.5270217832506539,3,0.5029323189094944,Bilateral,3.0,"Bilateral pulmonary infection, three infected areas, middle left lung and middle right lung."
Train,Jun_coronacases_case10_101.png,Jun_coronacases_case10_101.png,512,512,6016,0.02294921875,0.12371063232421875,0.5004976943415081,0.5242819539284674,2,0.5325797872340425,Bilateral,2.0,"Bilateral pulmonary infection, two infected areas, middle left lung and middle right lung."
Train,Jun_coronacases_case10_102.png,Jun_coronacases_case10_102.png,512,512,6190,0.02361297607421875,0.1226348876953125,0.49381712186501175,0.5252809752488864,2,0.541357027463651,Bilateral,2.0,"Bilateral pulmonary infection, two infected areas, middle left lung and middle right lung."
Train,Jun_coronacases_case10_103.png,Jun_coronacases_case10_103.png,512,512,6683,0.025493621826171875,0.12617874145507812,0.5113031780552519,0.5242389999686677,2,0.5074068532096364,Bilateral,2.0,"Bilateral pulmonary infection, two infected areas, middle left lung and middle right lung."
Train,Jun_coronacases_case10_104.png,Jun_coronacases_case10_104.png,512,512,6364,0.0242767333984375,0.126708984375,0.5114135775970755,0.5265725380411586,2,0.5146134506599623,Bilateral,2.0,"Bilateral pulmonary infection, two infected areas, middle left lung and middle right lung."
Train,Jun_coronacases_case10_105.png,Jun_coronacases_case10_105.png,512,512,5743,0.021907806396484375,0.11707305908203125,0.48439229856273597,0.5296324326424102,4,0.49259968657496084,Bilateral,4.0,"Bilateral pulmonary infection, four infected areas, middle left lung and middle right lung."
Train,Jun_coronacases_case10_106.png,Jun_coronacases_case10_106.png,512,512,6385,0.024356842041015625,0.1154327392578125,0.4802375920814899,0.5293782670060547,3,0.5406421299921691,Bilateral,3.0,"Bilateral pulmonary infection, three infected areas, middle left lung and middle right lung."
Train,Jun_coronacases_case10_107.png,Jun_coronacases_case10_107.png,512,512,6229,0.023761749267578125,0.12469863891601562,0.4650129326906311,0.5304338428391411,2,0.5997752448226039,Bilateral,2.0,"Bilateral pulmonary infection, two infected areas, middle left lung and middle right lung."
Train,Jun_coronacases_case10_108.png,Jun_coronacases_case10_108.png,512,512,6154,0.02347564697265625,0.1182708740234375,0.45754086089139356,0.533302445325364,2,0.6134221644458888,Bilateral,2.0,"Bilateral pulmonary infection, two infected areas, middle left lung and middle right lung."
Train,Jun_coronacases_case10_109.png,Jun_coronacases_case10_109.png,512,512,6001,0.022891998291015625,0.12012481689453125,0.4516657530333333,0.5339556910117068,2,0.6242292951174804,Bilateral,2.0,"Bilateral pulmonary infection, two infected areas, middle left lung and middle right lung."
Train,Jun_coronacases_case10_110.png,Jun_coronacases_case10_110.png,512,512,6394,0.02439117431640625,0.12829971313476562,0.44511549783401394,0.5277786109409078,2,0.638880200187676,Bilateral,2.0,"Bilateral pulmonary infection, two infected areas, middle left lung and middle right lung."
Train,Jun_coronacases_case10_111.png,Jun_coronacases_case10_111.png,512,512,6160,0.02349853515625,0.12575912475585938,0.4467554705568404,0.5289570996518158,2,0.6311688311688312,Bilateral,2.0,"Bilateral pulmonary infection, two infected areas, middle left lung and middle right lung."
Train,Jun_coronacases_case10_112.png,Jun_coronacases_case10_112.png,512,512,7035,0.026836395263671875,0.1435089111328125,0.43111114820084645,0.5207988572652533,2,0.661407249466951,Bilateral,2.0,"Bilateral pulmonary infection, two infected areas, middle left lung and middle right lung."
Train,Jun_coronacases_case10_113.png,Jun_coronacases_case10_113.png,512,512,6837,0.026081085205078125,0.13141632080078125,0.3925251888610007,0.5287506937473578,2,0.7463799912242212,Bilateral,2.0,"Bilateral pulmonary infection, two infected areas, middle left lung and middle right lung."
Train,Jun_coronacases_case10_114.png,Jun_coronacases_case10_114.png,512,512,6629,0.025287628173828125,0.12762451171875,0.41728879716385836,0.5312865045629135,2,0.7090058832403078,Bilateral,2.0,"Bilateral pulmonary infection, two infected areas, middle left lung and middle right lung."
Train,Jun_coronacases_case10_115.png,Jun_coronacases_case10_115.png,512,512,7159,0.027309417724609375,0.131378173828125,0.41109011442359444,0.5263862574690787,2,0.720352004469898,Bilateral,2.0,"Bilateral pulmonary infection, two infected areas, middle left lung and middle right lung."
Train,Jun_coronacases_case10_116.png,Jun_coronacases_case10_116.png,512,512,7211,0.027507781982421875,0.128936767578125,0.4174343882647217,0.5301182879711117,2,0.7129385660796006,Bilateral,2.0,"Bilateral pulmonary infection, two infected areas, middle left lung and middle right lung."
Train,Jun_coronacases_case10_117.png,Jun_coronacases_case10_117.png,512,512,6680,0.025482177734375,0.1190185546875,0.42715908691423415,0.5349291632000187,2,0.693562874251497,Bilateral,2.0,"Bilateral pulmonary infection, two infected areas, middle left lung and middle right lung."
Train,Jun_coronacases_case10_118.png,Jun_coronacases_case10_118.png,512,512,6760,0.025787353515625,0.11705398559570312,0.4450838939774661,0.5367193923042185,2,0.6653846153846154,Bilateral,2.0,"Bilateral pulmonary infection, two infected areas, middle left lung and middle right lung."
Train,Jun_coronacases_case10_119.png,Jun_coronacases_case10_119.png,512,512,7058,0.02692413330078125,0.12099838256835938,0.4457749849028375,0.5291005085622678,2,0.6644941909889487,Bilateral,2.0,"Bilateral pulmonary infection, two infected areas, middle left lung and middle right lung."
Train,Jun_coronacases_case10_120.png,Jun_coronacases_case10_120.png,512,512,7704,0.029388427734375,0.12808990478515625,0.46690031152647976,0.5386984777267712,2,0.6100726895119418,Bilateral,2.0,"Bilateral pulmonary infection, two infected areas, middle left lung and middle right lung."
Train,Jun_coronacases_case10_121.png,Jun_coronacases_case10_121.png,512,512,7906,0.03015899658203125,0.1392822265625,0.4580446964157619,0.5339614244278293,2,0.6256008095117632,Bilateral,2.0,"Bilateral pulmonary infection, two infected areas, middle left lung and middle right lung."
Train,Jun_coronacases_case10_122.png,Jun_coronacases_case10_122.png,512,512,8358,0.03188323974609375,0.14220428466796875,0.459896865747056,0.5306885747346368,2,0.6190476190476191,Bilateral,2.0,"Bilateral pulmonary infection, two infected areas, middle left lung and middle right lung."
Train,Jun_coronacases_case10_123.png,Jun_coronacases_case10_123.png,512,512,7732,0.0294952392578125,0.1322479248046875,0.45190243003635483,0.5349924526429923,2,0.6403259182617693,Bilateral,2.0,"Bilateral pulmonary infection, two infected areas, middle left lung and middle right lung."
Train,Jun_coronacases_case10_124.png,Jun_coronacases_case10_124.png,512,512,7581,0.028919219970703125,0.12897491455078125,0.4440359834595243,0.5359358329906546,2,0.6570373301675241,Bilateral,2.0,"Bilateral pulmonary infection, two infected areas, middle left lung and middle right lung."
Train,Jun_coronacases_case10_125.png,Jun_coronacases_case10_125.png,512,512,7627,0.029094696044921875,0.13422775268554688,0.43759565679349577,0.5349647469836919,2,0.6636947685852891,Bilateral,2.0,"Bilateral pulmonary infection, two infected areas, middle left lung and middle right lung."
Train,Jun_coronacases_case10_126.png,Jun_coronacases_case10_126.png,512,512,7487,0.028560638427734375,0.12615966796875,0.4619811979381352,0.5372255157471908,2,0.6172031521303593,Bilateral,2.0,"Bilateral pulmonary infection, two infected areas, middle left lung and middle right lung."
Train,Jun_coronacases_case10_127.png,Jun_coronacases_case10_127.png,512,512,7548,0.0287933349609375,0.2398834228515625,0.4693901625811376,0.5348600010163266,4,0.4039480657127716,Bilateral,4.0,"Bilateral pulmonary infection, four infected areas, upper left lung and middle right lung."
Train,Jun_coronacases_case10_128.png,Jun_coronacases_case10_128.png,512,512,6905,0.026340484619140625,0.23897552490234375,0.4366222610179243,0.5274475655775687,4,0.3887038377986966,Bilateral,4.0,"Bilateral pulmonary infection, four infected areas, upper left lung and middle right lung."
Train,Jun_coronacases_case10_129.png,Jun_coronacases_case10_129.png,512,512,6951,0.026515960693359375,0.2385101318359375,0.44677151579085467,0.5281747181345741,4,0.38469284994964753,Bilateral,4.0,"Bilateral pulmonary infection, four infected areas, upper left lung and middle right lung."
Train,Jun_coronacases_case10_130.png,Jun_coronacases_case10_130.png,512,512,6276,0.0239410400390625,0.2350616455078125,0.46926258389366377,0.5250608349890677,3,0.5211918419375399,Bilateral,3.0,"Bilateral pulmonary infection, three infected areas, upper left lung and middle right lung."
Train,Jun_coronacases_case10_131.png,Jun_coronacases_case10_131.png,512,512,5916,0.0225677490234375,0.237274169921875,0.48596429596874174,0.5310676939646903,4,0.4464164976335362,Bilateral,4.0,"Bilateral pulmonary infection, four infected areas, upper left lung and middle right lung."
Train,Jun_coronacases_case10_132.png,Jun_coronacases_case10_132.png,512,512,6563,0.025035858154296875,0.2419586181640625,0.4499296745408718,0.5221712303421928,3,0.5582812738077099,Bilateral,3.0,"Bilateral pulmonary infection, three infected areas, upper left lung and middle right lung."
Train,Jun_coronacases_case10_133.png,Jun_coronacases_case10_133.png,512,512,5728,0.0218505859375,0.24261474609375,0.48445989898216885,0.5290289606314708,4,0.4464036312849162,Bilateral,4.0,"Bilateral pulmonary infection, four infected areas, upper left lung and middle right lung."
Train,Jun_coronacases_case10_134.png,Jun_coronacases_case10_134.png,512,512,6416,0.02447509765625,0.23412322998046875,0.46896243979093366,0.5214303404892856,4,0.4097568578553616,Bilateral,4.0,"Bilateral pulmonary infection, four infected areas, upper left lung and middle right lung."
Train,Jun_coronacases_case10_135.png,Jun_coronacases_case10_135.png,512,512,6772,0.0258331298828125,0.23485946655273438,0.47716798651752407,0.525546078418907,4,0.511370348493798,Bilateral,4.0,"Bilateral pulmonary infection, four infected areas, upper left lung and upper right lung."
Train,Jun_coronacases_case10_136.png,Jun_coronacases_case10_136.png,512,512,6758,0.02577972412109375,0.23878097534179688,0.4825157572180887,0.5243995809272072,4,0.5001479727730098,Bilateral,4.0,"Bilateral pulmonary infection, four infected areas, upper left lung and upper right lung."
Train,Jun_coronacases_case10_137.png,Jun_coronacases_case10_137.png,512,512,7056,0.02691650390625,0.2355194091796875,0.48118934462238905,0.5196865112646494,4,0.49787414965986393,Bilateral,4.0,"Bilateral pulmonary infection, four infected areas, upper left lung and upper right lung."
Train,Jun_coronacases_case10_138.png,Jun_coronacases_case10_138.png,512,512,6775,0.025844573974609375,0.2370147705078125,0.4969447072161524,0.5383828828503548,4,0.5251660516605166,Bilateral,4.0,"Bilateral pulmonary infection, four infected areas, upper left lung and upper right lung."
Train,Jun_coronacases_case10_139.png,Jun_coronacases_case10_139.png,512,512,7465,0.028476715087890625,0.23897552490234375,0.4874145883660605,0.537511124975915,4,0.5492297387809779,Bilateral,4.0,"Bilateral pulmonary infection, four infected areas, upper left lung and upper right lung."
Train,Jun_coronacases_case10_140.png,Jun_coronacases_case10_140.png,512,512,7406,0.02825164794921875,0.185546875,0.4757876012097876,0.5350778683174853,3,0.5756143667296786,Bilateral,3.0,"Bilateral pulmonary infection, three infected areas, middle left lung and upper right lung."
Train,Jun_coronacases_case10_141.png,Jun_coronacases_case10_141.png,512,512,6855,0.026149749755859375,0.184326171875,0.495965206021859,0.5351272729348927,4,0.4399708242159008,Bilateral,4.0,"Bilateral pulmonary infection, four infected areas, middle left lung and middle right lung."
Train,Jun_coronacases_case10_142.png,Jun_coronacases_case10_142.png,512,512,5980,0.0228118896484375,0.18000411987304688,0.49874565577364866,0.5329716144486841,4,0.43277591973244145,Bilateral,4.0,"Bilateral pulmonary infection, four infected areas, middle left lung and middle right lung."
Train,Jun_coronacases_case10_143.png,Jun_coronacases_case10_143.png,512,512,6235,0.023784637451171875,0.1371917724609375,0.5318244805144873,0.5421948880836512,4,0.47714514835605454,Bilateral,4.0,"Bilateral pulmonary infection, four infected areas, middle left lung and middle right lung."
Train,Jun_coronacases_case10_144.png,Jun_coronacases_case10_144.png,512,512,5987,0.022838592529296875,0.13553619384765625,0.5519718685985323,0.5423551419464939,4,0.5179555704025388,Bilateral,4.0,"Bilateral pulmonary infection, four infected areas, middle left lung and middle right lung."
Train,Jun_coronacases_case10_145.png,Jun_coronacases_case10_145.png,512,512,5776,0.02203369140625,0.13543701171875,0.5657647407993668,0.5443484341712248,4,0.5195637119113573,Bilateral,4.0,"Bilateral pulmonary infection, four infected areas, middle left lung and middle right lung."
Train,Jun_coronacases_case10_146.png,Jun_coronacases_case10_146.png,512,512,5429,0.020709991455078125,0.13338088989257812,0.5736511789444164,0.5427700552840278,4,0.47983053969423467,Bilateral,4.0,"Bilateral pulmonary infection, four infected areas, middle left lung and middle right lung."
Train,Jun_coronacases_case10_147.png,Jun_coronacases_case10_147.png,512,512,5325,0.020313262939453125,0.14179229736328125,0.5816792995415414,0.5451624817397536,5,0.49370892018779344,Bilateral,4.0,"Bilateral pulmonary infection, four infected areas, middle left lung and middle right lung."
Train,Jun_coronacases_case10_148.png,Jun_coronacases_case10_148.png,512,512,5816,0.022186279296875,0.14659881591796875,0.5970347674409214,0.5408428601038501,4,0.4700825309491059,Bilateral,3.0,"Bilateral pulmonary infection, three infected areas, middle left lung and middle right lung."
Train,Jun_coronacases_case10_149.png,Jun_coronacases_case10_149.png,512,512,5588,0.0213165283203125,0.14404296875,0.6191972734416915,0.5319443257637627,3,0.4529348604151754,Bilateral,3.0,"Bilateral pulmonary infection, three infected areas, middle left lung and middle right lung."
Train,Jun_coronacases_case10_150.png,Jun_coronacases_case10_150.png,512,512,6328,0.024139404296875,0.13458251953125,0.6288622492274883,0.5288089960193072,2,0.7057522123893806,Bilateral,2.0,"Bilateral pulmonary infection, two infected areas, middle left lung and middle right lung."
Train,Jun_coronacases_case10_151.png,Jun_coronacases_case10_151.png,512,512,6368,0.0242919921875,0.1287384033203125,0.6320045063871216,0.5298591170136396,2,0.7178077889447236,Bilateral,2.0,"Bilateral pulmonary infection, two infected areas, middle left lung and middle right lung."
Train,Jun_coronacases_case10_152.png,Jun_coronacases_case10_152.png,512,512,5959,0.022731781005859375,0.12937545776367188,0.6273616615036408,0.5317306880775974,2,0.7064943782513845,Bilateral,2.0,"Bilateral pulmonary infection, two infected areas, middle left lung and middle right lung."
Train,Jun_coronacases_case10_153.png,Jun_coronacases_case10_153.png,512,512,6513,0.024845123291015625,0.1435546875,0.6306721195573627,0.5258605174116617,2,0.7176416397973284,Bilateral,2.0,"Bilateral pulmonary infection, two infected areas, middle left lung and middle right lung."
Train,Jun_coronacases_case10_154.png,Jun_coronacases_case10_154.png,512,512,6544,0.02496337890625,0.1351318359375,0.6345155957684008,0.5305904573706095,2,0.7283007334963325,Bilateral,2.0,"Bilateral pulmonary infection, two infected areas, middle left lung and middle right lung."
Train,Jun_coronacases_case10_155.png,Jun_coronacases_case10_155.png,512,512,6994,0.02667999267578125,0.138671875,0.6385842603696654,0.5298791192002986,2,0.7484987131827281,Bilateral,2.0,"Bilateral pulmonary infection, two infected areas, middle left lung and middle right lung."
Train,Jun_coronacases_case10_156.png,Jun_coronacases_case10_156.png,512,512,6599,0.025173187255859375,0.12918853759765625,0.6311197598877135,0.5306837986779115,2,0.7175329595393242,Bilateral,2.0,"Bilateral pulmonary infection, two infected areas, middle left lung and middle right lung."
Train,Jun_coronacases_case10_157.png,Jun_coronacases_case10_157.png,512,512,5971,0.022777557373046875,0.13466262817382812,0.6536265793474724,0.5249105182550625,2,0.7613465081225925,Bilateral,2.0,"Bilateral pulmonary infection, two infected areas, middle left lung and middle right lung."
Train,Jun_coronacases_case10_158.png,Jun_coronacases_case10_158.png,512,512,6156,0.0234832763671875,0.134033203125,0.6451481951962605,0.524213247476886,2,0.7358674463937622,Bilateral,2.0,"Bilateral pulmonary infection, two infected areas, middle left lung and middle right lung."
Train,Jun_coronacases_case10_159.png,Jun_coronacases_case10_159.png,512,512,6457,0.024631500244140625,0.13653945922851562,0.6521016497213086,0.5203764054666017,3,0.7574725104537711,Bilateral,3.0,"Bilateral pulmonary infection, three infected areas, middle left lung and middle right lung."
Train,Jun_coronacases_case10_160.png,Jun_coronacases_case10_160.png,512,512,5860,0.0223541259765625,0.12567901611328125,0.6442360225215898,0.5216422994463108,3,0.7344709897610922,Bilateral,3.0,"Bilateral pulmonary infection, three infected areas, middle left lung and middle right lung."
Train,Jun_coronacases_case10_161.png,Jun_coronacases_case10_161.png,512,512,6249,0.023838043212890625,0.15887451171875,0.6239354461097337,0.5265835097216338,5,0.6970715314450312,Bilateral,5.0,"Bilateral pulmonary infection, five infected areas, middle left lung and middle right lung."
Train,Jun_coronacases_case10_162.png,Jun_coronacases_case10_162.png,512,512,5381,0.020526885986328125,0.16172409057617188,0.6436323208680539,0.5308912892394091,4,0.730347519048504,Bilateral,4.0,"Bilateral pulmonary infection, four infected areas, middle left lung and middle right lung."
Train,Jun_coronacases_case10_163.png,Jun_coronacases_case10_163.png,512,512,5030,0.01918792724609375,0.163421630859375,0.6481179459446842,0.5325203378554504,4,0.7330019880715706,Bilateral,4.0,"Bilateral pulmonary infection, four infected areas, middle left lung and middle right lung."
Train,Jun_coronacases_case10_164.png,Jun_coronacases_case10_164.png,512,512,6110,0.02330780029296875,0.15810012817382812,0.6390338894565069,0.5306910809971142,4,0.7214402618657938,Bilateral,4.0,"Bilateral pulmonary infection, four infected areas, middle left lung and middle right lung."
Train,Jun_coronacases_case10_165.png,Jun_coronacases_case10_165.png,512,512,6281,0.023960113525390625,0.16620254516601562,0.6424778110357363,0.5275245350575821,4,0.7240885209361566,Bilateral,4.0,"Bilateral pulmonary infection, four infected areas, middle left lung and middle right lung."
Train,Jun_coronacases_case10_166.png,Jun_coronacases_case10_166.png,512,512,5446,0.02077484130859375,0.166839599609375,0.6310982117254409,0.5269168272302407,3,0.6733382298934998,Bilateral,3.0,"Bilateral pulmonary infection, three infected areas, middle left lung and middle right lung."
Train,Jun_coronacases_case10_167.png,Jun_coronacases_case10_167.png,512,512,5337,0.020359039306640625,0.16674041748046875,0.6314419844184911,0.5248926832469996,3,0.650740116170133,Bilateral,3.0,"Bilateral pulmonary infection, three infected areas, middle left lung and middle right lung."
Train,Jun_coronacases_case10_168.png,Jun_coronacases_case10_168.png,512,512,5967,0.022762298583984375,0.16148757934570312,0.6423548695909695,0.5252013930499023,2,0.7415786827551534,Bilateral,2.0,"Bilateral pulmonary infection, two infected areas, middle left lung and middle right lung."
Train,Jun_coronacases_case10_169.png,Jun_coronacases_case10_169.png,512,512,5458,0.02082061767578125,0.157440185546875,0.6414989684615269,0.5247863241734246,2,0.734884573103701,Bilateral,2.0,"Bilateral pulmonary infection, two infected areas, middle left lung and middle right lung."
Train,Jun_coronacases_case10_170.png,Jun_coronacases_case10_170.png,512,512,5269,0.020099639892578125,0.152740478515625,0.634906603963143,0.5302104878848666,2,0.7244258872651357,Bilateral,2.0,"Bilateral pulmonary infection, two infected areas, middle left lung and middle right lung."
Train,Jun_coronacases_case10_171.png,Jun_coronacases_case10_171.png,512,512,6203,0.023662567138671875,0.161865234375,0.6398841795192214,0.5209233711482955,3,0.7365790746413026,Bilateral,3.0,"Bilateral pulmonary infection, three infected areas, middle left lung and middle right lung."
Train,Jun_coronacases_case10_172.png,Jun_coronacases_case10_172.png,512,512,5740,0.0218963623046875,0.15641403198242188,0.627075761811574,0.529799123124024,3,0.716376306620209,Bilateral,3.0,"Bilateral pulmonary infection, three infected areas, middle left lung and middle right lung."
Train,Jun_coronacases_case10_173.png,Jun_coronacases_case10_173.png,512,512,5666,0.02161407470703125,0.164459228515625,0.6357988703171941,0.516825739139565,3,0.7296152488528063,Bilateral,3.0,"Bilateral pulmonary infection, three infected areas, middle left lung and middle right lung."
Train,Jun_coronacases_case10_174.png,Jun_coronacases_case10_174.png,512,512,5232,0.01995849609375,0.1603240966796875,0.6316757631794706,0.5259748080456262,3,0.7249617737003058,Bilateral,3.0,"Bilateral pulmonary infection, three infected areas, middle left lung and middle right lung."
Train,Jun_coronacases_case10_175.png,Jun_coronacases_case10_175.png,512,512,5571,0.021251678466796875,0.1603240966796875,0.613642918088887,0.5307594788640222,3,0.6966433315383235,Bilateral,3.0,"Bilateral pulmonary infection, three infected areas, middle left lung and middle right lung."
Train,Jun_coronacases_case10_176.png,Jun_coronacases_case10_176.png,512,512,5155,0.019664764404296875,0.1603240966796875,0.627003213493255,0.5363010851471317,3,0.7429679922405431,Bilateral,3.0,"Bilateral pulmonary infection, three infected areas, middle left lung and middle right lung."
Train,Jun_coronacases_case10_177.png,Jun_coronacases_case10_177.png,512,512,5124,0.0195465087890625,0.16101837158203125,0.6371531994787585,0.5357677542159914,3,0.755464480874317,Bilateral,3.0,"Bilateral pulmonary infection, three infected areas, middle left lung and middle right lung."
Train,Jun_coronacases_case10_178.png,Jun_coronacases_case10_178.png,512,512,4813,0.018360137939453125,0.16290283203125,0.6397005338200561,0.534445807445019,3,0.746727612715562,Bilateral,3.0,"Bilateral pulmonary infection, three infected areas, middle left lung and middle right lung."
Train,Jun_coronacases_case10_179.png,Jun_coronacases_case10_179.png,512,512,5099,0.019451141357421875,0.161529541015625,0.6373626078403003,0.5330180623267906,3,0.7460286330653069,Bilateral,3.0,"Bilateral pulmonary infection, three infected areas, middle left lung and middle right lung."
Train,Jun_coronacases_case10_180.png,Jun_coronacases_case10_180.png,512,512,5533,0.021106719970703125,0.15869140625,0.6207137180475234,0.532414479499095,3,0.7055846737755287,Bilateral,3.0,"Bilateral pulmonary infection, three infected areas, middle left lung and middle right lung."
Train,Jun_coronacases_case10_181.png,Jun_coronacases_case10_181.png,512,512,4921,0.018772125244140625,0.1576995849609375,0.6052367126628122,0.5376677532409329,3,0.6659215606584028,Bilateral,3.0,"Bilateral pulmonary infection, three infected areas, middle left lung and middle right lung."
Train,Jun_coronacases_case10_182.png,Jun_coronacases_case10_182.png,512,512,5692,0.0217132568359375,0.16204071044921875,0.5580094560567034,0.5267794398152796,3,0.5862614195361912,Bilateral,3.0,"Bilateral pulmonary infection, three infected areas, middle left lung and middle right lung."
Train,Jun_coronacases_case10_183.png,Jun_coronacases_case10_183.png,512,512,5205,0.019855499267578125,0.1724853515625,0.562340140351273,0.5172799750352947,3,0.5942363112391931,Bilateral,3.0,"Bilateral pulmonary infection, three infected areas, middle left lung and middle right lung."
Train,Jun_coronacases_case10_184.png,Jun_coronacases_case10_184.png,512,512,6359,0.024257659912109375,0.167694091796875,0.5479913671517848,0.5105308623092716,3,0.5739896210095927,Bilateral,3.0,"Bilateral pulmonary infection, three infected areas, middle left lung and middle right lung."
Train,Jun_coronacases_case10_185.png,Jun_coronacases_case10_185.png,512,512,5786,0.02207183837890625,0.16462326049804688,0.5585724499990867,0.5118800153958235,3,0.5992049775319738,Bilateral,3.0,"Bilateral pulmonary infection, three infected areas, middle left lung and middle right lung."
Train,Jun_coronacases_case10_186.png,Jun_coronacases_case10_186.png,512,512,5483,0.020915985107421875,0.16462326049804688,0.5598831899202409,0.5223189413426236,4,0.5900054714572315,Bilateral,4.0,"Bilateral pulmonary infection, four infected areas, middle left lung and middle right lung."
Train,Jun_coronacases_case10_187.png,Jun_coronacases_case10_187.png,512,512,5429,0.020709991455078125,0.16324996948242188,0.5657837394956924,0.5257977109954188,4,0.5840854669368207,Bilateral,4.0,"Bilateral pulmonary infection, four infected areas, middle left lung and middle right lung."
Train,Jun_coronacases_case10_188.png,Jun_coronacases_case10_188.png,512,512,6109,0.023303985595703125,0.15999603271484375,0.5325455785455292,0.521498389178457,4,0.5207071533802586,Bilateral,4.0,"Bilateral pulmonary infection, four infected areas, middle left lung and middle right lung."
Train,Jun_coronacases_case10_189.png,Jun_coronacases_case10_189.png,512,512,6057,0.023105621337890625,0.13543701171875,0.5373256089330098,0.5169755554457054,3,0.544659072147928,Bilateral,3.0,"Bilateral pulmonary infection, three infected areas, middle left lung and middle right lung."
Train,Jun_coronacases_case10_190.png,Jun_coronacases_case10_190.png,512,512,6830,0.02605438232421875,0.13295745849609375,0.5361241558337368,0.5177116611702143,3,0.5430453879941435,Bilateral,3.0,"Bilateral pulmonary infection, three infected areas, middle left lung and middle right lung."
Train,Jun_coronacases_case10_191.png,Jun_coronacases_case10_191.png,512,512,7167,0.027339935302734375,0.12775802612304688,0.5225638711019767,0.5149291285864736,4,0.3957025254639319,Bilateral,4.0,"Bilateral pulmonary infection, four infected areas, middle left lung and middle right lung."
Train,Jun_coronacases_case10_192.png,Jun_coronacases_case10_192.png,512,512,6632,0.025299072265625,0.12097930908203125,0.5247017367020836,0.5133058833527298,4,0.52291917973462,Bilateral,4.0,"Bilateral pulmonary infection, four infected areas, middle left lung and middle right lung."
Train,Jun_coronacases_case10_193.png,Jun_coronacases_case10_193.png,512,512,6318,0.02410125732421875,0.12298202514648438,0.5243267922111149,0.5161839963970862,4,0.41737891737891736,Bilateral,4.0,"Bilateral pulmonary infection, four infected areas, middle left lung and middle right lung."
Train,Jun_coronacases_case10_194.png,Jun_coronacases_case10_194.png,512,512,6033,0.023014068603515625,0.11581802368164062,0.5148954072886146,0.5175361344308845,3,0.4871539864080888,Bilateral,3.0,"Bilateral pulmonary infection, three infected areas, middle left lung and middle right lung."
Train,Jun_coronacases_case10_195.png,Jun_coronacases_case10_195.png,512,512,6172,0.0235443115234375,0.11701202392578125,0.5012543232298379,0.5212112526364251,3,0.46208684381075826,Bilateral,3.0,"Bilateral pulmonary infection, three infected areas, middle left lung and middle right lung."
Train,Jun_coronacases_case10_196.png,Jun_coronacases_case10_196.png,512,512,5183,0.019771575927734375,0.11551666259765625,0.48407955709486794,0.5184441231740226,3,0.4211846420991704,Bilateral,3.0,"Bilateral pulmonary infection, three infected areas, middle left lung and middle right lung."
Train,Jun_coronacases_case10_197.png,Jun_coronacases_case10_197.png,512,512,5129,0.019565582275390625,0.115142822265625,0.4910102143561095,0.518683332067874,3,0.4349775784753363,Bilateral,3.0,"Bilateral pulmonary infection, three infected areas, middle left lung and middle right lung."
Train,Jun_coronacases_case10_198.png,Jun_coronacases_case10_198.png,512,512,4578,0.01746368408203125,0.1186370849609375,0.5177997553174845,0.5209070180793192,3,0.4956312800349498,Bilateral,3.0,"Bilateral pulmonary infection, three infected areas, middle left lung and middle right lung."
Train,Jun_coronacases_case10_199.png,Jun_coronacases_case10_199.png,512,512,4164,0.0158843994140625,0.1163177490234375,0.5038222505456329,0.5184894849337627,4,0.46733909702209414,Bilateral,4.0,"Bilateral pulmonary infection, four infected areas, middle left lung and middle right lung."
Train,Jun_coronacases_case10_200.png,Jun_coronacases_case10_200.png,512,512,3963,0.015117645263671875,0.11983871459960938,0.453819651739451,0.5100610194198488,4,0.4471360080746909,Bilateral,4.0,"Bilateral pulmonary infection, four infected areas, middle left lung and middle right lung."
Train,Jun_coronacases_case10_201.png,Jun_coronacases_case10_201.png,512,512,4440,0.016937255859375,0.1327667236328125,0.4640313993053719,0.5008466881754553,4,0.4704954954954955,Bilateral,4.0,"Bilateral pulmonary infection, four infected areas, middle left lung and middle right lung."
Train,Jun_coronacases_case10_202.png,Jun_coronacases_case10_202.png,512,512,4509,0.017200469970703125,0.1256561279296875,0.4567251667571576,0.5053463414549462,4,0.4792636948325571,Bilateral,4.0,"Bilateral pulmonary infection, four infected areas, middle left lung and middle right lung."
Train,Jun_coronacases_case10_203.png,Jun_coronacases_case10_203.png,512,512,4311,0.016445159912109375,0.1327667236328125,0.4646144823168874,0.5050299125570096,4,0.4764555787520297,Bilateral,4.0,"Bilateral pulmonary infection, four infected areas, middle left lung and middle right lung."
Train,Jun_coronacases_case10_204.png,Jun_coronacases_case10_204.png,512,512,3892,0.0148468017578125,0.12252044677734375,0.46693754864713205,0.5114807231653872,3,0.5226104830421378,Bilateral,3.0,"Bilateral pulmonary infection, three infected areas, middle left lung and middle right lung."
Train,Jun_coronacases_case10_205.png,Jun_coronacases_case10_205.png,512,512,3860,0.0147247314453125,0.12714385986328125,0.4470995609543413,0.5050956673392617,3,0.5992227979274611,Bilateral,3.0,"Bilateral pulmonary infection, three infected areas, middle left lung and middle right lung."
Train,Jun_coronacases_case10_206.png,Jun_coronacases_case10_206.png,512,512,3916,0.0149383544921875,0.12326812744140625,0.45286635789945007,0.5043371666043669,2,0.6049540347293156,Bilateral,2.0,"Bilateral pulmonary infection, two infected areas, middle left lung and middle right lung."
Train,Jun_coronacases_case10_207.png,Jun_coronacases_case10_207.png,512,512,4815,0.018367767333984375,0.12630462646484375,0.4645508064532517,0.5045542204420709,2,0.5790238836967809,Bilateral,2.0,"Bilateral pulmonary infection, two infected areas, middle left lung and middle right lung."
Train,Jun_coronacases_case10_208.png,Jun_coronacases_case10_208.png,512,512,4640,0.0177001953125,0.1224517822265625,0.46939655172413797,0.5113161313179028,2,0.571551724137931,Bilateral,2.0,"Bilateral pulmonary infection, two infected areas, middle left lung and middle right lung."
Train,Jun_coronacases_case10_209.png,Jun_coronacases_case10_209.png,512,512,5170,0.01972198486328125,0.12204360961914062,0.4399841778740059,0.5020186458834084,2,0.6408123791102515,Bilateral,2.0,"Bilateral pulmonary infection, two infected areas, middle left lung and middle right lung."
Train,Jun_coronacases_case10_210.png,Jun_coronacases_case10_210.png,512,512,5029,0.019184112548828125,0.1204986572265625,0.45854163269864534,0.513411644944644,2,0.6046927818651819,Bilateral,2.0,"Bilateral pulmonary infection, two infected areas, middle left lung and middle right lung."
Train,Jun_coronacases_case10_211.png,Jun_coronacases_case10_211.png,512,512,4930,0.01880645751953125,0.11669540405273438,0.4421632800498565,0.5065381088665981,2,0.6373225152129818,Bilateral,2.0,"Bilateral pulmonary infection, two infected areas, middle left lung and middle right lung."
Train,Jun_coronacases_case10_212.png,Jun_coronacases_case10_212.png,512,512,4770,0.01819610595703125,0.1204986572265625,0.4686474089937517,0.515611269061773,2,0.5769392033542977,Bilateral,2.0,"Bilateral pulmonary infection, two infected areas, middle left lung and middle right lung."
Train,Jun_coronacases_case10_213.png,Jun_coronacases_case10_213.png,512,512,4849,0.018497467041015625,0.11556243896484375,0.434550428821243,0.5071846879478449,2,0.6525056712724273,Bilateral,2.0,"Bilateral pulmonary infection, two infected areas, middle left lung and middle right lung."
Train,Jun_coronacases_case10_214.png,Jun_coronacases_case10_214.png,512,512,5147,0.019634246826171875,0.125335693359375,0.42735931519396286,0.5078142911513062,3,0.5457548086263843,Bilateral,3.0,"Bilateral pulmonary infection, three infected areas, middle left lung and middle right lung."
Train,Jun_coronacases_case10_215.png,Jun_coronacases_case10_215.png,512,512,4907,0.018718719482421875,0.135498046875,0.4455546351970527,0.507417615395874,3,0.5233340126350112,Bilateral,3.0,"Bilateral pulmonary infection, three infected areas, middle left lung and middle right lung."
Train,Jun_coronacases_case10_216.png,Jun_coronacases_case10_216.png,512,512,5026,0.01917266845703125,0.12872314453125,0.42276288544188617,0.503081432519587,2,0.6782729805013927,Bilateral,2.0,"Bilateral pulmonary infection, two infected areas, middle left lung and middle right lung."
Train,Jun_coronacases_case10_217.png,Jun_coronacases_case10_217.png,512,512,4805,0.018329620361328125,0.12741851806640625,0.42339010041317854,0.503290562871764,3,0.6724245577523413,Bilateral,3.0,"Bilateral pulmonary infection, three infected areas, middle left lung and middle right lung."
Train,Jun_coronacases_case10_218.png,Jun_coronacases_case10_218.png,512,512,4460,0.0170135498046875,0.1214141845703125,0.4265473484682281,0.5022360095828982,3,0.6681614349775785,Bilateral,3.0,"Bilateral pulmonary infection, three infected areas, middle left lung and middle right lung."
Train,Jun_coronacases_case10_219.png,Jun_coronacases_case10_219.png,512,512,3939,0.015026092529296875,0.114654541015625,0.43643449095775155,0.510864062471278,3,0.6486417872556487,Bilateral,3.0,"Bilateral pulmonary infection, three infected areas, middle left lung and middle right lung."
Train,Jun_coronacases_case10_220.png,Jun_coronacases_case10_220.png,512,512,3410,0.01300811767578125,0.109100341796875,0.4222305754342873,0.5092361019448957,4,0.6158357771260997,Bilateral,4.0,"Bilateral pulmonary infection, four infected areas, middle left lung and middle right lung."
Train,Jun_coronacases_case10_221.png,Jun_coronacases_case10_221.png,512,512,3535,0.013484954833984375,0.1175537109375,0.4252554134362276,0.5148869150264201,4,0.6373408769448373,Bilateral,3.0,"Bilateral pulmonary infection, three infected areas, middle left lung and middle right lung."
Train,Jun_coronacases_case10_222.png,Jun_coronacases_case10_222.png,512,512,3317,0.012653350830078125,0.1156463623046875,0.4070827681864227,0.5104127642276902,3,0.6894784443774495,Bilateral,3.0,"Bilateral pulmonary infection, three infected areas, middle left lung and middle right lung."
Train,Jun_coronacases_case10_223.png,Jun_coronacases_case10_223.png,512,512,3310,0.01262664794921875,0.1126708984375,0.3995258393884392,0.5046156756788714,3,0.7105740181268883,Bilateral,3.0,"Bilateral pulmonary infection, three infected areas, middle left lung and middle right lung."
Train,Jun_coronacases_case10_224.png,Jun_coronacases_case10_224.png,512,512,3333,0.012714385986328125,0.10903549194335938,0.42020699134492706,0.5128734008430198,3,0.6624662466246625,Bilateral,3.0,"Bilateral pulmonary infection, three infected areas, middle left lung and middle right lung."
Train,Jun_coronacases_case10_225.png,Jun_coronacases_case10_225.png,512,512,3247,0.012386322021484375,0.11255264282226562,0.4274407747750897,0.5111507415847355,3,0.6405913150600554,Bilateral,3.0,"Bilateral pulmonary infection, three infected areas, middle left lung and middle right lung."
Train,Jun_coronacases_case10_226.png,Jun_coronacases_case10_226.png,512,512,3415,0.013027191162109375,0.111083984375,0.41582004108729476,0.5096595255764111,4,0.6521229868228404,Bilateral,4.0,"Bilateral pulmonary infection, four infected areas, middle left lung and middle right lung."
Train,Jun_coronacases_case10_227.png,Jun_coronacases_case10_227.png,512,512,3044,0.0116119384765625,0.10855865478515625,0.39054725088782655,0.5052549560136909,4,0.704664914586071,Bilateral,4.0,"Bilateral pulmonary infection, four infected areas, middle left lung and middle right lung."
Train,Jun_coronacases_case10_228.png,Jun_coronacases_case10_228.png,512,512,2965,0.011310577392578125,0.10749435424804688,0.40686548545819956,0.5070347795381869,4,0.6701517706576728,Bilateral,4.0,"Bilateral pulmonary infection, four infected areas, middle left lung and middle right lung."
Train,Jun_coronacases_case10_229.png,Jun_coronacases_case10_229.png,512,512,2511,0.009578704833984375,0.09554672241210938,0.3667121027557027,0.5052750286216187,3,0.7475109518120271,Bilateral,3.0,"Bilateral pulmonary infection, three infected areas, middle left lung and middle right lung."
Train,Jun_coronacases_case10_230.png,Jun_coronacases_case10_230.png,512,512,2218,0.00846099853515625,0.093658447265625,0.36636027238445806,0.503434804014124,3,0.7416591523895402,Bilateral,3.0,"Bilateral pulmonary infection, three infected areas, middle left lung and middle right lung."
Train,Jun_coronacases_case10_231.png,Jun_coronacases_case10_231.png,512,512,1973,0.007526397705078125,0.08411407470703125,0.3720014719257927,0.5113999859155349,3,0.7141409021794222,Bilateral,3.0,"Bilateral pulmonary infection, three infected areas, middle left lung and middle right lung."
Train,Jun_coronacases_case10_232.png,Jun_coronacases_case10_232.png,512,512,1902,0.00725555419921875,0.07906341552734375,0.3721008475988814,0.5182205979492182,3,0.6703470031545742,Bilateral,3.0,"Bilateral pulmonary infection, three infected areas, middle left lung and middle right lung."
Train,Jun_coronacases_case10_233.png,Jun_coronacases_case10_233.png,512,512,1747,0.006664276123046875,0.0729217529296875,0.35741225942823984,0.5171123659569606,3,0.6680022896393818,Bilateral,3.0,"Bilateral pulmonary infection, three infected areas, middle left lung and middle right lung."
Train,Jun_coronacases_case10_234.png,Jun_coronacases_case10_234.png,512,512,1607,0.006130218505859375,0.07172393798828125,0.3485290016646837,0.5097281097741413,3,0.7510889856876167,Bilateral,3.0,"Bilateral pulmonary infection, three infected areas, middle left lung and middle right lung."
Train,Jun_coronacases_case10_235.png,Jun_coronacases_case10_235.png,512,512,1529,0.005832672119140625,0.06723403930664062,0.3512189003467214,0.5134356133666275,3,0.7835186396337476,Bilateral,3.0,"Bilateral pulmonary infection, three infected areas, middle left lung and middle right lung."
Train,Jun_coronacases_case10_236.png,Jun_coronacases_case10_236.png,512,512,1450,0.00553131103515625,0.06842041015625,0.35618597746136715,0.5097631419124097,2,0.8206896551724138,Bilateral,2.0,"Bilateral pulmonary infection, two infected areas, middle left lung and middle right lung."
Train,Jun_coronacases_case10_237.png,Jun_coronacases_case10_237.png,512,512,1119,0.004268646240234375,0.06321334838867188,0.333265128740541,0.5040354384068807,2,0.8856121537086684,Bilateral,2.0,"Bilateral pulmonary infection, two infected areas, middle left lung and middle right lung."
Train,Jun_coronacases_case10_238.png,Jun_coronacases_case10_238.png,512,512,831,0.003170013427734375,0.00457763671875,0.285956843545489,0.4974131089555648,1,1.0,Unilateral,1.0,"Unilateral pulmonary infection, one infected areas, middle left lung."
Train,Jun_coronacases_case10_239.png,Jun_coronacases_case10_239.png,512,512,804,0.0030670166015625,0.011119842529296875,0.3004352016823904,0.5013338396082211,2,0.7985074626865671,Unilateral,2.0,"Unilateral pulmonary infection, two infected areas, middle left lung."
Train,Jun_coronacases_case10_240.png,Jun_coronacases_case10_240.png,512,512,929,0.003543853759765625,0.01049041748046875,0.29937078566478276,0.5115700024646159,2,0.8514531754574811,Unilateral,2.0,"Unilateral pulmonary infection, two infected areas, middle left lung."
Train,Jun_coronacases_case10_241.png,Jun_coronacases_case10_241.png,512,512,1005,0.003833770751953125,0.01206207275390625,0.3196210727185988,0.5158395887490143,2,0.6159203980099502,Unilateral,2.0,"Unilateral pulmonary infection, two infected areas, middle left lung."
Train,Jun_coronacases_case10_242.png,Jun_coronacases_case10_242.png,512,512,861,0.003284454345703125,0.01128387451171875,0.3169049778280841,0.5123496775923868,2,0.662020905923345,Unilateral,2.0,"Unilateral pulmonary infection, two infected areas, middle left lung."
Train,Jun_coronacases_case10_243.png,Jun_coronacases_case10_243.png,512,512,1219,0.004650115966796875,0.01116943359375,0.3295344905917237,0.5146209157356854,1,1.0,Unilateral,1.0,"Unilateral pulmonary infection, one infected areas, middle left lung."
Train,Jun_coronacases_case10_244.png,Jun_coronacases_case10_244.png,512,512,1307,0.004985809326171875,0.013885498046875,0.3360753551926477,0.5235694596460126,1,1.0,Unilateral,1.0,"Unilateral pulmonary infection, one infected areas, middle left lung."
Train,Jun_coronacases_case10_245.png,Jun_coronacases_case10_245.png,512,512,1376,0.0052490234375,0.015655517578125,0.3433332954080007,0.5231775929549902,1,1.0,Unilateral,1.0,"Unilateral pulmonary infection, one infected areas, middle left lung."
Train,Jun_coronacases_case10_246.png,Jun_coronacases_case10_246.png,512,512,1262,0.00481414794921875,0.0142669677734375,0.3462261312922364,0.5272359904602703,1,1.0,Unilateral,1.0,"Unilateral pulmonary infection, one infected areas, middle left lung."
Train,Jun_coronacases_case10_247.png,Jun_coronacases_case10_247.png,512,512,1353,0.005161285400390625,0.0115814208984375,0.35319208022181625,0.5267789343967092,1,1.0,Unilateral,1.0,"Unilateral pulmonary infection, one infected areas, middle left lung."
Train,Jun_coronacases_case10_248.png,Jun_coronacases_case10_248.png,512,512,1361,0.005191802978515625,0.010662078857421875,0.3548516041646596,0.5267926340566321,1,1.0,Unilateral,1.0,"Unilateral pulmonary infection, one infected areas, middle left lung."
Train,Jun_coronacases_case10_249.png,Jun_coronacases_case10_249.png,512,512,1411,0.005382537841796875,0.011474609375,0.35618657431614337,0.527022097830715,1,1.0,Unilateral,1.0,"Unilateral pulmonary infection, one infected areas, middle left lung."
Train,Jun_coronacases_case10_250.png,Jun_coronacases_case10_250.png,512,512,1270,0.00484466552734375,0.010662078857421875,0.3585419973188283,0.5323466416013066,1,1.0,Unilateral,1.0,"Unilateral pulmonary infection, one infected areas, middle left lung."
Train,Jun_coronacases_case10_251.png,Jun_coronacases_case10_251.png,512,512,971,0.003704071044921875,0.009075164794921875,0.3578391756234116,0.5290085674380921,2,0.650875386199794,Unilateral,2.0,"Unilateral pulmonary infection, two infected areas, middle left lung."
Train,Jun_coronacases_case10_252.png,Jun_coronacases_case10_252.png,512,512,1233,0.004703521728515625,0.009227752685546875,0.3562500892767866,0.5304723495904378,1,1.0,Unilateral,1.0,"Unilateral pulmonary infection, one infected areas, middle left lung."
Train,Jun_coronacases_case10_253.png,Jun_coronacases_case10_253.png,512,512,1038,0.00395965576171875,0.008392333984375,0.35652824753307766,0.5286095117435683,1,1.0,Unilateral,1.0,"Unilateral pulmonary infection, one infected areas, middle left lung."
Train,Jun_coronacases_case10_254.png,Jun_coronacases_case10_254.png,512,512,1143,0.004360198974609375,0.007781982421875,0.35796039193730916,0.5283260825273554,1,1.0,Unilateral,1.0,"Unilateral pulmonary infection, one infected areas, middle left lung."
Train,Jun_coronacases_case10_255.png,Jun_coronacases_case10_255.png,512,512,889,0.003391265869140625,0.0062255859375,0.35896002236511043,0.527680126089914,1,1.0,Unilateral,1.0,"Unilateral pulmonary infection, one infected areas, middle left lung."
Train,Jun_coronacases_case10_256.png,Jun_coronacases_case10_256.png,512,512,806,0.00307464599609375,0.005859375,0.36655854088465667,0.5271180432470755,1,1.0,Unilateral,1.0,"Unilateral pulmonary infection, one infected areas, middle left lung."
Train,Jun_coronacases_case10_257.png,Jun_coronacases_case10_257.png,512,512,706,0.00269317626953125,0.0050048828125,0.36563866883242874,0.524034970035979,1,1.0,Unilateral,1.0,"Unilateral pulmonary infection, one infected areas, middle left lung."
Train,Jun_coronacases_case10_258.png,Jun_coronacases_case10_258.png,512,512,551,0.002101898193359375,0.00432586669921875,0.363917588018227,0.5211197573527584,1,1.0,Unilateral,1.0,"Unilateral pulmonary infection, one infected areas, middle left lung."
Train,Jun_coronacases_case10_259.png,Jun_coronacases_case10_259.png,512,512,512,0.001953125,0.003631591796875,0.3615345217710372,0.5172914628180039,1,1.0,Unilateral,1.0,"Unilateral pulmonary infection, one infected areas, middle left lung."
Train,Jun_coronacases_case10_260.png,Jun_coronacases_case10_260.png,512,512,551,0.002101898193359375,0.0035400390625,0.36451781319145765,0.5194433888216053,1,1.0,Unilateral,1.0,"Unilateral pulmonary infection, one infected areas, middle left lung."
Train,Jun_coronacases_case10_261.png,Jun_coronacases_case10_261.png,512,512,508,0.0019378662109375,0.00420379638671875,0.36827203106461004,0.5207752284389109,1,1.0,Unilateral,1.0,"Unilateral pulmonary infection, one infected areas, middle left lung."
Train,Jun_coronacases_case10_262.png,Jun_coronacases_case10_262.png,512,512,424,0.001617431640625,0.00324249267578125,0.36827530184986895,0.5210233356718237,1,1.0,Unilateral,1.0,"Unilateral pulmonary infection, one infected areas, middle left lung."
Train,Jun_coronacases_case10_263.png,Jun_coronacases_case10_263.png,512,512,414,0.00157928466796875,0.003631591796875,0.36967393667810583,0.5220983767737788,1,1.0,Unilateral,1.0,"Unilateral pulmonary infection, one infected areas, middle left lung."
Train,Jun_coronacases_case10_264.png,Jun_coronacases_case10_264.png,512,512,287,0.001094818115234375,0.002986907958984375,0.3705994258712506,0.5246663984671717,1,1.0,Unilateral,1.0,"Unilateral pulmonary infection, one infected areas, middle left lung."
Train,Jun_coronacases_case10_265.png,Jun_coronacases_case10_265.png,512,512,296,0.001129150390625,0.002574920654296875,0.37339345216057546,0.5237808748082721,1,1.0,Unilateral,1.0,"Unilateral pulmonary infection, one infected areas, middle left lung."
Train,Jun_coronacases_case10_266.png,Jun_coronacases_case10_266.png,512,512,139,0.000530242919921875,0.00176239013671875,0.3738332230497402,0.5243914457475116,1,1.0,Unilateral,1.0,"Unilateral pulmonary infection, one infected areas, middle left lung."
Train,Jun_coronacases_case10_76.png,Jun_coronacases_case10_76.png,512,512,366,0.00139617919921875,0.003871917724609375,0.381246457711762,0.581539465101109,1,1.0,Unilateral,1.0,"Unilateral pulmonary infection, one infected areas, middle left lung."
Train,Jun_coronacases_case10_77.png,Jun_coronacases_case10_77.png,512,512,279,0.001064300537109375,0.00238037109375,0.3913894324853229,0.5756230316548478,1,1.0,Unilateral,1.0,"Unilateral pulmonary infection, one infected areas, middle left lung."
Train,Jun_coronacases_case10_78.png,Jun_coronacases_case10_78.png,512,512,538,0.00205230712890625,0.0039520263671875,0.3877337969867379,0.579110862147986,1,1.0,Unilateral,1.0,"Unilateral pulmonary infection, one infected areas, middle left lung."
Train,Jun_coronacases_case10_79.png,Jun_coronacases_case10_79.png,512,512,621,0.002368927001953125,0.0269622802734375,0.40894838512468057,0.5806177146260529,2,0.92914653784219,Unilateral,1.0,"Unilateral pulmonary infection, one infected areas, middle left lung."
Train,Jun_coronacases_case10_80.png,Jun_coronacases_case10_80.png,512,512,778,0.00296783447265625,0.029148101806640625,0.3703384160298623,0.5836355953093637,3,0.7172236503856041,Unilateral,2.0,"Unilateral pulmonary infection, two infected areas, middle left lung."
Train,Jun_coronacases_case10_81.png,Jun_coronacases_case10_81.png,512,512,979,0.003734588623046875,0.035247802734375,0.36686462683076504,0.5826845157305369,3,0.7609805924412666,Unilateral,2.0,"Unilateral pulmonary infection, two infected areas, middle left lung."
Train,Jun_coronacases_case10_82.png,Jun_coronacases_case10_82.png,512,512,1088,0.004150390625,0.0340576171875,0.3980660757453666,0.5805154253482214,3,0.6286764705882353,Bilateral,3.0,"Bilateral pulmonary infection, three infected areas, middle left lung and middle right lung."
Train,Jun_coronacases_case10_83.png,Jun_coronacases_case10_83.png,512,512,1711,0.006526947021484375,0.043182373046875,0.3703456739572766,0.5835499776397913,2,0.9059029807130333,Bilateral,2.0,"Bilateral pulmonary infection, two infected areas, middle left lung and middle right lung."
Train,Jun_coronacases_case10_84.png,Jun_coronacases_case10_84.png,512,512,1888,0.0072021484375,0.1048736572265625,0.36315259212577533,0.5832552489303128,3,0.9036016949152542,Bilateral,2.0,"Bilateral pulmonary infection, two infected areas, middle left lung and middle right lung."
Train,Jun_coronacases_case10_85.png,Jun_coronacases_case10_85.png,512,512,2557,0.009754180908203125,0.11051559448242188,0.4065475457035558,0.5754473158751502,4,0.7321079389910051,Bilateral,3.0,"Bilateral pulmonary infection, three infected areas, middle left lung and middle right lung."
Train,Jun_coronacases_case10_86.png,Jun_coronacases_case10_86.png,512,512,2613,0.009967803955078125,0.11121368408203125,0.39067270901251683,0.5734948619839235,4,0.7041714504401072,Bilateral,3.0,"Bilateral pulmonary infection, three infected areas, middle left lung and middle right lung."
Train,Jun_coronacases_case10_87.png,Jun_coronacases_case10_87.png,512,512,3246,0.01238250732421875,0.11515045166015625,0.3935688422179699,0.5661901506354954,5,0.6084411583487369,Bilateral,5.0,"Bilateral pulmonary infection, five infected areas, middle left lung and middle right lung."
Train,Jun_coronacases_case10_88.png,Jun_coronacases_case10_88.png,512,512,4136,0.015777587890625,0.11749267578125,0.46776998868225916,0.5581524639743818,3,0.6083172147001934,Bilateral,3.0,"Bilateral pulmonary infection, three infected areas, middle left lung and middle right lung."
Train,Jun_coronacases_case10_89.png,Jun_coronacases_case10_89.png,512,512,4642,0.01770782470703125,0.11848831176757812,0.44422742744498245,0.5593652273844444,4,0.6305471779405428,Bilateral,4.0,"Bilateral pulmonary infection, four infected areas, middle left lung and middle right lung."
Train,Jun_coronacases_case10_90.png,Jun_coronacases_case10_90.png,512,512,4396,0.0167694091796875,0.12381362915039062,0.450054221147494,0.5526221133248692,3,0.6546860782529572,Bilateral,3.0,"Bilateral pulmonary infection, three infected areas, middle left lung and middle right lung."
Train,Jun_coronacases_case10_91.png,Jun_coronacases_case10_91.png,512,512,4928,0.018798828125,0.1248779296875,0.46733431074796045,0.5466466630238646,3,0.5525568181818182,Bilateral,3.0,"Bilateral pulmonary infection, three infected areas, middle left lung and middle right lung."
Train,Jun_coronacases_case10_92.png,Jun_coronacases_case10_92.png,512,512,5137,0.019596099853515625,0.13484954833984375,0.4833080445118813,0.5425398865603025,3,0.49016935954837454,Bilateral,3.0,"Bilateral pulmonary infection, three infected areas, middle left lung and middle right lung."
Train,Jun_coronacases_case10_93.png,Jun_coronacases_case10_93.png,512,512,5409,0.020633697509765625,0.14490127563476562,0.4911202934588616,0.5389473729910902,3,0.480865224625624,Bilateral,3.0,"Bilateral pulmonary infection, three infected areas, middle left lung and middle right lung."
Train,Jun_coronacases_case10_94.png,Jun_coronacases_case10_94.png,512,512,5469,0.020862579345703125,0.14286041259765625,0.48929153789424756,0.5353139685378431,3,0.49917718047174986,Bilateral,3.0,"Bilateral pulmonary infection, three infected areas, middle left lung and middle right lung."
Train,Jun_coronacases_case10_95.png,Jun_coronacases_case10_95.png,512,512,5748,0.0219268798828125,0.13735198974609375,0.47438741561771847,0.5311967610277445,3,0.5100904662491301,Bilateral,3.0,"Bilateral pulmonary infection, three infected areas, middle left lung and middle right lung."
Train,Jun_coronacases_case10_96.png,Jun_coronacases_case10_96.png,512,512,5792,0.0220947265625,0.14139175415039062,0.4917160858894379,0.5298407412613119,3,0.4671961325966851,Bilateral,3.0,"Bilateral pulmonary infection, three infected areas, middle left lung and middle right lung."
Train,Jun_coronacases_case10_97.png,Jun_coronacases_case10_97.png,512,512,5933,0.022632598876953125,0.13066864013671875,0.4877739453908501,0.5307614744292348,3,0.4709253328838699,Bilateral,3.0,"Bilateral pulmonary infection, three infected areas, middle left lung and middle right lung."
Train,Jun_coronacases_case10_98.png,Jun_coronacases_case10_98.png,512,512,5840,0.02227783203125,0.12647628784179688,0.5036471597458649,0.5280537088169852,4,0.46678082191780823,Bilateral,3.0,"Bilateral pulmonary infection, three infected areas, middle left lung and middle right lung."
Train,Jun_coronacases_case10_99.png,Jun_coronacases_case10_99.png,512,512,5923,0.022594451904296875,0.1231842041015625,0.5055954547812386,0.528392914549504,3,0.49383758230626373,Bilateral,3.0,"Bilateral pulmonary infection, three infected areas, middle left lung and middle right lung."
Train,Jun_coronacases_case1_100.png,Jun_coronacases_case1_100.png,512,512,4465,0.017032623291015625,0.0652313232421875,0.5674033524499094,0.5040381484168012,2,0.812541993281075,Bilateral,2.0,"Bilateral pulmonary infection, two infected areas, middle left lung and middle right lung."
Train,Jun_coronacases_case1_101.png,Jun_coronacases_case1_101.png,512,512,4908,0.0187225341796875,0.0657958984375,0.5537522508082175,0.5027807150592427,2,0.7550937245313774,Bilateral,2.0,"Bilateral pulmonary infection, two infected areas, middle left lung and middle right lung."
Train,Jun_coronacases_case1_102.png,Jun_coronacases_case1_102.png,512,512,5081,0.019382476806640625,0.067291259765625,0.5502626530441679,0.4979538906120072,2,0.7600865971265499,Bilateral,2.0,"Bilateral pulmonary infection, two infected areas, middle left lung and middle right lung."
Train,Jun_coronacases_case1_103.png,Jun_coronacases_case1_103.png,512,512,4826,0.01840972900390625,0.061798095703125,0.5487748602441277,0.5010790377951134,2,0.7480314960629921,Bilateral,2.0,"Bilateral pulmonary infection, two infected areas, middle left lung and middle right lung."
Train,Jun_coronacases_case1_104.png,Jun_coronacases_case1_104.png,512,512,4883,0.018627166748046875,0.07381439208984375,0.5526526192353117,0.5016124875912397,3,0.7622363301249232,Bilateral,3.0,"Bilateral pulmonary infection, three infected areas, middle left lung and middle right lung."
Train,Jun_coronacases_case1_105.png,Jun_coronacases_case1_105.png,512,512,5346,0.02039337158203125,0.08759307861328125,0.5278189593258087,0.4969269413713858,4,0.6849981294425739,Bilateral,4.0,"Bilateral pulmonary infection, four infected areas, middle left lung and middle right lung."
Train,Jun_coronacases_case1_106.png,Jun_coronacases_case1_106.png,512,512,4956,0.0189056396484375,0.0845947265625,0.5238592767034839,0.4965109795949957,5,0.6854317998385795,Bilateral,3.0,"Bilateral pulmonary infection, three infected areas, middle left lung and middle right lung."
Train,Jun_coronacases_case1_107.png,Jun_coronacases_case1_107.png,512,512,5219,0.019908905029296875,0.0971221923828125,0.4904726782953599,0.4907190309080662,4,0.5930254838091589,Bilateral,3.0,"Bilateral pulmonary infection, three infected areas, middle left lung and middle right lung."
Train,Jun_coronacases_case1_108.png,Jun_coronacases_case1_108.png,512,512,5447,0.020778656005859375,0.09879684448242188,0.48235568008674234,0.48957378646462246,4,0.5632458233890215,Bilateral,4.0,"Bilateral pulmonary infection, four infected areas, middle left lung and middle right lung."
Train,Jun_coronacases_case1_109.png,Jun_coronacases_case1_109.png,512,512,5905,0.022525787353515625,0.104278564453125,0.47888502065482336,0.4860079106399267,4,0.558848433530906,Bilateral,4.0,"Bilateral pulmonary infection, four infected areas, middle left lung and middle right lung."
Train,Jun_coronacases_case1_110.png,Jun_coronacases_case1_110.png,512,512,5142,0.01961517333984375,0.13736724853515625,0.45084911412176,0.4737456242707118,5,0.4093737845196422,Bilateral,5.0,"Bilateral pulmonary infection, five infected areas, middle left lung and middle right lung."
Train,Jun_coronacases_case1_111.png,Jun_coronacases_case1_111.png,512,512,5466,0.02085113525390625,0.13835906982421875,0.4125320519017044,0.46529945301429293,4,0.6269667032564947,Bilateral,4.0,"Bilateral pulmonary infection, four infected areas, middle left lung and middle right lung."
Train,Jun_coronacases_case1_112.png,Jun_coronacases_case1_112.png,512,512,6409,0.024448394775390625,0.1922607421875,0.3979466863959348,0.4532700620671945,5,0.6397253861756904,Bilateral,5.0,"Bilateral pulmonary infection, five infected areas, middle left lung and middle right lung."
Train,Jun_coronacases_case1_113.png,Jun_coronacases_case1_113.png,512,512,7848,0.029937744140625,0.19050979614257812,0.3857113433115695,0.4495577419103874,5,0.6604230377166157,Bilateral,5.0,"Bilateral pulmonary infection, five infected areas, upper left lung and middle right lung."
Train,Jun_coronacases_case1_114.png,Jun_coronacases_case1_114.png,512,512,8413,0.032093048095703125,0.1917572021484375,0.36277283106961244,0.4459485518055995,6,0.734696303340069,Bilateral,6.0,"Bilateral pulmonary infection, six infected areas, upper left lung and upper right lung."
Train,Jun_coronacases_case1_115.png,Jun_coronacases_case1_115.png,512,512,8483,0.032360076904296875,0.19216156005859375,0.3727595630999538,0.43640890622040673,6,0.6720499823175763,Bilateral,6.0,"Bilateral pulmonary infection, six infected areas, middle left lung and upper right lung."
Train,Jun_coronacases_case1_116.png,Jun_coronacases_case1_116.png,512,512,11552,0.0440673828125,0.1917572021484375,0.3791834150083211,0.4436080061364659,4,0.7921572022160664,Bilateral,4.0,"Bilateral pulmonary infection, four infected areas, middle left lung and upper right lung."
Train,Jun_coronacases_case1_117.png,Jun_coronacases_case1_117.png,512,512,13425,0.051212310791015625,0.202117919921875,0.36711235500552103,0.4306642323264348,5,0.8216759776536313,Bilateral,4.0,"Bilateral pulmonary infection, four infected areas, upper left lung and upper right lung."
Train,Jun_coronacases_case1_118.png,Jun_coronacases_case1_118.png,512,512,13148,0.0501556396484375,0.199859619140625,0.3621045844478962,0.43233410154573226,6,0.8604350471554609,Bilateral,6.0,"Bilateral pulmonary infection, six infected areas, upper left lung and upper right lung."
Train,Jun_coronacases_case1_119.png,Jun_coronacases_case1_119.png,512,512,13947,0.053203582763671875,0.19940185546875,0.3664849752003566,0.4365531407198933,6,0.8659209865920987,Bilateral,6.0,"Bilateral pulmonary infection, six infected areas, upper left lung and upper right lung."
Train,Jun_coronacases_case1_120.png,Jun_coronacases_case1_120.png,512,512,11213,0.042774200439453125,0.20053482055664062,0.37151960359123276,0.433237350482378,7,0.8243110675109249,Bilateral,4.0,"Bilateral pulmonary infection, four infected areas, upper left lung and upper right lung."
Train,Jun_coronacases_case1_121.png,Jun_coronacases_case1_121.png,512,512,10541,0.040210723876953125,0.19826889038085938,0.359838231147002,0.4263441735569487,6,0.8649084527084717,Bilateral,4.0,"Bilateral pulmonary infection, four infected areas, middle left lung and upper right lung."
Train,Jun_coronacases_case1_122.png,Jun_coronacases_case1_122.png,512,512,11076,0.0422515869140625,0.18807220458984375,0.3623643865299277,0.4292320484197775,5,0.8755868544600939,Bilateral,4.0,"Bilateral pulmonary infection, four infected areas, upper left lung and upper right lung."
Train,Jun_coronacases_case1_123.png,Jun_coronacases_case1_123.png,512,512,10138,0.03867340087890625,0.1790771484375,0.3458297027440113,0.42835948065425117,3,0.91378970211087,Bilateral,3.0,"Bilateral pulmonary infection, three infected areas, middle left lung and upper right lung."
Train,Jun_coronacases_case1_124.png,Jun_coronacases_case1_124.png,512,512,8709,0.033222198486328125,0.18017578125,0.36005108870212993,0.4273494882029275,4,0.8868986106326788,Bilateral,4.0,"Bilateral pulmonary infection, four infected areas, middle left lung and upper right lung."
Train,Jun_coronacases_case1_125.png,Jun_coronacases_case1_125.png,512,512,8783,0.033504486083984375,0.17721176147460938,0.3655023837412293,0.4303695116410839,4,0.8868268245474211,Bilateral,4.0,"Bilateral pulmonary infection, four infected areas, middle left lung and upper right lung."
Train,Jun_coronacases_case1_126.png,Jun_coronacases_case1_126.png,512,512,9231,0.035213470458984375,0.21196746826171875,0.3586748556987315,0.4348331930971132,5,0.8990358574368974,Bilateral,3.0,"Bilateral pulmonary infection, three infected areas, middle left lung and upper right lung."
Train,Jun_coronacases_case1_127.png,Jun_coronacases_case1_127.png,512,512,7377,0.028141021728515625,0.21196746826171875,0.3728916792474203,0.4316552717005067,6,0.8618679680086756,Bilateral,3.0,"Bilateral pulmonary infection, three infected areas, middle left lung and upper right lung."
Train,Jun_coronacases_case1_128.png,Jun_coronacases_case1_128.png,512,512,7721,0.029453277587890625,0.217529296875,0.36708613076746244,0.4400140314201414,6,0.8842118896515996,Bilateral,5.0,"Bilateral pulmonary infection, five infected areas, middle left lung and upper right lung."
Train,Jun_coronacases_case1_129.png,Jun_coronacases_case1_129.png,512,512,8419,0.032115936279296875,0.21639633178710938,0.39591326021725626,0.4398431095074532,6,0.8215940135408005,Bilateral,5.0,"Bilateral pulmonary infection, five infected areas, middle left lung and upper right lung."
Train,Jun_coronacases_case1_130.png,Jun_coronacases_case1_130.png,512,512,7019,0.026775360107421875,0.21240234375,0.40000847573639237,0.4560054913849994,7,0.64439378828893,Bilateral,6.0,"Bilateral pulmonary infection, six infected areas, middle left lung and upper right lung."
Train,Jun_coronacases_case1_131.png,Jun_coronacases_case1_131.png,512,512,6438,0.02455902099609375,0.171539306640625,0.42247990618326,0.4518362413969405,6,0.555762659210935,Bilateral,6.0,"Bilateral pulmonary infection, six infected areas, middle left lung and upper right lung."
Train,Jun_coronacases_case1_132.png,Jun_coronacases_case1_132.png,512,512,6396,0.0243988037109375,0.1724853515625,0.4568165157039196,0.4581193113602068,9,0.3400562851782364,Bilateral,9.0,"Bilateral pulmonary infection, nine infected areas, middle left lung and upper right lung."
Train,Jun_coronacases_case1_133.png,Jun_coronacases_case1_133.png,512,512,6097,0.023258209228515625,0.16437530517578125,0.49479179873198037,0.4611918151655862,9,0.3099885189437428,Bilateral,9.0,"Bilateral pulmonary infection, nine infected areas, middle left lung and upper right lung."
Train,Jun_coronacases_case1_134.png,Jun_coronacases_case1_134.png,512,512,6085,0.023212432861328125,0.17159271240234375,0.48069794030105145,0.45939342678010636,9,0.40903861955628595,Bilateral,9.0,"Bilateral pulmonary infection, nine infected areas, middle left lung and upper right lung."
Train,Jun_coronacases_case1_135.png,Jun_coronacases_case1_135.png,512,512,5721,0.021823883056640625,0.1845550537109375,0.5247974041460188,0.45911499193926586,11,0.3237196294354134,Bilateral,9.0,"Bilateral pulmonary infection, nine infected areas, middle left lung and upper right lung."
Train,Jun_coronacases_case1_136.png,Jun_coronacases_case1_136.png,512,512,5533,0.021106719970703125,0.2400054931640625,0.526222490709541,0.46381416181792007,10,0.3213446593168263,Bilateral,8.0,"Bilateral pulmonary infection, eight infected areas, middle left lung and upper right lung."
Train,Jun_coronacases_case1_137.png,Jun_coronacases_case1_137.png,512,512,5658,0.02158355712890625,0.242767333984375,0.5005876375448856,0.4652830379235469,11,0.3434075645104277,Bilateral,9.0,"Bilateral pulmonary infection, nine infected areas, middle left lung and upper right lung."
Train,Jun_coronacases_case1_138.png,Jun_coronacases_case1_138.png,512,512,5884,0.0224456787109375,0.243072509765625,0.5070332361733235,0.4594512166730302,11,0.30744391570360297,Bilateral,9.0,"Bilateral pulmonary infection, nine infected areas, middle left lung and upper right lung."
Train,Jun_coronacases_case1_139.png,Jun_coronacases_case1_139.png,512,512,6235,0.023784637451171875,0.24224853515625,0.4764160403755706,0.46532123279824616,9,0.46463512429831594,Bilateral,8.0,"Bilateral pulmonary infection, eight infected areas, middle left lung and upper right lung."
Train,Jun_coronacases_case1_140.png,Jun_coronacases_case1_140.png,512,512,6973,0.026599884033203125,0.2350921630859375,0.4769632827543084,0.4542458007584749,11,0.4359673024523161,Bilateral,9.0,"Bilateral pulmonary infection, nine infected areas, upper left lung and upper right lung."
Train,Jun_coronacases_case1_141.png,Jun_coronacases_case1_141.png,512,512,6746,0.02573394775390625,0.23343658447265625,0.46895253721419605,0.45205624497056457,12,0.442929143195968,Bilateral,9.0,"Bilateral pulmonary infection, nine infected areas, upper left lung and upper right lung."
Train,Jun_coronacases_case1_142.png,Jun_coronacases_case1_142.png,512,512,6664,0.025421142578125,0.2362060546875,0.4823008459743976,0.4527989277902942,10,0.4324729891956783,Bilateral,9.0,"Bilateral pulmonary infection, nine infected areas, upper left lung and upper right lung."
Train,Jun_coronacases_case1_143.png,Jun_coronacases_case1_143.png,512,512,6682,0.02548980712890625,0.23157119750976562,0.46767024883863006,0.4555613087940789,10,0.438192158036516,Bilateral,9.0,"Bilateral pulmonary infection, nine infected areas, upper left lung and upper right lung."
Train,Jun_coronacases_case1_144.png,Jun_coronacases_case1_144.png,512,512,6721,0.025638580322265625,0.23238372802734375,0.4799327748905131,0.46422129313414656,11,0.42984674899568515,Bilateral,9.0,"Bilateral pulmonary infection, nine infected areas, upper left lung and upper right lung."
Train,Jun_coronacases_case1_145.png,Jun_coronacases_case1_145.png,512,512,6120,0.023345947265625,0.2378387451171875,0.4750047964391236,0.4745376232684855,10,0.43562091503267975,Bilateral,9.0,"Bilateral pulmonary infection, nine infected areas, upper left lung and middle right lung."
Train,Jun_coronacases_case1_146.png,Jun_coronacases_case1_146.png,512,512,5761,0.021976470947265625,0.2340087890625,0.4739946145738043,0.471417735355931,11,0.4507897934386391,Bilateral,9.0,"Bilateral pulmonary infection, nine infected areas, upper left lung and upper right lung."
Train,Jun_coronacases_case1_147.png,Jun_coronacases_case1_147.png,512,512,5052,0.0192718505859375,0.234832763671875,0.48716363518042494,0.48757888604307764,8,0.4734758511480602,Bilateral,7.0,"Bilateral pulmonary infection, seven infected areas, upper left lung and middle right lung."
Train,Jun_coronacases_case1_148.png,Jun_coronacases_case1_148.png,512,512,5214,0.01988983154296875,0.23102569580078125,0.49337362827912506,0.487187888696472,7,0.4501342539317223,Bilateral,7.0,"Bilateral pulmonary infection, seven infected areas, upper left lung and middle right lung."
Train,Jun_coronacases_case1_149.png,Jun_coronacases_case1_149.png,512,512,5323,0.020305633544921875,0.23046493530273438,0.49445838003891834,0.4868177200958952,7,0.4525643434153673,Bilateral,7.0,"Bilateral pulmonary infection, seven infected areas, upper left lung and middle right lung."
Train,Jun_coronacases_case1_150.png,Jun_coronacases_case1_150.png,512,512,5364,0.0204620361328125,0.229644775390625,0.5034680722830028,0.4874877964424715,7,0.42878448918717377,Bilateral,7.0,"Bilateral pulmonary infection, seven infected areas, upper left lung and middle right lung."
Train,Jun_coronacases_case1_151.png,Jun_coronacases_case1_151.png,512,512,5209,0.019870758056640625,0.22554397583007812,0.5019988361254926,0.47639021579014795,9,0.4096755615281244,Bilateral,8.0,"Bilateral pulmonary infection, eight infected areas, upper left lung and upper right lung."
Train,Jun_coronacases_case1_152.png,Jun_coronacases_case1_152.png,512,512,5593,0.021335601806640625,0.228057861328125,0.47926836138127654,0.46626811610683333,7,0.45056320400500627,Bilateral,5.0,"Bilateral pulmonary infection, five infected areas, upper left lung and upper right lung."
Train,Jun_coronacases_case1_153.png,Jun_coronacases_case1_153.png,512,512,6389,0.024372100830078125,0.229644775390625,0.5043881990174527,0.4625455505564082,9,0.36609798090467993,Bilateral,9.0,"Bilateral pulmonary infection, nine infected areas, upper left lung and upper right lung."
Train,Jun_coronacases_case1_154.png,Jun_coronacases_case1_154.png,512,512,6159,0.023494720458984375,0.2269439697265625,0.48967781068482347,0.4548168892896622,10,0.4585159928559831,Bilateral,9.0,"Bilateral pulmonary infection, nine infected areas, upper left lung and upper right lung."
Train,Jun_coronacases_case1_155.png,Jun_coronacases_case1_155.png,512,512,6304,0.0240478515625,0.2329254150390625,0.5145433086314283,0.4433385568259708,10,0.37658629441624364,Bilateral,9.0,"Bilateral pulmonary infection, nine infected areas, upper left lung and upper right lung."
Train,Jun_coronacases_case1_156.png,Jun_coronacases_case1_156.png,512,512,7405,0.028247833251953125,0.23102569580078125,0.5616678845282251,0.440456612195441,7,0.41809588116137747,Bilateral,7.0,"Bilateral pulmonary infection, seven infected areas, upper left lung and upper right lung."
Train,Jun_coronacases_case1_157.png,Jun_coronacases_case1_157.png,512,512,7221,0.027545928955078125,0.21837615966796875,0.562725698664826,0.4557575737866101,6,0.4711258828417117,Bilateral,6.0,"Bilateral pulmonary infection, six infected areas, upper left lung and upper right lung."
Train,Jun_coronacases_case1_158.png,Jun_coronacases_case1_158.png,512,512,6464,0.024658203125,0.23128509521484375,0.5524685265737924,0.4501051132510511,8,0.4395111386138614,Bilateral,7.0,"Bilateral pulmonary infection, seven infected areas, upper left lung and upper right lung."
Train,Jun_coronacases_case1_159.png,Jun_coronacases_case1_159.png,512,512,4116,0.0157012939453125,0.22776031494140625,0.5084648900096802,0.4361467539210261,9,0.22740524781341107,Bilateral,9.0,"Bilateral pulmonary infection, nine infected areas, upper left lung and upper right lung."
Train,Jun_coronacases_case1_160.png,Jun_coronacases_case1_160.png,512,512,3231,0.012325286865234375,0.16949081420898438,0.5123870333928715,0.44599861541899927,6,0.27452800990405446,Bilateral,6.0,"Bilateral pulmonary infection, six infected areas, middle left lung and upper right lung."
Train,Jun_coronacases_case1_161.png,Jun_coronacases_case1_161.png,512,512,3121,0.011905670166015625,0.1672210693359375,0.516630915752202,0.44722669674717885,6,0.2726690163409164,Bilateral,6.0,"Bilateral pulmonary infection, six infected areas, middle left lung and upper right lung."
Train,Jun_coronacases_case1_162.png,Jun_coronacases_case1_162.png,512,512,2694,0.01027679443359375,0.089080810546875,0.3923083404884668,0.5022286243111822,6,0.4105419450631032,Bilateral,5.0,"Bilateral pulmonary infection, five infected areas, middle left lung and middle right lung."
Train,Jun_coronacases_case1_163.png,Jun_coronacases_case1_163.png,512,512,3156,0.0120391845703125,0.08664703369140625,0.4398790611614196,0.5017424022580541,7,0.3634347275031686,Bilateral,6.0,"Bilateral pulmonary infection, six infected areas, middle left lung and middle right lung."
Train,Jun_coronacases_case1_164.png,Jun_coronacases_case1_164.png,512,512,3241,0.012363433837890625,0.10040283203125,0.46856113965453633,0.5020345367058922,8,0.2526997840172786,Bilateral,7.0,"Bilateral pulmonary infection, seven infected areas, middle left lung and middle right lung."
Train,Jun_coronacases_case1_165.png,Jun_coronacases_case1_165.png,512,512,3083,0.011760711669921875,0.0965118408203125,0.49479279401655313,0.49952615599845884,7,0.23580927667855983,Bilateral,7.0,"Bilateral pulmonary infection, seven infected areas, middle left lung and middle right lung."
Train,Jun_coronacases_case1_166.png,Jun_coronacases_case1_166.png,512,512,2368,0.009033203125,0.15725326538085938,0.448726827365526,0.49478367800285605,8,0.28716216216216217,Bilateral,7.0,"Bilateral pulmonary infection, seven infected areas, middle left lung and upper right lung."
Train,Jun_coronacases_case1_167.png,Jun_coronacases_case1_167.png,512,512,2628,0.0100250244140625,0.1518707275390625,0.4567386596848034,0.4899255943072794,8,0.3006088280060883,Bilateral,8.0,"Bilateral pulmonary infection, eight infected areas, middle left lung and upper right lung."
Train,Jun_coronacases_case1_168.png,Jun_coronacases_case1_168.png,512,512,2923,0.011150360107421875,0.1682891845703125,0.44270590291051537,0.4888357603807578,9,0.34656175162504277,Bilateral,8.0,"Bilateral pulmonary infection, eight infected areas, middle left lung and upper right lung."
Train,Jun_coronacases_case1_169.png,Jun_coronacases_case1_169.png,512,512,2584,0.009857177734375,0.1666412353515625,0.4193115241770825,0.4970713952487989,8,0.39473684210526316,Bilateral,6.0,"Bilateral pulmonary infection, six infected areas, middle left lung and middle right lung."
Train,Jun_coronacases_case1_170.png,Jun_coronacases_case1_170.png,512,512,2525,0.009632110595703125,0.16805648803710938,0.4018120168181202,0.49323206293232064,6,0.3786138613861386,Bilateral,6.0,"Bilateral pulmonary infection, six infected areas, upper left lung and middle right lung."
Train,Jun_coronacases_case1_171.png,Jun_coronacases_case1_171.png,512,512,2454,0.00936126708984375,0.17057418823242188,0.42785372178814257,0.4906147876305628,5,0.3932355338223309,Bilateral,5.0,"Bilateral pulmonary infection, five infected areas, upper left lung and middle right lung."
Train,Jun_coronacases_case1_172.png,Jun_coronacases_case1_172.png,512,512,3029,0.011554718017578125,0.1847076416015625,0.38870371794118047,0.4463312570785085,7,0.35358204027731926,Bilateral,6.0,"Bilateral pulmonary infection, six infected areas, upper left lung and middle right lung."
Train,Jun_coronacases_case1_173.png,Jun_coronacases_case1_173.png,512,512,2699,0.010295867919921875,0.17960357666015625,0.3684426137389437,0.431491985507425,6,0.3623564283067803,Bilateral,6.0,"Bilateral pulmonary infection, six infected areas, upper left lung and upper right lung."
Train,Jun_coronacases_case1_174.png,Jun_coronacases_case1_174.png,512,512,2528,0.0096435546875,0.17791748046875,0.3765544105625604,0.42263169139686396,7,0.41218354430379744,Bilateral,5.0,"Bilateral pulmonary infection, five infected areas, upper left lung and upper right lung."
Train,Jun_coronacases_case1_175.png,Jun_coronacases_case1_175.png,512,512,2808,0.010711669921875,0.17388916015625,0.4074840684429726,0.39994550097289827,4,0.5149572649572649,Bilateral,4.0,"Bilateral pulmonary infection, four infected areas, upper left lung and upper right lung."
Train,Jun_coronacases_case1_176.png,Jun_coronacases_case1_176.png,512,512,3603,0.013744354248046875,0.1732177734375,0.39292870205465874,0.4032375716474584,4,0.556203164029975,Bilateral,3.0,"Bilateral pulmonary infection, three infected areas, upper left lung and upper right lung."
Train,Jun_coronacases_case1_177.png,Jun_coronacases_case1_177.png,512,512,3521,0.013431549072265625,0.18529129028320312,0.42206364830308063,0.37217566838277016,4,0.4427719397898324,Bilateral,4.0,"Bilateral pulmonary infection, four infected areas, upper left lung and upper right lung."
Train,Jun_coronacases_case1_178.png,Jun_coronacases_case1_178.png,512,512,2907,0.011089324951171875,0.18190383911132812,0.43504544331551415,0.3530583105628697,4,0.3845889232886137,Bilateral,4.0,"Bilateral pulmonary infection, four infected areas, upper left lung and upper right lung."
Train,Jun_coronacases_case1_179.png,Jun_coronacases_case1_179.png,512,512,3493,0.013324737548828125,0.1676177978515625,0.4293266432221446,0.34559137845161947,4,0.4700830231892356,Bilateral,3.0,"Bilateral pulmonary infection, three infected areas, upper left lung and upper right lung."
Train,Jun_coronacases_case1_180.png,Jun_coronacases_case1_180.png,512,512,3695,0.014095306396484375,0.1593475341796875,0.41564074792984645,0.3330951807197011,3,0.5737483085250338,Bilateral,3.0,"Bilateral pulmonary infection, three infected areas, upper left lung and upper right lung."
Train,Jun_coronacases_case1_181.png,Jun_coronacases_case1_181.png,512,512,4360,0.016632080078125,0.16137313842773438,0.4238298712723747,0.35122219429433205,4,0.5206422018348624,Bilateral,4.0,"Bilateral pulmonary infection, four infected areas, upper left lung and upper right lung."
Train,Jun_coronacases_case1_182.png,Jun_coronacases_case1_182.png,512,512,4358,0.01662445068359375,0.1556396484375,0.45328967398284103,0.35256572028498323,4,0.48554382744378155,Bilateral,4.0,"Bilateral pulmonary infection, four infected areas, upper left lung and upper right lung."
Train,Jun_coronacases_case1_183.png,Jun_coronacases_case1_183.png,512,512,4073,0.015537261962890625,0.17525482177734375,0.4442342128945185,0.3470623931258447,6,0.5438251902774368,Bilateral,5.0,"Bilateral pulmonary infection, five infected areas, upper left lung and upper right lung."
Train,Jun_coronacases_case1_184.png,Jun_coronacases_case1_184.png,512,512,4455,0.016994476318359375,0.17290115356445312,0.4643328259766616,0.3580128310721918,7,0.47048260381593715,Bilateral,7.0,"Bilateral pulmonary infection, seven infected areas, upper left lung and upper right lung."
Train,Jun_coronacases_case1_185.png,Jun_coronacases_case1_185.png,512,512,5293,0.020191192626953125,0.17334365844726562,0.48816163429674686,0.35760852405218574,6,0.41375401473644435,Bilateral,6.0,"Bilateral pulmonary infection, six infected areas, upper left lung and upper right lung."
Train,Jun_coronacases_case1_186.png,Jun_coronacases_case1_186.png,512,512,4372,0.0166778564453125,0.18186187744140625,0.4860475754803294,0.36030118723848437,8,0.44213174748398903,Bilateral,7.0,"Bilateral pulmonary infection, seven infected areas, upper left lung and upper right lung."
Train,Jun_coronacases_case1_187.png,Jun_coronacases_case1_187.png,512,512,4794,0.01828765869140625,0.18224716186523438,0.4636376847445478,0.37608573012416857,7,0.3573216520650814,Bilateral,7.0,"Bilateral pulmonary infection, seven infected areas, upper left lung and upper right lung."
Train,Jun_coronacases_case1_188.png,Jun_coronacases_case1_188.png,512,512,3959,0.015102386474609375,0.1875,0.44590071718480373,0.3815003986556925,9,0.3609497347815105,Bilateral,7.0,"Bilateral pulmonary infection, seven infected areas, upper left lung and upper right lung."
Train,Jun_coronacases_case1_189.png,Jun_coronacases_case1_189.png,512,512,3295,0.012569427490234375,0.17448806762695312,0.4268906514941396,0.38176267784017176,10,0.37420333839150227,Bilateral,8.0,"Bilateral pulmonary infection, eight infected areas, upper left lung and upper right lung."
Train,Jun_coronacases_case1_190.png,Jun_coronacases_case1_190.png,512,512,3685,0.014057159423828125,0.15590286254882812,0.40871943431747154,0.379418332638533,8,0.3823609226594301,Bilateral,6.0,"Bilateral pulmonary infection, six infected areas, upper left lung and middle right lung."
Train,Jun_coronacases_case1_191.png,Jun_coronacases_case1_191.png,512,512,3620,0.0138092041015625,0.16168594360351562,0.4085494804899936,0.35435501832610744,10,0.41408839779005524,Bilateral,8.0,"Bilateral pulmonary infection, eight infected areas, upper left lung and upper right lung."
Train,Jun_coronacases_case1_192.png,Jun_coronacases_case1_192.png,512,512,2843,0.010845184326171875,0.13692092895507812,0.4227005870841487,0.3216992606553123,8,0.44319380935631375,Bilateral,5.0,"Bilateral pulmonary infection, five infected areas, upper left lung and upper right lung."
Train,Jun_coronacases_case1_193.png,Jun_coronacases_case1_193.png,512,512,3330,0.01270294189453125,0.142578125,0.3960326275394769,0.32243084571851693,7,0.49519519519519517,Bilateral,7.0,"Bilateral pulmonary infection, seven infected areas, upper left lung and upper right lung."
Train,Jun_coronacases_case1_194.png,Jun_coronacases_case1_194.png,512,512,3353,0.012790679931640625,0.143402099609375,0.37797036622868324,0.3258903584312439,7,0.49448255293766774,Bilateral,6.0,"Bilateral pulmonary infection, six infected areas, upper left lung and upper right lung."
Train,Jun_coronacases_case1_195.png,Jun_coronacases_case1_195.png,512,512,3613,0.013782501220703125,0.14536285400390625,0.3574014904863553,0.3274682693448262,5,0.47661223360088567,Bilateral,4.0,"Bilateral pulmonary infection, four infected areas, upper left lung and upper right lung."
Train,Jun_coronacases_case1_196.png,Jun_coronacases_case1_196.png,512,512,4032,0.015380859375,0.153350830078125,0.3903070931568975,0.3487127442301121,6,0.34250992063492064,Bilateral,6.0,"Bilateral pulmonary infection, six infected areas, upper left lung and upper right lung."
Train,Jun_coronacases_case1_197.png,Jun_coronacases_case1_197.png,512,512,4553,0.017368316650390625,0.15567779541015625,0.388278002547083,0.34194610723107666,6,0.3575664397100813,Bilateral,6.0,"Bilateral pulmonary infection, six infected areas, upper left lung and upper right lung."
Train,Jun_coronacases_case1_198.png,Jun_coronacases_case1_198.png,512,512,5413,0.020648956298828125,0.17420196533203125,0.39361101761613976,0.34182585014043526,6,0.33068538703122113,Bilateral,5.0,"Bilateral pulmonary infection, five infected areas, upper left lung and upper right lung."
Train,Jun_coronacases_case1_199.png,Jun_coronacases_case1_199.png,512,512,5533,0.021106719970703125,0.1792144775390625,0.38497532860124434,0.3531976615666259,7,0.32821254292427254,Bilateral,6.0,"Bilateral pulmonary infection, six infected areas, upper left lung and upper right lung."
Train,Jun_coronacases_case1_200.png,Jun_coronacases_case1_200.png,512,512,5078,0.01937103271484375,0.179901123046875,0.3804855602888482,0.3475138138580223,8,0.39326506498621505,Bilateral,6.0,"Bilateral pulmonary infection, six infected areas, upper left lung and upper right lung."
Train,Jun_coronacases_case1_201.png,Jun_coronacases_case1_201.png,512,512,5138,0.01959991455078125,0.1805877685546875,0.3799962521681436,0.35848506847029804,8,0.40151810042818215,Bilateral,7.0,"Bilateral pulmonary infection, seven infected areas, upper left lung and upper right lung."
Train,Jun_coronacases_case1_202.png,Jun_coronacases_case1_202.png,512,512,5041,0.019229888916015625,0.17548751831054688,0.3722334004024145,0.3604098059318675,7,0.48720491965879786,Bilateral,7.0,"Bilateral pulmonary infection, seven infected areas, upper left lung and upper right lung."
Train,Jun_coronacases_case1_203.png,Jun_coronacases_case1_203.png,512,512,4907,0.018718719482421875,0.1748046875,0.3775875112712898,0.3451329762944984,7,0.4593437945791726,Bilateral,7.0,"Bilateral pulmonary infection, seven infected areas, upper left lung and upper right lung."
Train,Jun_coronacases_case1_204.png,Jun_coronacases_case1_204.png,512,512,3410,0.01300811767578125,0.15863800048828125,0.3743307068539061,0.37480588346695287,5,0.6325513196480939,Bilateral,5.0,"Bilateral pulmonary infection, five infected areas, middle left lung and upper right lung."
Train,Jun_coronacases_case1_205.png,Jun_coronacases_case1_205.png,512,512,3500,0.0133514404296875,0.12542724609375,0.38312161028795083,0.38149566675985463,4,0.5937142857142857,Bilateral,4.0,"Bilateral pulmonary infection, four infected areas, middle left lung and upper right lung."
Train,Jun_coronacases_case1_206.png,Jun_coronacases_case1_206.png,512,512,3197,0.012195587158203125,0.09285354614257812,0.42764651547714433,0.37535005603957233,4,0.4673131060369096,Bilateral,4.0,"Bilateral pulmonary infection, four infected areas, middle left lung and upper right lung."
Train,Jun_coronacases_case1_207.png,Jun_coronacases_case1_207.png,512,512,3446,0.01314544677734375,0.11402130126953125,0.42121725975151425,0.3878986158261713,5,0.405977945443993,Bilateral,4.0,"Bilateral pulmonary infection, four infected areas, middle left lung and upper right lung."
Train,Jun_coronacases_case1_208.png,Jun_coronacases_case1_208.png,512,512,3457,0.013187408447265625,0.11541748046875,0.4293316773533606,0.38159337502342167,7,0.4764246456465143,Bilateral,5.0,"Bilateral pulmonary infection, five infected areas, middle left lung and upper right lung."
Train,Jun_coronacases_case1_209.png,Jun_coronacases_case1_209.png,512,512,3282,0.01251983642578125,0.11077880859375,0.43954750516068786,0.3781594679393382,5,0.4731870810481414,Bilateral,4.0,"Bilateral pulmonary infection, four infected areas, middle left lung and upper right lung."
Train,Jun_coronacases_case1_210.png,Jun_coronacases_case1_210.png,512,512,2606,0.00994110107421875,0.10667037963867188,0.39541596766756826,0.3936039517416529,5,0.5211051419800461,Bilateral,4.0,"Bilateral pulmonary infection, four infected areas, middle left lung and upper right lung."
Train,Jun_coronacases_case1_211.png,Jun_coronacases_case1_211.png,512,512,1939,0.007396697998046875,0.08211517333984375,0.38562759063370167,0.38617460732376624,4,0.6591026302217637,Bilateral,3.0,"Bilateral pulmonary infection, three infected areas, middle left lung and upper right lung."
Train,Jun_coronacases_case1_212.png,Jun_coronacases_case1_212.png,512,512,1865,0.007114410400390625,0.0530548095703125,0.3808166713010813,0.37973379222782433,3,0.692225201072386,Bilateral,3.0,"Bilateral pulmonary infection, three infected areas, middle left lung and middle right lung."
Train,Jun_coronacases_case1_213.png,Jun_coronacases_case1_213.png,512,512,1585,0.006046295166015625,0.108856201171875,0.4107391333872471,0.3765709593979764,5,0.48264984227129337,Bilateral,5.0,"Bilateral pulmonary infection, five infected areas, upper left lung and middle right lung."
Train,Jun_coronacases_case1_214.png,Jun_coronacases_case1_214.png,512,512,1357,0.005176544189453125,0.10398101806640625,0.4278532563629625,0.37727835806797255,4,0.4937361827560796,Bilateral,4.0,"Bilateral pulmonary infection, four infected areas, upper left lung and middle right lung."
Train,Jun_coronacases_case1_215.png,Jun_coronacases_case1_215.png,512,512,1212,0.0046234130859375,0.1080322265625,0.4187996099022818,0.3723592515807354,5,0.5115511551155115,Bilateral,4.0,"Bilateral pulmonary infection, four infected areas, upper left lung and middle right lung."
Train,Jun_coronacases_case1_216.png,Jun_coronacases_case1_216.png,512,512,931,0.003551483154296875,0.11170196533203125,0.3531123027025209,0.37703498332075647,4,0.6960257787325457,Bilateral,3.0,"Bilateral pulmonary infection, three infected areas, upper left lung and middle right lung."
Train,Jun_coronacases_case1_217.png,Jun_coronacases_case1_217.png,512,512,561,0.002140045166015625,0.1080322265625,0.37714662452776876,0.371582755144399,4,0.5098039215686274,Bilateral,4.0,"Bilateral pulmonary infection, four infected areas, upper left lung and middle right lung."
Train,Jun_coronacases_case1_218.png,Jun_coronacases_case1_218.png,512,512,519,0.001979827880859375,0.117706298828125,0.37642764762885117,0.3809372985079692,6,0.47398843930635837,Bilateral,5.0,"Bilateral pulmonary infection, five infected areas, upper left lung and middle right lung."
Train,Jun_coronacases_case1_219.png,Jun_coronacases_case1_219.png,512,512,212,0.0008087158203125,0.11072158813476562,0.5669146697190119,0.36379832367167597,4,0.3443396226415094,Unilateral,2.0,"Unilateral pulmonary infection, two infected areas, left lung and middle right lung."
Train,Jun_coronacases_case1_220.png,Jun_coronacases_case1_220.png,512,512,156,0.0005950927734375,0.08571624755859375,0.5675397661699031,0.3801244417682774,3,0.36538461538461536,Unilateral,1.0,"Unilateral pulmonary infection, one infected areas, left lung and middle right lung."
Train,Jun_coronacases_case1_221.png,Jun_coronacases_case1_221.png,512,512,110,0.00041961669921875,0.0043487548828125,0.6953922789539229,0.4427681907133962,2,0.6818181818181818,Unilateral,1.0,"Unilateral pulmonary infection, one infected areas, left lung and middle right lung."
Train,Jun_coronacases_case1_222.png,Jun_coronacases_case1_222.png,512,512,149,0.000568389892578125,0.07049560546875,0.5929155885945442,0.42267431933700206,3,0.4228187919463087,Unilateral,1.0,"Unilateral pulmonary infection, one infected areas, left lung and middle right lung."
Train,Jun_coronacases_case1_223.png,Jun_coronacases_case1_223.png,512,512,223,0.000850677490234375,0.074981689453125,0.5635744561354242,0.40887032372995885,3,0.39461883408071746,Bilateral,3.0,"Bilateral pulmonary infection, three infected areas, middle left lung and middle right lung."
Train,Jun_coronacases_case1_224.png,Jun_coronacases_case1_224.png,512,512,202,0.00077056884765625,0.075225830078125,0.5953866423824379,0.43308597004514543,3,0.48514851485148514,Unilateral,2.0,"Unilateral pulmonary infection, two infected areas, left lung and middle right lung."
Train,Jun_coronacases_case1_225.png,Jun_coronacases_case1_225.png,512,512,114,0.00043487548828125,0.05176544189453125,0.5099048992343874,0.4581831290555155,2,0.5789473684210527,Unilateral,1.0,"Unilateral pulmonary infection, one infected areas, left lung and middle right lung."
Train,Jun_coronacases_case1_226.png,Jun_coronacases_case1_226.png,512,512,217,0.000827789306640625,0.003871917724609375,0.28541668545456184,0.4464544987239262,2,0.880184331797235,Unilateral,1.0,"Unilateral pulmonary infection, one infected areas, middle left lung."
Train,Jun_coronacases_case1_227.png,Jun_coronacases_case1_227.png,512,512,226,0.00086212158203125,0.001041412353515625,0.288632388341444,0.44974282597024745,1,1.0,Unilateral,1.0,"Unilateral pulmonary infection, one infected areas, middle left lung."
Train,Jun_coronacases_case1_228.png,Jun_coronacases_case1_228.png,512,512,233,0.000888824462890625,0.001190185546875,0.29172790875418897,0.45105532365218415,1,1.0,Unilateral,1.0,"Unilateral pulmonary infection, one infected areas, middle left lung."
Train,Jun_coronacases_case1_229.png,Jun_coronacases_case1_229.png,512,512,277,0.001056671142578125,0.001678466796875,0.2987346958960628,0.4552339505605912,1,1.0,Unilateral,1.0,"Unilateral pulmonary infection, one infected areas, middle left lung."
Train,Jun_coronacases_case1_230.png,Jun_coronacases_case1_230.png,512,512,315,0.001201629638671875,0.0016021728515625,0.29696517876557016,0.4550181716522225,1,1.0,Unilateral,1.0,"Unilateral pulmonary infection, one infected areas, middle left lung."
Train,Jun_coronacases_case1_231.png,Jun_coronacases_case1_231.png,512,512,223,0.000850677490234375,0.00122833251953125,0.29642922959465745,0.45186173246864936,1,1.0,Unilateral,1.0,"Unilateral pulmonary infection, one infected areas, middle left lung."
Train,Jun_coronacases_case1_232.png,Jun_coronacases_case1_232.png,512,512,198,0.00075531005859375,0.0009613037109375,0.29326533436122476,0.4520350273774931,1,1.0,Unilateral,1.0,"Unilateral pulmonary infection, one infected areas, middle left lung."
Train,Jun_coronacases_case1_233.png,Jun_coronacases_case1_233.png,512,512,290,0.00110626220703125,0.0017547607421875,0.292664822187732,0.45284432147918213,1,1.0,Unilateral,1.0,"Unilateral pulmonary infection, one infected areas, middle left lung."
Train,Jun_coronacases_case1_234.png,Jun_coronacases_case1_234.png,512,512,342,0.00130462646484375,0.0018310546875,0.2942458886943386,0.4554937572241105,1,1.0,Unilateral,1.0,"Unilateral pulmonary infection, one infected areas, middle left lung."
Train,Jun_coronacases_case1_235.png,Jun_coronacases_case1_235.png,512,512,306,0.00116729736328125,0.002162933349609375,0.29847281378304746,0.45609659388869705,1,1.0,Unilateral,1.0,"Unilateral pulmonary infection, one infected areas, middle left lung."
Train,Jun_coronacases_case1_236.png,Jun_coronacases_case1_236.png,512,512,106,0.00040435791015625,0.00057220458984375,0.286212753387734,0.44764243252224645,1,1.0,Unilateral,1.0,"Unilateral pulmonary infection, one infected areas, middle left lung."
Train,Jun_coronacases_case1_237.png,Jun_coronacases_case1_237.png,512,512,53,0.000202178955078125,0.000240325927734375,0.2801019089465716,0.4499132297012886,1,1.0,Unilateral,1.0,"Unilateral pulmonary infection, one infected areas, middle left lung."
Train,Jun_coronacases_case1_243.png,Jun_coronacases_case1_243.png,512,512,49,0.000186920166015625,0.000240325927734375,0.6854906346100084,0.4637964774951076,1,1.0,Unknown,,"No pulmonary infection, zero infected areas."
Train,Jun_coronacases_case1_244.png,Jun_coronacases_case1_244.png,512,512,30,0.00011444091796875,0.0001373291015625,0.6836921069797782,0.46112198303979124,1,1.0,Unknown,,"No pulmonary infection, zero infected areas."
Train,Jun_coronacases_case1_79.png,Jun_coronacases_case1_79.png,512,512,31,0.000118255615234375,0.000133514404296875,0.6007827788649707,0.5420743639921722,1,1.0,Unknown,,"No pulmonary infection, zero infected areas."
Train,Jun_coronacases_case1_80.png,Jun_coronacases_case1_80.png,512,512,73,0.000278472900390625,0.000377655029296875,0.5973514194568801,0.5387770420609603,1,1.0,Unilateral,1.0,"Unilateral pulmonary infection, one infected areas, left lung and middle right lung."
Train,Jun_coronacases_case1_81.png,Jun_coronacases_case1_81.png,512,512,44,0.0001678466796875,0.000240325927734375,0.5983810709838107,0.538027041451699,1,1.0,Unknown,,"No pulmonary infection, zero infected areas."
Train,Jun_coronacases_case1_82.png,Jun_coronacases_case1_82.png,512,512,72,0.000274658203125,0.00034332275390625,0.5980376168732333,0.5393563818221352,1,1.0,Unilateral,1.0,"Unilateral pulmonary infection, one infected areas, left lung and middle right lung."
Train,Jun_coronacases_case1_83.png,Jun_coronacases_case1_83.png,512,512,95,0.000362396240234375,0.0005035400390625,0.5976928622927181,0.5404676073746009,1,1.0,Unilateral,1.0,"Unilateral pulmonary infection, one infected areas, left lung and middle right lung."
Train,Jun_coronacases_case1_84.png,Jun_coronacases_case1_84.png,512,512,76,0.0002899169921875,0.00041961669921875,0.5986970851787001,0.5405036564012772,1,1.0,Unilateral,1.0,"Unilateral pulmonary infection, one infected areas, left lung and middle right lung."
Train,Jun_coronacases_case1_85.png,Jun_coronacases_case1_85.png,512,512,129,0.000492095947265625,0.0005950927734375,0.5948209165794385,0.5391465283150533,1,1.0,Unilateral,1.0,"Unilateral pulmonary infection, one infected areas, left lung and middle right lung."
Train,Jun_coronacases_case1_86.png,Jun_coronacases_case1_86.png,512,512,569,0.002170562744140625,0.00780487060546875,0.6032143459015885,0.5303980272321751,2,0.7539543057996485,Unilateral,2.0,"Unilateral pulmonary infection, two infected areas, left lung and middle right lung."
Train,Jun_coronacases_case1_87.png,Jun_coronacases_case1_87.png,512,512,540,0.0020599365234375,0.007781982421875,0.5995614988765673,0.5285206929042545,2,0.7814814814814814,Unilateral,2.0,"Unilateral pulmonary infection, two infected areas, left lung and middle right lung."
Train,Jun_coronacases_case1_88.png,Jun_coronacases_case1_88.png,512,512,1675,0.006389617919921875,0.023258209228515625,0.5911791336857786,0.509274761223238,2,0.804179104477612,Unilateral,2.0,"Unilateral pulmonary infection, two infected areas, left lung and middle right lung."
Train,Jun_coronacases_case1_89.png,Jun_coronacases_case1_89.png,512,512,1406,0.00536346435546875,0.02044677734375,0.5830547304952496,0.5040210671068638,2,0.8712660028449503,Unilateral,2.0,"Unilateral pulmonary infection, two infected areas, left lung and middle right lung."
Train,Jun_coronacases_case1_90.png,Jun_coronacases_case1_90.png,512,512,1789,0.006824493408203125,0.024646759033203125,0.5991200847973974,0.5075111110624944,2,0.7451089994410285,Unilateral,2.0,"Unilateral pulmonary infection, two infected areas, left lung and middle right lung."
Train,Jun_coronacases_case1_91.png,Jun_coronacases_case1_91.png,512,512,2051,0.007823944091796875,0.02506256103515625,0.5935618251227743,0.5107469889634286,1,1.0,Unilateral,1.0,"Unilateral pulmonary infection, one infected areas, left lung and middle right lung."
Train,Jun_coronacases_case1_92.png,Jun_coronacases_case1_92.png,512,512,2850,0.01087188720703125,0.06099700927734375,0.6079685515157758,0.5134040580904315,3,0.9715789473684211,Bilateral,2.0,"Bilateral pulmonary infection, two infected areas, middle left lung and middle right lung."
Train,Jun_coronacases_case1_93.png,Jun_coronacases_case1_93.png,512,512,3165,0.012073516845703125,0.06457901000976562,0.5991659015096008,0.5090059759539731,3,0.9601895734597157,Bilateral,3.0,"Bilateral pulmonary infection, three infected areas, middle left lung and middle right lung."
Train,Jun_coronacases_case1_94.png,Jun_coronacases_case1_94.png,512,512,2904,0.011077880859375,0.05580902099609375,0.6119469467850539,0.5156569250591666,3,0.9617768595041323,Bilateral,2.0,"Bilateral pulmonary infection, two infected areas, middle left lung and middle right lung."
Train,Jun_coronacases_case1_95.png,Jun_coronacases_case1_95.png,512,512,2979,0.011363983154296875,0.0550079345703125,0.6070957235547725,0.5154877357418433,3,0.9600537092984223,Bilateral,2.0,"Bilateral pulmonary infection, two infected areas, middle left lung and middle right lung."
Train,Jun_coronacases_case1_96.png,Jun_coronacases_case1_96.png,512,512,2816,0.0107421875,0.052394866943359375,0.6003095256626935,0.5156694760718733,3,0.93359375,Bilateral,2.0,"Bilateral pulmonary infection, two infected areas, middle left lung and middle right lung."
Train,Jun_coronacases_case1_97.png,Jun_coronacases_case1_97.png,512,512,3099,0.011821746826171875,0.053432464599609375,0.5927579693973626,0.513205762353742,2,0.9170700225879316,Bilateral,2.0,"Bilateral pulmonary infection, two infected areas, middle left lung and middle right lung."
Train,Jun_coronacases_case1_98.png,Jun_coronacases_case1_98.png,512,512,3279,0.012508392333984375,0.05291748046875,0.5837205152398977,0.5112382718945028,2,0.8908203720646538,Bilateral,2.0,"Bilateral pulmonary infection, two infected areas, middle left lung and middle right lung."
Train,Jun_coronacases_case1_99.png,Jun_coronacases_case1_99.png,512,512,3737,0.014255523681640625,0.0606536865234375,0.5872443911234092,0.5093021757880024,3,0.8980465614128981,Bilateral,3.0,"Bilateral pulmonary infection, three infected areas, middle left lung and middle right lung."
Train,Jun_coronacases_case2_100.png,Jun_coronacases_case2_100.png,512,512,3925,0.014972686767578125,0.25128173828125,0.3979488202226183,0.6415321525172324,6,0.49121019108280256,Bilateral,6.0,"Bilateral pulmonary infection, six infected areas, middle left lung and middle right lung."
Train,Jun_coronacases_case2_101.png,Jun_coronacases_case2_101.png,512,512,3720,0.014190673828125,0.251312255859375,0.3522041958630558,0.6224254571470657,6,0.4696236559139785,Bilateral,5.0,"Bilateral pulmonary infection, five infected areas, middle left lung and middle right lung."
Train,Jun_coronacases_case2_102.png,Jun_coronacases_case2_102.png,512,512,3511,0.013393402099609375,0.25330352783203125,0.33638533855854763,0.5952140351737704,5,0.4642551979493022,Bilateral,5.0,"Bilateral pulmonary infection, five infected areas, middle left lung and middle right lung."
Train,Jun_coronacases_case2_103.png,Jun_coronacases_case2_103.png,512,512,2990,0.01140594482421875,0.25063323974609375,0.3268736623709822,0.5714567148158571,5,0.5505016722408027,Bilateral,3.0,"Bilateral pulmonary infection, three infected areas, middle left lung and middle right lung."
Train,Jun_coronacases_case2_104.png,Jun_coronacases_case2_104.png,512,512,2846,0.01085662841796875,0.251983642578125,0.29883394553828424,0.5528478875834935,5,0.6679550245959242,Bilateral,5.0,"Bilateral pulmonary infection, five infected areas, middle left lung and middle right lung."
Train,Jun_coronacases_case2_105.png,Jun_coronacases_case2_105.png,512,512,2525,0.009632110595703125,0.24991607666015625,0.33035360678925035,0.555597062641685,5,0.6403960396039604,Bilateral,5.0,"Bilateral pulmonary infection, five infected areas, middle left lung and middle right lung."
Train,Jun_coronacases_case2_106.png,Jun_coronacases_case2_106.png,512,512,2219,0.008464813232421875,0.130523681640625,0.3468170726222298,0.5063863149511998,2,0.775574583145561,Bilateral,2.0,"Bilateral pulmonary infection, two infected areas, middle left lung and middle right lung."
Train,Jun_coronacases_case2_107.png,Jun_coronacases_case2_107.png,512,512,2306,0.00879669189453125,0.12973785400390625,0.3613749887556158,0.5083225415533035,2,0.753686036426713,Bilateral,2.0,"Bilateral pulmonary infection, two infected areas, middle left lung and middle right lung."
Train,Jun_coronacases_case2_108.png,Jun_coronacases_case2_108.png,512,512,2108,0.0080413818359375,0.13431930541992188,0.34587927084222997,0.5079150528969874,2,0.7718216318785579,Bilateral,2.0,"Bilateral pulmonary infection, two infected areas, middle left lung and middle right lung."
Train,Jun_coronacases_case2_109.png,Jun_coronacases_case2_109.png,512,512,2376,0.009063720703125,0.2506256103515625,0.345141730415703,0.519683956327792,3,0.7369528619528619,Bilateral,3.0,"Bilateral pulmonary infection, three infected areas, middle left lung and middle right lung."
Train,Jun_coronacases_case2_110.png,Jun_coronacases_case2_110.png,512,512,2341,0.008930206298828125,0.25408935546875,0.34925446248320796,0.523881693724812,3,0.7155061939342161,Bilateral,3.0,"Bilateral pulmonary infection, three infected areas, middle left lung and middle right lung."
Train,Jun_coronacases_case2_111.png,Jun_coronacases_case2_111.png,512,512,2027,0.007732391357421875,0.25330352783203125,0.42476276722176254,0.5553887489537043,4,0.5614208189442526,Bilateral,4.0,"Bilateral pulmonary infection, four infected areas, middle left lung and middle right lung."
Train,Jun_coronacases_case2_112.png,Jun_coronacases_case2_112.png,512,512,1628,0.0062103271484375,0.2430419921875,0.45524745524745525,0.5672189713285604,4,0.5085995085995086,Bilateral,4.0,"Bilateral pulmonary infection, four infected areas, middle left lung and middle right lung."
Train,Jun_coronacases_case2_113.png,Jun_coronacases_case2_113.png,512,512,1404,0.0053558349609375,0.23431396484375,0.5452146787763227,0.5933006617938125,4,0.3475783475783476,Bilateral,4.0,"Bilateral pulmonary infection, four infected areas, middle left lung and middle right lung."
Train,Jun_coronacases_case2_114.png,Jun_coronacases_case2_114.png,512,512,1407,0.005367279052734375,0.23162841796875,0.5571457779595175,0.6286362428839866,5,0.3326226012793177,Bilateral,5.0,"Bilateral pulmonary infection, five infected areas, middle left lung and middle right lung."
Train,Jun_coronacases_case2_115.png,Jun_coronacases_case2_115.png,512,512,1008,0.00384521484375,0.134521484375,0.6532495418258627,0.6806739819215357,4,0.5634920634920635,Bilateral,4.0,"Bilateral pulmonary infection, four infected areas, lower left lung and middle right lung."
Train,Jun_coronacases_case2_116.png,Jun_coronacases_case2_116.png,512,512,1013,0.003864288330078125,0.13380050659179688,0.6450198302691237,0.6831503565198409,4,0.6001974333662389,Bilateral,4.0,"Bilateral pulmonary infection, four infected areas, lower left lung and middle right lung."
Train,Jun_coronacases_case2_117.png,Jun_coronacases_case2_117.png,512,512,845,0.003223419189453125,0.07431411743164062,0.6340207737468011,0.6949223589897984,3,0.7751479289940828,Bilateral,3.0,"Bilateral pulmonary infection, three infected areas, lower left lung and middle right lung."
Train,Jun_coronacases_case2_118.png,Jun_coronacases_case2_118.png,512,512,1273,0.004856109619140625,0.141143798828125,0.5387600057186516,0.6577863591712874,5,0.5412411626080126,Bilateral,5.0,"Bilateral pulmonary infection, five infected areas, middle left lung and middle right lung."
Train,Jun_coronacases_case2_119.png,Jun_coronacases_case2_119.png,512,512,1279,0.004878997802734375,0.14458084106445312,0.5202128619931484,0.6420102544643335,6,0.5011727912431587,Bilateral,6.0,"Bilateral pulmonary infection, six infected areas, middle left lung and middle right lung."
Train,Jun_coronacases_case2_120.png,Jun_coronacases_case2_120.png,512,512,1708,0.0065155029296875,0.12681961059570312,0.569195497646622,0.6086999362960994,7,0.42096018735363,Bilateral,7.0,"Bilateral pulmonary infection, seven infected areas, middle left lung and middle right lung."
Train,Jun_coronacases_case2_121.png,Jun_coronacases_case2_121.png,512,512,2071,0.007900238037109375,0.13018798828125,0.5279155536195018,0.5941257567697048,8,0.28681796233703527,Bilateral,8.0,"Bilateral pulmonary infection, eight infected areas, middle left lung and middle right lung."
Train,Jun_coronacases_case2_122.png,Jun_coronacases_case2_122.png,512,512,3047,0.011623382568359375,0.18740081787109375,0.5407012254843717,0.5784150076717209,8,0.284870364292747,Bilateral,8.0,"Bilateral pulmonary infection, eight infected areas, middle left lung and middle right lung."
Train,Jun_coronacases_case2_123.png,Jun_coronacases_case2_123.png,512,512,3202,0.01221466064453125,0.1772003173828125,0.5260025840014375,0.5855379037807829,9,0.27857589006870703,Bilateral,9.0,"Bilateral pulmonary infection, nine infected areas, middle left lung and middle right lung."
Train,Jun_coronacases_case2_124.png,Jun_coronacases_case2_124.png,512,512,3366,0.01284027099609375,0.1772003173828125,0.5152241884715696,0.5684565233316241,8,0.3092691622103387,Bilateral,8.0,"Bilateral pulmonary infection, eight infected areas, middle left lung and middle right lung."
Train,Jun_coronacases_case2_125.png,Jun_coronacases_case2_125.png,512,512,3453,0.013172149658203125,0.177276611328125,0.5053763623679004,0.5589846997675806,7,0.32841007819287577,Bilateral,7.0,"Bilateral pulmonary infection, seven infected areas, middle left lung and middle right lung."
Train,Jun_coronacases_case2_126.png,Jun_coronacases_case2_126.png,512,512,2859,0.010906219482421875,0.177276611328125,0.5636972953881346,0.5589599636948311,5,0.4746414830360266,Bilateral,5.0,"Bilateral pulmonary infection, five infected areas, middle left lung and middle right lung."
Train,Jun_coronacases_case2_127.png,Jun_coronacases_case2_127.png,512,512,2970,0.01132965087890625,0.1705169677734375,0.5442553387758867,0.5566506552807923,4,0.431986531986532,Bilateral,4.0,"Bilateral pulmonary infection, four infected areas, middle left lung and middle right lung."
Train,Jun_coronacases_case2_128.png,Jun_coronacases_case2_128.png,512,512,2829,0.010791778564453125,0.17565155029296875,0.5611755241180422,0.5790384603412103,3,0.4683633792859668,Bilateral,3.0,"Bilateral pulmonary infection, three infected areas, middle left lung and middle right lung."
Train,Jun_coronacases_case2_129.png,Jun_coronacases_case2_129.png,512,512,2843,0.010845184326171875,0.16992568969726562,0.5910937221437899,0.5767969256036559,3,0.5349982412944073,Bilateral,3.0,"Bilateral pulmonary infection, three infected areas, middle left lung and middle right lung."
Train,Jun_coronacases_case2_130.png,Jun_coronacases_case2_130.png,512,512,3237,0.012348175048828125,0.17667770385742188,0.5594335795689155,0.5735729308926206,4,0.4723509422304603,Bilateral,4.0,"Bilateral pulmonary infection, four infected areas, middle left lung and middle right lung."
Train,Jun_coronacases_case2_131.png,Jun_coronacases_case2_131.png,512,512,3133,0.011951446533203125,0.174957275390625,0.5821539910666267,0.5663916030539119,4,0.5231407596552825,Bilateral,4.0,"Bilateral pulmonary infection, four infected areas, middle left lung and middle right lung."
Train,Jun_coronacases_case2_132.png,Jun_coronacases_case2_132.png,512,512,3297,0.012577056884765625,0.20986175537109375,0.5683723624691129,0.5688151536681334,5,0.5116772823779193,Bilateral,5.0,"Bilateral pulmonary infection, five infected areas, middle left lung and middle right lung."
Train,Jun_coronacases_case2_133.png,Jun_coronacases_case2_133.png,512,512,3525,0.013446807861328125,0.20722198486328125,0.5263432846178402,0.5730490902277553,4,0.4513475177304965,Bilateral,4.0,"Bilateral pulmonary infection, four infected areas, middle left lung and middle right lung."
Train,Jun_coronacases_case2_134.png,Jun_coronacases_case2_134.png,512,512,3286,0.01253509521484375,0.209747314453125,0.4981603743807864,0.5866041428202192,4,0.4071819841752891,Bilateral,4.0,"Bilateral pulmonary infection, four infected areas, middle left lung and middle right lung."
Train,Jun_coronacases_case2_135.png,Jun_coronacases_case2_135.png,512,512,3289,0.012546539306640625,0.1641387939453125,0.48518961681558465,0.5935017930253189,3,0.3870477348738218,Bilateral,3.0,"Bilateral pulmonary infection, three infected areas, middle left lung and middle right lung."
Train,Jun_coronacases_case2_136.png,Jun_coronacases_case2_136.png,512,512,3379,0.012889862060546875,0.16375350952148438,0.4598078728465039,0.5935538311048615,3,0.35276709085528263,Bilateral,3.0,"Bilateral pulmonary infection, three infected areas, middle left lung and middle right lung."
Train,Jun_coronacases_case2_137.png,Jun_coronacases_case2_137.png,512,512,3564,0.0135955810546875,0.1631927490234375,0.4515545759837997,0.596514174139745,4,0.3543771043771044,Bilateral,4.0,"Bilateral pulmonary infection, four infected areas, middle left lung and middle right lung."
Train,Jun_coronacases_case2_138.png,Jun_coronacases_case2_138.png,512,512,3908,0.0149078369140625,0.17290496826171875,0.40951623144455546,0.6016260488295373,4,0.41376663254861823,Bilateral,4.0,"Bilateral pulmonary infection, four infected areas, middle left lung and middle right lung."
Train,Jun_coronacases_case2_139.png,Jun_coronacases_case2_139.png,512,512,3817,0.014560699462890625,0.18610382080078125,0.36906834036832853,0.6112452941239803,4,0.4589992140424417,Bilateral,4.0,"Bilateral pulmonary infection, four infected areas, middle left lung and middle right lung."
Train,Jun_coronacases_case2_140.png,Jun_coronacases_case2_140.png,512,512,3290,0.01255035400390625,0.1748199462890625,0.3411024333953926,0.6178861401745193,4,0.4911854103343465,Bilateral,4.0,"Bilateral pulmonary infection, four infected areas, middle left lung and middle right lung."
Train,Jun_coronacases_case2_141.png,Jun_coronacases_case2_141.png,512,512,3738,0.01425933837890625,0.22889328002929688,0.3300146901919149,0.6235065058807886,4,0.48207597645799893,Bilateral,4.0,"Bilateral pulmonary infection, four infected areas, middle left lung and middle right lung."
Train,Jun_coronacases_case2_142.png,Jun_coronacases_case2_142.png,512,512,3493,0.013324737548828125,0.23079681396484375,0.3191543836905009,0.6278298839781884,4,0.4961351273976524,Bilateral,4.0,"Bilateral pulmonary infection, four infected areas, middle left lung and middle right lung."
Train,Jun_coronacases_case2_143.png,Jun_coronacases_case2_143.png,512,512,3268,0.0124664306640625,0.23406600952148438,0.3258275107967434,0.6172072423811998,4,0.5572215422276622,Bilateral,4.0,"Bilateral pulmonary infection, four infected areas, middle left lung and middle right lung."
Train,Jun_coronacases_case2_144.png,Jun_coronacases_case2_144.png,512,512,3397,0.012958526611328125,0.23853302001953125,0.32840131185165683,0.6180260354047862,5,0.5395937591992935,Bilateral,5.0,"Bilateral pulmonary infection, five infected areas, middle left lung and middle right lung."
Train,Jun_coronacases_case2_145.png,Jun_coronacases_case2_145.png,512,512,3485,0.013294219970703125,0.2032470703125,0.3151134158975986,0.6198463080521216,4,0.5179340028694405,Bilateral,3.0,"Bilateral pulmonary infection, three infected areas, middle left lung and middle right lung."
Train,Jun_coronacases_case2_146.png,Jun_coronacases_case2_146.png,512,512,3547,0.013530731201171875,0.199951171875,0.30962578557883874,0.6169166965054673,5,0.5032421764871723,Bilateral,5.0,"Bilateral pulmonary infection, five infected areas, middle left lung and middle right lung."
Train,Jun_coronacases_case2_147.png,Jun_coronacases_case2_147.png,512,512,3491,0.013317108154296875,0.19378280639648438,0.31001664330027284,0.616006157292361,6,0.4798052134059009,Bilateral,6.0,"Bilateral pulmonary infection, six infected areas, middle left lung and middle right lung."
Train,Jun_coronacases_case2_148.png,Jun_coronacases_case2_148.png,512,512,3751,0.014308929443359375,0.187652587890625,0.3127359123020554,0.6060708664251829,6,0.4302852572647294,Bilateral,6.0,"Bilateral pulmonary infection, six infected areas, middle left lung and middle right lung."
Train,Jun_coronacases_case2_149.png,Jun_coronacases_case2_149.png,512,512,3589,0.013690948486328125,0.1852569580078125,0.31407938695045035,0.6095696842766466,5,0.3750348286430761,Bilateral,5.0,"Bilateral pulmonary infection, five infected areas, middle left lung and middle right lung."
Train,Jun_coronacases_case2_150.png,Jun_coronacases_case2_150.png,512,512,3640,0.013885498046875,0.18219757080078125,0.30883260575041394,0.6041386206748242,5,0.5535714285714286,Bilateral,5.0,"Bilateral pulmonary infection, five infected areas, middle left lung and middle right lung."
Train,Jun_coronacases_case2_151.png,Jun_coronacases_case2_151.png,512,512,3490,0.01331329345703125,0.17812728881835938,0.3210329765222414,0.6076242437156203,5,0.2679083094555874,Bilateral,5.0,"Bilateral pulmonary infection, five infected areas, middle left lung and middle right lung."
Train,Jun_coronacases_case2_152.png,Jun_coronacases_case2_152.png,512,512,3026,0.01154327392578125,0.17258071899414062,0.31697370344166603,0.6091622119064648,4,0.5234633179114342,Bilateral,4.0,"Bilateral pulmonary infection, four infected areas, middle left lung and middle right lung."
Train,Jun_coronacases_case2_153.png,Jun_coronacases_case2_153.png,512,512,3113,0.011875152587890625,0.1861572265625,0.3237550000220023,0.6199392359419467,6,0.3054930934789592,Bilateral,6.0,"Bilateral pulmonary infection, six infected areas, middle left lung and middle right lung."
Train,Jun_coronacases_case2_154.png,Jun_coronacases_case2_154.png,512,512,2541,0.009693145751953125,0.15488433837890625,0.32350854980280347,0.6218116817654267,6,0.3431719795356159,Bilateral,6.0,"Bilateral pulmonary infection, six infected areas, middle left lung and middle right lung."
Train,Jun_coronacases_case2_155.png,Jun_coronacases_case2_155.png,512,512,2134,0.00814056396484375,0.15460205078125,0.3341106711393394,0.612098958801402,5,0.3786316776007498,Bilateral,4.0,"Bilateral pulmonary infection, four infected areas, middle left lung and middle right lung."
Train,Jun_coronacases_case2_156.png,Jun_coronacases_case2_156.png,512,512,1922,0.00733184814453125,0.142822265625,0.3360400023621839,0.62035123230653,4,0.5171696149843913,Bilateral,4.0,"Bilateral pulmonary infection, four infected areas, middle left lung and middle right lung."
Train,Jun_coronacases_case2_157.png,Jun_coronacases_case2_157.png,512,512,1501,0.005725860595703125,0.1438140869140625,0.3772136253586976,0.6148673226329218,5,0.5682878081279147,Bilateral,5.0,"Bilateral pulmonary infection, five infected areas, middle left lung and middle right lung."
Train,Jun_coronacases_case2_158.png,Jun_coronacases_case2_158.png,512,512,1188,0.0045318603515625,0.13092041015625,0.4108007669651505,0.6323492590615878,4,0.6742424242424242,Bilateral,4.0,"Bilateral pulmonary infection, four infected areas, middle left lung and middle right lung."
Train,Jun_coronacases_case2_159.png,Jun_coronacases_case2_159.png,512,512,1173,0.004474639892578125,0.13201141357421875,0.4444488933155156,0.6269371357834379,4,0.6104006820119352,Bilateral,4.0,"Bilateral pulmonary infection, four infected areas, middle left lung and middle right lung."
Train,Jun_coronacases_case2_160.png,Jun_coronacases_case2_160.png,512,512,899,0.003429412841796875,0.08713531494140625,0.46332411093865983,0.6208180866324619,3,0.610678531701891,Bilateral,3.0,"Bilateral pulmonary infection, three infected areas, middle left lung and middle right lung."
Train,Jun_coronacases_case2_161.png,Jun_coronacases_case2_161.png,512,512,772,0.0029449462890625,0.08612060546875,0.5094501282662259,0.6213611429382598,3,0.5090673575129534,Bilateral,3.0,"Bilateral pulmonary infection, three infected areas, middle left lung and middle right lung."
Train,Jun_coronacases_case2_162.png,Jun_coronacases_case2_162.png,512,512,311,0.001186370849609375,0.00152587890625,0.7273425160929015,0.5904065541998855,1,1.0,Unilateral,1.0,"Unilateral pulmonary infection, one infected areas, left lung and middle right lung."
Train,Jun_coronacases_case2_163.png,Jun_coronacases_case2_163.png,512,512,360,0.001373291015625,0.014499664306640625,0.6583931289410742,0.591253533376821,2,0.7972222222222223,Bilateral,2.0,"Bilateral pulmonary infection, two infected areas, middle left lung and middle right lung."
Train,Jun_coronacases_case2_164.png,Jun_coronacases_case2_164.png,512,512,371,0.001415252685546875,0.0138092041015625,0.6521803345271941,0.5918894825958297,2,0.7789757412398922,Bilateral,2.0,"Bilateral pulmonary infection, two infected areas, middle left lung and middle right lung."
Train,Jun_coronacases_case2_165.png,Jun_coronacases_case2_165.png,512,512,307,0.001171112060546875,0.01229095458984375,0.642242011257227,0.5917247270154326,2,0.758957654723127,Bilateral,2.0,"Bilateral pulmonary infection, two infected areas, middle left lung and middle right lung."
Train,Jun_coronacases_case2_166.png,Jun_coronacases_case2_166.png,512,512,302,0.00115203857421875,0.010986328125,0.6320356138463732,0.5919894765490339,2,0.7284768211920529,Bilateral,2.0,"Bilateral pulmonary infection, two infected areas, middle left lung and middle right lung."
Train,Jun_coronacases_case2_167.png,Jun_coronacases_case2_167.png,512,512,188,0.0007171630859375,0.0107421875,0.6311779156430861,0.5909459965857518,2,0.7287234042553191,Unilateral,1.0,"Unilateral pulmonary infection, one infected areas, left lung and middle right lung."
Train,Jun_coronacases_case2_168.png,Jun_coronacases_case2_168.png,512,512,119,0.000453948974609375,0.0005950927734375,0.7177884852571166,0.5876268315545397,1,1.0,Unilateral,1.0,"Unilateral pulmonary infection, one infected areas, left lung and middle right lung."
Train,Jun_coronacases_case2_26.png,Jun_coronacases_case2_26.png,512,512,129,0.000492095947265625,0.00064849853515625,0.43812861238793066,0.7024985209120284,1,1.0,Unilateral,1.0,"Unilateral pulmonary infection, one infected areas, lower left lung."
Train,Jun_coronacases_case2_27.png,Jun_coronacases_case2_27.png,512,512,173,0.000659942626953125,0.00102996826171875,0.4317726773978258,0.7000554279832133,1,1.0,Unilateral,1.0,"Unilateral pulmonary infection, one infected areas, lower left lung."
Train,Jun_coronacases_case2_28.png,Jun_coronacases_case2_28.png,512,512,492,0.0018768310546875,0.002780914306640625,0.4361685201979221,0.6819085803382495,1,1.0,Unilateral,1.0,"Unilateral pulmonary infection, one infected areas, middle left lung."
Train,Jun_coronacases_case2_29.png,Jun_coronacases_case2_29.png,512,512,595,0.002269744873046875,0.003208160400390625,0.4352612277787828,0.679800687398247,1,1.0,Unilateral,1.0,"Unilateral pulmonary infection, one infected areas, middle left lung."
Train,Jun_coronacases_case2_30.png,Jun_coronacases_case2_30.png,512,512,686,0.00261688232421875,0.01580810546875,0.46314035818408994,0.6805212440022137,2,0.8819241982507289,Bilateral,2.0,"Bilateral pulmonary infection, two infected areas, middle left lung and lower right lung."
Train,Jun_coronacases_case2_31.png,Jun_coronacases_case2_31.png,512,512,1011,0.003856658935546875,0.01703643798828125,0.5055601688665385,0.6836946233312234,2,0.7131552917903067,Bilateral,2.0,"Bilateral pulmonary infection, two infected areas, middle left lung and lower right lung."
Train,Jun_coronacases_case2_32.png,Jun_coronacases_case2_32.png,512,512,899,0.003429412841796875,0.015964508056640625,0.5306940305492731,0.6829527916428125,2,0.6129032258064516,Bilateral,2.0,"Bilateral pulmonary infection, two infected areas, middle left lung and middle right lung."
Train,Jun_coronacases_case2_33.png,Jun_coronacases_case2_33.png,512,512,1016,0.003875732421875,0.01596832275390625,0.5344661540595096,0.6791858637533322,2,0.6131889763779528,Bilateral,2.0,"Bilateral pulmonary infection, two infected areas, middle left lung and middle right lung."
Train,Jun_coronacases_case2_34.png,Jun_coronacases_case2_34.png,512,512,1361,0.005191802978515625,0.0221099853515625,0.5015953217316035,0.6790175291277423,2,0.7340191036002939,Bilateral,2.0,"Bilateral pulmonary infection, two infected areas, middle left lung and middle right lung."
Train,Jun_coronacases_case2_35.png,Jun_coronacases_case2_35.png,512,512,1222,0.00466156005859375,0.0223846435546875,0.5249118412919054,0.6791679611557199,2,0.6391162029459901,Bilateral,2.0,"Bilateral pulmonary infection, two infected areas, middle left lung and middle right lung."
Train,Jun_coronacases_case2_36.png,Jun_coronacases_case2_36.png,512,512,1191,0.004543304443359375,0.019512176513671875,0.5166406233312137,0.6802979291851312,2,0.6624685138539043,Bilateral,2.0,"Bilateral pulmonary infection, two infected areas, middle left lung and middle right lung."
Train,Jun_coronacases_case2_37.png,Jun_coronacases_case2_37.png,512,512,1177,0.004489898681640625,0.0194091796875,0.507685631485401,0.6794946188109675,2,0.7179269328802039,Bilateral,2.0,"Bilateral pulmonary infection, two infected areas, middle left lung and middle right lung."
Train,Jun_coronacases_case2_38.png,Jun_coronacases_case2_38.png,512,512,1213,0.004627227783203125,0.0210113525390625,0.49946196052871455,0.6806223511437574,2,0.7403132728771641,Bilateral,2.0,"Bilateral pulmonary infection, two infected areas, middle left lung and middle right lung."
Train,Jun_coronacases_case2_39.png,Jun_coronacases_case2_39.png,512,512,1264,0.00482177734375,0.0231475830078125,0.48501634917882536,0.6830132651291834,2,0.7974683544303798,Bilateral,2.0,"Bilateral pulmonary infection, two infected areas, middle left lung and lower right lung."
Train,Jun_coronacases_case2_40.png,Jun_coronacases_case2_40.png,512,512,1218,0.00464630126953125,0.02114105224609375,0.4762049363911838,0.6831545088512495,2,0.8275862068965517,Bilateral,2.0,"Bilateral pulmonary infection, two infected areas, middle left lung and lower right lung."
Train,Jun_coronacases_case2_41.png,Jun_coronacases_case2_41.png,512,512,1255,0.004787445068359375,0.020267486572265625,0.46510318803065626,0.6830587629910885,2,0.8669322709163346,Bilateral,2.0,"Bilateral pulmonary infection, two infected areas, middle left lung and lower right lung."
Train,Jun_coronacases_case2_42.png,Jun_coronacases_case2_42.png,512,512,1077,0.004108428955078125,0.02109527587890625,0.4585252577010504,0.6835432917777329,2,0.8960074280408542,Bilateral,2.0,"Bilateral pulmonary infection, two infected areas, middle left lung and lower right lung."
Train,Jun_coronacases_case2_43.png,Jun_coronacases_case2_43.png,512,512,1041,0.003971099853515625,0.005413055419921875,0.430663726546242,0.6833505341657409,1,1.0,Unilateral,1.0,"Unilateral pulmonary infection, one infected areas, middle left lung."
Train,Jun_coronacases_case2_44.png,Jun_coronacases_case2_44.png,512,512,1029,0.003925323486328125,0.005664825439453125,0.42962312126416125,0.6803139483358341,1,1.0,Unilateral,1.0,"Unilateral pulmonary infection, one infected areas, middle left lung."
Train,Jun_coronacases_case2_45.png,Jun_coronacases_case2_45.png,512,512,1125,0.004291534423828125,0.038623809814453125,0.4429484670580561,0.6764409654272668,2,0.9244444444444444,Bilateral,2.0,"Bilateral pulmonary infection, two infected areas, middle left lung and middle right lung."
Train,Jun_coronacases_case2_46.png,Jun_coronacases_case2_46.png,512,512,1300,0.0049591064453125,0.0422515869140625,0.4562562095438808,0.6728556375131718,2,0.8676923076923077,Bilateral,2.0,"Bilateral pulmonary infection, two infected areas, middle left lung and middle right lung."
Train,Jun_coronacases_case2_47.png,Jun_coronacases_case2_47.png,512,512,1053,0.004016876220703125,0.039520263671875,0.4486798505063345,0.6765907861798273,2,0.9021842355175689,Bilateral,2.0,"Bilateral pulmonary infection, two infected areas, middle left lung and middle right lung."
Train,Jun_coronacases_case2_48.png,Jun_coronacases_case2_48.png,512,512,1087,0.004146575927734375,0.0400848388671875,0.4421494373101788,0.6785619768947011,2,0.9365225390984361,Bilateral,2.0,"Bilateral pulmonary infection, two infected areas, middle left lung and middle right lung."
Train,Jun_coronacases_case2_49.png,Jun_coronacases_case2_49.png,512,512,1065,0.004062652587890625,0.040912628173828125,0.4461012651249966,0.6799261321352774,2,0.92018779342723,Bilateral,2.0,"Bilateral pulmonary infection, two infected areas, middle left lung and middle right lung."
Train,Jun_coronacases_case2_50.png,Jun_coronacases_case2_50.png,512,512,1100,0.0041961669921875,0.03954315185546875,0.4379256360078278,0.6813413983276997,2,0.9536363636363636,Unilateral,1.0,"Unilateral pulmonary infection, one infected areas, middle left lung."
Train,Jun_coronacases_case2_51.png,Jun_coronacases_case2_51.png,512,512,1040,0.00396728515625,0.006992340087890625,0.429651512870691,0.6848167243715189,1,1.0,Unilateral,1.0,"Unilateral pulmonary infection, one infected areas, middle left lung."
Train,Jun_coronacases_case2_52.png,Jun_coronacases_case2_52.png,512,512,1089,0.004154205322265625,0.006725311279296875,0.42778074284923595,0.685368181009526,1,1.0,Unilateral,1.0,"Unilateral pulmonary infection, one infected areas, middle left lung."
Train,Jun_coronacases_case2_53.png,Jun_coronacases_case2_53.png,512,512,1035,0.003948211669921875,0.00624847412109375,0.43034308025374135,0.6887640980553429,1,1.0,Unilateral,1.0,"Unilateral pulmonary infection, one infected areas, middle left lung."
Train,Jun_coronacases_case2_54.png,Jun_coronacases_case2_54.png,512,512,999,0.003810882568359375,0.0059051513671875,0.43304165221973445,0.6907102797513757,1,1.0,Unilateral,1.0,"Unilateral pulmonary infection, one infected areas, middle left lung."
Train,Jun_coronacases_case2_55.png,Jun_coronacases_case2_55.png,512,512,1081,0.004123687744140625,0.0589141845703125,0.45736987025494624,0.6836389441536883,2,0.9287696577243293,Bilateral,2.0,"Bilateral pulmonary infection, two infected areas, middle left lung and middle right lung."
Train,Jun_coronacases_case2_56.png,Jun_coronacases_case2_56.png,512,512,1098,0.00418853759765625,0.054931640625,0.45635366205768185,0.6856658076060727,2,0.9335154826958105,Bilateral,2.0,"Bilateral pulmonary infection, two infected areas, middle left lung and middle right lung."
Train,Jun_coronacases_case2_57.png,Jun_coronacases_case2_57.png,512,512,1011,0.003856658935546875,0.0547943115234375,0.4704048035213435,0.6824287049887635,2,0.8941641938674579,Bilateral,2.0,"Bilateral pulmonary infection, two infected areas, middle left lung and middle right lung."
Train,Jun_coronacases_case2_58.png,Jun_coronacases_case2_58.png,512,512,1014,0.00386810302734375,0.05435943603515625,0.4864750633981403,0.677481984120551,2,0.849112426035503,Bilateral,2.0,"Bilateral pulmonary infection, two infected areas, middle left lung and middle right lung."
Train,Jun_coronacases_case2_59.png,Jun_coronacases_case2_59.png,512,512,874,0.00333404541015625,0.0547637939453125,0.5079912407582386,0.6691393462811287,2,0.7757437070938215,Bilateral,2.0,"Bilateral pulmonary infection, two infected areas, middle left lung and middle right lung."
Train,Jun_coronacases_case2_60.png,Jun_coronacases_case2_60.png,512,512,829,0.003162384033203125,0.05254364013671875,0.5593115511816042,0.6548360673152054,2,0.6296743063932448,Bilateral,2.0,"Bilateral pulmonary infection, two infected areas, lower left lung and middle right lung."
Train,Jun_coronacases_case2_61.png,Jun_coronacases_case2_61.png,512,512,740,0.0028228759765625,0.142852783203125,0.5881578251441265,0.6373459565240387,3,0.5581081081081081,Bilateral,2.0,"Bilateral pulmonary infection, two infected areas, lower left lung and middle right lung."
Train,Jun_coronacases_case2_62.png,Jun_coronacases_case2_62.png,512,512,685,0.002613067626953125,0.142852783203125,0.6437756224377562,0.6132729584184439,3,0.49635036496350365,Bilateral,3.0,"Bilateral pulmonary infection, three infected areas, lower left lung and middle right lung."
Train,Jun_coronacases_case2_63.png,Jun_coronacases_case2_63.png,512,512,742,0.00283050537109375,0.1405792236328125,0.6264604575353016,0.6235171246063689,3,0.5363881401617251,Bilateral,2.0,"Bilateral pulmonary infection, two infected areas, lower left lung and middle right lung."
Train,Jun_coronacases_case2_64.png,Jun_coronacases_case2_64.png,512,512,729,0.002780914306640625,0.0500640869140625,0.5974809338584073,0.6423430751183161,3,0.48010973936899864,Bilateral,3.0,"Bilateral pulmonary infection, three infected areas, lower left lung and middle right lung."
Train,Jun_coronacases_case2_65.png,Jun_coronacases_case2_65.png,512,512,532,0.0020294189453125,0.045623779296875,0.6104865882906876,0.64312567132116,3,0.4492481203007519,Bilateral,3.0,"Bilateral pulmonary infection, three infected areas, lower left lung and middle right lung."
Train,Jun_coronacases_case2_66.png,Jun_coronacases_case2_66.png,512,512,1670,0.00637054443359375,0.0536956787109375,0.7415622766209264,0.6158032272050811,2,0.9191616766467066,Bilateral,2.0,"Bilateral pulmonary infection, two infected areas, lower left lung and middle right lung."
Train,Jun_coronacases_case2_67.png,Jun_coronacases_case2_67.png,512,512,1417,0.005405426025390625,0.01125335693359375,0.7651304332214223,0.6132205107949735,1,1.0,Unilateral,1.0,"Unilateral pulmonary infection, one infected areas, left lung and middle right lung."
Train,Jun_coronacases_case2_68.png,Jun_coronacases_case2_68.png,512,512,1174,0.00447845458984375,0.00753021240234375,0.7667232303296806,0.6049050363885491,1,1.0,Unilateral,1.0,"Unilateral pulmonary infection, one infected areas, left lung and middle right lung."
Train,Jun_coronacases_case2_69.png,Jun_coronacases_case2_69.png,512,512,1111,0.004238128662109375,0.006591796875,0.7677345033916307,0.6032945760329458,1,1.0,Unilateral,1.0,"Unilateral pulmonary infection, one infected areas, left lung and middle right lung."
Train,Jun_coronacases_case2_70.png,Jun_coronacases_case2_70.png,512,512,1277,0.004871368408203125,0.006744384765625,0.775524215114007,0.601159763204796,1,1.0,Unilateral,1.0,"Unilateral pulmonary infection, one infected areas, left lung and middle right lung."
Train,Jun_coronacases_case2_71.png,Jun_coronacases_case2_71.png,512,512,1452,0.0055389404296875,0.007587432861328125,0.7744052336206757,0.6018704209862367,1,1.0,Unilateral,1.0,"Unilateral pulmonary infection, one infected areas, left lung and middle right lung."
Train,Jun_coronacases_case2_72.png,Jun_coronacases_case2_72.png,512,512,1506,0.00574493408203125,0.00823974609375,0.7740804557373896,0.6058895533326576,1,1.0,Unilateral,1.0,"Unilateral pulmonary infection, one infected areas, left lung and middle right lung."
Train,Jun_coronacases_case2_73.png,Jun_coronacases_case2_73.png,512,512,1491,0.005687713623046875,0.00726318359375,0.7733235682851184,0.599651398278779,1,1.0,Unilateral,1.0,"Unilateral pulmonary infection, one infected areas, left lung and middle right lung."
Train,Jun_coronacases_case2_74.png,Jun_coronacases_case2_74.png,512,512,1141,0.004352569580078125,0.00591278076171875,0.7744262508768529,0.6034189118962149,1,1.0,Unilateral,1.0,"Unilateral pulmonary infection, one infected areas, left lung and middle right lung."
Train,Jun_coronacases_case2_75.png,Jun_coronacases_case2_75.png,512,512,964,0.0036773681640625,0.0054931640625,0.7738690713027098,0.6056142459257334,1,1.0,Unilateral,1.0,"Unilateral pulmonary infection, one infected areas, left lung and middle right lung."
Train,Jun_coronacases_case2_76.png,Jun_coronacases_case2_76.png,512,512,635,0.002422332763671875,0.005321502685546875,0.7845293310938872,0.6051620259796292,2,0.721259842519685,Unilateral,2.0,"Unilateral pulmonary infection, two infected areas, left lung and middle right lung."
Train,Jun_coronacases_case2_77.png,Jun_coronacases_case2_77.png,512,512,686,0.00261688232421875,0.005340576171875,0.7711056466198445,0.5930548344582451,1,1.0,Unilateral,1.0,"Unilateral pulmonary infection, one infected areas, left lung and middle right lung."
Train,Jun_coronacases_case2_78.png,Jun_coronacases_case2_78.png,512,512,194,0.00074005126953125,0.0010986328125,0.7841003086731091,0.6181431194141264,1,1.0,Unilateral,1.0,"Unilateral pulmonary infection, one infected areas, left lung and middle right lung."
Train,Jun_coronacases_case2_79.png,Jun_coronacases_case2_79.png,512,512,214,0.00081634521484375,0.00140380859375,0.7788101029683414,0.6165389469063774,1,1.0,Unilateral,1.0,"Unilateral pulmonary infection, one infected areas, left lung and middle right lung."
Train,Jun_coronacases_case2_80.png,Jun_coronacases_case2_80.png,512,512,147,0.000560760498046875,0.000843048095703125,0.7798501005098712,0.6150005990654579,1,1.0,Unilateral,1.0,"Unilateral pulmonary infection, one infected areas, left lung and middle right lung."
Train,Jun_coronacases_case2_81.png,Jun_coronacases_case2_81.png,512,512,173,0.000659942626953125,0.001041412353515625,0.7765912921507189,0.6185197334932072,1,1.0,Unilateral,1.0,"Unilateral pulmonary infection, one infected areas, left lung and middle right lung."
Train,Jun_coronacases_case2_82.png,Jun_coronacases_case2_82.png,512,512,159,0.000606536865234375,0.000823974609375,0.7732649017218673,0.6117121441494664,1,1.0,Unilateral,1.0,"Unilateral pulmonary infection, one infected areas, left lung and middle right lung."
Train,Jun_coronacases_case2_83.png,Jun_coronacases_case2_83.png,512,512,152,0.000579833984375,0.0006866455078125,0.7751956947162426,0.6139406736018127,1,1.0,Unilateral,1.0,"Unilateral pulmonary infection, one infected areas, left lung and middle right lung."
Train,Jun_coronacases_case2_84.png,Jun_coronacases_case2_84.png,512,512,236,0.0009002685546875,0.00102996826171875,0.7769660685263192,0.612466416796577,1,1.0,Unilateral,1.0,"Unilateral pulmonary infection, one infected areas, left lung and middle right lung."
Train,Jun_coronacases_case2_85.png,Jun_coronacases_case2_85.png,512,512,993,0.003787994384765625,0.10826492309570312,0.5645427976264379,0.6552876002861519,3,0.552870090634441,Bilateral,3.0,"Bilateral pulmonary infection, three infected areas, lower left lung and middle right lung."
Train,Jun_coronacases_case2_86.png,Jun_coronacases_case2_86.png,512,512,1488,0.00567626953125,0.113067626953125,0.5124110956799864,0.680265345201271,3,0.43548387096774194,Bilateral,3.0,"Bilateral pulmonary infection, three infected areas, lower left lung and middle right lung."
Train,Jun_coronacases_case2_87.png,Jun_coronacases_case2_87.png,512,512,2159,0.008235931396484375,0.12546539306640625,0.5454380652055882,0.6791830312105427,3,0.4877257989810097,Bilateral,3.0,"Bilateral pulmonary infection, three infected areas, lower left lung and middle right lung."
Train,Jun_coronacases_case2_88.png,Jun_coronacases_case2_88.png,512,512,2449,0.009342193603515625,0.12630462646484375,0.5534604563226814,0.6730987287434705,3,0.46835443037974683,Bilateral,3.0,"Bilateral pulmonary infection, three infected areas, lower left lung and middle right lung."
Train,Jun_coronacases_case2_89.png,Jun_coronacases_case2_89.png,512,512,2665,0.010166168212890625,0.12999343872070312,0.5266655162411927,0.6889136923884668,3,0.5223264540337711,Bilateral,3.0,"Bilateral pulmonary infection, three infected areas, lower left lung and middle right lung."
Train,Jun_coronacases_case2_90.png,Jun_coronacases_case2_90.png,512,512,3315,0.012645721435546875,0.13819122314453125,0.5056686531303776,0.6985557552842001,3,0.5749622926093514,Bilateral,3.0,"Bilateral pulmonary infection, three infected areas, lower left lung and middle right lung."
Train,Jun_coronacases_case2_91.png,Jun_coronacases_case2_91.png,512,512,3421,0.013050079345703125,0.2939491271972656,0.49745242204388573,0.6897835459699531,4,0.5746857643963753,Bilateral,4.0,"Bilateral pulmonary infection, four infected areas, upper left lung and middle right lung."
Train,Jun_coronacases_case2_92.png,Jun_coronacases_case2_92.png,512,512,3762,0.01435089111328125,0.29999542236328125,0.4969787482404642,0.6925168879026126,4,0.582668793195109,Bilateral,4.0,"Bilateral pulmonary infection, four infected areas, lower left lung and middle right lung."
Train,Jun_coronacases_case2_93.png,Jun_coronacases_case2_93.png,512,512,4385,0.016727447509765625,0.3056602478027344,0.5206447884287968,0.6879747047285824,4,0.5375142531356899,Bilateral,4.0,"Bilateral pulmonary infection, four infected areas, lower left lung and middle right lung."
Train,Jun_coronacases_case2_94.png,Jun_coronacases_case2_94.png,512,512,4975,0.018978118896484375,0.30883026123046875,0.5165404321018006,0.6908228028596997,4,0.5409045226130653,Bilateral,4.0,"Bilateral pulmonary infection, four infected areas, lower left lung and middle right lung."
Train,Jun_coronacases_case2_95.png,Jun_coronacases_case2_95.png,512,512,4676,0.0178375244140625,0.3122100830078125,0.5207283224995354,0.6846126031414944,4,0.5265183917878529,Bilateral,4.0,"Bilateral pulmonary infection, four infected areas, upper left lung and middle right lung."
Train,Jun_coronacases_case2_96.png,Jun_coronacases_case2_96.png,512,512,4669,0.017810821533203125,0.31903839111328125,0.519363885292467,0.6826820025827176,4,0.5324480616834439,Bilateral,4.0,"Bilateral pulmonary infection, four infected areas, upper left lung and middle right lung."
Train,Jun_coronacases_case2_97.png,Jun_coronacases_case2_97.png,512,512,4349,0.016590118408203125,0.34449005126953125,0.5029970675041027,0.6759121808148982,5,0.5077029202115428,Bilateral,5.0,"Bilateral pulmonary infection, five infected areas, middle left lung and middle right lung."
Train,Jun_coronacases_case2_98.png,Jun_coronacases_case2_98.png,512,512,4280,0.016326904296875,0.245819091796875,0.4403496899976224,0.65836732081131,6,0.505607476635514,Bilateral,6.0,"Bilateral pulmonary infection, six infected areas, middle left lung and middle right lung."
Train,Jun_coronacases_case2_99.png,Jun_coronacases_case2_99.png,512,512,4233,0.016147613525390625,0.25128173828125,0.4263560515805596,0.6471443503957119,5,0.49350342546657217,Bilateral,5.0,"Bilateral pulmonary infection, five infected areas, middle left lung and middle right lung."
Train,Jun_coronacases_case3_100.png,Jun_coronacases_case3_100.png,512,512,16882,0.06439971923828125,0.24554061889648438,0.5458717595669816,0.5340216921831773,8,0.4699087785807369,Bilateral,8.0,"Bilateral pulmonary infection, eight infected areas, middle left lung and middle right lung."
Train,Jun_coronacases_case3_101.png,Jun_coronacases_case3_101.png,512,512,16552,0.063140869140625,0.24296951293945312,0.5456330946343327,0.5370752341668408,7,0.4693088448525858,Bilateral,7.0,"Bilateral pulmonary infection, seven infected areas, middle left lung and middle right lung."
Train,Jun_coronacases_case3_102.png,Jun_coronacases_case3_102.png,512,512,16026,0.06113433837890625,0.21593475341796875,0.5478603384959323,0.5402065576901331,5,0.4755397479096468,Bilateral,5.0,"Bilateral pulmonary infection, five infected areas, middle left lung and middle right lung."
Train,Jun_coronacases_case3_103.png,Jun_coronacases_case3_103.png,512,512,15536,0.05926513671875,0.20830154418945312,0.5454913378384099,0.5461532686660714,4,0.48281410916580847,Bilateral,4.0,"Bilateral pulmonary infection, four infected areas, middle left lung and middle right lung."
Train,Jun_coronacases_case3_104.png,Jun_coronacases_case3_104.png,512,512,15157,0.057819366455078125,0.1485443115234375,0.5422649329709768,0.5490265165888618,3,0.48710166919575115,Bilateral,3.0,"Bilateral pulmonary infection, three infected areas, middle left lung and middle right lung."
Train,Jun_coronacases_case3_105.png,Jun_coronacases_case3_105.png,512,512,14328,0.054656982421875,0.14307403564453125,0.535443170407375,0.5491852336262744,4,0.48659966499162477,Bilateral,4.0,"Bilateral pulmonary infection, four infected areas, middle left lung and middle right lung."
Train,Jun_coronacases_case3_106.png,Jun_coronacases_case3_106.png,512,512,13756,0.0524749755859375,0.135955810546875,0.5318622750776889,0.5514084158401756,5,0.48647862750799653,Bilateral,5.0,"Bilateral pulmonary infection, five infected areas, middle left lung and middle right lung."
Train,Jun_coronacases_case3_107.png,Jun_coronacases_case3_107.png,512,512,14463,0.055171966552734375,0.13973236083984375,0.5111086485211673,0.5519144404244694,3,0.5666182673027725,Bilateral,3.0,"Bilateral pulmonary infection, three infected areas, middle left lung and middle right lung."
Train,Jun_coronacases_case3_108.png,Jun_coronacases_case3_108.png,512,512,14160,0.05401611328125,0.14683914184570312,0.507475510519973,0.5516552511415524,7,0.5563559322033899,Bilateral,6.0,"Bilateral pulmonary infection, six infected areas, middle left lung and middle right lung."
Train,Jun_coronacases_case3_109.png,Jun_coronacases_case3_109.png,512,512,14283,0.054485321044921875,0.15106201171875,0.5084624982856332,0.5505743351510759,5,0.534481551494784,Bilateral,5.0,"Bilateral pulmonary infection, five infected areas, middle left lung and middle right lung."
Train,Jun_coronacases_case3_110.png,Jun_coronacases_case3_110.png,512,512,14847,0.056636810302734375,0.16717529296875,0.5119080900461945,0.5490243141491352,4,0.5139758873846568,Bilateral,4.0,"Bilateral pulmonary infection, four infected areas, middle left lung and middle right lung."
Train,Jun_coronacases_case3_111.png,Jun_coronacases_case3_111.png,512,512,15067,0.057476043701171875,0.22806549072265625,0.531610340089544,0.5419674702830943,5,0.4832415212052831,Bilateral,5.0,"Bilateral pulmonary infection, five infected areas, middle left lung and middle right lung."
Train,Jun_coronacases_case3_112.png,Jun_coronacases_case3_112.png,512,512,15105,0.057621002197265625,0.2212371826171875,0.5351222460389795,0.5419292609917142,4,0.4938761999337968,Bilateral,4.0,"Bilateral pulmonary infection, four infected areas, middle left lung and upper right lung."
Train,Jun_coronacases_case3_113.png,Jun_coronacases_case3_113.png,512,512,14924,0.0569305419921875,0.21944046020507812,0.5344415619700809,0.5421121287189733,4,0.5097158938622354,Bilateral,4.0,"Bilateral pulmonary infection, four infected areas, middle left lung and upper right lung."
Train,Jun_coronacases_case3_114.png,Jun_coronacases_case3_114.png,512,512,14337,0.054691314697265625,0.21439361572265625,0.5365681040680397,0.5416701985079045,5,0.4816209806793611,Bilateral,5.0,"Bilateral pulmonary infection, five infected areas, middle left lung and middle right lung."
Train,Jun_coronacases_case3_115.png,Jun_coronacases_case3_115.png,512,512,14047,0.053585052490234375,0.213623046875,0.517987628059393,0.5445816024119197,4,0.5310030611518474,Bilateral,4.0,"Bilateral pulmonary infection, four infected areas, middle left lung and middle right lung."
Train,Jun_coronacases_case3_116.png,Jun_coronacases_case3_116.png,512,512,13345,0.050907135009765625,0.20449447631835938,0.511138468126104,0.5432783007627622,4,0.5319595354065193,Bilateral,4.0,"Bilateral pulmonary infection, four infected areas, middle left lung and middle right lung."
Train,Jun_coronacases_case3_117.png,Jun_coronacases_case3_117.png,512,512,14138,0.05393218994140625,0.2132415771484375,0.51102564904676,0.5401689081541495,4,0.5385485924458905,Bilateral,4.0,"Bilateral pulmonary infection, four infected areas, middle left lung and middle right lung."
Train,Jun_coronacases_case3_118.png,Jun_coronacases_case3_118.png,512,512,13556,0.0517120361328125,0.20767974853515625,0.5242128181482741,0.5367494928625419,5,0.4839923281203895,Bilateral,4.0,"Bilateral pulmonary infection, four infected areas, middle left lung and middle right lung."
Train,Jun_coronacases_case3_119.png,Jun_coronacases_case3_119.png,512,512,14068,0.0536651611328125,0.20892333984375,0.5283390097969771,0.5335916629710764,4,0.48521467159510945,Bilateral,4.0,"Bilateral pulmonary infection, four infected areas, middle left lung and middle right lung."
Train,Jun_coronacases_case3_120.png,Jun_coronacases_case3_120.png,512,512,13968,0.05328369140625,0.21829605102539062,0.5245601912562794,0.5308447544625344,6,0.47673253150057276,Bilateral,5.0,"Bilateral pulmonary infection, five infected areas, middle left lung and middle right lung."
Train,Jun_coronacases_case3_121.png,Jun_coronacases_case3_121.png,512,512,14029,0.053516387939453125,0.19837570190429688,0.5306261742694299,0.5351520243432007,6,0.4884168508090384,Bilateral,6.0,"Bilateral pulmonary infection, six infected areas, middle left lung and middle right lung."
Train,Jun_coronacases_case3_122.png,Jun_coronacases_case3_122.png,512,512,13949,0.053211212158203125,0.226715087890625,0.5225830355731159,0.5365803495231932,8,0.5004659832246039,Bilateral,7.0,"Bilateral pulmonary infection, seven infected areas, middle left lung and middle right lung."
Train,Jun_coronacases_case3_123.png,Jun_coronacases_case3_123.png,512,512,12946,0.04938507080078125,0.23041152954101562,0.51901485713802,0.5392353847972444,9,0.5098099799165765,Bilateral,6.0,"Bilateral pulmonary infection, six infected areas, upper left lung and middle right lung."
Train,Jun_coronacases_case3_124.png,Jun_coronacases_case3_124.png,512,512,12343,0.047084808349609375,0.23236083984375,0.525142482337454,0.5425281258635865,7,0.498906262658997,Bilateral,5.0,"Bilateral pulmonary infection, five infected areas, upper left lung and middle right lung."
Train,Jun_coronacases_case3_125.png,Jun_coronacases_case3_125.png,512,512,12505,0.047702789306640625,0.22898483276367188,0.5196330861001979,0.5408654542097056,7,0.4932427029188325,Bilateral,6.0,"Bilateral pulmonary infection, six infected areas, middle left lung and middle right lung."
Train,Jun_coronacases_case3_126.png,Jun_coronacases_case3_126.png,512,512,11845,0.045185089111328125,0.22969818115234375,0.5049356536938719,0.5363761700173225,7,0.5061207260447447,Bilateral,7.0,"Bilateral pulmonary infection, seven infected areas, middle left lung and middle right lung."
Train,Jun_coronacases_case3_127.png,Jun_coronacases_case3_127.png,512,512,11699,0.044628143310546875,0.1892547607421875,0.5004644383106657,0.5394080046649579,5,0.5226942473715702,Bilateral,5.0,"Bilateral pulmonary infection, five infected areas, middle left lung and middle right lung."
Train,Jun_coronacases_case3_128.png,Jun_coronacases_case3_128.png,512,512,10692,0.0407867431640625,0.18985366821289062,0.5033131928109098,0.5455134808255051,4,0.5237560793116348,Bilateral,4.0,"Bilateral pulmonary infection, four infected areas, middle left lung and middle right lung."
Train,Jun_coronacases_case3_129.png,Jun_coronacases_case3_129.png,512,512,10542,0.04021453857421875,0.18985366821289062,0.49403894068679155,0.5468436569628671,4,0.5438247011952191,Bilateral,4.0,"Bilateral pulmonary infection, four infected areas, middle left lung and middle right lung."
Train,Jun_coronacases_case3_130.png,Jun_coronacases_case3_130.png,512,512,10001,0.038150787353515625,0.1761474609375,0.4877169817264849,0.551436637158202,4,0.5807419258074192,Bilateral,4.0,"Bilateral pulmonary infection, four infected areas, middle left lung and middle right lung."
Train,Jun_coronacases_case3_131.png,Jun_coronacases_case3_131.png,512,512,9530,0.03635406494140625,0.17401504516601562,0.49540825860450977,0.549107258364255,6,0.5704092339979013,Bilateral,6.0,"Bilateral pulmonary infection, six infected areas, middle left lung and middle right lung."
Train,Jun_coronacases_case3_132.png,Jun_coronacases_case3_132.png,512,512,9138,0.03485870361328125,0.1431427001953125,0.4992562401515531,0.5512391214682115,6,0.5420223243598161,Bilateral,6.0,"Bilateral pulmonary infection, six infected areas, middle left lung and middle right lung."
Train,Jun_coronacases_case3_133.png,Jun_coronacases_case3_133.png,512,512,9165,0.034961700439453125,0.14480972290039062,0.4916515331554679,0.5495314750342439,5,0.5721767594108019,Bilateral,5.0,"Bilateral pulmonary infection, five infected areas, middle left lung and middle right lung."
Train,Jun_coronacases_case3_134.png,Jun_coronacases_case3_134.png,512,512,8068,0.0307769775390625,0.132598876953125,0.4963376369353644,0.550860494020008,4,0.5499504214179475,Bilateral,4.0,"Bilateral pulmonary infection, four infected areas, middle left lung and middle right lung."
Train,Jun_coronacases_case3_135.png,Jun_coronacases_case3_135.png,512,512,7951,0.030330657958984375,0.15212249755859375,0.4928304751140855,0.5498652337543973,5,0.5599295686077223,Bilateral,4.0,"Bilateral pulmonary infection, four infected areas, middle left lung and middle right lung."
Train,Jun_coronacases_case3_136.png,Jun_coronacases_case3_136.png,512,512,7727,0.029476165771484375,0.15913009643554688,0.48079940291204476,0.5469392530879471,4,0.5922091367930633,Bilateral,4.0,"Bilateral pulmonary infection, four infected areas, middle left lung and middle right lung."
Train,Jun_coronacases_case3_137.png,Jun_coronacases_case3_137.png,512,512,7033,0.026828765869140625,0.157440185546875,0.4940230053288064,0.5462075209878618,5,0.5664723446608844,Bilateral,5.0,"Bilateral pulmonary infection, five infected areas, middle left lung and middle right lung."
Train,Jun_coronacases_case3_138.png,Jun_coronacases_case3_138.png,512,512,6785,0.025882720947265625,0.15472412109375,0.5088189528241618,0.5414049351986583,5,0.5391304347826087,Bilateral,5.0,"Bilateral pulmonary infection, five infected areas, middle left lung and middle right lung."
Train,Jun_coronacases_case3_139.png,Jun_coronacases_case3_139.png,512,512,6816,0.0260009765625,0.15163803100585938,0.5170905570408754,0.5375575370028389,4,0.5132042253521126,Bilateral,4.0,"Bilateral pulmonary infection, four infected areas, middle left lung and middle right lung."
Train,Jun_coronacases_case3_140.png,Jun_coronacases_case3_140.png,512,512,7366,0.02809906005859375,0.148040771484375,0.53825983136142,0.5339662903497479,4,0.4603584034754276,Bilateral,4.0,"Bilateral pulmonary infection, four infected areas, middle left lung and middle right lung."
Train,Jun_coronacases_case3_141.png,Jun_coronacases_case3_141.png,512,512,6876,0.0262298583984375,0.148040771484375,0.5417365373077917,0.5401615306764844,4,0.4477894124490983,Bilateral,4.0,"Bilateral pulmonary infection, four infected areas, middle left lung and middle right lung."
Train,Jun_coronacases_case3_142.png,Jun_coronacases_case3_142.png,512,512,6471,0.024684906005859375,0.14124298095703125,0.5378018018671895,0.5396504833698805,4,0.4532529748106939,Bilateral,4.0,"Bilateral pulmonary infection, four infected areas, middle left lung and middle right lung."
Train,Jun_coronacases_case3_143.png,Jun_coronacases_case3_143.png,512,512,6400,0.0244140625,0.13184738159179688,0.5630207314090019,0.5452418664383561,3,0.48734375,Bilateral,3.0,"Bilateral pulmonary infection, three infected areas, middle left lung and middle right lung."
Train,Jun_coronacases_case3_144.png,Jun_coronacases_case3_144.png,512,512,6075,0.023174285888671875,0.12452316284179688,0.5697138669436995,0.5457637328565791,3,0.5088065843621399,Bilateral,3.0,"Bilateral pulmonary infection, three infected areas, middle left lung and middle right lung."
Train,Jun_coronacases_case3_145.png,Jun_coronacases_case3_145.png,512,512,6165,0.023517608642578125,0.12462615966796875,0.5739372094536579,0.5433088437188027,3,0.4953771289537713,Bilateral,3.0,"Bilateral pulmonary infection, three infected areas, middle left lung and middle right lung."
Train,Jun_coronacases_case3_146.png,Jun_coronacases_case3_146.png,512,512,6134,0.02339935302734375,0.12302017211914062,0.5831922676659624,0.5443340732767284,3,0.5441799804369091,Bilateral,3.0,"Bilateral pulmonary infection, three infected areas, middle left lung and middle right lung."
Train,Jun_coronacases_case3_147.png,Jun_coronacases_case3_147.png,512,512,6329,0.024143218994140625,0.124053955078125,0.5854735091689576,0.5444623404395448,3,0.5463738347290251,Bilateral,3.0,"Bilateral pulmonary infection, three infected areas, middle left lung and middle right lung."
Train,Jun_coronacases_case3_148.png,Jun_coronacases_case3_148.png,512,512,6000,0.02288818359375,0.1116180419921875,0.5953688845401174,0.5456226353555121,3,0.5881666666666666,Bilateral,3.0,"Bilateral pulmonary infection, three infected areas, middle left lung and middle right lung."
Train,Jun_coronacases_case3_149.png,Jun_coronacases_case3_149.png,512,512,5887,0.022457122802734375,0.11041259765625,0.5939685339384235,0.5451146627432429,3,0.5783930694751147,Bilateral,3.0,"Bilateral pulmonary infection, three infected areas, middle left lung and middle right lung."
Train,Jun_coronacases_case3_150.png,Jun_coronacases_case3_150.png,512,512,5667,0.021617889404296875,0.1108245849609375,0.5991355867060197,0.541418249715022,3,0.5840832892182812,Bilateral,3.0,"Bilateral pulmonary infection, three infected areas, middle left lung and middle right lung."
Train,Jun_coronacases_case3_151.png,Jun_coronacases_case3_151.png,512,512,5290,0.02017974853515625,0.10311126708984375,0.6063835690425017,0.5501910705499798,3,0.6812854442344045,Bilateral,3.0,"Bilateral pulmonary infection, three infected areas, middle left lung and middle right lung."
Train,Jun_coronacases_case3_152.png,Jun_coronacases_case3_152.png,512,512,4252,0.0162200927734375,0.0743865966796875,0.6087279291154342,0.5582182575990485,3,0.7394167450611477,Bilateral,2.0,"Bilateral pulmonary infection, two infected areas, middle left lung and middle right lung."
Train,Jun_coronacases_case3_153.png,Jun_coronacases_case3_153.png,512,512,4256,0.0162353515625,0.151611328125,0.6100028692082456,0.5543788531995351,4,0.7476503759398496,Bilateral,3.0,"Bilateral pulmonary infection, three infected areas, middle left lung and middle right lung."
Train,Jun_coronacases_case3_154.png,Jun_coronacases_case3_154.png,512,512,4691,0.017894744873046875,0.16507720947265625,0.6096576656553062,0.5451338929815639,5,0.7563419313579194,Bilateral,5.0,"Bilateral pulmonary infection, five infected areas, upper left lung and middle right lung."
Train,Jun_coronacases_case3_155.png,Jun_coronacases_case3_155.png,512,512,4312,0.016448974609375,0.16829299926757812,0.6065614913462272,0.5329318081973939,6,0.7372448979591837,Bilateral,5.0,"Bilateral pulmonary infection, five infected areas, upper left lung and middle right lung."
Train,Jun_coronacases_case3_156.png,Jun_coronacases_case3_156.png,512,512,4278,0.01631927490234375,0.17380905151367188,0.5862168341370632,0.5143262438599525,6,0.6792893875642824,Bilateral,5.0,"Bilateral pulmonary infection, five infected areas, upper left lung and middle right lung."
Train,Jun_coronacases_case3_157.png,Jun_coronacases_case3_157.png,512,512,3758,0.01433563232421875,0.173919677734375,0.5613293076531319,0.5040367893568736,5,0.5965939329430548,Bilateral,4.0,"Bilateral pulmonary infection, four infected areas, upper left lung and middle right lung."
Train,Jun_coronacases_case3_158.png,Jun_coronacases_case3_158.png,512,512,2507,0.009563446044921875,0.167236328125,0.5383868416964788,0.5081607116512122,7,0.3430394894295971,Bilateral,7.0,"Bilateral pulmonary infection, seven infected areas, upper left lung and middle right lung."
Train,Jun_coronacases_case3_159.png,Jun_coronacases_case3_159.png,512,512,2488,0.009490966796875,0.1586151123046875,0.541799856532491,0.5357882218209047,6,0.35691318327974275,Bilateral,6.0,"Bilateral pulmonary infection, six infected areas, upper left lung and middle right lung."
Train,Jun_coronacases_case3_160.png,Jun_coronacases_case3_160.png,512,512,1843,0.007030487060546875,0.15423583984375,0.5515809011301024,0.5405474567650591,6,0.42051003798155184,Bilateral,6.0,"Bilateral pulmonary infection, six infected areas, upper left lung and middle right lung."
Train,Jun_coronacases_case3_161.png,Jun_coronacases_case3_161.png,512,512,1541,0.005878448486328125,0.14536285400390625,0.549060195491529,0.5412539954867034,7,0.4445165476963011,Bilateral,6.0,"Bilateral pulmonary infection, six infected areas, middle left lung and middle right lung."
Train,Jun_coronacases_case3_162.png,Jun_coronacases_case3_162.png,512,512,2047,0.007808685302734375,0.05950927734375,0.5850803572026076,0.5415103196219565,6,0.44015632633121643,Bilateral,5.0,"Bilateral pulmonary infection, five infected areas, middle left lung and middle right lung."
Train,Jun_coronacases_case3_163.png,Jun_coronacases_case3_163.png,512,512,1962,0.00748443603515625,0.06003570556640625,0.6060322247955778,0.5387778755253935,4,0.5377166156982671,Bilateral,3.0,"Bilateral pulmonary infection, three infected areas, middle left lung and middle right lung."
Train,Jun_coronacases_case3_164.png,Jun_coronacases_case3_164.png,512,512,1781,0.006793975830078125,0.05413055419921875,0.6076579155271286,0.5349640860089815,3,0.5154407636159462,Bilateral,3.0,"Bilateral pulmonary infection, three infected areas, middle left lung and middle right lung."
Train,Jun_coronacases_case3_165.png,Jun_coronacases_case3_165.png,512,512,1833,0.006992340087890625,0.055446624755859375,0.6407961027605446,0.5362729177943402,3,0.5831969448990726,Bilateral,3.0,"Bilateral pulmonary infection, three infected areas, middle left lung and middle right lung."
Train,Jun_coronacases_case3_166.png,Jun_coronacases_case3_166.png,512,512,1720,0.006561279296875,0.042743682861328125,0.6493253083329541,0.5387373139762436,3,0.5761627906976744,Bilateral,3.0,"Bilateral pulmonary infection, three infected areas, middle left lung and middle right lung."
Train,Jun_coronacases_case3_167.png,Jun_coronacases_case3_167.png,512,512,1551,0.005916595458984375,0.01174163818359375,0.669824783202807,0.5394297725979451,2,0.5583494519664732,Unilateral,2.0,"Unilateral pulmonary infection, two infected areas, left lung and middle right lung."
Train,Jun_coronacases_case3_168.png,Jun_coronacases_case3_168.png,512,512,1393,0.005313873291015625,0.00981903076171875,0.667893563427987,0.5366039029365446,2,0.542713567839196,Unilateral,2.0,"Unilateral pulmonary infection, two infected areas, left lung and middle right lung."
Train,Jun_coronacases_case3_169.png,Jun_coronacases_case3_169.png,512,512,1410,0.00537872314453125,0.010986328125,0.6588943942485185,0.5387947426128714,2,0.5631205673758866,Unilateral,2.0,"Unilateral pulmonary infection, two infected areas, left lung and middle right lung."
Train,Jun_coronacases_case3_170.png,Jun_coronacases_case3_170.png,512,512,1057,0.004032135009765625,0.00720977783203125,0.6518763179770684,0.5357906566418638,2,0.6859035004730369,Unilateral,2.0,"Unilateral pulmonary infection, two infected areas, left lung and middle right lung."
Train,Jun_coronacases_case3_171.png,Jun_coronacases_case3_171.png,512,512,1243,0.004741668701171875,0.00844573974609375,0.6506258924733891,0.5338262174242293,1,1.0,Unilateral,1.0,"Unilateral pulmonary infection, one infected areas, left lung and middle right lung."
Train,Jun_coronacases_case3_172.png,Jun_coronacases_case3_172.png,512,512,1071,0.004085540771484375,0.007480621337890625,0.6504629248959858,0.5330808122335692,1,1.0,Unilateral,1.0,"Unilateral pulmonary infection, one infected areas, left lung and middle right lung."
Train,Jun_coronacases_case3_173.png,Jun_coronacases_case3_173.png,512,512,968,0.003692626953125,0.005615234375,0.6550799760637868,0.534737833772703,1,1.0,Unilateral,1.0,"Unilateral pulmonary infection, one infected areas, left lung and middle right lung."
Train,Jun_coronacases_case3_174.png,Jun_coronacases_case3_174.png,512,512,440,0.001678466796875,0.00293731689453125,0.6351494396014944,0.5435687600071162,1,1.0,Unilateral,1.0,"Unilateral pulmonary infection, one infected areas, left lung and middle right lung."
Train,Jun_coronacases_case3_175.png,Jun_coronacases_case3_175.png,512,512,351,0.001338958740234375,0.00299072265625,0.6438411917863973,0.5456481620865183,2,0.8433048433048433,Unilateral,2.0,"Unilateral pulmonary infection, two infected areas, left lung and middle right lung."
Train,Jun_coronacases_case3_176.png,Jun_coronacases_case3_176.png,512,512,309,0.001178741455078125,0.003021240234375,0.643987612334467,0.5395917643556957,2,0.6731391585760518,Unilateral,2.0,"Unilateral pulmonary infection, two infected areas, left lung and middle right lung."
Train,Jun_coronacases_case3_177.png,Jun_coronacases_case3_177.png,512,512,183,0.000698089599609375,0.002288818359375,0.6602611401623304,0.5331985927090351,2,0.7431693989071039,Unilateral,1.0,"Unilateral pulmonary infection, one infected areas, left lung and middle right lung."
Train,Jun_coronacases_case3_178.png,Jun_coronacases_case3_178.png,512,512,199,0.000759124755859375,0.002685546875,0.6597665430872562,0.5376982761163941,2,0.6231155778894473,Unilateral,2.0,"Unilateral pulmonary infection, two infected areas, left lung and middle right lung."
Train,Jun_coronacases_case3_179.png,Jun_coronacases_case3_179.png,512,512,62,0.00023651123046875,0.00041961669921875,0.6731898238747553,0.5215264187866928,1,1.0,Unilateral,1.0,"Unilateral pulmonary infection, one infected areas, left lung and middle right lung."
Train,Jun_coronacases_case3_43.png,Jun_coronacases_case3_43.png,512,512,309,0.001178741455078125,0.00732421875,0.3854235935629738,0.5877237981241172,1,1.0,Unilateral,1.0,"Unilateral pulmonary infection, one infected areas, middle left lung."
Train,Jun_coronacases_case3_44.png,Jun_coronacases_case3_44.png,512,512,303,0.001155853271484375,0.005878448486328125,0.36381133220954187,0.5960292702460069,1,1.0,Unilateral,1.0,"Unilateral pulmonary infection, one infected areas, middle left lung."
Train,Jun_coronacases_case3_45.png,Jun_coronacases_case3_45.png,512,512,403,0.001537322998046875,0.00562286376953125,0.37022720982066987,0.5932997625441284,2,0.9205955334987593,Unilateral,1.0,"Unilateral pulmonary infection, one infected areas, middle left lung."
Train,Jun_coronacases_case3_46.png,Jun_coronacases_case3_46.png,512,512,312,0.001190185546875,0.01556396484375,0.5459694415173868,0.5992335290280495,3,0.5352564102564102,Bilateral,2.0,"Bilateral pulmonary infection, two infected areas, middle left lung and middle right lung."
Train,Jun_coronacases_case3_47.png,Jun_coronacases_case3_47.png,512,512,519,0.001979827880859375,0.018772125244140625,0.6073775776840152,0.5955793355429115,3,0.6820809248554913,Bilateral,3.0,"Bilateral pulmonary infection, three infected areas, middle left lung and middle right lung."
Train,Jun_coronacases_case3_48.png,Jun_coronacases_case3_48.png,512,512,555,0.002117156982421875,0.02098846435546875,0.6317342783096208,0.592359090989228,3,0.736936936936937,Bilateral,3.0,"Bilateral pulmonary infection, three infected areas, middle left lung and middle right lung."
Train,Jun_coronacases_case3_49.png,Jun_coronacases_case3_49.png,512,512,728,0.002777099609375,0.0246734619140625,0.5539128190791597,0.5925195157093396,5,0.5467032967032966,Bilateral,3.0,"Bilateral pulmonary infection, three infected areas, middle left lung and middle right lung."
Train,Jun_coronacases_case3_50.png,Jun_coronacases_case3_50.png,512,512,1030,0.00392913818359375,0.020946502685546875,0.5584519217981114,0.5923280071438071,5,0.5864077669902913,Bilateral,3.0,"Bilateral pulmonary infection, three infected areas, middle left lung and middle right lung."
Train,Jun_coronacases_case3_51.png,Jun_coronacases_case3_51.png,512,512,1282,0.00489044189453125,0.0604248046875,0.5420987876697064,0.589039569410565,4,0.5655226209048362,Bilateral,3.0,"Bilateral pulmonary infection, three infected areas, middle left lung and middle right lung."
Train,Jun_coronacases_case3_52.png,Jun_coronacases_case3_52.png,512,512,1607,0.006130218505859375,0.061737060546875,0.5122927213012543,0.5795863741921656,4,0.43061605476042314,Bilateral,4.0,"Bilateral pulmonary infection, four infected areas, middle left lung and middle right lung."
Train,Jun_coronacases_case3_53.png,Jun_coronacases_case3_53.png,512,512,2708,0.0103302001953125,0.06671905517578125,0.47230717422032853,0.5786428267913871,3,0.4686115214180207,Bilateral,3.0,"Bilateral pulmonary infection, three infected areas, middle left lung and middle right lung."
Train,Jun_coronacases_case3_54.png,Jun_coronacases_case3_54.png,512,512,3061,0.011676788330078125,0.07102203369140625,0.47189725420046785,0.5777680317561188,3,0.6203854949362954,Bilateral,3.0,"Bilateral pulmonary infection, three infected areas, middle left lung and middle right lung."
Train,Jun_coronacases_case3_55.png,Jun_coronacases_case3_55.png,512,512,3720,0.014190673828125,0.07629776000976562,0.49013635502809166,0.5745076068430023,2,0.6180107526881721,Bilateral,2.0,"Bilateral pulmonary infection, two infected areas, middle left lung and middle right lung."
Train,Jun_coronacases_case3_56.png,Jun_coronacases_case3_56.png,512,512,3839,0.014644622802734375,0.07544708251953125,0.4971848812960404,0.5742184572894625,3,0.5678562125553529,Bilateral,3.0,"Bilateral pulmonary infection, three infected areas, middle left lung and middle right lung."
Train,Jun_coronacases_case3_57.png,Jun_coronacases_case3_57.png,512,512,4978,0.01898956298828125,0.10660171508789062,0.5050952173909625,0.5673043583548435,4,0.49537967055042187,Bilateral,4.0,"Bilateral pulmonary infection, four infected areas, middle left lung and middle right lung."
Train,Jun_coronacases_case3_58.png,Jun_coronacases_case3_58.png,512,512,5662,0.02159881591796875,0.09181594848632812,0.4972705736945103,0.5662527883559225,3,0.5687036382903567,Bilateral,3.0,"Bilateral pulmonary infection, three infected areas, middle left lung and middle right lung."
Train,Jun_coronacases_case3_59.png,Jun_coronacases_case3_59.png,512,512,6204,0.0236663818359375,0.09181594848632812,0.5012103169345956,0.5661920659734708,3,0.562862669245648,Bilateral,3.0,"Bilateral pulmonary infection, three infected areas, middle left lung and middle right lung."
Train,Jun_coronacases_case3_60.png,Jun_coronacases_case3_60.png,512,512,6453,0.024616241455078125,0.0942840576171875,0.4861835527279443,0.5612374650604719,3,0.600185960018596,Bilateral,3.0,"Bilateral pulmonary infection, three infected areas, middle left lung and middle right lung."
Train,Jun_coronacases_case3_61.png,Jun_coronacases_case3_61.png,512,512,7081,0.027011871337890625,0.097991943359375,0.5009632734549693,0.5603440866396141,3,0.565456856376218,Bilateral,3.0,"Bilateral pulmonary infection, three infected areas, middle left lung and middle right lung."
Train,Jun_coronacases_case3_62.png,Jun_coronacases_case3_62.png,512,512,7964,0.0303802490234375,0.10382080078125,0.49919255042996813,0.5597198154906473,3,0.5708186840783526,Bilateral,3.0,"Bilateral pulmonary infection, three infected areas, middle left lung and middle right lung."
Train,Jun_coronacases_case3_63.png,Jun_coronacases_case3_63.png,512,512,8687,0.033138275146484375,0.28326416015625,0.5038552106900182,0.551771018033785,4,0.5397720732128468,Bilateral,4.0,"Bilateral pulmonary infection, four infected areas, middle left lung and middle right lung."
Train,Jun_coronacases_case3_64.png,Jun_coronacases_case3_64.png,512,512,9671,0.036891937255859375,0.294158935546875,0.5071993842020882,0.5483938200859146,5,0.5458587529728053,Bilateral,5.0,"Bilateral pulmonary infection, five infected areas, middle left lung and middle right lung."
Train,Jun_coronacases_case3_65.png,Jun_coronacases_case3_65.png,512,512,10629,0.040546417236328125,0.2911567687988281,0.5019458082685206,0.5440777078697113,4,0.5409728102361464,Bilateral,3.0,"Bilateral pulmonary infection, three infected areas, upper left lung and middle right lung."
Train,Jun_coronacases_case3_66.png,Jun_coronacases_case3_66.png,512,512,11657,0.044467926025390625,0.2911567687988281,0.5001812236820657,0.5430992556818535,4,0.5343570386891996,Bilateral,3.0,"Bilateral pulmonary infection, three infected areas, middle left lung and middle right lung."
Train,Jun_coronacases_case3_67.png,Jun_coronacases_case3_67.png,512,512,12303,0.046932220458984375,0.2813148498535156,0.5129092819866536,0.5422164068935822,4,0.5170283670649435,Bilateral,3.0,"Bilateral pulmonary infection, three infected areas, middle left lung and middle right lung."
Train,Jun_coronacases_case3_68.png,Jun_coronacases_case3_68.png,512,512,13436,0.0512542724609375,0.27321624755859375,0.5286464963421575,0.537425376460355,3,0.4942691277165823,Bilateral,3.0,"Bilateral pulmonary infection, three infected areas, middle left lung and middle right lung."
Train,Jun_coronacases_case3_69.png,Jun_coronacases_case3_69.png,512,512,13565,0.051746368408203125,0.2844696044921875,0.5202229174165413,0.5341884367721408,3,0.49119056395134536,Bilateral,3.0,"Bilateral pulmonary infection, three infected areas, upper left lung and middle right lung."
Train,Jun_coronacases_case3_70.png,Jun_coronacases_case3_70.png,512,512,14937,0.056980133056640625,0.286041259765625,0.5194845094340784,0.5320268152987492,3,0.4915310972752226,Bilateral,3.0,"Bilateral pulmonary infection, three infected areas, upper left lung and middle right lung."
Train,Jun_coronacases_case3_71.png,Jun_coronacases_case3_71.png,512,512,15532,0.0592498779296875,0.28289794921875,0.5198850879416675,0.5268392304656808,5,0.48918362091166623,Bilateral,5.0,"Bilateral pulmonary infection, five infected areas, upper left lung and middle right lung."
Train,Jun_coronacases_case3_72.png,Jun_coronacases_case3_72.png,512,512,15150,0.05779266357421875,0.27449798583984375,0.5270612853848986,0.5287225591443684,5,0.48356435643564355,Bilateral,5.0,"Bilateral pulmonary infection, five infected areas, middle left lung and middle right lung."
Train,Jun_coronacases_case3_73.png,Jun_coronacases_case3_73.png,512,512,15235,0.058116912841796875,0.2697868347167969,0.5362703168944206,0.5296738571255164,5,0.5061371841155234,Bilateral,5.0,"Bilateral pulmonary infection, five infected areas, middle left lung and middle right lung."
Train,Jun_coronacases_case3_74.png,Jun_coronacases_case3_74.png,512,512,15770,0.06015777587890625,0.2707672119140625,0.5406965590242316,0.5284799720046113,9,0.489854153455929,Bilateral,8.0,"Bilateral pulmonary infection, eight infected areas, middle left lung and middle right lung."
Train,Jun_coronacases_case3_75.png,Jun_coronacases_case3_75.png,512,512,16787,0.06403732299804688,0.31585693359375,0.5256322541077296,0.5196794602850006,6,0.4959194614880562,Bilateral,6.0,"Bilateral pulmonary infection, six infected areas, upper left lung and middle right lung."
Train,Jun_coronacases_case3_76.png,Jun_coronacases_case3_76.png,512,512,17785,0.06784439086914062,0.31683349609375,0.5257047788132548,0.5183107425230808,7,0.47922406522350297,Bilateral,7.0,"Bilateral pulmonary infection, seven infected areas, upper left lung and middle right lung."
Train,Jun_coronacases_case3_77.png,Jun_coronacases_case3_77.png,512,512,18397,0.07017898559570312,0.3337211608886719,0.5295398818002637,0.5142438458069879,12,0.4837745284557265,Bilateral,9.0,"Bilateral pulmonary infection, nine infected areas, upper left lung and middle right lung."
Train,Jun_coronacases_case3_78.png,Jun_coronacases_case3_78.png,512,512,19717,0.07521438598632812,0.33050537109375,0.5164800121325365,0.5142050622968627,11,0.4724856722625146,Bilateral,9.0,"Bilateral pulmonary infection, nine infected areas, upper left lung and middle right lung."
Train,Jun_coronacases_case3_79.png,Jun_coronacases_case3_79.png,512,512,20352,0.07763671875,0.33458709716796875,0.5240225072000886,0.5116287969698089,10,0.462313286163522,Bilateral,9.0,"Bilateral pulmonary infection, nine infected areas, upper left lung and middle right lung."
Train,Jun_coronacases_case3_80.png,Jun_coronacases_case3_80.png,512,512,20486,0.07814788818359375,0.3285675048828125,0.5258370328989891,0.5099651845668839,8,0.48320804451820754,Bilateral,7.0,"Bilateral pulmonary infection, seven infected areas, upper left lung and upper right lung."
Train,Jun_coronacases_case3_81.png,Jun_coronacases_case3_81.png,512,512,20528,0.07830810546875,0.32004547119140625,0.5252803483152408,0.5122287271606878,6,0.48777279812938423,Bilateral,6.0,"Bilateral pulmonary infection, six infected areas, upper left lung and middle right lung."
Train,Jun_coronacases_case3_82.png,Jun_coronacases_case3_82.png,512,512,22038,0.08406829833984375,0.3231964111328125,0.5262848781565519,0.5081499505657281,9,0.480624376077684,Bilateral,9.0,"Bilateral pulmonary infection, nine infected areas, upper left lung and middle right lung."
Train,Jun_coronacases_case3_83.png,Jun_coronacases_case3_83.png,512,512,20121,0.07675552368164062,0.328216552734375,0.5205027197976703,0.5141154333308922,9,0.4927687490681378,Bilateral,7.0,"Bilateral pulmonary infection, seven infected areas, upper left lung and middle right lung."
Train,Jun_coronacases_case3_84.png,Jun_coronacases_case3_84.png,512,512,18353,0.07001113891601562,0.32004547119140625,0.5197507928605604,0.5171412811782159,13,0.4610145480302948,Bilateral,9.0,"Bilateral pulmonary infection, nine infected areas, upper left lung and middle right lung."
Train,Jun_coronacases_case3_85.png,Jun_coronacases_case3_85.png,512,512,16492,0.0629119873046875,0.3090705871582031,0.5146762730954652,0.5215588130733374,9,0.44821731748726656,Bilateral,8.0,"Bilateral pulmonary infection, eight infected areas, upper left lung and middle right lung."
Train,Jun_coronacases_case3_86.png,Jun_coronacases_case3_86.png,512,512,17271,0.06588363647460938,0.30086517333984375,0.5219263403320454,0.5164132130588689,9,0.4537664292745064,Bilateral,8.0,"Bilateral pulmonary infection, eight infected areas, upper left lung and middle right lung."
Train,Jun_coronacases_case3_87.png,Jun_coronacases_case3_87.png,512,512,15508,0.0591583251953125,0.29970550537109375,0.5176982071496966,0.5233802691067346,6,0.4691771988651019,Bilateral,6.0,"Bilateral pulmonary infection, six infected areas, upper left lung and middle right lung."
Train,Jun_coronacases_case3_88.png,Jun_coronacases_case3_88.png,512,512,14340,0.0547027587890625,0.30260467529296875,0.5386838233889303,0.5267966658205667,6,0.4256624825662483,Bilateral,6.0,"Bilateral pulmonary infection, six infected areas, upper left lung and middle right lung."
Train,Jun_coronacases_case3_89.png,Jun_coronacases_case3_89.png,512,512,14368,0.0548095703125,0.30706787109375,0.5419508289785084,0.5332602020580633,6,0.45670935412026725,Bilateral,5.0,"Bilateral pulmonary infection, five infected areas, upper left lung and middle right lung."
Train,Jun_coronacases_case3_90.png,Jun_coronacases_case3_90.png,512,512,15179,0.057903289794921875,0.31180572509765625,0.536833190463341,0.5310759315869115,7,0.4694643915936491,Bilateral,7.0,"Bilateral pulmonary infection, seven infected areas, upper left lung and middle right lung."
Train,Jun_coronacases_case3_91.png,Jun_coronacases_case3_91.png,512,512,13969,0.053287506103515625,0.3092765808105469,0.5231379687675771,0.5373993490478428,9,0.49795976805784237,Bilateral,8.0,"Bilateral pulmonary infection, eight infected areas, upper left lung and middle right lung."
Train,Jun_coronacases_case3_92.png,Jun_coronacases_case3_92.png,512,512,14530,0.05542755126953125,0.19040679931640625,0.5352173719802339,0.5437544024576993,6,0.4953200275292498,Bilateral,5.0,"Bilateral pulmonary infection, five infected areas, middle left lung and middle right lung."
Train,Jun_coronacases_case3_93.png,Jun_coronacases_case3_93.png,512,512,15278,0.05828094482421875,0.2000732421875,0.5432935172250545,0.5386313256542989,8,0.4955491556486451,Bilateral,7.0,"Bilateral pulmonary infection, seven infected areas, middle left lung and middle right lung."
Train,Jun_coronacases_case3_94.png,Jun_coronacases_case3_94.png,512,512,15681,0.059818267822265625,0.2081298828125,0.5409590501224824,0.5388276362721486,8,0.4860659396722148,Bilateral,7.0,"Bilateral pulmonary infection, seven infected areas, middle left lung and middle right lung."
Train,Jun_coronacases_case3_95.png,Jun_coronacases_case3_95.png,512,512,15853,0.060474395751953125,0.208282470703125,0.5412712416658776,0.5406016850261879,10,0.4847662902920583,Bilateral,9.0,"Bilateral pulmonary infection, nine infected areas, middle left lung and middle right lung."
Train,Jun_coronacases_case3_96.png,Jun_coronacases_case3_96.png,512,512,16814,0.06414031982421875,0.21240234375,0.5377166823751617,0.5388134061239154,7,0.49756155584631856,Bilateral,7.0,"Bilateral pulmonary infection, seven infected areas, middle left lung and middle right lung."
Train,Jun_coronacases_case3_97.png,Jun_coronacases_case3_97.png,512,512,16132,0.0615386962890625,0.208282470703125,0.5468013885445078,0.5416205492553363,5,0.5273369699975204,Bilateral,5.0,"Bilateral pulmonary infection, five infected areas, middle left lung and middle right lung."
Train,Jun_coronacases_case3_98.png,Jun_coronacases_case3_98.png,512,512,17612,0.0671844482421875,0.21771240234375,0.5482087688833401,0.5341009043380404,7,0.4962525550760845,Bilateral,6.0,"Bilateral pulmonary infection, six infected areas, middle left lung and middle right lung."
Train,Jun_coronacases_case3_99.png,Jun_coronacases_case3_99.png,512,512,16248,0.061981201171875,0.24957275390625,0.5454675860753238,0.5354900220746723,8,0.4661496799606105,Bilateral,8.0,"Bilateral pulmonary infection, eight infected areas, middle left lung and middle right lung."
Train,Jun_coronacases_case4_100.png,Jun_coronacases_case4_100.png,512,512,1326,0.00505828857421875,0.044940948486328125,0.7585177379697927,0.4958986755924709,6,0.5980392156862745,Unilateral,4.0,"Unilateral pulmonary infection, four infected areas, left lung and upper right lung."
Train,Jun_coronacases_case4_101.png,Jun_coronacases_case4_101.png,512,512,858,0.00327301025390625,0.0406494140625,0.7523777592270744,0.5223178647836183,5,0.7319347319347319,Unilateral,3.0,"Unilateral pulmonary infection, three infected areas, left lung and middle right lung."
Train,Jun_coronacases_case4_102.png,Jun_coronacases_case4_102.png,512,512,814,0.00310516357421875,0.03287506103515625,0.7550161796737139,0.5154728647879332,3,0.7542997542997543,Unilateral,3.0,"Unilateral pulmonary infection, three infected areas, left lung and middle right lung."
Train,Jun_coronacases_case4_103.png,Jun_coronacases_case4_103.png,512,512,781,0.002979278564453125,0.035247802734375,0.7499066628914207,0.5301998792255401,3,0.8040973111395646,Unilateral,3.0,"Unilateral pulmonary infection, three infected areas, left lung and middle right lung."
Train,Jun_coronacases_case4_104.png,Jun_coronacases_case4_104.png,512,512,774,0.00295257568359375,0.0341796875,0.7550807303913388,0.5082651941524194,3,0.7196382428940569,Unilateral,3.0,"Unilateral pulmonary infection, three infected areas, left lung and middle right lung."
Train,Jun_coronacases_case4_105.png,Jun_coronacases_case4_105.png,512,512,781,0.002979278564453125,0.034465789794921875,0.7499417426100814,0.5159474906725534,4,0.70550576184379,Unilateral,3.0,"Unilateral pulmonary infection, three infected areas, left lung and middle right lung."
Train,Jun_coronacases_case4_106.png,Jun_coronacases_case4_106.png,512,512,797,0.003040313720703125,0.03520965576171875,0.7438584515809039,0.5345534993014411,4,0.7578419071518193,Unilateral,3.0,"Unilateral pulmonary infection, three infected areas, left lung and middle right lung."
Train,Jun_coronacases_case4_107.png,Jun_coronacases_case4_107.png,512,512,743,0.002834320068359375,0.0368499755859375,0.7325698693349277,0.5447793232597525,3,0.6944818304172274,Unilateral,3.0,"Unilateral pulmonary infection, three infected areas, left lung and middle right lung."
Train,Jun_coronacases_case4_108.png,Jun_coronacases_case4_108.png,512,512,632,0.002410888671875,0.021572113037109375,0.732923158859521,0.5455021179618024,5,0.6693037974683544,Unilateral,3.0,"Unilateral pulmonary infection, three infected areas, left lung and middle right lung."
Train,Jun_coronacases_case4_109.png,Jun_coronacases_case4_109.png,512,512,1051,0.004009246826171875,0.0240325927734375,0.7215381492977521,0.5302712354834925,4,0.5356803044719315,Unilateral,3.0,"Unilateral pulmonary infection, three infected areas, left lung and middle right lung."
Train,Jun_coronacases_case4_110.png,Jun_coronacases_case4_110.png,512,512,1287,0.004909515380859375,0.0278472900390625,0.7169329909055937,0.5200187939913967,5,0.4024864024864025,Unilateral,4.0,"Unilateral pulmonary infection, four infected areas, left lung and middle right lung."
Train,Jun_coronacases_case4_111.png,Jun_coronacases_case4_111.png,512,512,1025,0.003910064697265625,0.022731781005859375,0.7139038709369482,0.5281237172450003,4,0.45658536585365855,Unilateral,4.0,"Unilateral pulmonary infection, four infected areas, left lung and middle right lung."
Train,Jun_coronacases_case4_112.png,Jun_coronacases_case4_112.png,512,512,1023,0.003902435302734375,0.01129150390625,0.709554990597854,0.5404426182154861,3,0.5474095796676441,Unilateral,3.0,"Unilateral pulmonary infection, three infected areas, left lung and middle right lung."
Train,Jun_coronacases_case4_113.png,Jun_coronacases_case4_113.png,512,512,907,0.003459930419921875,0.0112152099609375,0.7077611186747131,0.5449741842637282,3,0.6052921719955898,Unilateral,3.0,"Unilateral pulmonary infection, three infected areas, left lung and middle right lung."
Train,Jun_coronacases_case4_114.png,Jun_coronacases_case4_114.png,512,512,1082,0.00412750244140625,0.0119171142578125,0.7079518612701708,0.5505586885198462,3,0.6654343807763401,Unilateral,3.0,"Unilateral pulmonary infection, three infected areas, left lung and middle right lung."
Train,Jun_coronacases_case4_115.png,Jun_coronacases_case4_115.png,512,512,1031,0.003932952880859375,0.01201629638671875,0.7073860994113974,0.550786669982025,3,0.6362754607177498,Unilateral,3.0,"Unilateral pulmonary infection, three infected areas, left lung and middle right lung."
Train,Jun_coronacases_case4_116.png,Jun_coronacases_case4_116.png,512,512,1117,0.004261016845703125,0.032901763916015625,0.7093276476163612,0.5409881444391691,4,0.6096687555953447,Unilateral,4.0,"Unilateral pulmonary infection, four infected areas, left lung and middle right lung."
Train,Jun_coronacases_case4_117.png,Jun_coronacases_case4_117.png,512,512,1197,0.004566192626953125,0.0347900390625,0.7172579197504525,0.5461223181894724,4,0.7076023391812866,Unilateral,3.0,"Unilateral pulmonary infection, three infected areas, left lung and middle right lung."
Train,Jun_coronacases_case4_118.png,Jun_coronacases_case4_118.png,512,512,954,0.00363922119140625,0.033138275146484375,0.7162365075262465,0.5447000373337928,3,0.6771488469601677,Unilateral,3.0,"Unilateral pulmonary infection, three infected areas, left lung and middle right lung."
Train,Jun_coronacases_case4_119.png,Jun_coronacases_case4_119.png,512,512,1021,0.003894805908203125,0.01668548583984375,0.7204689773082298,0.5540575507301656,3,0.8050930460333007,Unilateral,3.0,"Unilateral pulmonary infection, three infected areas, left lung and middle right lung."
Train,Jun_coronacases_case4_120.png,Jun_coronacases_case4_120.png,512,512,1094,0.00417327880859375,0.0140838623046875,0.7177023222201154,0.5632126131863178,3,0.876599634369287,Unilateral,2.0,"Unilateral pulmonary infection, two infected areas, left lung and middle right lung."
Train,Jun_coronacases_case4_121.png,Jun_coronacases_case4_121.png,512,512,1245,0.004749298095703125,0.013950347900390625,0.7197651663405088,0.5606755790284426,4,0.8626506024096385,Unilateral,2.0,"Unilateral pulmonary infection, two infected areas, left lung and middle right lung."
Train,Jun_coronacases_case4_122.png,Jun_coronacases_case4_122.png,512,512,1620,0.0061798095703125,0.012969970703125,0.7205165374115146,0.5523386726583074,3,0.8364197530864198,Unilateral,3.0,"Unilateral pulmonary infection, three infected areas, left lung and middle right lung."
Train,Jun_coronacases_case4_123.png,Jun_coronacases_case4_123.png,512,512,1607,0.006130218505859375,0.02794647216796875,0.7201845643509256,0.5446864683253427,3,0.8232731798382078,Unilateral,2.0,"Unilateral pulmonary infection, two infected areas, left lung and middle right lung."
Train,Jun_coronacases_case4_124.png,Jun_coronacases_case4_124.png,512,512,1889,0.007205963134765625,0.02862548828125,0.7231733001546703,0.5439049228254215,4,0.8729486500794071,Unilateral,4.0,"Unilateral pulmonary infection, four infected areas, left lung and middle right lung."
Train,Jun_coronacases_case4_125.png,Jun_coronacases_case4_125.png,512,512,1803,0.006877899169921875,0.02913665771484375,0.7249951971762653,0.5444057685983243,3,0.8813089295618414,Unilateral,3.0,"Unilateral pulmonary infection, three infected areas, left lung and middle right lung."
Train,Jun_coronacases_case4_126.png,Jun_coronacases_case4_126.png,512,512,2023,0.007717132568359375,0.016021728515625,0.7317579731328471,0.5395224971535754,3,0.9273356401384083,Unilateral,3.0,"Unilateral pulmonary infection, three infected areas, left lung and middle right lung."
Train,Jun_coronacases_case4_127.png,Jun_coronacases_case4_127.png,512,512,1827,0.006969451904296875,0.01682281494140625,0.7345921205830782,0.5468344478399138,1,1.0,Unilateral,1.0,"Unilateral pulmonary infection, one infected areas, left lung and middle right lung."
Train,Jun_coronacases_case4_128.png,Jun_coronacases_case4_128.png,512,512,1608,0.006134033203125,0.0156097412109375,0.7334207144317552,0.5484380932908841,1,1.0,Unilateral,1.0,"Unilateral pulmonary infection, one infected areas, left lung and middle right lung."
Train,Jun_coronacases_case4_129.png,Jun_coronacases_case4_129.png,512,512,1824,0.0069580078125,0.0158233642578125,0.7316385999244687,0.5436407800322725,1,1.0,Unilateral,1.0,"Unilateral pulmonary infection, one infected areas, left lung and middle right lung."
Train,Jun_coronacases_case4_130.png,Jun_coronacases_case4_130.png,512,512,1773,0.006763458251953125,0.011775970458984375,0.7295306969182221,0.5466681677654489,2,0.9108855047941342,Unilateral,2.0,"Unilateral pulmonary infection, two infected areas, left lung and middle right lung."
Train,Jun_coronacases_case4_131.png,Jun_coronacases_case4_131.png,512,512,1670,0.00637054443359375,0.0128936767578125,0.7273328099183238,0.5483178457175668,2,0.9508982035928144,Unilateral,2.0,"Unilateral pulmonary infection, two infected areas, left lung and middle right lung."
Train,Jun_coronacases_case4_132.png,Jun_coronacases_case4_132.png,512,512,1659,0.006328582763671875,0.016635894775390625,0.7255237104378772,0.5482908266479819,2,0.9813140446051839,Unilateral,1.0,"Unilateral pulmonary infection, one infected areas, left lung and middle right lung."
Train,Jun_coronacases_case4_133.png,Jun_coronacases_case4_133.png,512,512,1603,0.006114959716796875,0.01593017578125,0.7306115124161767,0.540790079266737,2,0.9794135995009358,Unilateral,1.0,"Unilateral pulmonary infection, one infected areas, left lung and middle right lung."
Train,Jun_coronacases_case4_134.png,Jun_coronacases_case4_134.png,512,512,1570,0.00598907470703125,0.01255035400390625,0.7285926184451618,0.5455594749897167,1,1.0,Unilateral,1.0,"Unilateral pulmonary infection, one infected areas, left lung and middle right lung."
Train,Jun_coronacases_case4_135.png,Jun_coronacases_case4_135.png,512,512,1431,0.005458831787109375,0.012149810791015625,0.7311611356584218,0.5469359622887666,1,1.0,Unilateral,1.0,"Unilateral pulmonary infection, one infected areas, left lung and middle right lung."
Train,Jun_coronacases_case4_136.png,Jun_coronacases_case4_136.png,512,512,1339,0.005107879638671875,0.011157989501953125,0.733979413325071,0.5452911232935173,1,1.0,Unilateral,1.0,"Unilateral pulmonary infection, one infected areas, left lung and middle right lung."
Train,Jun_coronacases_case4_137.png,Jun_coronacases_case4_137.png,512,512,1496,0.005706787109375,0.01348876953125,0.7298026308904633,0.5462354929518507,1,1.0,Unilateral,1.0,"Unilateral pulmonary infection, one infected areas, left lung and middle right lung."
Train,Jun_coronacases_case4_138.png,Jun_coronacases_case4_138.png,512,512,1755,0.006694793701171875,0.01468658447265625,0.7327702231811821,0.543900848010437,1,1.0,Unilateral,1.0,"Unilateral pulmonary infection, one infected areas, left lung and middle right lung."
Train,Jun_coronacases_case4_139.png,Jun_coronacases_case4_139.png,512,512,1689,0.006443023681640625,0.015167236328125,0.7328900367173804,0.5404221398041198,1,1.0,Unilateral,1.0,"Unilateral pulmonary infection, one infected areas, left lung and middle right lung."
Train,Jun_coronacases_case4_140.png,Jun_coronacases_case4_140.png,512,512,1644,0.0062713623046875,0.01384735107421875,0.732817194471029,0.5379450150223073,1,1.0,Unilateral,1.0,"Unilateral pulmonary infection, one infected areas, left lung and middle right lung."
Train,Jun_coronacases_case4_141.png,Jun_coronacases_case4_141.png,512,512,1663,0.006343841552734375,0.013423919677734375,0.7342529298311471,0.5324143644393399,1,1.0,Unilateral,1.0,"Unilateral pulmonary infection, one infected areas, left lung and middle right lung."
Train,Jun_coronacases_case4_142.png,Jun_coronacases_case4_142.png,512,512,1344,0.005126953125,0.014133453369140625,0.7343866484950144,0.5402586548317957,1,1.0,Unilateral,1.0,"Unilateral pulmonary infection, one infected areas, left lung and middle right lung."
Train,Jun_coronacases_case4_143.png,Jun_coronacases_case4_143.png,512,512,1462,0.00557708740234375,0.01593017578125,0.734382571123384,0.5388859589710366,1,1.0,Unilateral,1.0,"Unilateral pulmonary infection, one infected areas, left lung and middle right lung."
Train,Jun_coronacases_case4_144.png,Jun_coronacases_case4_144.png,512,512,1363,0.005199432373046875,0.0128173828125,0.7333426179444732,0.5446214104090062,1,1.0,Unilateral,1.0,"Unilateral pulmonary infection, one infected areas, left lung and middle right lung."
Train,Jun_coronacases_case4_145.png,Jun_coronacases_case4_145.png,512,512,1432,0.005462646484375,0.012828826904296875,0.7324148072024401,0.5459144628234702,1,1.0,Unilateral,1.0,"Unilateral pulmonary infection, one infected areas, left lung and middle right lung."
Train,Jun_coronacases_case4_146.png,Jun_coronacases_case4_146.png,512,512,1453,0.005542755126953125,0.011749267578125,0.7324127286415985,0.5433430799089002,1,1.0,Unilateral,1.0,"Unilateral pulmonary infection, one infected areas, left lung and middle right lung."
Train,Jun_coronacases_case4_147.png,Jun_coronacases_case4_147.png,512,512,1454,0.00554656982421875,0.01438140869140625,0.7375079744923917,0.5372210273568832,1,1.0,Unilateral,1.0,"Unilateral pulmonary infection, one infected areas, left lung and middle right lung."
Train,Jun_coronacases_case4_148.png,Jun_coronacases_case4_148.png,512,512,1500,0.0057220458984375,0.0145263671875,0.7387958251793869,0.5346875407697325,1,1.0,Unilateral,1.0,"Unilateral pulmonary infection, one infected areas, left lung and middle right lung."
Train,Jun_coronacases_case4_149.png,Jun_coronacases_case4_149.png,512,512,1303,0.004970550537109375,0.015106201171875,0.742303250214393,0.5382926349399925,1,1.0,Unilateral,1.0,"Unilateral pulmonary infection, one infected areas, left lung and middle right lung."
Train,Jun_coronacases_case4_150.png,Jun_coronacases_case4_150.png,512,512,1355,0.005168914794921875,0.01438140869140625,0.7396075995985009,0.535391858810956,1,1.0,Unilateral,1.0,"Unilateral pulmonary infection, one infected areas, left lung and middle right lung."
Train,Jun_coronacases_case4_151.png,Jun_coronacases_case4_151.png,512,512,1265,0.004825592041015625,0.0146484375,0.7321658686756959,0.5424193436105288,1,1.0,Unilateral,1.0,"Unilateral pulmonary infection, one infected areas, left lung and middle right lung."
Train,Jun_coronacases_case4_152.png,Jun_coronacases_case4_152.png,512,512,1422,0.00542449951171875,0.0139617919921875,0.7386842489148714,0.5409252424164858,1,1.0,Unilateral,1.0,"Unilateral pulmonary infection, one infected areas, left lung and middle right lung."
Train,Jun_coronacases_case4_153.png,Jun_coronacases_case4_153.png,512,512,1314,0.00501251220703125,0.011959075927734375,0.7353236409344497,0.5378477155546024,1,1.0,Unilateral,1.0,"Unilateral pulmonary infection, one infected areas, left lung and middle right lung."
Train,Jun_coronacases_case4_154.png,Jun_coronacases_case4_154.png,512,512,1223,0.004665374755859375,0.014659881591796875,0.7358809382465562,0.5396581822953086,1,1.0,Unilateral,1.0,"Unilateral pulmonary infection, one infected areas, left lung and middle right lung."
Train,Jun_coronacases_case4_155.png,Jun_coronacases_case4_155.png,512,512,1103,0.004207611083984375,0.0127716064453125,0.7400524809583541,0.5367907840740339,1,1.0,Unilateral,1.0,"Unilateral pulmonary infection, one infected areas, left lung and middle right lung."
Train,Jun_coronacases_case4_156.png,Jun_coronacases_case4_156.png,512,512,1097,0.004184722900390625,0.0111236572265625,0.7425981194041033,0.5358128466356386,1,1.0,Unilateral,1.0,"Unilateral pulmonary infection, one infected areas, left lung and middle right lung."
Train,Jun_coronacases_case4_157.png,Jun_coronacases_case4_157.png,512,512,1001,0.003818511962890625,0.00897216796875,0.7403457599152315,0.5386101178664779,1,1.0,Unilateral,1.0,"Unilateral pulmonary infection, one infected areas, left lung and middle right lung."
Train,Jun_coronacases_case4_158.png,Jun_coronacases_case4_158.png,512,512,934,0.00356292724609375,0.00858306884765625,0.7455361071418095,0.5328721028172496,1,1.0,Unilateral,1.0,"Unilateral pulmonary infection, one infected areas, left lung and middle right lung."
Train,Jun_coronacases_case4_159.png,Jun_coronacases_case4_159.png,512,512,970,0.00370025634765625,0.0087738037109375,0.7456311658966651,0.533879395565598,1,1.0,Unilateral,1.0,"Unilateral pulmonary infection, one infected areas, left lung and middle right lung."
Train,Jun_coronacases_case4_160.png,Jun_coronacases_case4_160.png,512,512,993,0.003787994384765625,0.00785064697265625,0.7332344020669146,0.5410889928127026,1,1.0,Unilateral,1.0,"Unilateral pulmonary infection, one infected areas, left lung and middle right lung."
Train,Jun_coronacases_case4_161.png,Jun_coronacases_case4_161.png,512,512,923,0.003520965576171875,0.00894927978515625,0.7294048802827502,0.5416142799897382,1,1.0,Unilateral,1.0,"Unilateral pulmonary infection, one infected areas, left lung and middle right lung."
Train,Jun_coronacases_case4_162.png,Jun_coronacases_case4_162.png,512,512,842,0.00321197509765625,0.008693695068359375,0.7290720537718879,0.5436269063965677,1,1.0,Unilateral,1.0,"Unilateral pulmonary infection, one infected areas, left lung and middle right lung."
Train,Jun_coronacases_case4_163.png,Jun_coronacases_case4_163.png,512,512,877,0.003345489501953125,0.008365631103515625,0.7314162540416426,0.5411884939539928,1,1.0,Unilateral,1.0,"Unilateral pulmonary infection, one infected areas, left lung and middle right lung."
Train,Jun_coronacases_case4_164.png,Jun_coronacases_case4_164.png,512,512,947,0.003612518310546875,0.009918212890625,0.7306170273001361,0.5419152457962833,1,1.0,Unilateral,1.0,"Unilateral pulmonary infection, one infected areas, left lung and middle right lung."
Train,Jun_coronacases_case4_165.png,Jun_coronacases_case4_165.png,512,512,973,0.003711700439453125,0.00970458984375,0.7343740886519189,0.5386713274055064,1,1.0,Unilateral,1.0,"Unilateral pulmonary infection, one infected areas, left lung and middle right lung."
Train,Jun_coronacases_case4_166.png,Jun_coronacases_case4_166.png,512,512,1034,0.00394439697265625,0.011444091796875,0.7349585710121997,0.5352458675105134,1,1.0,Unilateral,1.0,"Unilateral pulmonary infection, one infected areas, left lung and middle right lung."
Train,Jun_coronacases_case4_167.png,Jun_coronacases_case4_167.png,512,512,878,0.00334930419921875,0.007476806640625,0.7296069612043026,0.5433247596164561,1,1.0,Unilateral,1.0,"Unilateral pulmonary infection, one infected areas, left lung and middle right lung."
Train,Jun_coronacases_case4_168.png,Jun_coronacases_case4_168.png,512,512,697,0.002658843994140625,0.00701904296875,0.7269904286472357,0.5443401550396303,1,1.0,Unilateral,1.0,"Unilateral pulmonary infection, one infected areas, left lung and middle right lung."
Train,Jun_coronacases_case4_169.png,Jun_coronacases_case4_169.png,512,512,740,0.0028228759765625,0.00592803955078125,0.7250515682022531,0.5445760829322472,1,1.0,Unilateral,1.0,"Unilateral pulmonary infection, one infected areas, left lung and middle right lung."
Train,Jun_coronacases_case4_170.png,Jun_coronacases_case4_170.png,512,512,333,0.001270294189453125,0.00287628173828125,0.7365055858206544,0.5376727020562637,1,1.0,Unilateral,1.0,"Unilateral pulmonary infection, one infected areas, left lung and middle right lung."
Train,Jun_coronacases_case4_171.png,Jun_coronacases_case4_171.png,512,512,310,0.00118255615234375,0.002471923828125,0.7412663341960736,0.5389558739978537,1,1.0,Unilateral,1.0,"Unilateral pulmonary infection, one infected areas, left lung and middle right lung."
Train,Jun_coronacases_case4_172.png,Jun_coronacases_case4_172.png,512,512,237,0.000904083251953125,0.00159454345703125,0.7399489707448785,0.539440329625868,1,1.0,Unilateral,1.0,"Unilateral pulmonary infection, one infected areas, left lung and middle right lung."
Train,Jun_coronacases_case4_173.png,Jun_coronacases_case4_173.png,512,512,160,0.0006103515625,0.001361846923828125,0.7414995107632094,0.5378424657534246,1,1.0,Unilateral,1.0,"Unilateral pulmonary infection, one infected areas, left lung and middle right lung."
Train,Jun_coronacases_case4_174.png,Jun_coronacases_case4_174.png,512,512,143,0.000545501708984375,0.001377105712890625,0.739082834973246,0.5402679512268553,1,1.0,Unilateral,1.0,"Unilateral pulmonary infection, one infected areas, left lung and middle right lung."
Train,Jun_coronacases_case4_175.png,Jun_coronacases_case4_175.png,512,512,121,0.000461578369140625,0.00115966796875,0.7398392392165742,0.5426565962057868,1,1.0,Unilateral,1.0,"Unilateral pulmonary infection, one infected areas, left lung and middle right lung."
Train,Jun_coronacases_case4_56.png,Jun_coronacases_case4_56.png,512,512,63,0.000240325927734375,0.00030517578125,0.7089429379057559,0.12074053365638493,1,1.0,Unilateral,1.0,"Unilateral pulmonary infection, one infected areas, left lung and upper right lung."
Train,Jun_coronacases_case4_57.png,Jun_coronacases_case4_57.png,512,512,125,0.000476837158203125,0.0005950927734375,0.7092915851272015,0.11998434442270058,1,1.0,Unilateral,1.0,"Unilateral pulmonary infection, one infected areas, left lung and upper right lung."
Train,Jun_coronacases_case4_58.png,Jun_coronacases_case4_58.png,512,512,170,0.00064849853515625,0.0008544921875,0.7134223552434673,0.11533325659030735,1,1.0,Unilateral,1.0,"Unilateral pulmonary infection, one infected areas, left lung and upper right lung."
Train,Jun_coronacases_case4_59.png,Jun_coronacases_case4_59.png,512,512,161,0.000614166259765625,0.000743865966796875,0.713726586525021,0.11327199134567466,1,1.0,Unilateral,1.0,"Unilateral pulmonary infection, one infected areas, left lung and upper right lung."
Train,Jun_coronacases_case4_60.png,Jun_coronacases_case4_60.png,512,512,151,0.000576019287109375,0.00075531005859375,0.7084796723733493,0.1083319293425435,1,1.0,Unilateral,1.0,"Unilateral pulmonary infection, one infected areas, left lung and upper right lung."
Train,Jun_coronacases_case4_61.png,Jun_coronacases_case4_61.png,512,512,125,0.000476837158203125,0.00058746337890625,0.7073816046966731,0.10756947162426615,1,1.0,Unilateral,1.0,"Unilateral pulmonary infection, one infected areas, left lung and upper right lung."
Train,Jun_coronacases_case4_62.png,Jun_coronacases_case4_62.png,512,512,153,0.000583648681640625,0.000732421875,0.7058823529411764,0.10920532596600284,1,1.0,Unilateral,1.0,"Unilateral pulmonary infection, one infected areas, left lung and upper right lung."
Train,Jun_coronacases_case4_70.png,Jun_coronacases_case4_70.png,512,512,235,0.000896453857421875,0.00681304931640625,0.7860348919515343,0.534146646125661,2,0.548936170212766,Unilateral,2.0,"Unilateral pulmonary infection, two infected areas, left lung and middle right lung."
Train,Jun_coronacases_case4_71.png,Jun_coronacases_case4_71.png,512,512,297,0.001132965087890625,0.00743865966796875,0.7776921201578736,0.5399065673038276,2,0.5286195286195287,Unilateral,2.0,"Unilateral pulmonary infection, two infected areas, left lung and middle right lung."
Train,Jun_coronacases_case4_72.png,Jun_coronacases_case4_72.png,512,512,605,0.002307891845703125,0.01702880859375,0.7851401400591936,0.5246559169348709,3,0.4644628099173554,Unilateral,3.0,"Unilateral pulmonary infection, three infected areas, left lung and middle right lung."
Train,Jun_coronacases_case4_73.png,Jun_coronacases_case4_73.png,512,512,828,0.0031585693359375,0.02044677734375,0.7956597369938644,0.5065987880162984,3,0.4396135265700483,Unilateral,3.0,"Unilateral pulmonary infection, three infected areas, left lung and middle right lung."
Train,Jun_coronacases_case4_74.png,Jun_coronacases_case4_74.png,512,512,1025,0.003910064697265625,0.017333984375,0.7953453295785404,0.5186826404467567,3,0.6956097560975609,Unilateral,3.0,"Unilateral pulmonary infection, three infected areas, left lung and middle right lung."
Train,Jun_coronacases_case4_75.png,Jun_coronacases_case4_75.png,512,512,1061,0.004047393798828125,0.018310546875,0.7981171991862346,0.5144576157706701,3,0.6540999057492931,Unilateral,3.0,"Unilateral pulmonary infection, three infected areas, left lung and middle right lung."
Train,Jun_coronacases_case4_76.png,Jun_coronacases_case4_76.png,512,512,1163,0.004436492919921875,0.017063140869140625,0.7772125870572261,0.5293180299953053,2,0.8873602751504729,Unilateral,2.0,"Unilateral pulmonary infection, two infected areas, left lung and middle right lung."
Train,Jun_coronacases_case4_77.png,Jun_coronacases_case4_77.png,512,512,1101,0.004199981689453125,0.03050994873046875,0.7843981009969588,0.5166233863184332,4,0.8010899182561307,Unilateral,3.0,"Unilateral pulmonary infection, three infected areas, left lung and middle right lung."
Train,Jun_coronacases_case4_78.png,Jun_coronacases_case4_78.png,512,512,1259,0.004802703857421875,0.0299835205078125,0.7873611368013318,0.5144392856754266,5,0.7863383637807784,Unilateral,5.0,"Unilateral pulmonary infection, five infected areas, left lung and middle right lung."
Train,Jun_coronacases_case4_79.png,Jun_coronacases_case4_79.png,512,512,1391,0.005306243896484375,0.0307159423828125,0.7876860049437184,0.5081042373322491,5,0.7455068296189792,Unilateral,4.0,"Unilateral pulmonary infection, four infected areas, left lung and middle right lung."
Train,Jun_coronacases_case4_80.png,Jun_coronacases_case4_80.png,512,512,2110,0.00804901123046875,0.214080810546875,0.7891125105498928,0.4738297734207622,4,0.5284360189573459,Bilateral,4.0,"Bilateral pulmonary infection, four infected areas, upper left lung and middle right lung."
Train,Jun_coronacases_case4_81.png,Jun_coronacases_case4_81.png,512,512,2393,0.009128570556640625,0.2088623046875,0.7911447527565314,0.4753459822067462,2,0.9828666945257,Unilateral,1.0,"Unilateral pulmonary infection, one infected areas, left lung and middle right lung."
Train,Jun_coronacases_case4_82.png,Jun_coronacases_case4_82.png,512,512,2787,0.010631561279296875,0.209747314453125,0.7679743174383161,0.45564358423965895,3,0.4876210979547901,Bilateral,3.0,"Bilateral pulmonary infection, three infected areas, upper left lung and middle right lung."
Train,Jun_coronacases_case4_83.png,Jun_coronacases_case4_83.png,512,512,3006,0.01146697998046875,0.21154022216796875,0.7696654961440459,0.45721277601353066,2,0.935129740518962,Bilateral,2.0,"Bilateral pulmonary infection, two infected areas, upper left lung and upper right lung."
Train,Jun_coronacases_case4_84.png,Jun_coronacases_case4_84.png,512,512,3046,0.01161956787109375,0.03711700439453125,0.7937251767741339,0.48007074820142037,1,1.0,Unilateral,1.0,"Unilateral pulmonary infection, one infected areas, left lung and middle right lung."
Train,Jun_coronacases_case4_85.png,Jun_coronacases_case4_85.png,512,512,2669,0.010181427001953125,0.0379180908203125,0.7915422342045622,0.47707497622554823,1,1.0,Unilateral,1.0,"Unilateral pulmonary infection, one infected areas, left lung and middle right lung."
Train,Jun_coronacases_case4_86.png,Jun_coronacases_case4_86.png,512,512,2633,0.010044097900390625,0.04010009765625,0.789056257957298,0.48227413165579436,1,1.0,Unilateral,1.0,"Unilateral pulmonary infection, one infected areas, left lung and middle right lung."
Train,Jun_coronacases_case4_87.png,Jun_coronacases_case4_87.png,512,512,2131,0.008129119873046875,0.03737640380859375,0.7840268664693495,0.49848522555400154,2,0.8916001877053027,Unilateral,2.0,"Unilateral pulmonary infection, two infected areas, left lung and middle right lung."
Train,Jun_coronacases_case4_88.png,Jun_coronacases_case4_88.png,512,512,1833,0.006992340087890625,0.039520263671875,0.7844496900165802,0.4981300638543425,2,0.8816148390616476,Unilateral,2.0,"Unilateral pulmonary infection, two infected areas, left lung and middle right lung."
Train,Jun_coronacases_case4_89.png,Jun_coronacases_case4_89.png,512,512,2129,0.008121490478515625,0.042327880859375,0.7906140071089852,0.4718338405708513,2,0.810239549084077,Unilateral,2.0,"Unilateral pulmonary infection, two infected areas, left lung and middle right lung."
Train,Jun_coronacases_case4_90.png,Jun_coronacases_case4_90.png,512,512,2094,0.00798797607421875,0.034912109375,0.7893711788597371,0.4831622172753389,3,0.876313276026743,Unilateral,3.0,"Unilateral pulmonary infection, three infected areas, left lung and middle right lung."
Train,Jun_coronacases_case4_91.png,Jun_coronacases_case4_91.png,512,512,1836,0.0070037841796875,0.03075408935546875,0.7871883913382705,0.4817426209448772,3,0.8572984749455338,Unilateral,3.0,"Unilateral pulmonary infection, three infected areas, left lung and middle right lung."
Train,Jun_coronacases_case4_92.png,Jun_coronacases_case4_92.png,512,512,1219,0.004650115966796875,0.030658721923828125,0.7759335633294752,0.48011186224633134,4,0.5726004922067268,Unilateral,4.0,"Unilateral pulmonary infection, four infected areas, left lung and upper right lung."
Train,Jun_coronacases_case4_93.png,Jun_coronacases_case4_93.png,512,512,1039,0.003963470458984375,0.0259857177734375,0.774862552243332,0.47961968549467066,4,0.6275264677574591,Unilateral,4.0,"Unilateral pulmonary infection, four infected areas, left lung and middle right lung."
Train,Jun_coronacases_case4_94.png,Jun_coronacases_case4_94.png,512,512,1301,0.004962921142578125,0.030223846435546875,0.7737717937880089,0.47258393738972426,4,0.5249807840122982,Unilateral,4.0,"Unilateral pulmonary infection, four infected areas, left lung and upper right lung."
Train,Jun_coronacases_case4_95.png,Jun_coronacases_case4_95.png,512,512,1073,0.004093170166015625,0.03105926513671875,0.7664265925956998,0.48624209606732044,6,0.4473438956197577,Unilateral,6.0,"Unilateral pulmonary infection, six infected areas, left lung and middle right lung."
Train,Jun_coronacases_case4_96.png,Jun_coronacases_case4_96.png,512,512,1129,0.004306793212890625,0.041889190673828125,0.7707130463721943,0.4945009611401254,5,0.5845881310894597,Unilateral,4.0,"Unilateral pulmonary infection, four infected areas, left lung and middle right lung."
Train,Jun_coronacases_case4_97.png,Jun_coronacases_case4_97.png,512,512,1058,0.00403594970703125,0.04339599609375,0.767985232262623,0.4934651282373788,4,0.5935727788279773,Unilateral,4.0,"Unilateral pulmonary infection, four infected areas, left lung and upper right lung."
Train,Jun_coronacases_case4_98.png,Jun_coronacases_case4_98.png,512,512,1319,0.005031585693359375,0.0457305908203125,0.7647271772335383,0.48859584961031677,7,0.47763457164518575,Unilateral,6.0,"Unilateral pulmonary infection, six infected areas, left lung and middle right lung."
Train,Jun_coronacases_case4_99.png,Jun_coronacases_case4_99.png,512,512,1422,0.00542449951171875,0.04433441162109375,0.7633607746317994,0.49397640103379653,6,0.5773558368495078,Unilateral,5.0,"Unilateral pulmonary infection, five infected areas, left lung and middle right lung."
Train,Jun_coronacases_case5_100.png,Jun_coronacases_case5_100.png,512,512,1937,0.007389068603515625,0.011474609375,0.3112829066676635,0.6591002084244707,1,1.0,Unilateral,1.0,"Unilateral pulmonary infection, one infected areas, middle left lung."
Train,Jun_coronacases_case5_101.png,Jun_coronacases_case5_101.png,512,512,2177,0.008304595947265625,0.01226806640625,0.30921652896722274,0.6592826444765458,1,1.0,Unilateral,1.0,"Unilateral pulmonary infection, one infected areas, middle left lung."
Train,Jun_coronacases_case5_102.png,Jun_coronacases_case5_102.png,512,512,2399,0.009151458740234375,0.01922607421875,0.31252258565008745,0.6566866983878639,2,0.9491454772822009,Unilateral,2.0,"Unilateral pulmonary infection, two infected areas, middle left lung."
Train,Jun_coronacases_case5_103.png,Jun_coronacases_case5_103.png,512,512,2155,0.008220672607421875,0.0184478759765625,0.31954359088453105,0.6581535681367229,1,1.0,Unilateral,1.0,"Unilateral pulmonary infection, one infected areas, middle left lung."
Train,Jun_coronacases_case5_104.png,Jun_coronacases_case5_104.png,512,512,2188,0.0083465576171875,0.01815032958984375,0.32307337299699124,0.652247448276849,1,1.0,Unilateral,1.0,"Unilateral pulmonary infection, one infected areas, middle left lung."
Train,Jun_coronacases_case5_105.png,Jun_coronacases_case5_105.png,512,512,2517,0.009601593017578125,0.0214691162109375,0.3239606682387553,0.6515794359607118,1,1.0,Unilateral,1.0,"Unilateral pulmonary infection, one infected areas, middle left lung."
Train,Jun_coronacases_case5_106.png,Jun_coronacases_case5_106.png,512,512,2632,0.010040283203125,0.030864715576171875,0.33468629363724506,0.6424913305456255,1,1.0,Unilateral,1.0,"Unilateral pulmonary infection, one infected areas, middle left lung."
Train,Jun_coronacases_case5_107.png,Jun_coronacases_case5_107.png,512,512,2856,0.010894775390625,0.02985382080078125,0.33968381873297265,0.6381895223842963,1,1.0,Unilateral,1.0,"Unilateral pulmonary infection, one infected areas, middle left lung."
Train,Jun_coronacases_case5_108.png,Jun_coronacases_case5_108.png,512,512,2623,0.010005950927734375,0.028209686279296875,0.3401193566172493,0.6361107857407713,1,1.0,Unilateral,1.0,"Unilateral pulmonary infection, one infected areas, middle left lung."
Train,Jun_coronacases_case5_109.png,Jun_coronacases_case5_109.png,512,512,2747,0.010478973388671875,0.028533935546875,0.3427991539605205,0.6297202356315411,1,1.0,Unilateral,1.0,"Unilateral pulmonary infection, one infected areas, middle left lung."
Train,Jun_coronacases_case5_110.png,Jun_coronacases_case5_110.png,512,512,2916,0.0111236572265625,0.029205322265625,0.341279907870471,0.6328542973646982,1,1.0,Unilateral,1.0,"Unilateral pulmonary infection, one infected areas, middle left lung."
Train,Jun_coronacases_case5_111.png,Jun_coronacases_case5_111.png,512,512,2916,0.0111236572265625,0.02976226806640625,0.3432710814750389,0.6316281854079926,1,1.0,Unilateral,1.0,"Unilateral pulmonary infection, one infected areas, middle left lung."
Train,Jun_coronacases_case5_112.png,Jun_coronacases_case5_112.png,512,512,2713,0.010349273681640625,0.02657318115234375,0.3451764822991136,0.6309167356130481,1,1.0,Unilateral,1.0,"Unilateral pulmonary infection, one infected areas, middle left lung."
Train,Jun_coronacases_case5_113.png,Jun_coronacases_case5_113.png,512,512,2244,0.0085601806640625,0.02532958984375,0.34071461710462514,0.6334447851369689,1,1.0,Unilateral,1.0,"Unilateral pulmonary infection, one infected areas, middle left lung."
Train,Jun_coronacases_case5_114.png,Jun_coronacases_case5_114.png,512,512,2299,0.008769989013671875,0.02435302734375,0.3371167077662457,0.6329451501503675,1,1.0,Unilateral,1.0,"Unilateral pulmonary infection, one infected areas, middle left lung."
Train,Jun_coronacases_case5_115.png,Jun_coronacases_case5_115.png,512,512,2287,0.008724212646484375,0.024890899658203125,0.3401109136384756,0.6302858751541299,1,1.0,Unilateral,1.0,"Unilateral pulmonary infection, one infected areas, middle left lung."
Train,Jun_coronacases_case5_116.png,Jun_coronacases_case5_116.png,512,512,2322,0.00885772705078125,0.038623809814453125,0.3272020712288314,0.6234680272590435,2,0.9138673557278209,Unilateral,2.0,"Unilateral pulmonary infection, two infected areas, middle left lung."
Train,Jun_coronacases_case5_117.png,Jun_coronacases_case5_117.png,512,512,2297,0.008762359619140625,0.0433349609375,0.3239987152475747,0.619810405301904,2,0.8498040922942969,Unilateral,2.0,"Unilateral pulmonary infection, two infected areas, middle left lung."
Train,Jun_coronacases_case5_118.png,Jun_coronacases_case5_118.png,512,512,2017,0.007694244384765625,0.0397186279296875,0.32903781652431824,0.6207034725382196,2,0.8448190381755082,Unilateral,2.0,"Unilateral pulmonary infection, two infected areas, middle left lung."
Train,Jun_coronacases_case5_119.png,Jun_coronacases_case5_119.png,512,512,2399,0.009151458740234375,0.0422515869140625,0.32364757331210253,0.618888822723754,2,0.8170070862859525,Unilateral,2.0,"Unilateral pulmonary infection, two infected areas, middle left lung."
Train,Jun_coronacases_case5_120.png,Jun_coronacases_case5_120.png,512,512,2216,0.008453369140625,0.04010009765625,0.31912633259624007,0.6195018262485252,2,0.8203971119133574,Unilateral,2.0,"Unilateral pulmonary infection, two infected areas, middle left lung."
Train,Jun_coronacases_case5_121.png,Jun_coronacases_case5_121.png,512,512,2020,0.0077056884765625,0.03900146484375,0.3116651489023658,0.6239541958109706,2,0.7945544554455446,Unilateral,2.0,"Unilateral pulmonary infection, two infected areas, middle left lung."
Train,Jun_coronacases_case5_122.png,Jun_coronacases_case5_122.png,512,512,2279,0.008693695068359375,0.0406494140625,0.31535357716030565,0.6252072655205488,2,0.8205353225098727,Unilateral,2.0,"Unilateral pulmonary infection, two infected areas, middle left lung."
Train,Jun_coronacases_case5_123.png,Jun_coronacases_case5_123.png,512,512,2249,0.008579254150390625,0.03955078125,0.32374989014469574,0.6222726517286656,2,0.8372610048910627,Unilateral,2.0,"Unilateral pulmonary infection, two infected areas, middle left lung."
Train,Jun_coronacases_case5_124.png,Jun_coronacases_case5_124.png,512,512,2399,0.009151458740234375,0.038177490234375,0.3206473016725005,0.6223010403062593,2,0.8365985827428095,Unilateral,2.0,"Unilateral pulmonary infection, two infected areas, middle left lung."
Train,Jun_coronacases_case5_125.png,Jun_coronacases_case5_125.png,512,512,2173,0.008289337158203125,0.038730621337890625,0.30545756810815533,0.62391492097914,2,0.7685227795674183,Unilateral,2.0,"Unilateral pulmonary infection, two infected areas, middle left lung."
Train,Jun_coronacases_case5_126.png,Jun_coronacases_case5_126.png,512,512,2165,0.008258819580078125,0.036548614501953125,0.3103103546458287,0.6230124331677687,2,0.7727482678983834,Unilateral,2.0,"Unilateral pulmonary infection, two infected areas, middle left lung."
Train,Jun_coronacases_case5_127.png,Jun_coronacases_case5_127.png,512,512,2291,0.008739471435546875,0.03900146484375,0.311474919727582,0.6200225335077019,2,0.7695329550414666,Unilateral,2.0,"Unilateral pulmonary infection, two infected areas, middle left lung."
Train,Jun_coronacases_case5_128.png,Jun_coronacases_case5_128.png,512,512,1718,0.00655364990234375,0.0357818603515625,0.3221194261747948,0.6267573226046762,2,0.8445867287543656,Unilateral,2.0,"Unilateral pulmonary infection, two infected areas, middle left lung."
Train,Jun_coronacases_case5_129.png,Jun_coronacases_case5_129.png,512,512,1628,0.0062103271484375,0.03680419921875,0.32069651932665627,0.6259814787212047,2,0.8163390663390664,Unilateral,2.0,"Unilateral pulmonary infection, two infected areas, middle left lung."
Train,Jun_coronacases_case5_130.png,Jun_coronacases_case5_130.png,512,512,1543,0.005886077880859375,0.03105926513671875,0.3395309668181409,0.6292098778271418,2,0.9248217757615036,Unilateral,2.0,"Unilateral pulmonary infection, two infected areas, middle left lung."
Train,Jun_coronacases_case5_131.png,Jun_coronacases_case5_131.png,512,512,1338,0.00510406494140625,0.01628875732421875,0.3605492322858254,0.6233754267110124,1,1.0,Unilateral,1.0,"Unilateral pulmonary infection, one infected areas, middle left lung."
Train,Jun_coronacases_case5_132.png,Jun_coronacases_case5_132.png,512,512,1246,0.00475311279296875,0.015594482421875,0.35953642654537576,0.6237085876369942,1,1.0,Unilateral,1.0,"Unilateral pulmonary infection, one infected areas, middle left lung."
Train,Jun_coronacases_case5_133.png,Jun_coronacases_case5_133.png,512,512,1329,0.005069732666015625,0.0157928466796875,0.354063131792808,0.6254088016974935,1,1.0,Unilateral,1.0,"Unilateral pulmonary infection, one infected areas, middle left lung."
Train,Jun_coronacases_case5_134.png,Jun_coronacases_case5_134.png,512,512,1276,0.0048675537109375,0.01513671875,0.3631946702329319,0.6231174352336374,1,1.0,Unilateral,1.0,"Unilateral pulmonary infection, one infected areas, middle left lung."
Train,Jun_coronacases_case5_135.png,Jun_coronacases_case5_135.png,512,512,1480,0.005645751953125,0.01297760009765625,0.3597120114243402,0.6215079071243454,1,1.0,Unilateral,1.0,"Unilateral pulmonary infection, one infected areas, middle left lung."
Train,Jun_coronacases_case5_136.png,Jun_coronacases_case5_136.png,512,512,1427,0.005443572998046875,0.01556396484375,0.3563604896893432,0.6247516103330102,1,1.0,Unilateral,1.0,"Unilateral pulmonary infection, one infected areas, middle left lung."
Train,Jun_coronacases_case5_137.png,Jun_coronacases_case5_137.png,512,512,1377,0.005252838134765625,0.01778411865234375,0.3601777595868383,0.6215190287175245,1,1.0,Unilateral,1.0,"Unilateral pulmonary infection, one infected areas, middle left lung."
Train,Jun_coronacases_case5_138.png,Jun_coronacases_case5_138.png,512,512,1671,0.006374359130859375,0.0214691162109375,0.3641245091529147,0.6171761638916898,1,1.0,Unilateral,1.0,"Unilateral pulmonary infection, one infected areas, middle left lung."
Train,Jun_coronacases_case5_139.png,Jun_coronacases_case5_139.png,512,512,1523,0.005809783935546875,0.016021728515625,0.3552328098960107,0.6220265132289885,1,1.0,Unilateral,1.0,"Unilateral pulmonary infection, one infected areas, middle left lung."
Train,Jun_coronacases_case5_140.png,Jun_coronacases_case5_140.png,512,512,1540,0.0058746337890625,0.014556884765625,0.35111063105192264,0.6268610059216713,1,1.0,Unilateral,1.0,"Unilateral pulmonary infection, one infected areas, middle left lung."
Train,Jun_coronacases_case5_141.png,Jun_coronacases_case5_141.png,512,512,1467,0.005596160888671875,0.015655517578125,0.3515701599574194,0.6240553761353829,1,1.0,Unilateral,1.0,"Unilateral pulmonary infection, one infected areas, middle left lung."
Train,Jun_coronacases_case5_142.png,Jun_coronacases_case5_142.png,512,512,1427,0.005443572998046875,0.0163726806640625,0.36040055019425477,0.6209926809901851,1,1.0,Unilateral,1.0,"Unilateral pulmonary infection, one infected areas, middle left lung."
Train,Jun_coronacases_case5_143.png,Jun_coronacases_case5_143.png,512,512,1548,0.0059051513671875,0.015872955322265625,0.3618392774971303,0.6215620685993416,1,1.0,Unilateral,1.0,"Unilateral pulmonary infection, one infected areas, middle left lung."
Train,Jun_coronacases_case5_144.png,Jun_coronacases_case5_144.png,512,512,1477,0.005634307861328125,0.01462554931640625,0.35889245005279913,0.6244357380685184,1,1.0,Unilateral,1.0,"Unilateral pulmonary infection, one infected areas, middle left lung."
Train,Jun_coronacases_case5_145.png,Jun_coronacases_case5_145.png,512,512,1553,0.005924224853515625,0.01462554931640625,0.35611271914846965,0.6259647699106458,1,1.0,Unilateral,1.0,"Unilateral pulmonary infection, one infected areas, middle left lung."
Train,Jun_coronacases_case5_146.png,Jun_coronacases_case5_146.png,512,512,1518,0.00579071044921875,0.015438079833984375,0.357285954069754,0.6302207817991022,1,1.0,Unilateral,1.0,"Unilateral pulmonary infection, one infected areas, middle left lung."
Train,Jun_coronacases_case5_147.png,Jun_coronacases_case5_147.png,512,512,1487,0.005672454833984375,0.01421356201171875,0.3546483088265292,0.6288051567597588,1,1.0,Unilateral,1.0,"Unilateral pulmonary infection, one infected areas, middle left lung."
Train,Jun_coronacases_case5_148.png,Jun_coronacases_case5_148.png,512,512,1496,0.005706787109375,0.0136871337890625,0.35807423841267516,0.6261432966710968,1,1.0,Unilateral,1.0,"Unilateral pulmonary infection, one infected areas, middle left lung."
Train,Jun_coronacases_case5_149.png,Jun_coronacases_case5_149.png,512,512,1637,0.006244659423828125,0.01334381103515625,0.35105384653087185,0.6292655052498066,1,1.0,Unilateral,1.0,"Unilateral pulmonary infection, one infected areas, middle left lung."
Train,Jun_coronacases_case5_150.png,Jun_coronacases_case5_150.png,512,512,1551,0.005916595458984375,0.012939453125,0.34705972158609877,0.6354160752295407,1,1.0,Unilateral,1.0,"Unilateral pulmonary infection, one infected areas, middle left lung."
Train,Jun_coronacases_case5_151.png,Jun_coronacases_case5_151.png,512,512,1323,0.005046844482421875,0.0125885009765625,0.3510730667566005,0.6331249177209478,1,1.0,Unilateral,1.0,"Unilateral pulmonary infection, one infected areas, middle left lung."
Train,Jun_coronacases_case5_152.png,Jun_coronacases_case5_152.png,512,512,1074,0.00409698486328125,0.010040283203125,0.3554355391808518,0.635617896044926,1,1.0,Unilateral,1.0,"Unilateral pulmonary infection, one infected areas, middle left lung."
Train,Jun_coronacases_case5_153.png,Jun_coronacases_case5_153.png,512,512,1139,0.004344940185546875,0.01049041748046875,0.3555252401512639,0.6323791426200412,1,1.0,Unilateral,1.0,"Unilateral pulmonary infection, one infected areas, middle left lung."
Train,Jun_coronacases_case5_154.png,Jun_coronacases_case5_154.png,512,512,1221,0.004657745361328125,0.01239013671875,0.3588024957887972,0.6310152885495351,1,1.0,Unilateral,1.0,"Unilateral pulmonary infection, one infected areas, middle left lung."
Train,Jun_coronacases_case5_155.png,Jun_coronacases_case5_155.png,512,512,886,0.00337982177734375,0.006317138671875,0.35400423195345737,0.6343866097105221,1,1.0,Unilateral,1.0,"Unilateral pulmonary infection, one infected areas, middle left lung."
Train,Jun_coronacases_case5_156.png,Jun_coronacases_case5_156.png,512,512,826,0.00315093994140625,0.0050048828125,0.3501632368758973,0.636545632880503,1,1.0,Unilateral,1.0,"Unilateral pulmonary infection, one infected areas, middle left lung."
Train,Jun_coronacases_case5_157.png,Jun_coronacases_case5_157.png,512,512,857,0.003269195556640625,0.006351470947265625,0.35544280211085405,0.6357201086025753,1,1.0,Unilateral,1.0,"Unilateral pulmonary infection, one infected areas, middle left lung."
Train,Jun_coronacases_case5_158.png,Jun_coronacases_case5_158.png,512,512,830,0.00316619873046875,0.006168365478515625,0.34999410558083605,0.6398226958715488,1,1.0,Unilateral,1.0,"Unilateral pulmonary infection, one infected areas, middle left lung."
Train,Jun_coronacases_case5_159.png,Jun_coronacases_case5_159.png,512,512,669,0.002552032470703125,0.00446319580078125,0.3466750911925677,0.6411122714335442,1,1.0,Unilateral,1.0,"Unilateral pulmonary infection, one infected areas, middle left lung."
Train,Jun_coronacases_case5_160.png,Jun_coronacases_case5_160.png,512,512,597,0.002277374267578125,0.00400543212890625,0.3441604631113821,0.6452516988071473,1,1.0,Unilateral,1.0,"Unilateral pulmonary infection, one infected areas, middle left lung."
Train,Jun_coronacases_case5_161.png,Jun_coronacases_case5_161.png,512,512,510,0.00194549560546875,0.003284454345703125,0.3555466022025249,0.6390698745251525,1,1.0,Unilateral,1.0,"Unilateral pulmonary infection, one infected areas, middle left lung."
Train,Jun_coronacases_case5_162.png,Jun_coronacases_case5_162.png,512,512,442,0.00168609619140625,0.002971649169921875,0.35207338994607323,0.6414270660846003,1,1.0,Unilateral,1.0,"Unilateral pulmonary infection, one infected areas, middle left lung."
Train,Jun_coronacases_case5_163.png,Jun_coronacases_case5_163.png,512,512,421,0.001605987548828125,0.003070831298828125,0.3628905178705068,0.6350130850505041,1,1.0,Unilateral,1.0,"Unilateral pulmonary infection, one infected areas, middle left lung."
Train,Jun_coronacases_case5_164.png,Jun_coronacases_case5_164.png,512,512,389,0.001483917236328125,0.0026092529296875,0.3542476820992157,0.6358418142761559,1,1.0,Unilateral,1.0,"Unilateral pulmonary infection, one infected areas, middle left lung."
Train,Jun_coronacases_case5_165.png,Jun_coronacases_case5_165.png,512,512,384,0.00146484375,0.00275421142578125,0.35733141715590344,0.6368334148727984,1,1.0,Unilateral,1.0,"Unilateral pulmonary infection, one infected areas, middle left lung."
Train,Jun_coronacases_case5_166.png,Jun_coronacases_case5_166.png,512,512,323,0.001232147216796875,0.00246429443359375,0.35581298128479943,0.6356624841717509,1,1.0,Unilateral,1.0,"Unilateral pulmonary infection, one infected areas, middle left lung."
Train,Jun_coronacases_case5_167.png,Jun_coronacases_case5_167.png,512,512,249,0.000949859619140625,0.00128173828125,0.3515824550648779,0.6449752041433837,1,1.0,Unilateral,1.0,"Unilateral pulmonary infection, one infected areas, middle left lung."
Train,Jun_coronacases_case5_168.png,Jun_coronacases_case5_168.png,512,512,283,0.001079559326171875,0.001956939697265625,0.35146909337334814,0.6464978943801732,1,1.0,Unilateral,1.0,"Unilateral pulmonary infection, one infected areas, middle left lung."
Train,Jun_coronacases_case5_169.png,Jun_coronacases_case5_169.png,512,512,195,0.000743865966796875,0.00112152099609375,0.3498620101359827,0.6466154849716494,1,1.0,Unilateral,1.0,"Unilateral pulmonary infection, one infected areas, middle left lung."
Train,Jun_coronacases_case5_170.png,Jun_coronacases_case5_170.png,512,512,130,0.00049591064453125,0.0008697509765625,0.3558783682071353,0.6444528074665061,1,1.0,Unilateral,1.0,"Unilateral pulmonary infection, one infected areas, middle left lung."
Train,Jun_coronacases_case5_176.png,Jun_coronacases_case5_176.png,512,512,126,0.00048065185546875,0.0006103515625,0.41670549498338144,0.5971795110738359,1,1.0,Unilateral,1.0,"Unilateral pulmonary infection, one infected areas, middle left lung."
Train,Jun_coronacases_case5_177.png,Jun_coronacases_case5_177.png,512,512,127,0.000484466552734375,0.0005950927734375,0.4210364115444473,0.5961138419341417,1,1.0,Unilateral,1.0,"Unilateral pulmonary infection, one infected areas, middle left lung."
Train,Jun_coronacases_case5_178.png,Jun_coronacases_case5_178.png,512,512,72,0.000274658203125,0.000377655029296875,0.4191943900848011,0.5955642530984996,1,1.0,Unilateral,1.0,"Unilateral pulmonary infection, one infected areas, middle left lung."
Train,Jun_coronacases_case5_179.png,Jun_coronacases_case5_179.png,512,512,70,0.00026702880859375,0.000308990478515625,0.4221135029354207,0.5962818003913894,1,1.0,Unilateral,1.0,"Unilateral pulmonary infection, one infected areas, middle left lung."
Train,Jun_coronacases_case5_180.png,Jun_coronacases_case5_180.png,512,512,53,0.000202178955078125,0.000308990478515625,0.4263929402208027,0.5968688845401174,1,1.0,Unilateral,1.0,"Unilateral pulmonary infection, one infected areas, middle left lung."
Train,Jun_coronacases_case5_60.png,Jun_coronacases_case5_60.png,512,512,161,0.000614166259765625,0.000972747802734375,0.3224951684068505,0.6489042311385542,1,1.0,Unilateral,1.0,"Unilateral pulmonary infection, one infected areas, middle left lung."
Train,Jun_coronacases_case5_61.png,Jun_coronacases_case5_61.png,512,512,394,0.00150299072265625,0.00238037109375,0.3229161492842739,0.6595160280926222,1,1.0,Unilateral,1.0,"Unilateral pulmonary infection, one infected areas, middle left lung."
Train,Jun_coronacases_case5_62.png,Jun_coronacases_case5_62.png,512,512,546,0.00208282470703125,0.0030517578125,0.3244231306853616,0.6572295936288108,1,1.0,Unilateral,1.0,"Unilateral pulmonary infection, one infected areas, middle left lung."
Train,Jun_coronacases_case5_63.png,Jun_coronacases_case5_63.png,512,512,469,0.001789093017578125,0.002777099609375,0.3220075190166028,0.6571336774333533,1,1.0,Unilateral,1.0,"Unilateral pulmonary infection, one infected areas, middle left lung."
Train,Jun_coronacases_case5_64.png,Jun_coronacases_case5_64.png,512,512,500,0.0019073486328125,0.002956390380859375,0.3254481409001957,0.6595538160469667,1,1.0,Unilateral,1.0,"Unilateral pulmonary infection, one infected areas, middle left lung."
Train,Jun_coronacases_case5_65.png,Jun_coronacases_case5_65.png,512,512,743,0.002834320068359375,0.0037384033203125,0.3274554682582117,0.6511102975455194,1,1.0,Unilateral,1.0,"Unilateral pulmonary infection, one infected areas, middle left lung."
Train,Jun_coronacases_case5_66.png,Jun_coronacases_case5_66.png,512,512,836,0.0031890869140625,0.0048675537109375,0.3317587243326248,0.649975655202764,1,1.0,Unilateral,1.0,"Unilateral pulmonary infection, one infected areas, middle left lung."
Train,Jun_coronacases_case5_67.png,Jun_coronacases_case5_67.png,512,512,778,0.00296783447265625,0.004535675048828125,0.3323238370250378,0.6498196489568818,1,1.0,Unilateral,1.0,"Unilateral pulmonary infection, one infected areas, middle left lung."
Train,Jun_coronacases_case5_68.png,Jun_coronacases_case5_68.png,512,512,976,0.00372314453125,0.005161285400390625,0.33043734560970134,0.6513566295595264,1,1.0,Unilateral,1.0,"Unilateral pulmonary infection, one infected areas, middle left lung."
Train,Jun_coronacases_case5_69.png,Jun_coronacases_case5_69.png,512,512,1022,0.00389862060546875,0.005767822265625,0.32790736861455033,0.6525499672565592,1,1.0,Unilateral,1.0,"Unilateral pulmonary infection, one infected areas, middle left lung."
Train,Jun_coronacases_case5_70.png,Jun_coronacases_case5_70.png,512,512,911,0.003475189208984375,0.00579833984375,0.3284449036670741,0.6509137074374733,1,1.0,Unilateral,1.0,"Unilateral pulmonary infection, one infected areas, middle left lung."
Train,Jun_coronacases_case5_71.png,Jun_coronacases_case5_71.png,512,512,979,0.003734588623046875,0.007350921630859375,0.32548089128049107,0.6567086907243902,1,1.0,Unilateral,1.0,"Unilateral pulmonary infection, one infected areas, middle left lung."
Train,Jun_coronacases_case5_72.png,Jun_coronacases_case5_72.png,512,512,1186,0.00452423095703125,0.00844573974609375,0.3183883731597931,0.6603855152909185,1,1.0,Unilateral,1.0,"Unilateral pulmonary infection, one infected areas, middle left lung."
Train,Jun_coronacases_case5_73.png,Jun_coronacases_case5_73.png,512,512,1317,0.005023956298828125,0.00875091552734375,0.3083922869238187,0.6629310818782532,1,1.0,Unilateral,1.0,"Unilateral pulmonary infection, one infected areas, middle left lung."
Train,Jun_coronacases_case5_74.png,Jun_coronacases_case5_74.png,512,512,1596,0.0060882568359375,0.010040283203125,0.3115739446463517,0.6607357434682597,1,1.0,Unilateral,1.0,"Unilateral pulmonary infection, one infected areas, middle left lung."
Train,Jun_coronacases_case5_75.png,Jun_coronacases_case5_75.png,512,512,1698,0.00647735595703125,0.01064300537109375,0.30979118981926473,0.660652915021471,1,1.0,Unilateral,1.0,"Unilateral pulmonary infection, one infected areas, middle left lung."
Train,Jun_coronacases_case5_76.png,Jun_coronacases_case5_76.png,512,512,1756,0.0066986083984375,0.010498046875,0.31114234004520147,0.6605855685176683,1,1.0,Unilateral,1.0,"Unilateral pulmonary infection, one infected areas, middle left lung."
Train,Jun_coronacases_case5_77.png,Jun_coronacases_case5_77.png,512,512,1747,0.006664276123046875,0.010128021240234375,0.30979470537695597,0.6561721127748211,1,1.0,Unilateral,1.0,"Unilateral pulmonary infection, one infected areas, middle left lung."
Train,Jun_coronacases_case5_78.png,Jun_coronacases_case5_78.png,512,512,1856,0.007080078125,0.0109100341796875,0.31140027161077,0.655722805182536,1,1.0,Unilateral,1.0,"Unilateral pulmonary infection, one infected areas, middle left lung."
Train,Jun_coronacases_case5_79.png,Jun_coronacases_case5_79.png,512,512,1777,0.006778717041015625,0.010814666748046875,0.3065447052850789,0.6532811627591963,1,1.0,Unilateral,1.0,"Unilateral pulmonary infection, one infected areas, middle left lung."
Train,Jun_coronacases_case5_80.png,Jun_coronacases_case5_80.png,512,512,1889,0.007205963134765625,0.011157989501953125,0.3007658925554166,0.6547547393033517,1,1.0,Unilateral,1.0,"Unilateral pulmonary infection, one infected areas, middle left lung."
Train,Jun_coronacases_case5_81.png,Jun_coronacases_case5_81.png,512,512,1818,0.00693511962890625,0.009613037109375,0.30353563732107064,0.6572500694296436,1,1.0,Unilateral,1.0,"Unilateral pulmonary infection, one infected areas, middle left lung."
Train,Jun_coronacases_case5_82.png,Jun_coronacases_case5_82.png,512,512,1898,0.00724029541015625,0.0107421875,0.30927394991947443,0.6520954181866173,1,1.0,Unilateral,1.0,"Unilateral pulmonary infection, one infected areas, middle left lung."
Train,Jun_coronacases_case5_83.png,Jun_coronacases_case5_83.png,512,512,1994,0.00760650634765625,0.01132965087890625,0.3051905226442537,0.6560307144525553,1,1.0,Unilateral,1.0,"Unilateral pulmonary infection, one infected areas, middle left lung."
Train,Jun_coronacases_case5_84.png,Jun_coronacases_case5_84.png,512,512,1986,0.00757598876953125,0.0112457275390625,0.30412890231621353,0.6557172221204005,1,1.0,Unilateral,1.0,"Unilateral pulmonary infection, one infected areas, middle left lung."
Train,Jun_coronacases_case5_85.png,Jun_coronacases_case5_85.png,512,512,1863,0.007106781005859375,0.01064300537109375,0.30272491499412285,0.6552789778916442,1,1.0,Unilateral,1.0,"Unilateral pulmonary infection, one infected areas, middle left lung."
Train,Jun_coronacases_case5_86.png,Jun_coronacases_case5_86.png,512,512,2048,0.0078125,0.01116943359375,0.30435114970645794,0.6566838154354208,1,1.0,Unilateral,1.0,"Unilateral pulmonary infection, one infected areas, middle left lung."
Train,Jun_coronacases_case5_87.png,Jun_coronacases_case5_87.png,512,512,1946,0.00742340087890625,0.010700225830078125,0.3081648743068726,0.6575091059386207,1,1.0,Unilateral,1.0,"Unilateral pulmonary infection, one infected areas, middle left lung."
Train,Jun_coronacases_case5_88.png,Jun_coronacases_case5_88.png,512,512,1981,0.007556915283203125,0.010219573974609375,0.30809421401553505,0.654936179418764,1,1.0,Unilateral,1.0,"Unilateral pulmonary infection, one infected areas, middle left lung."
Train,Jun_coronacases_case5_89.png,Jun_coronacases_case5_89.png,512,512,2162,0.00824737548828125,0.01158905029296875,0.3088536924026641,0.6550097666326932,1,1.0,Unilateral,1.0,"Unilateral pulmonary infection, one infected areas, middle left lung."
Train,Jun_coronacases_case5_90.png,Jun_coronacases_case5_90.png,512,512,2063,0.007869720458984375,0.0117034912109375,0.3053994856729271,0.6553932723894011,1,1.0,Unilateral,1.0,"Unilateral pulmonary infection, one infected areas, middle left lung."
Train,Jun_coronacases_case5_91.png,Jun_coronacases_case5_91.png,512,512,2131,0.008129119873046875,0.01039886474609375,0.30506978798667694,0.6538278933385739,1,1.0,Unilateral,1.0,"Unilateral pulmonary infection, one infected areas, middle left lung."
Train,Jun_coronacases_case5_92.png,Jun_coronacases_case5_92.png,512,512,2146,0.00818634033203125,0.01190185546875,0.3044584837215919,0.6532929785173527,1,1.0,Unilateral,1.0,"Unilateral pulmonary infection, one infected areas, middle left lung."
Train,Jun_coronacases_case5_93.png,Jun_coronacases_case5_93.png,512,512,2085,0.007953643798828125,0.011505126953125,0.3100677188190739,0.6554937654573015,1,1.0,Unilateral,1.0,"Unilateral pulmonary infection, one infected areas, middle left lung."
Train,Jun_coronacases_case5_94.png,Jun_coronacases_case5_94.png,512,512,2070,0.00789642333984375,0.013458251953125,0.3130075536269699,0.6550403206746268,1,1.0,Unilateral,1.0,"Unilateral pulmonary infection, one infected areas, middle left lung."
Train,Jun_coronacases_case5_95.png,Jun_coronacases_case5_95.png,512,512,2164,0.0082550048828125,0.01216888427734375,0.31216110630817034,0.6532812324788119,1,1.0,Unilateral,1.0,"Unilateral pulmonary infection, one infected areas, middle left lung."
Train,Jun_coronacases_case5_96.png,Jun_coronacases_case5_96.png,512,512,2210,0.00843048095703125,0.012256622314453125,0.31117319425135703,0.6569250250152747,1,1.0,Unilateral,1.0,"Unilateral pulmonary infection, one infected areas, middle left lung."
Train,Jun_coronacases_case5_97.png,Jun_coronacases_case5_97.png,512,512,2307,0.008800506591796875,0.0128936767578125,0.3124982504536097,0.6570210463008439,1,1.0,Unilateral,1.0,"Unilateral pulmonary infection, one infected areas, middle left lung."
Train,Jun_coronacases_case5_98.png,Jun_coronacases_case5_98.png,512,512,2207,0.008419036865234375,0.012798309326171875,0.3127400186384365,0.6577736556074473,1,1.0,Unilateral,1.0,"Unilateral pulmonary infection, one infected areas, middle left lung."
Train,Jun_coronacases_case5_99.png,Jun_coronacases_case5_99.png,512,512,2245,0.008563995361328125,0.012451171875,0.31459429303649333,0.6592349164701728,1,1.0,Unilateral,1.0,"Unilateral pulmonary infection, one infected areas, middle left lung."
Train,Jun_coronacases_case6_100.png,Jun_coronacases_case6_100.png,512,512,1803,0.006877899169921875,0.04154205322265625,0.26034560793980027,0.4731372912942443,2,0.6267332224070993,Unilateral,2.0,"Unilateral pulmonary infection, two infected areas, middle left lung."
Train,Jun_coronacases_case6_101.png,Jun_coronacases_case6_101.png,512,512,1706,0.00650787353515625,0.04241180419921875,0.2633711339969671,0.4733793242682096,2,0.6066822977725674,Unilateral,2.0,"Unilateral pulmonary infection, two infected areas, middle left lung."
Train,Jun_coronacases_case6_102.png,Jun_coronacases_case6_102.png,512,512,1494,0.00569915771484375,0.041164398193359375,0.25370627978319016,0.46533033634865617,2,0.6800535475234271,Unilateral,2.0,"Unilateral pulmonary infection, two infected areas, middle left lung."
Train,Jun_coronacases_case6_103.png,Jun_coronacases_case6_103.png,512,512,1484,0.0056610107421875,0.04007720947265625,0.24613226008935493,0.45550450730822184,2,0.7661725067385444,Unilateral,2.0,"Unilateral pulmonary infection, two infected areas, middle left lung."
Train,Jun_coronacases_case6_104.png,Jun_coronacases_case6_104.png,512,512,1363,0.005199432373046875,0.03549957275390625,0.23637997797537091,0.44616672385795697,2,0.8422597212032281,Unilateral,2.0,"Unilateral pulmonary infection, two infected areas, middle left lung."
Train,Jun_coronacases_case6_105.png,Jun_coronacases_case6_105.png,512,512,1462,0.00557708740234375,0.03693389892578125,0.23608117984371194,0.4436996206574379,2,0.8618331053351573,Unilateral,2.0,"Unilateral pulmonary infection, two infected areas, middle left lung."
Train,Jun_coronacases_case6_106.png,Jun_coronacases_case6_106.png,512,512,1415,0.005397796630859375,0.01041412353515625,0.22566297635758886,0.4420266504394488,1,1.0,Unilateral,1.0,"Unilateral pulmonary infection, one infected areas, middle left lung."
Train,Jun_coronacases_case6_107.png,Jun_coronacases_case6_107.png,512,512,1480,0.005645751953125,0.0119171142578125,0.2243851483577511,0.4384526894800867,1,1.0,Unilateral,1.0,"Unilateral pulmonary infection, one infected areas, middle left lung."
Train,Jun_coronacases_case6_108.png,Jun_coronacases_case6_108.png,512,512,1514,0.00577545166015625,0.0112152099609375,0.22687790666111723,0.43960866227021383,1,1.0,Unilateral,1.0,"Unilateral pulmonary infection, one infected areas, middle left lung."
Train,Jun_coronacases_case6_109.png,Jun_coronacases_case6_109.png,512,512,1430,0.00545501708984375,0.010860443115234375,0.22379127721593475,0.43437658232178783,1,1.0,Unilateral,1.0,"Unilateral pulmonary infection, one infected areas, middle left lung."
Train,Jun_coronacases_case6_110.png,Jun_coronacases_case6_110.png,512,512,1166,0.00444793701171875,0.00811767578125,0.22652250824905257,0.4418907533407404,1,1.0,Unilateral,1.0,"Unilateral pulmonary infection, one infected areas, middle left lung."
Train,Jun_coronacases_case6_111.png,Jun_coronacases_case6_111.png,512,512,986,0.00376129150390625,0.0056304931640625,0.227039611309805,0.4390031874818893,1,1.0,Unilateral,1.0,"Unilateral pulmonary infection, one infected areas, middle left lung."
Train,Jun_coronacases_case6_112.png,Jun_coronacases_case6_112.png,512,512,760,0.002899169921875,0.0042572021484375,0.2267355031414152,0.4407637243794418,1,1.0,Unilateral,1.0,"Unilateral pulmonary infection, one infected areas, middle left lung."
Train,Jun_coronacases_case6_113.png,Jun_coronacases_case6_113.png,512,512,593,0.002262115478515625,0.003570556640625,0.22455061166974125,0.4486260118868865,1,1.0,Unilateral,1.0,"Unilateral pulmonary infection, one infected areas, middle left lung."
Train,Jun_coronacases_case6_114.png,Jun_coronacases_case6_114.png,512,512,344,0.001312255859375,0.00185394287109375,0.22844513721385337,0.4534826832931325,1,1.0,Unilateral,1.0,"Unilateral pulmonary infection, one infected areas, middle left lung."
Train,Jun_coronacases_case6_115.png,Jun_coronacases_case6_115.png,512,512,256,0.0009765625,0.00128173828125,0.2262185053816047,0.45330081947162426,1,1.0,Unilateral,1.0,"Unilateral pulmonary infection, one infected areas, middle left lung."
Train,Jun_coronacases_case6_46.png,Jun_coronacases_case6_46.png,512,512,44,0.0001678466796875,0.000244140625,0.2788649706457926,0.5626223091976517,1,1.0,Unknown,,"No pulmonary infection, zero infected areas."
Train,Jun_coronacases_case6_47.png,Jun_coronacases_case6_47.png,512,512,80,0.00030517578125,0.000457763671875,0.27659001956947166,0.5612769080234834,1,1.0,Unilateral,1.0,"Unilateral pulmonary infection, one infected areas, middle left lung."
Train,Jun_coronacases_case6_48.png,Jun_coronacases_case6_48.png,512,512,110,0.00041961669921875,0.000713348388671875,0.2790072940757872,0.5611634940402064,1,1.0,Unilateral,1.0,"Unilateral pulmonary infection, one infected areas, middle left lung."
Train,Jun_coronacases_case6_49.png,Jun_coronacases_case6_49.png,512,512,139,0.000530242919921875,0.0008697509765625,0.2839544411437582,0.5630094750031678,1,1.0,Unilateral,1.0,"Unilateral pulmonary infection, one infected areas, middle left lung."
Train,Jun_coronacases_case6_50.png,Jun_coronacases_case6_50.png,512,512,185,0.000705718994140625,0.0010528564453125,0.28789337282487965,0.5630084095837521,1,1.0,Unilateral,1.0,"Unilateral pulmonary infection, one infected areas, middle left lung."
Train,Jun_coronacases_case6_51.png,Jun_coronacases_case6_51.png,512,512,368,0.00140380859375,0.0026092529296875,0.300168042201991,0.5643665447119884,1,1.0,Unilateral,1.0,"Unilateral pulmonary infection, one infected areas, middle left lung."
Train,Jun_coronacases_case6_52.png,Jun_coronacases_case6_52.png,512,512,577,0.002201080322265625,0.0043487548828125,0.3067624903763647,0.5654118915912321,1,1.0,Unilateral,1.0,"Unilateral pulmonary infection, one infected areas, middle left lung."
Train,Jun_coronacases_case6_53.png,Jun_coronacases_case6_53.png,512,512,409,0.001560211181640625,0.0030517578125,0.3129345116483811,0.5669931435078637,1,1.0,Unilateral,1.0,"Unilateral pulmonary infection, one infected areas, middle left lung."
Train,Jun_coronacases_case6_54.png,Jun_coronacases_case6_54.png,512,512,350,0.00133514404296875,0.002593994140625,0.29719317864131956,0.5634610008386917,1,1.0,Unilateral,1.0,"Unilateral pulmonary infection, one infected areas, middle left lung."
Train,Jun_coronacases_case6_55.png,Jun_coronacases_case6_55.png,512,512,417,0.001590728759765625,0.00324249267578125,0.3030874713145335,0.5648866425450637,1,1.0,Unilateral,1.0,"Unilateral pulmonary infection, one infected areas, middle left lung."
Train,Jun_coronacases_case6_56.png,Jun_coronacases_case6_56.png,512,512,384,0.00146484375,0.003177642822265625,0.3114348907371167,0.5672904435746902,1,1.0,Unilateral,1.0,"Unilateral pulmonary infection, one infected areas, middle left lung."
Train,Jun_coronacases_case6_57.png,Jun_coronacases_case6_57.png,512,512,704,0.002685546875,0.008514404296875,0.2954462061910692,0.557287960327344,1,1.0,Unilateral,1.0,"Unilateral pulmonary infection, one infected areas, middle left lung."
Train,Jun_coronacases_case6_58.png,Jun_coronacases_case6_58.png,512,512,704,0.002685546875,0.0075836181640625,0.29518490926881336,0.5592004314178971,1,1.0,Unilateral,1.0,"Unilateral pulmonary infection, one infected areas, middle left lung."
Train,Jun_coronacases_case6_59.png,Jun_coronacases_case6_59.png,512,512,711,0.002712249755859375,0.01348876953125,0.29075115393825296,0.5468414982893914,2,0.8045007032348804,Unilateral,2.0,"Unilateral pulmonary infection, two infected areas, middle left lung."
Train,Jun_coronacases_case6_60.png,Jun_coronacases_case6_60.png,512,512,714,0.00272369384765625,0.012298583984375,0.3045190679011331,0.5467776151556513,2,0.7605042016806722,Unilateral,2.0,"Unilateral pulmonary infection, two infected areas, middle left lung."
Train,Jun_coronacases_case6_61.png,Jun_coronacases_case6_61.png,512,512,1196,0.0045623779296875,0.03925323486328125,0.28713781751304085,0.5222987256936036,3,0.5025083612040134,Unilateral,3.0,"Unilateral pulmonary infection, three infected areas, middle left lung."
Train,Jun_coronacases_case6_62.png,Jun_coronacases_case6_62.png,512,512,1761,0.006717681884765625,0.0429229736328125,0.2857976309937758,0.5221015012151742,3,0.4997160704145372,Unilateral,3.0,"Unilateral pulmonary infection, three infected areas, middle left lung."
Train,Jun_coronacases_case6_63.png,Jun_coronacases_case6_63.png,512,512,2219,0.008464813232421875,0.04044342041015625,0.27490742202416596,0.5144910217662969,3,0.459215863001352,Unilateral,3.0,"Unilateral pulmonary infection, three infected areas, middle left lung."
Train,Jun_coronacases_case6_64.png,Jun_coronacases_case6_64.png,512,512,2105,0.008029937744140625,0.04085540771484375,0.27111387945019544,0.5175674356554844,3,0.5672209026128266,Unilateral,3.0,"Unilateral pulmonary infection, three infected areas, middle left lung."
Train,Jun_coronacases_case6_65.png,Jun_coronacases_case6_65.png,512,512,2331,0.008892059326171875,0.041259765625,0.26878430009545473,0.5079415451235412,3,0.646932646932647,Unilateral,3.0,"Unilateral pulmonary infection, three infected areas, middle left lung."
Train,Jun_coronacases_case6_66.png,Jun_coronacases_case6_66.png,512,512,2904,0.011077880859375,0.0428466796875,0.26649523162599126,0.5112692931808748,2,0.9738292011019284,Unilateral,2.0,"Unilateral pulmonary infection, two infected areas, middle left lung."
Train,Jun_coronacases_case6_67.png,Jun_coronacases_case6_67.png,512,512,2936,0.011199951171875,0.041656494140625,0.26729392066632185,0.5118389971045714,2,0.9730926430517711,Unilateral,2.0,"Unilateral pulmonary infection, two infected areas, middle left lung."
Train,Jun_coronacases_case6_68.png,Jun_coronacases_case6_68.png,512,512,3350,0.01277923583984375,0.0416107177734375,0.2705844554137337,0.5081333060723778,2,0.9582089552238806,Unilateral,2.0,"Unilateral pulmonary infection, two infected areas, middle left lung."
Train,Jun_coronacases_case6_69.png,Jun_coronacases_case6_69.png,512,512,3678,0.01403045654296875,0.043670654296875,0.27138249431485034,0.502458687557796,2,0.9328439369222403,Unilateral,2.0,"Unilateral pulmonary infection, two infected areas, middle left lung."
Train,Jun_coronacases_case6_70.png,Jun_coronacases_case6_70.png,512,512,3506,0.01337432861328125,0.04164886474609375,0.2755170616097872,0.504023295820528,2,0.9654877353108956,Unilateral,2.0,"Unilateral pulmonary infection, two infected areas, middle left lung."
Train,Jun_coronacases_case6_71.png,Jun_coronacases_case6_71.png,512,512,3920,0.01495361328125,0.046985626220703125,0.27636886457126886,0.5004173489356604,2,0.939795918367347,Unilateral,2.0,"Unilateral pulmonary infection, two infected areas, middle left lung."
Train,Jun_coronacases_case6_72.png,Jun_coronacases_case6_72.png,512,512,4539,0.017314910888671875,0.0432586669921875,0.2659206209804223,0.4908013998272851,2,0.8539325842696629,Unilateral,2.0,"Unilateral pulmonary infection, two infected areas, middle left lung."
Train,Jun_coronacases_case6_73.png,Jun_coronacases_case6_73.png,512,512,3968,0.01513671875,0.0449066162109375,0.2675202993813522,0.4901240254718768,2,0.9037298387096774,Unilateral,2.0,"Unilateral pulmonary infection, two infected areas, middle left lung."
Train,Jun_coronacases_case6_74.png,Jun_coronacases_case6_74.png,512,512,3697,0.014102935791015625,0.02655029296875,0.27806117722784696,0.5049654159743422,1,1.0,Unilateral,1.0,"Unilateral pulmonary infection, one infected areas, middle left lung."
Train,Jun_coronacases_case6_75.png,Jun_coronacases_case6_75.png,512,512,3760,0.01434326171875,0.028209686279296875,0.27746231835782986,0.5037551526002415,1,1.0,Unilateral,1.0,"Unilateral pulmonary infection, one infected areas, middle left lung."
Train,Jun_coronacases_case6_76.png,Jun_coronacases_case6_76.png,512,512,3743,0.014278411865234375,0.0294036865234375,0.27906076992773987,0.5033097659662682,1,1.0,Unilateral,1.0,"Unilateral pulmonary infection, one infected areas, middle left lung."
Train,Jun_coronacases_case6_77.png,Jun_coronacases_case6_77.png,512,512,3828,0.0146026611328125,0.029972076416015625,0.28212297071531833,0.5063708138814421,1,1.0,Unilateral,1.0,"Unilateral pulmonary infection, one infected areas, middle left lung."
Train,Jun_coronacases_case6_78.png,Jun_coronacases_case6_78.png,512,512,3970,0.01514434814453125,0.030590057373046875,0.28281977847555295,0.5057584525822337,1,1.0,Unilateral,1.0,"Unilateral pulmonary infection, one infected areas, middle left lung."
Train,Jun_coronacases_case6_79.png,Jun_coronacases_case6_79.png,512,512,3912,0.014923095703125,0.03021240234375,0.2848028445767752,0.5071459586439837,1,1.0,Unilateral,1.0,"Unilateral pulmonary infection, one infected areas, middle left lung."
Train,Jun_coronacases_case6_80.png,Jun_coronacases_case6_80.png,512,512,4012,0.0153045654296875,0.031040191650390625,0.28724735773111193,0.5090140537292233,1,1.0,Unilateral,1.0,"Unilateral pulmonary infection, one infected areas, middle left lung."
Train,Jun_coronacases_case6_81.png,Jun_coronacases_case6_81.png,512,512,4117,0.015705108642578125,0.03064727783203125,0.2854523770704924,0.504365698618729,1,1.0,Unilateral,1.0,"Unilateral pulmonary infection, one infected areas, middle left lung."
Train,Jun_coronacases_case6_82.png,Jun_coronacases_case6_82.png,512,512,3884,0.0148162841796875,0.027904510498046875,0.28397701645165774,0.5088369969829558,1,1.0,Unilateral,1.0,"Unilateral pulmonary infection, one infected areas, middle left lung."
Train,Jun_coronacases_case6_83.png,Jun_coronacases_case6_83.png,512,512,3741,0.014270782470703125,0.0287017822265625,0.28203055892524315,0.5077930019653168,1,1.0,Unilateral,1.0,"Unilateral pulmonary infection, one infected areas, middle left lung."
Train,Jun_coronacases_case6_84.png,Jun_coronacases_case6_84.png,512,512,3672,0.014007568359375,0.028896331787109375,0.286221642386026,0.5100373482726424,1,1.0,Unilateral,1.0,"Unilateral pulmonary infection, one infected areas, middle left lung."
Train,Jun_coronacases_case6_85.png,Jun_coronacases_case6_85.png,512,512,3742,0.01427459716796875,0.0281982421875,0.2852535506928806,0.5071918592671542,1,1.0,Unilateral,1.0,"Unilateral pulmonary infection, one infected areas, middle left lung."
Train,Jun_coronacases_case6_86.png,Jun_coronacases_case6_86.png,512,512,3645,0.013904571533203125,0.027099609375,0.2882827453096352,0.5100239182430963,1,1.0,Unilateral,1.0,"Unilateral pulmonary infection, one infected areas, middle left lung."
Train,Jun_coronacases_case6_87.png,Jun_coronacases_case6_87.png,512,512,3844,0.0146636962890625,0.0279693603515625,0.2886751610255951,0.5079520069399334,1,1.0,Unilateral,1.0,"Unilateral pulmonary infection, one infected areas, middle left lung."
Train,Jun_coronacases_case6_88.png,Jun_coronacases_case6_88.png,512,512,3602,0.01374053955078125,0.0287017822265625,0.28853344141273984,0.5107882009451153,1,1.0,Unilateral,1.0,"Unilateral pulmonary infection, one infected areas, middle left lung."
Train,Jun_coronacases_case6_89.png,Jun_coronacases_case6_89.png,512,512,3614,0.01378631591796875,0.02738189697265625,0.28817481916920173,0.5118868024652986,1,1.0,Unilateral,1.0,"Unilateral pulmonary infection, one infected areas, middle left lung."
Train,Jun_coronacases_case6_90.png,Jun_coronacases_case6_90.png,512,512,3408,0.01300048828125,0.025730133056640625,0.29026097222605035,0.5148028582453626,1,1.0,Unilateral,1.0,"Unilateral pulmonary infection, one infected areas, middle left lung."
Train,Jun_coronacases_case6_91.png,Jun_coronacases_case6_91.png,512,512,3374,0.01287078857421875,0.0267333984375,0.29031606958704587,0.5157414184908887,1,1.0,Unilateral,1.0,"Unilateral pulmonary infection, one infected areas, middle left lung."
Train,Jun_coronacases_case6_92.png,Jun_coronacases_case6_92.png,512,512,3212,0.0122528076171875,0.02681732177734375,0.2868676172766996,0.5154033431383778,1,1.0,Unilateral,1.0,"Unilateral pulmonary infection, one infected areas, middle left lung."
Train,Jun_coronacases_case6_93.png,Jun_coronacases_case6_93.png,512,512,3052,0.0116424560546875,0.0265350341796875,0.28747951361014434,0.516323709325379,1,1.0,Unilateral,1.0,"Unilateral pulmonary infection, one infected areas, middle left lung."
Train,Jun_coronacases_case6_94.png,Jun_coronacases_case6_94.png,512,512,2879,0.010982513427734375,0.0293731689453125,0.2880267324828079,0.5144024921677931,1,1.0,Unilateral,1.0,"Unilateral pulmonary infection, one infected areas, middle left lung."
Train,Jun_coronacases_case6_95.png,Jun_coronacases_case6_95.png,512,512,2153,0.008213043212890625,0.0274658203125,0.2864387106508644,0.5161386787470812,2,0.5503947979563399,Unilateral,2.0,"Unilateral pulmonary infection, two infected areas, middle left lung."
Train,Jun_coronacases_case6_96.png,Jun_coronacases_case6_96.png,512,512,2048,0.0078125,0.03133392333984375,0.309446092221135,0.5276562117783757,2,0.6474609375,Unilateral,2.0,"Unilateral pulmonary infection, two infected areas, middle left lung."
Train,Jun_coronacases_case6_97.png,Jun_coronacases_case6_97.png,512,512,1644,0.0062713623046875,0.03204345703125,0.2942919993714914,0.5194075830512186,2,0.566301703163017,Unilateral,2.0,"Unilateral pulmonary infection, two infected areas, middle left lung."
Train,Jun_coronacases_case6_98.png,Jun_coronacases_case6_98.png,512,512,1714,0.00653839111328125,0.041164398193359375,0.27741724077300556,0.4976240332292825,2,0.5355892648774796,Unilateral,2.0,"Unilateral pulmonary infection, two infected areas, middle left lung."
Train,Jun_coronacases_case6_99.png,Jun_coronacases_case6_99.png,512,512,1770,0.00675201416015625,0.038818359375,0.2832642320917222,0.502547348170752,2,0.5305084745762711,Unilateral,2.0,"Unilateral pulmonary infection, two infected areas, middle left lung."
Train,Jun_coronacases_case7_100.png,Jun_coronacases_case7_100.png,512,512,2680,0.010223388671875,0.038776397705078125,0.2624448695855361,0.5262815083097234,3,0.5917910447761194,Unilateral,3.0,"Unilateral pulmonary infection, three infected areas, middle left lung."
Train,Jun_coronacases_case7_101.png,Jun_coronacases_case7_101.png,512,512,2151,0.008205413818359375,0.035648345947265625,0.2594633543220693,0.5233491726871677,3,0.5769409576940958,Unilateral,3.0,"Unilateral pulmonary infection, three infected areas, middle left lung."
Train,Jun_coronacases_case7_102.png,Jun_coronacases_case7_102.png,512,512,2152,0.008209228515625,0.034046173095703125,0.2548969147163882,0.5241553845146553,3,0.6026951672862454,Unilateral,3.0,"Unilateral pulmonary infection, three infected areas, middle left lung."
Train,Jun_coronacases_case7_103.png,Jun_coronacases_case7_103.png,512,512,2245,0.008563995361328125,0.033611297607421875,0.25587018771874004,0.5317544096688008,2,0.6378619153674833,Unilateral,2.0,"Unilateral pulmonary infection, two infected areas, middle left lung."
Train,Jun_coronacases_case7_104.png,Jun_coronacases_case7_104.png,512,512,2436,0.0092926025390625,0.03621673583984375,0.25149984415117016,0.5273514696383986,2,0.6124794745484401,Unilateral,2.0,"Unilateral pulmonary infection, two infected areas, middle left lung."
Train,Jun_coronacases_case7_105.png,Jun_coronacases_case7_105.png,512,512,2514,0.00959014892578125,0.0365753173828125,0.24884599277315136,0.5239379630624278,2,0.5632458233890215,Unilateral,2.0,"Unilateral pulmonary infection, two infected areas, middle left lung."
Train,Jun_coronacases_case7_106.png,Jun_coronacases_case7_106.png,512,512,2535,0.009670257568359375,0.0354766845703125,0.2507825858721538,0.5262427772438311,2,0.5810650887573965,Unilateral,2.0,"Unilateral pulmonary infection, two infected areas, middle left lung."
Train,Jun_coronacases_case7_107.png,Jun_coronacases_case7_107.png,512,512,2400,0.0091552734375,0.032993316650390625,0.2553163731245923,0.531248369210698,2,0.6204166666666666,Unilateral,2.0,"Unilateral pulmonary infection, two infected areas, middle left lung."
Train,Jun_coronacases_case7_108.png,Jun_coronacases_case7_108.png,512,512,2348,0.0089569091796875,0.031574249267578125,0.25735522091499785,0.5355834336254863,2,0.6729131175468483,Unilateral,2.0,"Unilateral pulmonary infection, two infected areas, middle left lung."
Train,Jun_coronacases_case7_109.png,Jun_coronacases_case7_109.png,512,512,2505,0.009555816650390625,0.031574249267578125,0.2551187253672694,0.5317419954611325,2,0.6419161676646706,Unilateral,2.0,"Unilateral pulmonary infection, two infected areas, middle left lung."
Train,Jun_coronacases_case7_110.png,Jun_coronacases_case7_110.png,512,512,2442,0.00931549072265625,0.0311279296875,0.2563440508645988,0.533406738886191,2,0.6867321867321867,Unilateral,2.0,"Unilateral pulmonary infection, two infected areas, middle left lung."
Train,Jun_coronacases_case7_111.png,Jun_coronacases_case7_111.png,512,512,2321,0.008853912353515625,0.0272369384765625,0.2647333838660204,0.5424630553501553,2,0.7871607065919862,Unilateral,2.0,"Unilateral pulmonary infection, two infected areas, middle left lung."
Train,Jun_coronacases_case7_112.png,Jun_coronacases_case7_112.png,512,512,2153,0.008213043212890625,0.026275634765625,0.2637352149596931,0.5423615889356589,2,0.7807710171853228,Unilateral,2.0,"Unilateral pulmonary infection, two infected areas, middle left lung."
Train,Jun_coronacases_case7_113.png,Jun_coronacases_case7_113.png,512,512,2338,0.00891876220703125,0.027561187744140625,0.2633767968675453,0.5414549709638592,2,0.811377245508982,Unilateral,2.0,"Unilateral pulmonary infection, two infected areas, middle left lung."
Train,Jun_coronacases_case7_114.png,Jun_coronacases_case7_114.png,512,512,2020,0.0077056884765625,0.026275634765625,0.271187343783302,0.5496008602817228,2,0.9613861386138614,Unilateral,2.0,"Unilateral pulmonary infection, two infected areas, middle left lung."
Train,Jun_coronacases_case7_115.png,Jun_coronacases_case7_115.png,512,512,2456,0.009368896484375,0.09565353393554688,0.3181608840046661,0.5485810539467226,3,0.8546416938110749,Bilateral,3.0,"Bilateral pulmonary infection, three infected areas, middle left lung and middle right lung."
Train,Jun_coronacases_case7_116.png,Jun_coronacases_case7_116.png,512,512,2786,0.01062774658203125,0.07257843017578125,0.3808847143180257,0.5498052184321102,2,0.7652548456568558,Bilateral,2.0,"Bilateral pulmonary infection, two infected areas, middle left lung and middle right lung."
Train,Jun_coronacases_case7_117.png,Jun_coronacases_case7_117.png,512,512,2789,0.010639190673828125,0.07488250732421875,0.3692525640638825,0.5492075030575106,2,0.7880960917891717,Bilateral,2.0,"Bilateral pulmonary infection, two infected areas, middle left lung and middle right lung."
Train,Jun_coronacases_case7_118.png,Jun_coronacases_case7_118.png,512,512,2805,0.010700225830078125,0.07718658447265625,0.3681307143031559,0.5481496209941012,2,0.7843137254901961,Bilateral,2.0,"Bilateral pulmonary infection, two infected areas, middle left lung and middle right lung."
Train,Jun_coronacases_case7_119.png,Jun_coronacases_case7_119.png,512,512,2978,0.01136016845703125,0.07389068603515625,0.39445890870953204,0.5494362441334298,2,0.7239758226997985,Bilateral,2.0,"Bilateral pulmonary infection, two infected areas, middle left lung and middle right lung."
Train,Jun_coronacases_case7_120.png,Jun_coronacases_case7_120.png,512,512,2892,0.0110321044921875,0.07477569580078125,0.40545617439836734,0.5483559478472227,2,0.7033195020746889,Bilateral,2.0,"Bilateral pulmonary infection, two infected areas, middle left lung and middle right lung."
Train,Jun_coronacases_case7_121.png,Jun_coronacases_case7_121.png,512,512,2895,0.011043548583984375,0.07413864135742188,0.4218434509867543,0.5452244067475809,2,0.6604490500863558,Bilateral,2.0,"Bilateral pulmonary infection, two infected areas, middle left lung and middle right lung."
Train,Jun_coronacases_case7_122.png,Jun_coronacases_case7_122.png,512,512,2919,0.011135101318359375,0.07314682006835938,0.42546940920844534,0.5458950703569099,2,0.6491949297704693,Bilateral,2.0,"Bilateral pulmonary infection, two infected areas, middle left lung and middle right lung."
Train,Jun_coronacases_case7_123.png,Jun_coronacases_case7_123.png,512,512,2819,0.010753631591796875,0.075225830078125,0.4114733056162787,0.5478688435823726,2,0.6778999645264278,Bilateral,2.0,"Bilateral pulmonary infection, two infected areas, middle left lung and middle right lung."
Train,Jun_coronacases_case7_124.png,Jun_coronacases_case7_124.png,512,512,2593,0.009891510009765625,0.0712890625,0.4242416924083582,0.546366364961212,2,0.6436559969147705,Bilateral,2.0,"Bilateral pulmonary infection, two infected areas, middle left lung and middle right lung."
Train,Jun_coronacases_case7_125.png,Jun_coronacases_case7_125.png,512,512,2878,0.01097869873046875,0.07314682006835938,0.44434940006446094,0.547350233704913,2,0.6011118832522585,Bilateral,2.0,"Bilateral pulmonary infection, two infected areas, middle left lung and middle right lung."
Train,Jun_coronacases_case7_126.png,Jun_coronacases_case7_126.png,512,512,2842,0.01084136962890625,0.072265625,0.4401664437959542,0.5472277040919613,2,0.6108374384236454,Bilateral,2.0,"Bilateral pulmonary infection, two infected areas, middle left lung and middle right lung."
Train,Jun_coronacases_case7_127.png,Jun_coronacases_case7_127.png,512,512,2702,0.01030731201171875,0.07616424560546875,0.45614178668841376,0.5465901173444039,2,0.5758697261287935,Bilateral,2.0,"Bilateral pulmonary infection, two infected areas, middle left lung and middle right lung."
Train,Jun_coronacases_case7_128.png,Jun_coronacases_case7_128.png,512,512,3081,0.011753082275390625,0.156951904296875,0.4630565088342095,0.5432830853326779,3,0.5296981499513145,Bilateral,3.0,"Bilateral pulmonary infection, three infected areas, middle left lung and middle right lung."
Train,Jun_coronacases_case7_129.png,Jun_coronacases_case7_129.png,512,512,3438,0.01311492919921875,0.162353515625,0.44282162409538156,0.5385247646597429,3,0.5735892961023851,Bilateral,3.0,"Bilateral pulmonary infection, three infected areas, middle left lung and middle right lung."
Train,Jun_coronacases_case7_130.png,Jun_coronacases_case7_130.png,512,512,3283,0.012523651123046875,0.1613616943359375,0.4463651628832156,0.5390390990055514,3,0.5455376180322875,Bilateral,3.0,"Bilateral pulmonary infection, three infected areas, middle left lung and middle right lung."
Train,Jun_coronacases_case7_131.png,Jun_coronacases_case7_131.png,512,512,3339,0.012737274169921875,0.1636962890625,0.44145012187695787,0.5302729000620667,3,0.5034441449535789,Bilateral,3.0,"Bilateral pulmonary infection, three infected areas, middle left lung and middle right lung."
Train,Jun_coronacases_case7_132.png,Jun_coronacases_case7_132.png,512,512,3155,0.012035369873046875,0.16314697265625,0.4482389026209446,0.5277616680260885,4,0.48240887480190175,Bilateral,3.0,"Bilateral pulmonary infection, three infected areas, middle left lung and middle right lung."
Train,Jun_coronacases_case7_133.png,Jun_coronacases_case7_133.png,512,512,2996,0.0114288330078125,0.16534423828125,0.4574932264545813,0.5250516670629333,3,0.44425901201602136,Bilateral,3.0,"Bilateral pulmonary infection, three infected areas, middle left lung and middle right lung."
Train,Jun_coronacases_case7_134.png,Jun_coronacases_case7_134.png,512,512,2970,0.01132965087890625,0.16583251953125,0.4701845592256551,0.5264728168837758,3,0.4444444444444444,Bilateral,3.0,"Bilateral pulmonary infection, three infected areas, middle left lung and middle right lung."
Train,Jun_coronacases_case7_135.png,Jun_coronacases_case7_135.png,512,512,2955,0.011272430419921875,0.1669921875,0.4594004655613723,0.5251221022446946,3,0.46463620981387477,Bilateral,3.0,"Bilateral pulmonary infection, three infected areas, middle left lung and middle right lung."
Train,Jun_coronacases_case7_136.png,Jun_coronacases_case7_136.png,512,512,2842,0.01084136962890625,0.16304779052734375,0.4497335880164874,0.5291503874645209,3,0.5158339197748065,Bilateral,3.0,"Bilateral pulmonary infection, three infected areas, upper left lung and middle right lung."
Train,Jun_coronacases_case7_137.png,Jun_coronacases_case7_137.png,512,512,2801,0.010684967041015625,0.1635894775390625,0.46248648965878136,0.5325138980976182,3,0.5119600142806141,Bilateral,3.0,"Bilateral pulmonary infection, three infected areas, middle left lung and middle right lung."
Train,Jun_coronacases_case7_138.png,Jun_coronacases_case7_138.png,512,512,3149,0.012012481689453125,0.1679229736328125,0.45319018431596025,0.5307304092437011,4,0.526198793267704,Bilateral,3.0,"Bilateral pulmonary infection, three infected areas, middle left lung and middle right lung."
Train,Jun_coronacases_case7_139.png,Jun_coronacases_case7_139.png,512,512,3239,0.012355804443359375,0.16448974609375,0.49660177545073525,0.5371792772647932,4,0.46928064217351034,Bilateral,4.0,"Bilateral pulmonary infection, four infected areas, middle left lung and middle right lung."
Train,Jun_coronacases_case7_140.png,Jun_coronacases_case7_140.png,512,512,2864,0.01092529296875,0.16119384765625,0.5044673605265172,0.535872809367108,4,0.46054469273743015,Bilateral,4.0,"Bilateral pulmonary infection, four infected areas, middle left lung and middle right lung."
Train,Jun_coronacases_case7_141.png,Jun_coronacases_case7_141.png,512,512,3003,0.011455535888671875,0.08383941650390625,0.5498988943215949,0.5391216741510284,2,0.5774225774225774,Bilateral,2.0,"Bilateral pulmonary infection, two infected areas, middle left lung and middle right lung."
Train,Jun_coronacases_case7_142.png,Jun_coronacases_case7_142.png,512,512,3158,0.01204681396484375,0.08327484130859375,0.5548726001370731,0.5389778266360462,2,0.5826472450918303,Bilateral,2.0,"Bilateral pulmonary infection, two infected areas, middle left lung and middle right lung."
Train,Jun_coronacases_case7_143.png,Jun_coronacases_case7_143.png,512,512,2850,0.01087188720703125,0.0790863037109375,0.5558189995536786,0.5358650049781989,2,0.5849122807017544,Bilateral,2.0,"Bilateral pulmonary infection, two infected areas, middle left lung and middle right lung."
Train,Jun_coronacases_case7_144.png,Jun_coronacases_case7_144.png,512,512,2842,0.01084136962890625,0.07770538330078125,0.5380778399489899,0.5409561084707856,2,0.5446868402533427,Bilateral,2.0,"Bilateral pulmonary infection, two infected areas, middle left lung and middle right lung."
Train,Jun_coronacases_case7_145.png,Jun_coronacases_case7_145.png,512,512,2593,0.009891510009765625,0.077301025390625,0.5342760087938097,0.541647201595746,2,0.5341303509448515,Bilateral,2.0,"Bilateral pulmonary infection, two infected areas, middle left lung and middle right lung."
Train,Jun_coronacases_case7_146.png,Jun_coronacases_case7_146.png,512,512,2087,0.007961273193359375,0.07437515258789062,0.5202375716976868,0.5379213601673578,2,0.51126018207954,Bilateral,2.0,"Bilateral pulmonary infection, two infected areas, middle left lung and middle right lung."
Train,Jun_coronacases_case7_147.png,Jun_coronacases_case7_147.png,512,512,2027,0.007732391357421875,0.07080078125,0.5035030995455674,0.539052536356062,2,0.5505673408978786,Bilateral,2.0,"Bilateral pulmonary infection, two infected areas, middle left lung and middle right lung."
Train,Jun_coronacases_case7_148.png,Jun_coronacases_case7_148.png,512,512,1815,0.006923675537109375,0.0704193115234375,0.5120128522370117,0.5388914945577461,3,0.4628099173553719,Bilateral,3.0,"Bilateral pulmonary infection, three infected areas, middle left lung and middle right lung."
Train,Jun_coronacases_case7_149.png,Jun_coronacases_case7_149.png,512,512,1786,0.00681304931640625,0.06801223754882812,0.5033978125143812,0.5375238591962271,3,0.4400895856662934,Bilateral,3.0,"Bilateral pulmonary infection, three infected areas, middle left lung and middle right lung."
Train,Jun_coronacases_case7_150.png,Jun_coronacases_case7_150.png,512,512,1681,0.006412506103515625,0.06538772583007812,0.5283128694014256,0.5367821083107972,4,0.4711481261154075,Bilateral,4.0,"Bilateral pulmonary infection, four infected areas, middle left lung and middle right lung."
Train,Jun_coronacases_case7_151.png,Jun_coronacases_case7_151.png,512,512,1844,0.0070343017578125,0.06172943115234375,0.5042439434395576,0.5397045901235721,4,0.41323210412147504,Bilateral,4.0,"Bilateral pulmonary infection, four infected areas, middle left lung and middle right lung."
Train,Jun_coronacases_case7_152.png,Jun_coronacases_case7_152.png,512,512,1944,0.007415771484375,0.0634002685546875,0.5042984384689103,0.5406066536203522,4,0.4079218106995885,Bilateral,4.0,"Bilateral pulmonary infection, four infected areas, middle left lung and middle right lung."
Train,Jun_coronacases_case7_153.png,Jun_coronacases_case7_153.png,512,512,2401,0.009159088134765625,0.060543060302734375,0.4815459312044639,0.5425976293308968,3,0.556018325697626,Bilateral,3.0,"Bilateral pulmonary infection, three infected areas, middle left lung and middle right lung."
Train,Jun_coronacases_case7_154.png,Jun_coronacases_case7_154.png,512,512,1989,0.007587432861328125,0.0588531494140625,0.5002690925333956,0.5441277318795449,3,0.48617395676219205,Bilateral,3.0,"Bilateral pulmonary infection, three infected areas, middle left lung and middle right lung."
Train,Jun_coronacases_case7_155.png,Jun_coronacases_case7_155.png,512,512,1982,0.00756072998046875,0.064208984375,0.5047343903349322,0.5470980507542441,3,0.4989909182643794,Bilateral,3.0,"Bilateral pulmonary infection, three infected areas, middle left lung and middle right lung."
Train,Jun_coronacases_case7_156.png,Jun_coronacases_case7_156.png,512,512,1530,0.00583648681640625,0.0597381591796875,0.5275903968893494,0.5479503216811838,3,0.4869281045751634,Bilateral,3.0,"Bilateral pulmonary infection, three infected areas, middle left lung and middle right lung."
Train,Jun_coronacases_case7_157.png,Jun_coronacases_case7_157.png,512,512,1344,0.005126953125,0.05896759033203125,0.5239857072966173,0.5492527490448234,3,0.5171130952380952,Bilateral,2.0,"Bilateral pulmonary infection, two infected areas, middle left lung and middle right lung."
Train,Jun_coronacases_case7_158.png,Jun_coronacases_case7_158.png,512,512,816,0.00311279296875,0.0561981201171875,0.48153131115459885,0.5579170024174054,4,0.6311274509803921,Bilateral,4.0,"Bilateral pulmonary infection, four infected areas, middle left lung and middle right lung."
Train,Jun_coronacases_case7_159.png,Jun_coronacases_case7_159.png,512,512,914,0.00348663330078125,0.0561981201171875,0.46171748877003516,0.562414624433149,4,0.6695842450765864,Bilateral,4.0,"Bilateral pulmonary infection, four infected areas, middle left lung and middle right lung."
Train,Jun_coronacases_case7_160.png,Jun_coronacases_case7_160.png,512,512,304,0.00115966796875,0.001522064208984375,0.3316767947265424,0.5784838809352147,1,1.0,Unilateral,1.0,"Unilateral pulmonary infection, one infected areas, middle left lung."
Train,Jun_coronacases_case7_162.png,Jun_coronacases_case7_162.png,512,512,335,0.001277923583984375,0.0019073486328125,0.334188159009259,0.581476180740135,1,1.0,Unilateral,1.0,"Unilateral pulmonary infection, one infected areas, middle left lung."
Train,Jun_coronacases_case7_59.png,Jun_coronacases_case7_59.png,512,512,74,0.00028228759765625,0.0003204345703125,0.15422859258475696,0.37420003173427835,1,1.0,Unilateral,1.0,"Unilateral pulmonary infection, one infected areas, middle left lung."
Train,Jun_coronacases_case7_60.png,Jun_coronacases_case7_60.png,512,512,74,0.00028228759765625,0.00034332275390625,0.15642354683450574,0.37695033585444543,1,1.0,Unilateral,1.0,"Unilateral pulmonary infection, one infected areas, middle left lung."
Train,Jun_coronacases_case7_61.png,Jun_coronacases_case7_61.png,512,512,62,0.00023651123046875,0.000274658203125,0.1549460261347137,0.37601792816110097,1,1.0,Unilateral,1.0,"Unilateral pulmonary infection, one infected areas, middle left lung."
Train,Jun_coronacases_case7_62.png,Jun_coronacases_case7_62.png,512,512,70,0.00026702880859375,0.00034332275390625,0.15524182275649984,0.3775230640201286,1,1.0,Unilateral,1.0,"Unilateral pulmonary infection, one infected areas, middle left lung."
Train,Jun_coronacases_case7_63.png,Jun_coronacases_case7_63.png,512,512,71,0.000270843505859375,0.0003814697265625,0.1562525839971335,0.37895868360850027,1,1.0,Unilateral,1.0,"Unilateral pulmonary infection, one infected areas, middle left lung."
Train,Jun_coronacases_case7_64.png,Jun_coronacases_case7_64.png,512,512,51,0.000194549560546875,0.000244140625,0.15467556885768008,0.3791105483289206,1,1.0,Unknown,,"No pulmonary infection, zero infected areas."
Train,Jun_coronacases_case7_75.png,Jun_coronacases_case7_75.png,512,512,26,9.918212890625e-05,0.0001373291015625,0.20510311606202017,0.3788950775252145,1,1.0,Unknown,,"No pulmonary infection, zero infected areas."
Train,Jun_coronacases_case7_76.png,Jun_coronacases_case7_76.png,512,512,67,0.000255584716796875,0.000335693359375,0.20244180272804277,0.37970616584397,1,1.0,Unilateral,1.0,"Unilateral pulmonary infection, one infected areas, middle left lung."
Train,Jun_coronacases_case7_77.png,Jun_coronacases_case7_77.png,512,512,231,0.000881195068359375,0.00171661376953125,0.21265492498369212,0.39099126574664733,1,1.0,Unilateral,1.0,"Unilateral pulmonary infection, one infected areas, middle left lung."
Train,Jun_coronacases_case7_78.png,Jun_coronacases_case7_78.png,512,512,232,0.000885009765625,0.00146484375,0.21782002834199338,0.3934307308185438,1,1.0,Unilateral,1.0,"Unilateral pulmonary infection, one infected areas, middle left lung."
Train,Jun_coronacases_case7_79.png,Jun_coronacases_case7_79.png,512,512,297,0.001132965087890625,0.00146484375,0.21897382171354773,0.3943874491819697,1,1.0,Unilateral,1.0,"Unilateral pulmonary infection, one infected areas, middle left lung."
Train,Jun_coronacases_case7_80.png,Jun_coronacases_case7_80.png,512,512,252,0.0009613037109375,0.00122833251953125,0.22035846301991116,0.3957071413040102,1,1.0,Unilateral,1.0,"Unilateral pulmonary infection, one infected areas, middle left lung."
Train,Jun_coronacases_case7_81.png,Jun_coronacases_case7_81.png,512,512,246,0.00093841552734375,0.0011749267578125,0.22418182107457083,0.3967988799261769,1,1.0,Unilateral,1.0,"Unilateral pulmonary infection, one infected areas, middle left lung."
Train,Jun_coronacases_case7_82.png,Jun_coronacases_case7_82.png,512,512,318,0.00121307373046875,0.001842498779296875,0.22930743763000158,0.40005415451267096,1,1.0,Unilateral,1.0,"Unilateral pulmonary infection, one infected areas, middle left lung."
Train,Jun_coronacases_case7_83.png,Jun_coronacases_case7_83.png,512,512,386,0.00147247314453125,0.002105712890625,0.23405290855074373,0.40338460602496373,1,1.0,Unilateral,1.0,"Unilateral pulmonary infection, one infected areas, middle left lung."
Train,Jun_coronacases_case7_84.png,Jun_coronacases_case7_84.png,512,512,357,0.001361846923828125,0.00193023681640625,0.23521737462108133,0.4034764590767814,1,1.0,Unilateral,1.0,"Unilateral pulmonary infection, one infected areas, middle left lung."
Train,Jun_coronacases_case7_85.png,Jun_coronacases_case7_85.png,512,512,348,0.0013275146484375,0.0019073486328125,0.23513170029466676,0.404171446566345,1,1.0,Unilateral,1.0,"Unilateral pulmonary infection, one infected areas, middle left lung."
Train,Jun_coronacases_case7_86.png,Jun_coronacases_case7_86.png,512,512,398,0.00151824951171875,0.001922607421875,0.23556628543893637,0.4048323810834997,1,1.0,Unilateral,1.0,"Unilateral pulmonary infection, one infected areas, middle left lung."
Train,Jun_coronacases_case7_87.png,Jun_coronacases_case7_87.png,512,512,849,0.003238677978515625,0.0091552734375,0.2202867884169012,0.4260290107620569,2,0.6018845700824499,Unilateral,2.0,"Unilateral pulmonary infection, two infected areas, middle left lung."
Train,Jun_coronacases_case7_88.png,Jun_coronacases_case7_88.png,512,512,1261,0.004810333251953125,0.011089324951171875,0.22843672356453038,0.4218749757515468,1,1.0,Unilateral,1.0,"Unilateral pulmonary infection, one infected areas, middle left lung."
Train,Jun_coronacases_case7_89.png,Jun_coronacases_case7_89.png,512,512,1099,0.004192352294921875,0.01010894775390625,0.22235300192845658,0.4266483139805089,1,1.0,Unilateral,1.0,"Unilateral pulmonary infection, one infected areas, middle left lung."
Train,Jun_coronacases_case7_90.png,Jun_coronacases_case7_90.png,512,512,1889,0.007205963134765625,0.036151885986328125,0.24774184458586584,0.4779353948443921,2,0.6866066701958708,Unilateral,2.0,"Unilateral pulmonary infection, two infected areas, middle left lung."
Train,Jun_coronacases_case7_91.png,Jun_coronacases_case7_91.png,512,512,1606,0.00612640380859375,0.038909912109375,0.2515676292182203,0.4872237914084414,3,0.363013698630137,Unilateral,3.0,"Unilateral pulmonary infection, three infected areas, middle left lung."
Train,Jun_coronacases_case7_92.png,Jun_coronacases_case7_92.png,512,512,1693,0.006458282470703125,0.03556060791015625,0.25090651849505796,0.49853951403442054,3,0.43118724158298877,Unilateral,3.0,"Unilateral pulmonary infection, three infected areas, middle left lung."
Train,Jun_coronacases_case7_93.png,Jun_coronacases_case7_93.png,512,512,2421,0.009235382080078125,0.05810546875,0.2790229975645263,0.5301863747654857,5,0.6621230896323833,Unilateral,5.0,"Unilateral pulmonary infection, five infected areas, middle left lung."
Train,Jun_coronacases_case7_94.png,Jun_coronacases_case7_94.png,512,512,2496,0.009521484375,0.045475006103515625,0.27800645416227604,0.5438086456922073,3,0.7427884615384616,Unilateral,3.0,"Unilateral pulmonary infection, three infected areas, middle left lung."
Train,Jun_coronacases_case7_95.png,Jun_coronacases_case7_95.png,512,512,2446,0.00933074951171875,0.044780731201171875,0.28140996202914464,0.5408446715192983,3,0.7150449713818479,Unilateral,3.0,"Unilateral pulmonary infection, three infected areas, middle left lung."
Train,Jun_coronacases_case7_96.png,Jun_coronacases_case7_96.png,512,512,2527,0.009639739990234375,0.0459747314453125,0.2826561201644548,0.5413076929629667,3,0.6976652156707558,Unilateral,3.0,"Unilateral pulmonary infection, three infected areas, middle left lung."
Train,Jun_coronacases_case7_97.png,Jun_coronacases_case7_97.png,512,512,2408,0.009185791015625,0.05019378662109375,0.28080485140854683,0.5363969417011787,4,0.6424418604651163,Unilateral,4.0,"Unilateral pulmonary infection, four infected areas, middle left lung."
Train,Jun_coronacases_case7_98.png,Jun_coronacases_case7_98.png,512,512,2854,0.01088714599609375,0.0517578125,0.28267121230613945,0.5371319410255391,4,0.6818500350385424,Unilateral,4.0,"Unilateral pulmonary infection, four infected areas, middle left lung."
Train,Jun_coronacases_case7_99.png,Jun_coronacases_case7_99.png,512,512,2492,0.0095062255859375,0.0517578125,0.2784550483268573,0.5345292803900074,4,0.6480738362760835,Unilateral,4.0,"Unilateral pulmonary infection, four infected areas, middle left lung."
Train,Jun_coronacases_case8_100.png,Jun_coronacases_case8_100.png,512,512,5205,0.019855499267578125,0.20367431640625,0.4589268560450117,0.49189117042735137,4,0.5736791546589818,Bilateral,4.0,"Bilateral pulmonary infection, four infected areas, upper left lung and upper right lung."
Train,Jun_coronacases_case8_101.png,Jun_coronacases_case8_101.png,512,512,4816,0.01837158203125,0.18871307373046875,0.4586627419365325,0.5023324079552178,4,0.5901162790697675,Bilateral,4.0,"Bilateral pulmonary infection, four infected areas, upper left lung and middle right lung."
Train,Jun_coronacases_case8_102.png,Jun_coronacases_case8_102.png,512,512,5387,0.020549774169921875,0.20536422729492188,0.46610906810880876,0.4966555347965694,4,0.5392611843326527,Bilateral,4.0,"Bilateral pulmonary infection, four infected areas, upper left lung and middle right lung."
Train,Jun_coronacases_case8_103.png,Jun_coronacases_case8_103.png,512,512,5344,0.0203857421875,0.20314407348632812,0.4789474378054068,0.5067207805523981,4,0.5286302395209581,Bilateral,4.0,"Bilateral pulmonary infection, four infected areas, upper left lung and middle right lung."
Train,Jun_coronacases_case8_104.png,Jun_coronacases_case8_104.png,512,512,6452,0.0246124267578125,0.19925689697265625,0.5018280410024714,0.514707131270754,4,0.4615623062616243,Bilateral,4.0,"Bilateral pulmonary infection, four infected areas, upper left lung and middle right lung."
Train,Jun_coronacases_case8_105.png,Jun_coronacases_case8_105.png,512,512,5863,0.022365570068359375,0.19108200073242188,0.4885575500343292,0.5280513005203952,5,0.49991471942691457,Bilateral,3.0,"Bilateral pulmonary infection, three infected areas, upper left lung and middle right lung."
Train,Jun_coronacases_case8_106.png,Jun_coronacases_case8_106.png,512,512,6391,0.024379730224609375,0.1988525390625,0.4874421313484808,0.524232186835634,5,0.4834924112032546,Bilateral,5.0,"Bilateral pulmonary infection, five infected areas, upper left lung and middle right lung."
Train,Jun_coronacases_case8_107.png,Jun_coronacases_case8_107.png,512,512,6297,0.024021148681640625,0.19775390625,0.47581319592127086,0.5297841639870133,4,0.5469271081467365,Bilateral,4.0,"Bilateral pulmonary infection, four infected areas, upper left lung and middle right lung."
Train,Jun_coronacases_case8_108.png,Jun_coronacases_case8_108.png,512,512,6457,0.024631500244140625,0.19292831420898438,0.47411219850602826,0.5287988248012518,5,0.5514945020907542,Bilateral,5.0,"Bilateral pulmonary infection, five infected areas, upper left lung and middle right lung."
Train,Jun_coronacases_case8_109.png,Jun_coronacases_case8_109.png,512,512,7033,0.026828765869140625,0.19315338134765625,0.4799467870645041,0.5281016555166405,5,0.5514005403099673,Bilateral,5.0,"Bilateral pulmonary infection, five infected areas, upper left lung and middle right lung."
Train,Jun_coronacases_case8_110.png,Jun_coronacases_case8_110.png,512,512,8406,0.03206634521484375,0.20053482055664062,0.5117766035163589,0.5235022230416909,5,0.4663335712586248,Bilateral,5.0,"Bilateral pulmonary infection, five infected areas, upper left lung and middle right lung."
Train,Jun_coronacases_case8_111.png,Jun_coronacases_case8_111.png,512,512,7936,0.0302734375,0.19580841064453125,0.500724731314311,0.526332479799255,5,0.4787046370967742,Bilateral,5.0,"Bilateral pulmonary infection, five infected areas, upper left lung and middle right lung."
Train,Jun_coronacases_case8_112.png,Jun_coronacases_case8_112.png,512,512,7229,0.027576446533203125,0.1922607421875,0.49552425149951856,0.5275495334485285,5,0.5173606307926407,Bilateral,5.0,"Bilateral pulmonary infection, five infected areas, upper left lung and middle right lung."
Train,Jun_coronacases_case8_113.png,Jun_coronacases_case8_113.png,512,512,7684,0.0293121337890625,0.1971588134765625,0.4826072628105673,0.52645036678752,5,0.5596043727225404,Bilateral,5.0,"Bilateral pulmonary infection, five infected areas, upper left lung and middle right lung."
Train,Jun_coronacases_case8_114.png,Jun_coronacases_case8_114.png,512,512,7889,0.030094146728515625,0.1969146728515625,0.48324836856987574,0.5267673113173263,5,0.5606540752947141,Bilateral,4.0,"Bilateral pulmonary infection, four infected areas, middle left lung and middle right lung."
Train,Jun_coronacases_case8_115.png,Jun_coronacases_case8_115.png,512,512,7408,0.02825927734375,0.09325790405273438,0.4846484786109479,0.5302011259842853,4,0.5573704103671706,Bilateral,4.0,"Bilateral pulmonary infection, four infected areas, middle left lung and middle right lung."
Train,Jun_coronacases_case8_116.png,Jun_coronacases_case8_116.png,512,512,6646,0.02535247802734375,0.09143829345703125,0.47177061022241357,0.5306816100557521,3,0.6110442371351189,Bilateral,3.0,"Bilateral pulmonary infection, three infected areas, middle left lung and middle right lung."
Train,Jun_coronacases_case8_117.png,Jun_coronacases_case8_117.png,512,512,5785,0.022068023681640625,0.07074737548828125,0.48953752112132903,0.5352130399998647,3,0.5668107173725151,Bilateral,3.0,"Bilateral pulmonary infection, three infected areas, middle left lung and middle right lung."
Train,Jun_coronacases_case8_118.png,Jun_coronacases_case8_118.png,512,512,5051,0.019268035888671875,0.07105255126953125,0.48589436669648645,0.5345080957017289,3,0.4369431795684023,Bilateral,3.0,"Bilateral pulmonary infection, three infected areas, middle left lung and middle right lung."
Train,Jun_coronacases_case8_119.png,Jun_coronacases_case8_119.png,512,512,5158,0.01967620849609375,0.073699951171875,0.4904300048032088,0.5354932849926661,6,0.39240015509887555,Bilateral,5.0,"Bilateral pulmonary infection, five infected areas, middle left lung and middle right lung."
Train,Jun_coronacases_case8_120.png,Jun_coronacases_case8_120.png,512,512,5203,0.019847869873046875,0.07238388061523438,0.4943531373778412,0.5350067118435735,5,0.5800499711704785,Bilateral,3.0,"Bilateral pulmonary infection, three infected areas, middle left lung and middle right lung."
Train,Jun_coronacases_case8_121.png,Jun_coronacases_case8_121.png,512,512,5021,0.019153594970703125,0.0803070068359375,0.5041837979117841,0.5305696505206509,4,0.4260107548297152,Bilateral,4.0,"Bilateral pulmonary infection, four infected areas, middle left lung and middle right lung."
Train,Jun_coronacases_case8_122.png,Jun_coronacases_case8_122.png,512,512,5215,0.019893646240234375,0.0797271728515625,0.4979404209969361,0.5282744154019059,2,0.5883029721955897,Bilateral,2.0,"Bilateral pulmonary infection, two infected areas, middle left lung and middle right lung."
Train,Jun_coronacases_case8_123.png,Jun_coronacases_case8_123.png,512,512,6007,0.022914886474609375,0.20246505737304688,0.4859604434096294,0.513417646796285,3,0.6276011320126519,Bilateral,3.0,"Bilateral pulmonary infection, three infected areas, middle left lung and upper right lung."
Train,Jun_coronacases_case8_124.png,Jun_coronacases_case8_124.png,512,512,5639,0.021511077880859375,0.235748291015625,0.48417871206571234,0.5051380707950536,6,0.5853874800496542,Bilateral,5.0,"Bilateral pulmonary infection, five infected areas, middle left lung and upper right lung."
Train,Jun_coronacases_case8_125.png,Jun_coronacases_case8_125.png,512,512,5386,0.02054595947265625,0.23653411865234375,0.50194786367207,0.5093396447846594,6,0.526178982547345,Bilateral,4.0,"Bilateral pulmonary infection, four infected areas, upper left lung and upper right lung."
Train,Jun_coronacases_case8_126.png,Jun_coronacases_case8_126.png,512,512,6247,0.023830413818359375,0.23618698120117188,0.49534759071830015,0.5063217820091804,6,0.5820393789018729,Bilateral,4.0,"Bilateral pulmonary infection, four infected areas, upper left lung and upper right lung."
Train,Jun_coronacases_case8_127.png,Jun_coronacases_case8_127.png,512,512,6282,0.02396392822265625,0.24629974365234375,0.4913987156794395,0.5025485171499223,7,0.5681311684177014,Bilateral,6.0,"Bilateral pulmonary infection, six infected areas, upper left lung and upper right lung."
Train,Jun_coronacases_case8_128.png,Jun_coronacases_case8_128.png,512,512,6033,0.023014068603515625,0.22762298583984375,0.4938357624065682,0.5053464912323382,5,0.5567710923255429,Bilateral,5.0,"Bilateral pulmonary infection, five infected areas, upper left lung and upper right lung."
Train,Jun_coronacases_case8_129.png,Jun_coronacases_case8_129.png,512,512,5709,0.021778106689453125,0.228790283203125,0.49958848921553806,0.5051816766125103,7,0.5072692240322298,Bilateral,6.0,"Bilateral pulmonary infection, six infected areas, upper left lung and upper right lung."
Train,Jun_coronacases_case8_130.png,Jun_coronacases_case8_130.png,512,512,5843,0.022289276123046875,0.23188018798828125,0.5035794750639114,0.509062477288126,8,0.4619202464487421,Bilateral,7.0,"Bilateral pulmonary infection, seven infected areas, upper left lung and upper right lung."
Train,Jun_coronacases_case8_131.png,Jun_coronacases_case8_131.png,512,512,6037,0.023029327392578125,0.236572265625,0.49904940408252174,0.501621604800404,8,0.4546960410800066,Bilateral,8.0,"Bilateral pulmonary infection, eight infected areas, upper left lung and upper right lung."
Train,Jun_coronacases_case8_132.png,Jun_coronacases_case8_132.png,512,512,5976,0.022796630859375,0.218994140625,0.5081061362213367,0.5000402785309536,6,0.44109772423025434,Bilateral,6.0,"Bilateral pulmonary infection, six infected areas, upper left lung and upper right lung."
Train,Jun_coronacases_case8_133.png,Jun_coronacases_case8_133.png,512,512,5791,0.022090911865234375,0.2140045166015625,0.4946646071017143,0.5095148994610369,6,0.48972543602141255,Bilateral,5.0,"Bilateral pulmonary infection, five infected areas, upper left lung and upper right lung."
Train,Jun_coronacases_case8_134.png,Jun_coronacases_case8_134.png,512,512,6176,0.0235595703125,0.21661376953125,0.4810287661093254,0.5094330176530829,7,0.5352979274611399,Bilateral,5.0,"Bilateral pulmonary infection, five infected areas, upper left lung and upper right lung."
Train,Jun_coronacases_case8_135.png,Jun_coronacases_case8_135.png,512,512,6208,0.023681640625,0.2142333984375,0.4804478660197309,0.5032184971856275,8,0.5252899484536082,Bilateral,7.0,"Bilateral pulmonary infection, seven infected areas, upper left lung and upper right lung."
Train,Jun_coronacases_case8_136.png,Jun_coronacases_case8_136.png,512,512,5387,0.020549774169921875,0.19398117065429688,0.4908624335529798,0.5180017705885409,7,0.4781882309263041,Bilateral,3.0,"Bilateral pulmonary infection, three infected areas, upper left lung and middle right lung."
Train,Jun_coronacases_case8_137.png,Jun_coronacases_case8_137.png,512,512,4998,0.01906585693359375,0.18170166015625,0.4948484286082339,0.5276443258320941,4,0.5006002400960384,Bilateral,4.0,"Bilateral pulmonary infection, four infected areas, upper left lung and middle right lung."
Train,Jun_coronacases_case8_138.png,Jun_coronacases_case8_138.png,512,512,5096,0.019439697265625,0.17447662353515625,0.48369505110489175,0.5187261717873963,4,0.5062794348508635,Bilateral,4.0,"Bilateral pulmonary infection, four infected areas, upper left lung and middle right lung."
Train,Jun_coronacases_case8_139.png,Jun_coronacases_case8_139.png,512,512,5023,0.019161224365234375,0.171661376953125,0.4997146199887562,0.5194313593867427,4,0.46645431017320327,Bilateral,4.0,"Bilateral pulmonary infection, four infected areas, upper left lung and middle right lung."
Train,Jun_coronacases_case8_140.png,Jun_coronacases_case8_140.png,512,512,4835,0.018444061279296875,0.16216278076171875,0.5065097331306905,0.5284538498432622,4,0.4783867631851086,Bilateral,4.0,"Bilateral pulmonary infection, four infected areas, upper left lung and middle right lung."
Train,Jun_coronacases_case8_141.png,Jun_coronacases_case8_141.png,512,512,5077,0.019367218017578125,0.1757049560546875,0.5059226849762194,0.5203744911532652,6,0.46109907425645064,Bilateral,4.0,"Bilateral pulmonary infection, four infected areas, upper left lung and middle right lung."
Train,Jun_coronacases_case8_142.png,Jun_coronacases_case8_142.png,512,512,5335,0.020351409912109375,0.1772003173828125,0.5171450213393441,0.518742491797145,6,0.45398313027179005,Bilateral,5.0,"Bilateral pulmonary infection, five infected areas, upper left lung and middle right lung."
Train,Jun_coronacases_case8_143.png,Jun_coronacases_case8_143.png,512,512,5914,0.02256011962890625,0.2069549560546875,0.5272920338286476,0.5113601543850639,8,0.4230639161312141,Bilateral,8.0,"Bilateral pulmonary infection, eight infected areas, upper left lung and upper right lung."
Train,Jun_coronacases_case8_144.png,Jun_coronacases_case8_144.png,512,512,5832,0.022247314453125,0.20635986328125,0.5297558648015269,0.5128718266719281,8,0.4221536351165981,Bilateral,8.0,"Bilateral pulmonary infection, eight infected areas, upper left lung and upper right lung."
Train,Jun_coronacases_case8_145.png,Jun_coronacases_case8_145.png,512,512,5979,0.022808074951171875,0.210418701171875,0.5302655838160241,0.5061158280989333,8,0.4189663823381836,Bilateral,8.0,"Bilateral pulmonary infection, eight infected areas, upper left lung and upper right lung."
Train,Jun_coronacases_case8_146.png,Jun_coronacases_case8_146.png,512,512,5780,0.0220489501953125,0.20922088623046875,0.5275323505711712,0.5105553260788602,7,0.44273356401384084,Bilateral,7.0,"Bilateral pulmonary infection, seven infected areas, upper left lung and upper right lung."
Train,Jun_coronacases_case8_147.png,Jun_coronacases_case8_147.png,512,512,5493,0.020954132080078125,0.2099761962890625,0.5250507406152574,0.5114931902300134,8,0.422537775350446,Bilateral,7.0,"Bilateral pulmonary infection, seven infected areas, upper left lung and middle right lung."
Train,Jun_coronacases_case8_148.png,Jun_coronacases_case8_148.png,512,512,5196,0.0198211669921875,0.189971923828125,0.5107922095726203,0.5231014674843965,6,0.42725173210161665,Bilateral,6.0,"Bilateral pulmonary infection, six infected areas, upper left lung and middle right lung."
Train,Jun_coronacases_case8_149.png,Jun_coronacases_case8_149.png,512,512,5575,0.021266937255859375,0.19398880004882812,0.5106908988793626,0.5233670021851115,5,0.4669058295964126,Bilateral,5.0,"Bilateral pulmonary infection, five infected areas, upper left lung and middle right lung."
Train,Jun_coronacases_case8_150.png,Jun_coronacases_case8_150.png,512,512,5444,0.0207672119140625,0.1937713623046875,0.5019806720912878,0.5233065073885179,5,0.48218221895664953,Bilateral,5.0,"Bilateral pulmonary infection, five infected areas, upper left lung and middle right lung."
Train,Jun_coronacases_case8_151.png,Jun_coronacases_case8_151.png,512,512,5483,0.020915985107421875,0.18656158447265625,0.49456619695889764,0.5234960363164851,5,0.4948021156301295,Bilateral,5.0,"Bilateral pulmonary infection, five infected areas, upper left lung and middle right lung."
Train,Jun_coronacases_case8_152.png,Jun_coronacases_case8_152.png,512,512,5442,0.02075958251953125,0.18671035766601562,0.4811713058756601,0.5238195926299112,5,0.5233370084527748,Bilateral,5.0,"Bilateral pulmonary infection, five infected areas, upper left lung and middle right lung."
Train,Jun_coronacases_case8_153.png,Jun_coronacases_case8_153.png,512,512,5029,0.019184112548828125,0.18712234497070312,0.47681607148207716,0.524466509119903,4,0.5301252734141977,Bilateral,3.0,"Bilateral pulmonary infection, three infected areas, upper left lung and middle right lung."
Train,Jun_coronacases_case8_154.png,Jun_coronacases_case8_154.png,512,512,4812,0.0183563232421875,0.16344451904296875,0.4693069999495716,0.5237826828883434,4,0.5552784704904405,Bilateral,3.0,"Bilateral pulmonary infection, three infected areas, upper left lung and middle right lung."
Train,Jun_coronacases_case8_155.png,Jun_coronacases_case8_155.png,512,512,4739,0.018077850341796875,0.165252685546875,0.46284752949357644,0.5288638350465741,3,0.5891538299219244,Bilateral,3.0,"Bilateral pulmonary infection, three infected areas, upper left lung and middle right lung."
Train,Jun_coronacases_case8_156.png,Jun_coronacases_case8_156.png,512,512,4465,0.017032623291015625,0.162078857421875,0.45498780469097544,0.5318890347407429,3,0.6282194848824189,Bilateral,3.0,"Bilateral pulmonary infection, three infected areas, upper left lung and middle right lung."
Train,Jun_radiopaedia_10_85902_1_case11_10.png,Jun_radiopaedia_10_85902_1_case11_10.png,512,512,2905,0.011081695556640625,0.0172119140625,0.34308012031351576,0.25115547456810744,1,1.0,Unilateral,1.0,"Unilateral pulmonary infection, one infected areas, upper left lung."
Train,Jun_radiopaedia_10_85902_1_case11_11.png,Jun_radiopaedia_10_85902_1_case11_11.png,512,512,3062,0.01168060302734375,0.01776123046875,0.34504519129126554,0.256298084850468,1,1.0,Unilateral,1.0,"Unilateral pulmonary infection, one infected areas, upper left lung."
Train,Jun_radiopaedia_10_85902_1_case11_12.png,Jun_radiopaedia_10_85902_1_case11_12.png,512,512,3534,0.01348114013671875,0.020721435546875,0.3371486604270287,0.25773835826862784,1,1.0,Unilateral,1.0,"Unilateral pulmonary infection, one infected areas, upper left lung."
Train,Jun_radiopaedia_10_85902_1_case11_13.png,Jun_radiopaedia_10_85902_1_case11_13.png,512,512,4651,0.017742156982421875,0.02734375,0.33302183188936074,0.2658814193526128,1,1.0,Unilateral,1.0,"Unilateral pulmonary infection, one infected areas, upper left lung."
Train,Jun_radiopaedia_10_85902_1_case11_14.png,Jun_radiopaedia_10_85902_1_case11_14.png,512,512,4374,0.01668548583984375,0.02790069580078125,0.3407906710798644,0.2704358703851347,1,1.0,Unilateral,1.0,"Unilateral pulmonary infection, one infected areas, upper left lung."
Train,Jun_radiopaedia_10_85902_1_case11_15.png,Jun_radiopaedia_10_85902_1_case11_15.png,512,512,4364,0.0166473388671875,0.076904296875,0.3344074719148486,0.2810945630590797,2,0.9615032080659945,Unilateral,2.0,"Unilateral pulmonary infection, two infected areas, upper left lung."
Train,Jun_radiopaedia_10_85902_1_case11_16.png,Jun_radiopaedia_10_85902_1_case11_16.png,512,512,3290,0.01255035400390625,0.07580947875976562,0.336342709628299,0.270370392400621,2,0.9531914893617022,Unilateral,2.0,"Unilateral pulmonary infection, two infected areas, upper left lung."
Train,Jun_radiopaedia_10_85902_1_case11_17.png,Jun_radiopaedia_10_85902_1_case11_17.png,512,512,3056,0.01165771484375,0.0179290771484375,0.3405068851753568,0.2600056608026557,1,1.0,Unilateral,1.0,"Unilateral pulmonary infection, one infected areas, upper left lung."
Train,Jun_radiopaedia_10_85902_1_case11_18.png,Jun_radiopaedia_10_85902_1_case11_18.png,512,512,2513,0.009586334228515625,0.015106201171875,0.33760103041483697,0.2573404986827791,1,1.0,Unilateral,1.0,"Unilateral pulmonary infection, one infected areas, upper left lung."
Train,Jun_radiopaedia_10_85902_1_case11_19.png,Jun_radiopaedia_10_85902_1_case11_19.png,512,512,1589,0.006061553955078125,0.01100921630859375,0.3462109241741474,0.24913082727508964,1,1.0,Unilateral,1.0,"Unilateral pulmonary infection, one infected areas, upper left lung."
Train,Jun_radiopaedia_10_85902_1_case11_6.png,Jun_radiopaedia_10_85902_1_case11_6.png,512,512,799,0.003047943115234375,0.008754730224609375,0.3463257643482925,0.23844629661832673,1,1.0,Unilateral,1.0,"Unilateral pulmonary infection, one infected areas, upper left lung."
Train,Jun_radiopaedia_10_85902_1_case11_7.png,Jun_radiopaedia_10_85902_1_case11_7.png,512,512,942,0.00359344482421875,0.00732421875,0.33984818078701684,0.2387828702722691,1,1.0,Unilateral,1.0,"Unilateral pulmonary infection, one infected areas, upper left lung."
Train,Jun_radiopaedia_10_85902_1_case11_8.png,Jun_radiopaedia_10_85902_1_case11_8.png,512,512,1532,0.0058441162109375,0.009944915771484375,0.34180917976833425,0.24571311052408373,1,1.0,Unilateral,1.0,"Unilateral pulmonary infection, one infected areas, upper left lung."
Train,Jun_radiopaedia_10_85902_1_case11_9.png,Jun_radiopaedia_10_85902_1_case11_9.png,512,512,2120,0.008087158203125,0.01326751708984375,0.3587748772292582,0.24889414023557213,1,1.0,Unilateral,1.0,"Unilateral pulmonary infection, one infected areas, upper left lung."
Train,Jun_radiopaedia_10_85902_3_case12_100.png,Jun_radiopaedia_10_85902_3_case12_100.png,512,512,2250,0.00858306884765625,0.0144195556640625,0.3454368340943683,0.2555581648184388,1,1.0,Unilateral,1.0,"Unilateral pulmonary infection, one infected areas, upper left lung."
Train,Jun_radiopaedia_10_85902_3_case12_101.png,Jun_radiopaedia_10_85902_3_case12_101.png,512,512,2267,0.008647918701171875,0.01526641845703125,0.34762097550406285,0.2570662021327012,1,1.0,Unilateral,1.0,"Unilateral pulmonary infection, one infected areas, upper left lung."
Train,Jun_radiopaedia_10_85902_3_case12_102.png,Jun_radiopaedia_10_85902_3_case12_102.png,512,512,2449,0.009342193603515625,0.0157928466796875,0.3452936978949833,0.25761703127359786,1,1.0,Unilateral,1.0,"Unilateral pulmonary infection, one infected areas, upper left lung."
Train,Jun_radiopaedia_10_85902_3_case12_103.png,Jun_radiopaedia_10_85902_3_case12_103.png,512,512,2512,0.00958251953125,0.0172119140625,0.35214765602602616,0.26086058932778244,2,0.9988057324840764,Unilateral,1.0,"Unilateral pulmonary infection, one infected areas, upper left lung."
Train,Jun_radiopaedia_10_85902_3_case12_104.png,Jun_radiopaedia_10_85902_3_case12_104.png,512,512,2164,0.0082550048828125,0.014926910400390625,0.3479830060300017,0.25675164857425004,3,0.9967652495378928,Unilateral,1.0,"Unilateral pulmonary infection, one infected areas, upper left lung."
Train,Jun_radiopaedia_10_85902_3_case12_105.png,Jun_radiopaedia_10_85902_3_case12_105.png,512,512,2172,0.0082855224609375,0.01544952392578125,0.34952770179440884,0.257504333754996,3,0.9894106813996317,Unilateral,1.0,"Unilateral pulmonary infection, one infected areas, upper left lung."
Train,Jun_radiopaedia_10_85902_3_case12_106.png,Jun_radiopaedia_10_85902_3_case12_106.png,512,512,2397,0.009143829345703125,0.0157928466796875,0.34568161277918336,0.25874319415903935,1,1.0,Unilateral,1.0,"Unilateral pulmonary infection, one infected areas, upper left lung."
Train,Jun_radiopaedia_10_85902_3_case12_107.png,Jun_radiopaedia_10_85902_3_case12_107.png,512,512,2603,0.009929656982421875,0.0179290771484375,0.34633679489193936,0.2600409132019129,1,1.0,Unilateral,1.0,"Unilateral pulmonary infection, one infected areas, upper left lung."
Train,Jun_radiopaedia_10_85902_3_case12_108.png,Jun_radiopaedia_10_85902_3_case12_108.png,512,512,2543,0.009700775146484375,0.01685333251953125,0.34869289319593405,0.2609588656324526,1,1.0,Unilateral,1.0,"Unilateral pulmonary infection, one infected areas, upper left lung."
Train,Jun_radiopaedia_10_85902_3_case12_109.png,Jun_radiopaedia_10_85902_3_case12_109.png,512,512,2657,0.010135650634765625,0.016674041748046875,0.3433090746519735,0.2612874311256976,1,1.0,Unilateral,1.0,"Unilateral pulmonary infection, one infected areas, upper left lung."
Train,Jun_radiopaedia_10_85902_3_case12_110.png,Jun_radiopaedia_10_85902_3_case12_110.png,512,512,2807,0.010707855224609375,0.0172119140625,0.3410372586844323,0.2622134905955687,1,1.0,Unilateral,1.0,"Unilateral pulmonary infection, one infected areas, upper left lung."
Train,Jun_radiopaedia_10_85902_3_case12_111.png,Jun_radiopaedia_10_85902_3_case12_111.png,512,512,2515,0.009593963623046875,0.0179290771484375,0.3439286006077041,0.2593036691786658,1,1.0,Unilateral,1.0,"Unilateral pulmonary infection, one infected areas, upper left lung."
Train,Jun_radiopaedia_10_85902_3_case12_112.png,Jun_radiopaedia_10_85902_3_case12_112.png,512,512,2871,0.010951995849609375,0.01850128173828125,0.3409116470051756,0.2614702255703673,1,1.0,Unilateral,1.0,"Unilateral pulmonary infection, one infected areas, upper left lung."
Train,Jun_radiopaedia_10_85902_3_case12_113.png,Jun_radiopaedia_10_85902_3_case12_113.png,512,512,2767,0.010555267333984375,0.018505096435546875,0.3415343116418907,0.26005897009555584,1,1.0,Unilateral,1.0,"Unilateral pulmonary infection, one infected areas, upper left lung."
Train,Jun_radiopaedia_10_85902_3_case12_114.png,Jun_radiopaedia_10_85902_3_case12_114.png,512,512,2736,0.01043701171875,0.01831817626953125,0.3426552969180943,0.25945857795172866,1,1.0,Unilateral,1.0,"Unilateral pulmonary infection, one infected areas, upper left lung."
Train,Jun_radiopaedia_10_85902_3_case12_115.png,Jun_radiopaedia_10_85902_3_case12_115.png,512,512,2960,0.01129150390625,0.018310546875,0.3405107896546253,0.26045380017982755,1,1.0,Unilateral,1.0,"Unilateral pulmonary infection, one infected areas, upper left lung."
Train,Jun_radiopaedia_10_85902_3_case12_116.png,Jun_radiopaedia_10_85902_3_case12_116.png,512,512,3017,0.011508941650390625,0.01849365234375,0.3378461386779547,0.25973495268494834,1,1.0,Unilateral,1.0,"Unilateral pulmonary infection, one infected areas, upper left lung."
Train,Jun_radiopaedia_10_85902_3_case12_117.png,Jun_radiopaedia_10_85902_3_case12_117.png,512,512,3060,0.0116729736328125,0.0186920166015625,0.3387149380300065,0.2598825831702544,1,1.0,Unilateral,1.0,"Unilateral pulmonary infection, one infected areas, upper left lung."
Train,Jun_radiopaedia_10_85902_3_case12_118.png,Jun_radiopaedia_10_85902_3_case12_118.png,512,512,3100,0.0118255615234375,0.019252777099609375,0.3378467268480525,0.2595606337983713,1,1.0,Unilateral,1.0,"Unilateral pulmonary infection, one infected areas, upper left lung."
Train,Jun_radiopaedia_10_85902_3_case12_119.png,Jun_radiopaedia_10_85902_3_case12_119.png,512,512,3093,0.011798858642578125,0.019252777099609375,0.3374300785246403,0.25943754061155705,1,1.0,Unilateral,1.0,"Unilateral pulmonary infection, one infected areas, upper left lung."
Train,Jun_radiopaedia_10_85902_3_case12_120.png,Jun_radiopaedia_10_85902_3_case12_120.png,512,512,3059,0.011669158935546875,0.020427703857421875,0.3385441822884447,0.259450634584419,1,1.0,Unilateral,1.0,"Unilateral pulmonary infection, one infected areas, upper left lung."
Train,Jun_radiopaedia_10_85902_3_case12_121.png,Jun_radiopaedia_10_85902_3_case12_121.png,512,512,3354,0.01279449462890625,0.0216217041015625,0.3393243689516388,0.2620722168348801,1,1.0,Unilateral,1.0,"Unilateral pulmonary infection, one infected areas, upper left lung."
Train,Jun_radiopaedia_10_85902_3_case12_122.png,Jun_radiopaedia_10_85902_3_case12_122.png,512,512,3451,0.013164520263671875,0.021820068359375,0.33841973256000557,0.2627089569885583,1,1.0,Unilateral,1.0,"Unilateral pulmonary infection, one infected areas, upper left lung."
Train,Jun_radiopaedia_10_85902_3_case12_123.png,Jun_radiopaedia_10_85902_3_case12_123.png,512,512,3485,0.013294219970703125,0.020233154296875,0.34019940084286304,0.2633264732555234,1,1.0,Unilateral,1.0,"Unilateral pulmonary infection, one infected areas, upper left lung."
Train,Jun_radiopaedia_10_85902_3_case12_124.png,Jun_radiopaedia_10_85902_3_case12_124.png,512,512,3123,0.011913299560546875,0.02062225341796875,0.33980824048330266,0.2603692194707156,1,1.0,Unilateral,1.0,"Unilateral pulmonary infection, one infected areas, upper left lung."
Train,Jun_radiopaedia_10_85902_3_case12_125.png,Jun_radiopaedia_10_85902_3_case12_125.png,512,512,3288,0.012542724609375,0.020420074462890625,0.337675161055323,0.261145909218602,1,1.0,Unilateral,1.0,"Unilateral pulmonary infection, one infected areas, upper left lung."
Train,Jun_radiopaedia_10_85902_3_case12_126.png,Jun_radiopaedia_10_85902_3_case12_126.png,512,512,3469,0.013233184814453125,0.02062225341796875,0.34256447517542854,0.26337327145265954,1,1.0,Unilateral,1.0,"Unilateral pulmonary infection, one infected areas, upper left lung."
Train,Jun_radiopaedia_10_85902_3_case12_127.png,Jun_radiopaedia_10_85902_3_case12_127.png,512,512,3575,0.013637542724609375,0.0212249755859375,0.34120016969332034,0.263082123356096,1,1.0,Unilateral,1.0,"Unilateral pulmonary infection, one infected areas, upper left lung."
Train,Jun_radiopaedia_10_85902_3_case12_128.png,Jun_radiopaedia_10_85902_3_case12_128.png,512,512,3411,0.013011932373046875,0.02062225341796875,0.34470611656428696,0.26301346914351575,1,1.0,Unilateral,1.0,"Unilateral pulmonary infection, one infected areas, upper left lung."
Train,Jun_radiopaedia_10_85902_3_case12_129.png,Jun_radiopaedia_10_85902_3_case12_129.png,512,512,4022,0.01534271240234375,0.02121734619140625,0.3390681000096339,0.2674921006869264,1,1.0,Unilateral,1.0,"Unilateral pulmonary infection, one infected areas, upper left lung."
Train,Jun_radiopaedia_10_85902_3_case12_130.png,Jun_radiopaedia_10_85902_3_case12_130.png,512,512,3980,0.0151824951171875,0.0217437744140625,0.34098378389009626,0.268137163311666,1,1.0,Unilateral,1.0,"Unilateral pulmonary infection, one infected areas, upper left lung."
Train,Jun_radiopaedia_10_85902_3_case12_131.png,Jun_radiopaedia_10_85902_3_case12_131.png,512,512,4022,0.01534271240234375,0.022449493408203125,0.33872215534715616,0.2662771586022473,1,1.0,Unilateral,1.0,"Unilateral pulmonary infection, one infected areas, upper left lung."
Train,Jun_radiopaedia_10_85902_3_case12_132.png,Jun_radiopaedia_10_85902_3_case12_132.png,512,512,3943,0.015041351318359375,0.02143096923828125,0.33693488373708913,0.2650469781470098,1,1.0,Unilateral,1.0,"Unilateral pulmonary infection, one infected areas, upper left lung."
Train,Jun_radiopaedia_10_85902_3_case12_133.png,Jun_radiopaedia_10_85902_3_case12_133.png,512,512,3984,0.01519775390625,0.022216796875,0.3377929526324476,0.265920334960193,1,1.0,Unilateral,1.0,"Unilateral pulmonary infection, one infected areas, upper left lung."
Train,Jun_radiopaedia_10_85902_3_case12_134.png,Jun_radiopaedia_10_85902_3_case12_134.png,512,512,3895,0.014858245849609375,0.02121734619140625,0.3396029331598291,0.2650284247203374,1,1.0,Unilateral,1.0,"Unilateral pulmonary infection, one infected areas, upper left lung."
Train,Jun_radiopaedia_10_85902_3_case12_135.png,Jun_radiopaedia_10_85902_3_case12_135.png,512,512,3979,0.015178680419921875,0.02264404296875,0.339604843235204,0.2654857768450707,1,1.0,Unilateral,1.0,"Unilateral pulmonary infection, one infected areas, upper left lung."
Train,Jun_radiopaedia_10_85902_3_case12_136.png,Jun_radiopaedia_10_85902_3_case12_136.png,512,512,3815,0.014553070068359375,0.02223968505859375,0.33933720277101664,0.26393908072214683,1,1.0,Unilateral,1.0,"Unilateral pulmonary infection, one infected areas, upper left lung."
Train,Jun_radiopaedia_10_85902_3_case12_137.png,Jun_radiopaedia_10_85902_3_case12_137.png,512,512,3891,0.014842987060546875,0.022613525390625,0.3380745671807236,0.26413908155757104,1,1.0,Unilateral,1.0,"Unilateral pulmonary infection, one infected areas, upper left lung."
Train,Jun_radiopaedia_10_85902_3_case12_138.png,Jun_radiopaedia_10_85902_3_case12_138.png,512,512,4324,0.0164947509765625,0.02459716796875,0.3366854275323095,0.26801939206105824,1,1.0,Unilateral,1.0,"Unilateral pulmonary infection, one infected areas, upper left lung."
Train,Jun_radiopaedia_10_85902_3_case12_139.png,Jun_radiopaedia_10_85902_3_case12_139.png,512,512,4105,0.015659332275390625,0.025390625,0.3451449356543378,0.26855703154236515,1,1.0,Unilateral,1.0,"Unilateral pulmonary infection, one infected areas, upper left lung."
Train,Jun_radiopaedia_10_85902_3_case12_140.png,Jun_radiopaedia_10_85902_3_case12_140.png,512,512,4459,0.017009735107421875,0.0267181396484375,0.34463160546470584,0.27086931200514014,1,1.0,Unilateral,1.0,"Unilateral pulmonary infection, one infected areas, upper left lung."
Train,Jun_radiopaedia_10_85902_3_case12_141.png,Jun_radiopaedia_10_85902_3_case12_141.png,512,512,4360,0.016632080078125,0.0267181396484375,0.3403930052604176,0.2687162247078045,1,1.0,Unilateral,1.0,"Unilateral pulmonary infection, one infected areas, upper left lung."
Train,Jun_radiopaedia_10_85902_3_case12_142.png,Jun_radiopaedia_10_85902_3_case12_142.png,512,512,4428,0.0168914794921875,0.02790069580078125,0.34238620272699793,0.26860514038930344,1,1.0,Unilateral,1.0,"Unilateral pulmonary infection, one infected areas, upper left lung."
Train,Jun_radiopaedia_10_85902_3_case12_143.png,Jun_radiopaedia_10_85902_3_case12_143.png,512,512,4645,0.017719268798828125,0.028961181640625,0.3409490667110438,0.26945076982383265,1,1.0,Unilateral,1.0,"Unilateral pulmonary infection, one infected areas, upper left lung."
Train,Jun_radiopaedia_10_85902_3_case12_144.png,Jun_radiopaedia_10_85902_3_case12_144.png,512,512,4037,0.015399932861328125,0.025234222412109375,0.34202947588039595,0.263392872291383,1,1.0,Unilateral,1.0,"Unilateral pulmonary infection, one infected areas, upper left lung."
Train,Jun_radiopaedia_10_85902_3_case12_145.png,Jun_radiopaedia_10_85902_3_case12_145.png,512,512,3984,0.01519775390625,0.02685546875,0.3439049741038518,0.2612097116450145,1,1.0,Unilateral,1.0,"Unilateral pulmonary infection, one infected areas, upper left lung."
Train,Jun_radiopaedia_10_85902_3_case12_146.png,Jun_radiopaedia_10_85902_3_case12_146.png,512,512,4069,0.015522003173828125,0.0250701904296875,0.3381579687763766,0.2620082442831797,1,1.0,Unilateral,1.0,"Unilateral pulmonary infection, one infected areas, upper left lung."
Train,Jun_radiopaedia_10_85902_3_case12_147.png,Jun_radiopaedia_10_85902_3_case12_147.png,512,512,4076,0.0155487060546875,0.026836395263671875,0.3410138868350653,0.26039208079752796,1,1.0,Unilateral,1.0,"Unilateral pulmonary infection, one infected areas, upper left lung."
Train,Jun_radiopaedia_10_85902_3_case12_148.png,Jun_radiopaedia_10_85902_3_case12_148.png,512,512,3897,0.014865875244140625,0.02577972412109375,0.3386206560618912,0.2607756380416066,1,1.0,Unilateral,1.0,"Unilateral pulmonary infection, one infected areas, upper left lung."
Train,Jun_radiopaedia_10_85902_3_case12_149.png,Jun_radiopaedia_10_85902_3_case12_149.png,512,512,4138,0.01578521728515625,0.02777099609375,0.33915152294754647,0.26003278288479925,1,1.0,Unilateral,1.0,"Unilateral pulmonary infection, one infected areas, upper left lung."
Train,Jun_radiopaedia_10_85902_3_case12_150.png,Jun_radiopaedia_10_85902_3_case12_150.png,512,512,4167,0.015895843505859375,0.0266876220703125,0.3437144989261916,0.2620148900808092,1,1.0,Unilateral,1.0,"Unilateral pulmonary infection, one infected areas, upper left lung."
Train,Jun_radiopaedia_10_85902_3_case12_151.png,Jun_radiopaedia_10_85902_3_case12_151.png,512,512,4102,0.01564788818359375,0.0276947021484375,0.34166379628666654,0.260997212948483,1,1.0,Unilateral,1.0,"Unilateral pulmonary infection, one infected areas, upper left lung."
Train,Jun_radiopaedia_10_85902_3_case12_152.png,Jun_radiopaedia_10_85902_3_case12_152.png,512,512,4116,0.0157012939453125,0.027191162109375,0.34496613853816616,0.2649134017599212,1,1.0,Unilateral,1.0,"Unilateral pulmonary infection, one infected areas, upper left lung."
Train,Jun_radiopaedia_10_85902_3_case12_153.png,Jun_radiopaedia_10_85902_3_case12_153.png,512,512,4140,0.0157928466796875,0.0284271240234375,0.3414886979210982,0.2617506641330346,1,1.0,Unilateral,1.0,"Unilateral pulmonary infection, one infected areas, upper left lung."
Train,Jun_radiopaedia_10_85902_3_case12_154.png,Jun_radiopaedia_10_85902_3_case12_154.png,512,512,4197,0.016010284423828125,0.0299072265625,0.34112055624486226,0.26267201388374045,1,1.0,Unilateral,1.0,"Unilateral pulmonary infection, one infected areas, upper left lung."
Train,Jun_radiopaedia_10_85902_3_case12_155.png,Jun_radiopaedia_10_85902_3_case12_155.png,512,512,4282,0.01633453369140625,0.0791168212890625,0.3379833298447696,0.26807891039814413,2,0.9782811770200841,Unilateral,2.0,"Unilateral pulmonary infection, two infected areas, upper left lung."
Train,Jun_radiopaedia_10_85902_3_case12_156.png,Jun_radiopaedia_10_85902_3_case12_156.png,512,512,4253,0.016223907470703125,0.0818328857421875,0.33667589540800713,0.2740742922113687,2,0.9520338584528568,Unilateral,2.0,"Unilateral pulmonary infection, two infected areas, upper left lung."
Train,Jun_radiopaedia_10_85902_3_case12_157.png,Jun_radiopaedia_10_85902_3_case12_157.png,512,512,4275,0.016307830810546875,0.0787353515625,0.3364909991874664,0.2750959590757716,2,0.9506432748538012,Unilateral,2.0,"Unilateral pulmonary infection, two infected areas, upper left lung."
Train,Jun_radiopaedia_10_85902_3_case12_158.png,Jun_radiopaedia_10_85902_3_case12_158.png,512,512,4139,0.015789031982421875,0.08117294311523438,0.336150473586887,0.27797491192792156,3,0.9366996859144721,Unilateral,2.0,"Unilateral pulmonary infection, two infected areas, upper left lung."
Train,Jun_radiopaedia_10_85902_3_case12_159.png,Jun_radiopaedia_10_85902_3_case12_159.png,512,512,3954,0.01508331298828125,0.07985305786132812,0.3345290805119936,0.27716786092905993,2,0.9337379868487607,Unilateral,2.0,"Unilateral pulmonary infection, two infected areas, upper left lung."
Train,Jun_radiopaedia_10_85902_3_case12_160.png,Jun_radiopaedia_10_85902_3_case12_160.png,512,512,3985,0.015201568603515625,0.079193115234375,0.33707518654838226,0.2774347049969676,2,0.9372647427854455,Unilateral,2.0,"Unilateral pulmonary infection, two infected areas, upper left lung."
Train,Jun_radiopaedia_10_85902_3_case12_161.png,Jun_radiopaedia_10_85902_3_case12_161.png,512,512,3825,0.014591217041015625,0.07985305786132812,0.33705332361255,0.2768381873297264,2,0.9343790849673203,Unilateral,2.0,"Unilateral pulmonary infection, two infected areas, upper left lung."
Train,Jun_radiopaedia_10_85902_3_case12_162.png,Jun_radiopaedia_10_85902_3_case12_162.png,512,512,4191,0.015987396240234375,0.08117294311523438,0.3382091248556571,0.27956468081589425,2,0.9391553328561203,Unilateral,2.0,"Unilateral pulmonary infection, two infected areas, upper left lung."
Train,Jun_radiopaedia_10_85902_3_case12_163.png,Jun_radiopaedia_10_85902_3_case12_163.png,512,512,4013,0.015308380126953125,0.08051300048828125,0.3366295352238298,0.2789329980888921,2,0.9364565163219537,Unilateral,2.0,"Unilateral pulmonary infection, two infected areas, upper left lung."
Train,Jun_radiopaedia_10_85902_3_case12_164.png,Jun_radiopaedia_10_85902_3_case12_164.png,512,512,3869,0.014759063720703125,0.07965087890625,0.33009030079527213,0.27478593203338897,2,0.9348668906694236,Unilateral,2.0,"Unilateral pulmonary infection, two infected areas, upper left lung."
Train,Jun_radiopaedia_10_85902_3_case12_165.png,Jun_radiopaedia_10_85902_3_case12_165.png,512,512,3395,0.012950897216796875,0.079193115234375,0.33226599494479336,0.27411843709380374,2,0.9240058910162003,Unilateral,2.0,"Unilateral pulmonary infection, two infected areas, upper left lung."
Train,Jun_radiopaedia_10_85902_3_case12_166.png,Jun_radiopaedia_10_85902_3_case12_166.png,512,512,3478,0.01326751708984375,0.0780792236328125,0.33548815084810424,0.26609867560027867,2,0.9603220241518113,Unilateral,2.0,"Unilateral pulmonary infection, two infected areas, upper left lung."
Train,Jun_radiopaedia_10_85902_3_case12_167.png,Jun_radiopaedia_10_85902_3_case12_167.png,512,512,3550,0.01354217529296875,0.07781982421875,0.33860202309748905,0.26757586615583917,2,0.9622535211267605,Unilateral,2.0,"Unilateral pulmonary infection, two infected areas, upper left lung."
Train,Jun_radiopaedia_10_85902_3_case12_168.png,Jun_radiopaedia_10_85902_3_case12_168.png,512,512,3573,0.013629913330078125,0.07787322998046875,0.3399632928634688,0.26606704009140086,2,0.9697732997481109,Unilateral,2.0,"Unilateral pulmonary infection, two infected areas, upper left lung."
Train,Jun_radiopaedia_10_85902_3_case12_169.png,Jun_radiopaedia_10_85902_3_case12_169.png,512,512,3480,0.013275146484375,0.025634765625,0.3436455451334998,0.25735148570528826,1,1.0,Unilateral,1.0,"Unilateral pulmonary infection, one infected areas, upper left lung."
Train,Jun_radiopaedia_10_85902_3_case12_170.png,Jun_radiopaedia_10_85902_3_case12_170.png,512,512,3836,0.0146331787109375,0.02392578125,0.340133333605415,0.2587282088117719,1,1.0,Unilateral,1.0,"Unilateral pulmonary infection, one infected areas, upper left lung."
Train,Jun_radiopaedia_10_85902_3_case12_171.png,Jun_radiopaedia_10_85902_3_case12_171.png,512,512,3432,0.013092041015625,0.023708343505859375,0.34227017274962485,0.2555047692033994,1,1.0,Unilateral,1.0,"Unilateral pulmonary infection, one infected areas, upper left lung."
Train,Jun_radiopaedia_10_85902_3_case12_172.png,Jun_radiopaedia_10_85902_3_case12_172.png,512,512,3741,0.014270782470703125,0.02435302734375,0.3395651193654072,0.25729748787827905,1,1.0,Unilateral,1.0,"Unilateral pulmonary infection, one infected areas, upper left lung."
Train,Jun_radiopaedia_10_85902_3_case12_173.png,Jun_radiopaedia_10_85902_3_case12_173.png,512,512,3848,0.014678955078125,0.02349853515625,0.34165052829436393,0.2592507455521154,1,1.0,Unilateral,1.0,"Unilateral pulmonary infection, one infected areas, upper left lung."
Train,Jun_radiopaedia_10_85902_3_case12_174.png,Jun_radiopaedia_10_85902_3_case12_174.png,512,512,3322,0.01267242431640625,0.025882720947265625,0.34296471015150143,0.2539224360870011,3,0.9966887417218543,Unilateral,1.0,"Unilateral pulmonary infection, one infected areas, upper left lung."
Train,Jun_radiopaedia_10_85902_3_case12_175.png,Jun_radiopaedia_10_85902_3_case12_175.png,512,512,3185,0.012149810791015625,0.0234527587890625,0.34446263828427653,0.25253896229574174,1,1.0,Unilateral,1.0,"Unilateral pulmonary infection, one infected areas, upper left lung."
Train,Jun_radiopaedia_10_85902_3_case12_176.png,Jun_radiopaedia_10_85902_3_case12_176.png,512,512,3525,0.013446807861328125,0.02655029296875,0.3428016266255846,0.2561413443255472,1,1.0,Unilateral,1.0,"Unilateral pulmonary infection, one infected areas, upper left lung."
Train,Jun_radiopaedia_10_85902_3_case12_177.png,Jun_radiopaedia_10_85902_3_case12_177.png,512,512,3277,0.012500762939453125,0.02231597900390625,0.3436015829952817,0.25429563935798755,1,1.0,Unilateral,1.0,"Unilateral pulmonary infection, one infected areas, upper left lung."
Train,Jun_radiopaedia_10_85902_3_case12_178.png,Jun_radiopaedia_10_85902_3_case12_178.png,512,512,2907,0.011089324951171875,0.0205078125,0.3468798237872414,0.25208737664736647,3,0.9962160302717579,Unilateral,1.0,"Unilateral pulmonary infection, one infected areas, upper left lung."
Train,Jun_radiopaedia_10_85902_3_case12_179.png,Jun_radiopaedia_10_85902_3_case12_179.png,512,512,2855,0.010890960693359375,0.021205902099609375,0.34659693400187125,0.25241602434702737,2,0.9989492119089317,Unilateral,1.0,"Unilateral pulmonary infection, one infected areas, upper left lung."
Train,Jun_radiopaedia_10_85902_3_case12_180.png,Jun_radiopaedia_10_85902_3_case12_180.png,512,512,2846,0.01085662841796875,0.020000457763671875,0.3461561734600559,0.2531413608965376,1,1.0,Unilateral,1.0,"Unilateral pulmonary infection, one infected areas, upper left lung."
Train,Jun_radiopaedia_10_85902_3_case12_181.png,Jun_radiopaedia_10_85902_3_case12_181.png,512,512,2903,0.011074066162109375,0.01922607421875,0.3435052341426947,0.2543518986027681,1,1.0,Unilateral,1.0,"Unilateral pulmonary infection, one infected areas, upper left lung."
Train,Jun_radiopaedia_10_85902_3_case12_182.png,Jun_radiopaedia_10_85902_3_case12_182.png,512,512,3043,0.011608123779296875,0.018825531005859375,0.3433718784827775,0.25636329376780176,1,1.0,Unilateral,1.0,"Unilateral pulmonary infection, one infected areas, upper left lung."
Train,Jun_radiopaedia_10_85902_3_case12_183.png,Jun_radiopaedia_10_85902_3_case12_183.png,512,512,2852,0.0108795166015625,0.01750946044921875,0.34317593586263495,0.2554941360201788,1,1.0,Unilateral,1.0,"Unilateral pulmonary infection, one infected areas, upper left lung."
Train,Jun_radiopaedia_10_85902_3_case12_184.png,Jun_radiopaedia_10_85902_3_case12_184.png,512,512,2734,0.01042938232421875,0.01828765869140625,0.342475058586732,0.2550809763834987,1,1.0,Unilateral,1.0,"Unilateral pulmonary infection, one infected areas, upper left lung."
Train,Jun_radiopaedia_10_85902_3_case12_185.png,Jun_radiopaedia_10_85902_3_case12_185.png,512,512,2248,0.008575439453125,0.01828765869140625,0.3483444296648119,0.2514424650570022,1,1.0,Unilateral,1.0,"Unilateral pulmonary infection, one infected areas, upper left lung."
Train,Jun_radiopaedia_10_85902_3_case12_186.png,Jun_radiopaedia_10_85902_3_case12_186.png,512,512,2566,0.00978851318359375,0.0157012939453125,0.34509001499360137,0.25437796382927125,1,1.0,Unilateral,1.0,"Unilateral pulmonary infection, one infected areas, upper left lung."
Train,Jun_radiopaedia_10_85902_3_case12_187.png,Jun_radiopaedia_10_85902_3_case12_187.png,512,512,2767,0.010555267333984375,0.0182952880859375,0.339298002669143,0.2558197430295692,2,0.9981929887965305,Unilateral,1.0,"Unilateral pulmonary infection, one infected areas, upper left lung."
Train,Jun_radiopaedia_10_85902_3_case12_188.png,Jun_radiopaedia_10_85902_3_case12_188.png,512,512,2892,0.0110321044921875,0.01746368408203125,0.335746360159479,0.25690480250532544,2,0.9979253112033195,Unilateral,1.0,"Unilateral pulmonary infection, one infected areas, upper left lung."
Train,Jun_radiopaedia_10_85902_3_case12_189.png,Jun_radiopaedia_10_85902_3_case12_189.png,512,512,2613,0.009967803955078125,0.0150909423828125,0.343399665828617,0.2556808011725207,1,1.0,Unilateral,1.0,"Unilateral pulmonary infection, one infected areas, upper left lung."
Train,Jun_radiopaedia_10_85902_3_case12_190.png,Jun_radiopaedia_10_85902_3_case12_190.png,512,512,2112,0.008056640625,0.01348114013671875,0.34334044950483306,0.25209778805669214,1,1.0,Unilateral,1.0,"Unilateral pulmonary infection, one infected areas, upper left lung."
Train,Jun_radiopaedia_10_85902_3_case12_191.png,Jun_radiopaedia_10_85902_3_case12_191.png,512,512,1914,0.00730133056640625,0.012149810791015625,0.3457232422749664,0.24780329102483095,1,1.0,Unilateral,1.0,"Unilateral pulmonary infection, one infected areas, upper left lung."
Train,Jun_radiopaedia_10_85902_3_case12_192.png,Jun_radiopaedia_10_85902_3_case12_192.png,512,512,1600,0.006103515625,0.01154327392578125,0.3496367416829746,0.2455271526418787,1,1.0,Unilateral,1.0,"Unilateral pulmonary infection, one infected areas, upper left lung."
Train,Jun_radiopaedia_10_85902_3_case12_193.png,Jun_radiopaedia_10_85902_3_case12_193.png,512,512,1759,0.006710052490234375,0.011615753173828125,0.3464553000559605,0.24813622755323753,1,1.0,Unilateral,1.0,"Unilateral pulmonary infection, one infected areas, upper left lung."
Train,Jun_radiopaedia_10_85902_3_case12_194.png,Jun_radiopaedia_10_85902_3_case12_194.png,512,512,1670,0.00637054443359375,0.0130462646484375,0.3486647058134221,0.24773076156883883,1,1.0,Unilateral,1.0,"Unilateral pulmonary infection, one infected areas, upper left lung."
Train,Jun_radiopaedia_10_85902_3_case12_195.png,Jun_radiopaedia_10_85902_3_case12_195.png,512,512,1629,0.006214141845703125,0.01145172119140625,0.3487486470155054,0.25147792157555265,1,1.0,Unilateral,1.0,"Unilateral pulmonary infection, one infected areas, upper left lung."
Train,Jun_radiopaedia_10_85902_3_case12_196.png,Jun_radiopaedia_10_85902_3_case12_196.png,512,512,1705,0.006504058837890625,0.012050628662109375,0.3511222317232039,0.24941262890887284,2,0.9976539589442815,Unilateral,1.0,"Unilateral pulmonary infection, one infected areas, upper left lung."
Train,Jun_radiopaedia_10_85902_3_case12_197.png,Jun_radiopaedia_10_85902_3_case12_197.png,512,512,1634,0.00623321533203125,0.0229644775390625,0.33865964688720845,0.2493562673807807,2,0.996328029375765,Unilateral,1.0,"Unilateral pulmonary infection, one infected areas, upper left lung."
Train,Jun_radiopaedia_10_85902_3_case12_198.png,Jun_radiopaedia_10_85902_3_case12_198.png,512,512,1425,0.005435943603515625,0.00897216796875,0.3280090637552786,0.24445359975280667,1,1.0,Unilateral,1.0,"Unilateral pulmonary infection, one infected areas, upper left lung."
Train,Jun_radiopaedia_10_85902_3_case12_199.png,Jun_radiopaedia_10_85902_3_case12_199.png,512,512,1095,0.004177093505859375,0.00724029541015625,0.3345539679561072,0.23957143750726037,2,0.9926940639269406,Unilateral,1.0,"Unilateral pulmonary infection, one infected areas, upper left lung."
Train,Jun_radiopaedia_10_85902_3_case12_200.png,Jun_radiopaedia_10_85902_3_case12_200.png,512,512,933,0.003559112548828125,0.0059661865234375,0.32559154128990714,0.2379651944467167,1,1.0,Unilateral,1.0,"Unilateral pulmonary infection, one infected areas, upper left lung."
Train,Jun_radiopaedia_10_85902_3_case12_201.png,Jun_radiopaedia_10_85902_3_case12_201.png,512,512,649,0.002475738525390625,0.004638671875,0.3259719152451913,0.23420647149460708,2,0.987673343605547,Unilateral,1.0,"Unilateral pulmonary infection, one infected areas, upper left lung."
Train,Jun_radiopaedia_10_85902_3_case12_204.png,Jun_radiopaedia_10_85902_3_case12_204.png,512,512,3,1.1444091796875e-05,1.1444091796875e-05,0.2837573385518591,0.2328767123287671,1,1.0,Unknown,,"No pulmonary infection, zero infected areas."
Train,Jun_radiopaedia_10_85902_3_case12_55.png,Jun_radiopaedia_10_85902_3_case12_55.png,512,512,428,0.0016326904296875,0.003444671630859375,0.3764837134444099,0.2423596759149185,1,1.0,Unilateral,1.0,"Unilateral pulmonary infection, one infected areas, upper left lung."
Train,Jun_radiopaedia_10_85902_3_case12_56.png,Jun_radiopaedia_10_85902_3_case12_56.png,512,512,501,0.001911163330078125,0.003509521484375,0.37340192413607226,0.2414700930819379,1,1.0,Unilateral,1.0,"Unilateral pulmonary infection, one infected areas, upper left lung."
Train,Jun_radiopaedia_10_85902_3_case12_57.png,Jun_radiopaedia_10_85902_3_case12_57.png,512,512,488,0.001861572265625,0.00335693359375,0.3692735234673254,0.2424729716723878,1,1.0,Unilateral,1.0,"Unilateral pulmonary infection, one infected areas, upper left lung."
Train,Jun_radiopaedia_10_85902_3_case12_58.png,Jun_radiopaedia_10_85902_3_case12_58.png,512,512,407,0.001552581787109375,0.00246429443359375,0.36908888963683484,0.23998326738052764,1,1.0,Unilateral,1.0,"Unilateral pulmonary infection, one infected areas, upper left lung."
Train,Jun_radiopaedia_10_85902_3_case12_59.png,Jun_radiopaedia_10_85902_3_case12_59.png,512,512,440,0.001678466796875,0.0030517578125,0.3677548478918342,0.24304394235901086,1,1.0,Unilateral,1.0,"Unilateral pulmonary infection, one infected areas, upper left lung."
Train,Jun_radiopaedia_10_85902_3_case12_60.png,Jun_radiopaedia_10_85902_3_case12_60.png,512,512,512,0.001953125,0.00403594970703125,0.3668473275440313,0.2416867967221135,1,1.0,Unilateral,1.0,"Unilateral pulmonary infection, one infected areas, upper left lung."
Train,Jun_radiopaedia_10_85902_3_case12_61.png,Jun_radiopaedia_10_85902_3_case12_61.png,512,512,535,0.002040863037109375,0.0034332275390625,0.36474568831501364,0.24409532344495857,1,1.0,Unilateral,1.0,"Unilateral pulmonary infection, one infected areas, upper left lung."
Train,Jun_radiopaedia_10_85902_3_case12_62.png,Jun_radiopaedia_10_85902_3_case12_62.png,512,512,489,0.001865386962890625,0.00304412841796875,0.366745504824335,0.2439740834563929,1,1.0,Unilateral,1.0,"Unilateral pulmonary infection, one infected areas, upper left lung."
Train,Jun_radiopaedia_10_85902_3_case12_63.png,Jun_radiopaedia_10_85902_3_case12_63.png,512,512,597,0.002277374267578125,0.0041961669921875,0.35944562997636587,0.24404802879367482,1,1.0,Unilateral,1.0,"Unilateral pulmonary infection, one infected areas, upper left lung."
Train,Jun_radiopaedia_10_85902_3_case12_64.png,Jun_radiopaedia_10_85902_3_case12_64.png,512,512,521,0.001987457275390625,0.00335693359375,0.3642288088164038,0.24386716798569663,1,1.0,Unilateral,1.0,"Unilateral pulmonary infection, one infected areas, upper left lung."
Train,Jun_radiopaedia_10_85902_3_case12_65.png,Jun_radiopaedia_10_85902_3_case12_65.png,512,512,523,0.001995086669921875,0.0040283203125,0.36319517460982664,0.24020310342634132,1,1.0,Unilateral,1.0,"Unilateral pulmonary infection, one infected areas, upper left lung."
Train,Jun_radiopaedia_10_85902_3_case12_66.png,Jun_radiopaedia_10_85902_3_case12_66.png,512,512,625,0.002384185791015625,0.004291534423828125,0.3679091976516634,0.24356634050880627,1,1.0,Unilateral,1.0,"Unilateral pulmonary infection, one infected areas, upper left lung."
Train,Jun_radiopaedia_10_85902_3_case12_67.png,Jun_radiopaedia_10_85902_3_case12_67.png,512,512,760,0.002899169921875,0.005157470703125,0.3643294881038212,0.24013029148213,1,1.0,Unilateral,1.0,"Unilateral pulmonary infection, one infected areas, upper left lung."
Train,Jun_radiopaedia_10_85902_3_case12_68.png,Jun_radiopaedia_10_85902_3_case12_68.png,512,512,755,0.002880096435546875,0.0052337646484375,0.3684244631355218,0.24221303508248984,1,1.0,Unilateral,1.0,"Unilateral pulmonary infection, one infected areas, upper left lung."
Train,Jun_radiopaedia_10_85902_3_case12_69.png,Jun_radiopaedia_10_85902_3_case12_69.png,512,512,871,0.003322601318359375,0.0056610107421875,0.35838869778759375,0.24167286404047802,1,1.0,Unilateral,1.0,"Unilateral pulmonary infection, one infected areas, upper left lung."
Train,Jun_radiopaedia_10_85902_3_case12_70.png,Jun_radiopaedia_10_85902_3_case12_70.png,512,512,809,0.003086090087890625,0.005245208740234375,0.3584140261587474,0.244219265165131,1,1.0,Unilateral,1.0,"Unilateral pulmonary infection, one infected areas, upper left lung."
Train,Jun_radiopaedia_10_85902_3_case12_71.png,Jun_radiopaedia_10_85902_3_case12_71.png,512,512,817,0.003116607666015625,0.00597381591796875,0.3591872321772893,0.24230694608454875,2,0.9914320685434517,Unilateral,1.0,"Unilateral pulmonary infection, one infected areas, upper left lung."
Train,Jun_radiopaedia_10_85902_3_case12_72.png,Jun_radiopaedia_10_85902_3_case12_72.png,512,512,1145,0.004367828369140625,0.00743865966796875,0.3530999239439749,0.24226322221177757,1,1.0,Unilateral,1.0,"Unilateral pulmonary infection, one infected areas, upper left lung."
Train,Jun_radiopaedia_10_85902_3_case12_73.png,Jun_radiopaedia_10_85902_3_case12_73.png,512,512,1095,0.004177093505859375,0.00733184814453125,0.3573599978554004,0.24381595760841399,1,1.0,Unilateral,1.0,"Unilateral pulmonary infection, one infected areas, upper left lung."
Train,Jun_radiopaedia_10_85902_3_case12_74.png,Jun_radiopaedia_10_85902_3_case12_74.png,512,512,1061,0.004047393798828125,0.0067291259765625,0.36006167795769234,0.2444007517923312,1,1.0,Unilateral,1.0,"Unilateral pulmonary infection, one infected areas, upper left lung."
Train,Jun_radiopaedia_10_85902_3_case12_75.png,Jun_radiopaedia_10_85902_3_case12_75.png,512,512,1042,0.00397491455078125,0.007930755615234375,0.3610342146481815,0.24572457752853724,2,0.9932821497120922,Unilateral,1.0,"Unilateral pulmonary infection, one infected areas, upper left lung."
Train,Jun_radiopaedia_10_85902_3_case12_76.png,Jun_radiopaedia_10_85902_3_case12_76.png,512,512,1017,0.003879547119140625,0.00679779052734375,0.3588717824382754,0.2448377581120944,1,1.0,Unilateral,1.0,"Unilateral pulmonary infection, one infected areas, upper left lung."
Train,Jun_radiopaedia_10_85902_3_case12_77.png,Jun_radiopaedia_10_85902_3_case12_77.png,512,512,1116,0.0042572021484375,0.00827789306640625,0.3628400984786314,0.2468243447032665,2,0.9982078853046595,Unilateral,1.0,"Unilateral pulmonary infection, one infected areas, upper left lung."
Train,Jun_radiopaedia_10_85902_3_case12_78.png,Jun_radiopaedia_10_85902_3_case12_78.png,512,512,1169,0.004459381103515625,0.0085601806640625,0.35574252668830636,0.24468703074700474,1,1.0,Unilateral,1.0,"Unilateral pulmonary infection, one infected areas, upper left lung."
Train,Jun_radiopaedia_10_85902_3_case12_79.png,Jun_radiopaedia_10_85902_3_case12_79.png,512,512,1337,0.005100250244140625,0.00933837890625,0.3548470668479685,0.24795998870034996,1,1.0,Unilateral,1.0,"Unilateral pulmonary infection, one infected areas, upper left lung."
Train,Jun_radiopaedia_10_85902_3_case12_80.png,Jun_radiopaedia_10_85902_3_case12_80.png,512,512,1240,0.004730224609375,0.009189605712890625,0.3509311280853481,0.2443564168928729,1,1.0,Unilateral,1.0,"Unilateral pulmonary infection, one infected areas, upper left lung."
Train,Jun_radiopaedia_10_85902_3_case12_81.png,Jun_radiopaedia_10_85902_3_case12_81.png,512,512,1560,0.005950927734375,0.00998687744140625,0.3468826835265192,0.2471072306688745,1,1.0,Unilateral,1.0,"Unilateral pulmonary infection, one infected areas, upper left lung."
Train,Jun_radiopaedia_10_85902_3_case12_82.png,Jun_radiopaedia_10_85902_3_case12_82.png,512,512,1522,0.00580596923828125,0.00920867919921875,0.3536776977455249,0.24992221070740683,1,1.0,Unilateral,1.0,"Unilateral pulmonary infection, one infected areas, upper left lung."
Train,Jun_radiopaedia_10_85902_3_case12_83.png,Jun_radiopaedia_10_85902_3_case12_83.png,512,512,1551,0.005916595458984375,0.0108489990234375,0.35125750573142,0.24750019241421164,1,1.0,Unilateral,1.0,"Unilateral pulmonary infection, one infected areas, upper left lung."
Train,Jun_radiopaedia_10_85902_3_case12_84.png,Jun_radiopaedia_10_85902_3_case12_84.png,512,512,1748,0.0066680908203125,0.0121917724609375,0.3516728091819782,0.24895099571442006,2,0.9988558352402745,Unilateral,1.0,"Unilateral pulmonary infection, one infected areas, upper left lung."
Train,Jun_radiopaedia_10_85902_3_case12_85.png,Jun_radiopaedia_10_85902_3_case12_85.png,512,512,1581,0.006031036376953125,0.01050567626953125,0.35256612587589164,0.24803964891303407,1,1.0,Unilateral,1.0,"Unilateral pulmonary infection, one infected areas, upper left lung."
Train,Jun_radiopaedia_10_85902_3_case12_86.png,Jun_radiopaedia_10_85902_3_case12_86.png,512,512,1667,0.006359100341796875,0.0112152099609375,0.3528550649948288,0.2489114701521535,1,1.0,Unilateral,1.0,"Unilateral pulmonary infection, one infected areas, upper left lung."
Train,Jun_radiopaedia_10_85902_3_case12_87.png,Jun_radiopaedia_10_85902_3_case12_87.png,512,512,1630,0.00621795654296875,0.0115966796875,0.3506873326690118,0.24961881550670525,3,0.9932515337423313,Unilateral,1.0,"Unilateral pulmonary infection, one infected areas, upper left lung."
Train,Jun_radiopaedia_10_85902_3_case12_88.png,Jun_radiopaedia_10_85902_3_case12_88.png,512,512,1947,0.007427215576171875,0.01174163818359375,0.344921234635653,0.2514239881316733,2,0.9979455572675912,Unilateral,1.0,"Unilateral pulmonary infection, one infected areas, upper left lung."
Train,Jun_radiopaedia_10_85902_3_case12_89.png,Jun_radiopaedia_10_85902_3_case12_89.png,512,512,1976,0.007537841796875,0.01282501220703125,0.34922593628433574,0.25260464121314874,1,1.0,Unilateral,1.0,"Unilateral pulmonary infection, one infected areas, upper left lung."
Train,Jun_radiopaedia_10_85902_3_case12_90.png,Jun_radiopaedia_10_85902_3_case12_90.png,512,512,2002,0.00763702392578125,0.012664794921875,0.34793973150137536,0.2526475481465697,1,1.0,Unilateral,1.0,"Unilateral pulmonary infection, one infected areas, upper left lung."
Train,Jun_radiopaedia_10_85902_3_case12_91.png,Jun_radiopaedia_10_85902_3_case12_91.png,512,512,2000,0.00762939453125,0.0137786865234375,0.3517005870841487,0.25415166340508805,1,1.0,Unilateral,1.0,"Unilateral pulmonary infection, one infected areas, upper left lung."
Train,Jun_radiopaedia_10_85902_3_case12_92.png,Jun_radiopaedia_10_85902_3_case12_92.png,512,512,2071,0.007900238037109375,0.015106201171875,0.35361118644292017,0.25546523087913325,1,1.0,Unilateral,1.0,"Unilateral pulmonary infection, one infected areas, upper left lung."
Train,Jun_radiopaedia_10_85902_3_case12_93.png,Jun_radiopaedia_10_85902_3_case12_93.png,512,512,2116,0.0080718994140625,0.01361846923828125,0.3528553301839678,0.25682434457067393,1,1.0,Unilateral,1.0,"Unilateral pulmonary infection, one infected areas, upper left lung."
Train,Jun_radiopaedia_10_85902_3_case12_94.png,Jun_radiopaedia_10_85902_3_case12_94.png,512,512,1999,0.007625579833984375,0.0128173828125,0.3486821688730863,0.25395085018047187,1,1.0,Unilateral,1.0,"Unilateral pulmonary infection, one infected areas, upper left lung."
Train,Jun_radiopaedia_10_85902_3_case12_95.png,Jun_radiopaedia_10_85902_3_case12_95.png,512,512,1922,0.00733184814453125,0.012969970703125,0.3472613939735802,0.2527577478613072,1,1.0,Unilateral,1.0,"Unilateral pulmonary infection, one infected areas, upper left lung."
Train,Jun_radiopaedia_10_85902_3_case12_96.png,Jun_radiopaedia_10_85902_3_case12_96.png,512,512,1952,0.0074462890625,0.015171051025390625,0.3509351640948317,0.2547008838343332,3,0.9933401639344263,Unilateral,1.0,"Unilateral pulmonary infection, one infected areas, upper left lung."
Train,Jun_radiopaedia_10_85902_3_case12_97.png,Jun_radiopaedia_10_85902_3_case12_97.png,512,512,2118,0.00807952880859375,0.01409912109375,0.34841975130694136,0.2558934785059198,2,0.9990557129367328,Unilateral,1.0,"Unilateral pulmonary infection, one infected areas, upper left lung."
Train,Jun_radiopaedia_10_85902_3_case12_98.png,Jun_radiopaedia_10_85902_3_case12_98.png,512,512,1993,0.007602691650390625,0.01410675048828125,0.34980356885105696,0.25390824834081716,1,1.0,Unilateral,1.0,"Unilateral pulmonary infection, one infected areas, upper left lung."
Train,Jun_radiopaedia_10_85902_3_case12_99.png,Jun_radiopaedia_10_85902_3_case12_99.png,512,512,2183,0.008327484130859375,0.0147705078125,0.35152615881661625,0.2567500333927081,1,1.0,Unilateral,1.0,"Unilateral pulmonary infection, one infected areas, upper left lung."
Train,Jun_radiopaedia_14_85914_0_case13_1.png,Jun_radiopaedia_14_85914_0_case13_1.png,512,512,1371,0.005229949951171875,0.01039886474609375,0.7410463600925516,0.2825954457800026,1,1.0,Unilateral,1.0,"Unilateral pulmonary infection, one infected areas, left lung and upper right lung."
Train,Jun_radiopaedia_14_85914_0_case13_10.png,Jun_radiopaedia_14_85914_0_case13_10.png,512,512,4339,0.016551971435546875,0.08768844604492188,0.6929261704587122,0.30100048303535626,2,0.8873012214796036,Bilateral,2.0,"Bilateral pulmonary infection, two infected areas, middle left lung and upper right lung."
Train,Jun_radiopaedia_14_85914_0_case13_100.png,Jun_radiopaedia_14_85914_0_case13_100.png,512,512,912,0.00347900390625,0.055450439453125,0.6111661860129776,0.37674236962268687,3,0.5010964912280702,Bilateral,3.0,"Bilateral pulmonary infection, three infected areas, middle left lung and upper right lung."
Train,Jun_radiopaedia_14_85914_0_case13_101.png,Jun_radiopaedia_14_85914_0_case13_101.png,512,512,537,0.002048492431640625,0.048946380615234375,0.5512213609711123,0.3778803018873425,3,0.5195530726256983,Bilateral,3.0,"Bilateral pulmonary infection, three infected areas, middle left lung and upper right lung."
Train,Jun_radiopaedia_14_85914_0_case13_102.png,Jun_radiopaedia_14_85914_0_case13_102.png,512,512,203,0.000774383544921875,0.001007080078125,0.4475817724350014,0.3976651595924151,1,1.0,Unilateral,1.0,"Unilateral pulmonary infection, one infected areas, middle left lung."
Train,Jun_radiopaedia_14_85914_0_case13_103.png,Jun_radiopaedia_14_85914_0_case13_103.png,512,512,209,0.000797271728515625,0.0010528564453125,0.4470922012378393,0.40295321117238925,1,1.0,Unilateral,1.0,"Unilateral pulmonary infection, one infected areas, middle left lung."
Train,Jun_radiopaedia_14_85914_0_case13_11.png,Jun_radiopaedia_14_85914_0_case13_11.png,512,512,3898,0.01486968994140625,0.09218215942382812,0.7027081979920456,0.2981292026921328,2,0.8971267316572601,Bilateral,2.0,"Bilateral pulmonary infection, two infected areas, middle left lung and upper right lung."
Train,Jun_radiopaedia_14_85914_0_case13_12.png,Jun_radiopaedia_14_85914_0_case13_12.png,512,512,4050,0.01544952392578125,0.0955963134765625,0.6977980720446474,0.304933439636636,2,0.8674074074074074,Bilateral,2.0,"Bilateral pulmonary infection, two infected areas, middle left lung and upper right lung."
Train,Jun_radiopaedia_14_85914_0_case13_13.png,Jun_radiopaedia_14_85914_0_case13_13.png,512,512,4491,0.017131805419921875,0.10711669921875,0.7095112163879835,0.30505803954070354,3,0.8508127365842797,Bilateral,3.0,"Bilateral pulmonary infection, three infected areas, middle left lung and upper right lung."
Train,Jun_radiopaedia_14_85914_0_case13_14.png,Jun_radiopaedia_14_85914_0_case13_14.png,512,512,3871,0.014766693115234375,0.1112213134765625,0.7230558303729726,0.3032499680245652,4,0.8496512529062258,Bilateral,4.0,"Bilateral pulmonary infection, four infected areas, middle left lung and upper right lung."
Train,Jun_radiopaedia_14_85914_0_case13_15.png,Jun_radiopaedia_14_85914_0_case13_15.png,512,512,3938,0.01502227783203125,0.17655181884765625,0.7323464780417409,0.29747286462676376,4,0.8864906043676993,Bilateral,4.0,"Bilateral pulmonary infection, four infected areas, middle left lung and upper right lung."
Train,Jun_radiopaedia_14_85914_0_case13_16.png,Jun_radiopaedia_14_85914_0_case13_16.png,512,512,4640,0.0177001953125,0.247467041015625,0.7345704838383157,0.33306101963695256,4,0.7135775862068966,Bilateral,4.0,"Bilateral pulmonary infection, four infected areas, middle left lung and upper right lung."
Train,Jun_radiopaedia_14_85914_0_case13_17.png,Jun_radiopaedia_14_85914_0_case13_17.png,512,512,5338,0.02036285400390625,0.24658203125,0.7148961146276851,0.3292231821617924,4,0.8827276133383289,Bilateral,4.0,"Bilateral pulmonary infection, four infected areas, upper left lung and upper right lung."
Train,Jun_radiopaedia_14_85914_0_case13_18.png,Jun_radiopaedia_14_85914_0_case13_18.png,512,512,4845,0.018482208251953125,0.2398834228515625,0.7156153881884405,0.31298552586139,4,0.9015479876160991,Bilateral,4.0,"Bilateral pulmonary infection, four infected areas, upper left lung and upper right lung."
Train,Jun_radiopaedia_14_85914_0_case13_19.png,Jun_radiopaedia_14_85914_0_case13_19.png,512,512,4313,0.016452789306640625,0.1293182373046875,0.7201370452865614,0.30847485620090903,2,0.9274287039183863,Bilateral,2.0,"Bilateral pulmonary infection, two infected areas, upper left lung and upper right lung."
Train,Jun_radiopaedia_14_85914_0_case13_2.png,Jun_radiopaedia_14_85914_0_case13_2.png,512,512,1559,0.005947113037109375,0.01495361328125,0.7283207535564595,0.2812493331442078,1,1.0,Unilateral,1.0,"Unilateral pulmonary infection, one infected areas, left lung and upper right lung."
Train,Jun_radiopaedia_14_85914_0_case13_20.png,Jun_radiopaedia_14_85914_0_case13_20.png,512,512,5064,0.019317626953125,0.135101318359375,0.6984728547005375,0.30457733960298394,2,0.8641390205371248,Bilateral,2.0,"Bilateral pulmonary infection, two infected areas, upper left lung and upper right lung."
Train,Jun_radiopaedia_14_85914_0_case13_21.png,Jun_radiopaedia_14_85914_0_case13_21.png,512,512,4863,0.018550872802734375,0.1316070556640625,0.6838872383141521,0.3060274214052112,2,0.8276783878264445,Bilateral,2.0,"Bilateral pulmonary infection, two infected areas, upper left lung and upper right lung."
Train,Jun_radiopaedia_14_85914_0_case13_22.png,Jun_radiopaedia_14_85914_0_case13_22.png,512,512,6088,0.023223876953125,0.15369415283203125,0.7020062565735167,0.33750845396031076,2,0.8659658344283837,Bilateral,2.0,"Bilateral pulmonary infection, two infected areas, upper left lung and upper right lung."
Train,Jun_radiopaedia_14_85914_0_case13_23.png,Jun_radiopaedia_14_85914_0_case13_23.png,512,512,7070,0.02696990966796875,0.1732177734375,0.7127456217805175,0.3627501889132162,2,0.8762376237623762,Bilateral,2.0,"Bilateral pulmonary infection, two infected areas, upper left lung and upper right lung."
Train,Jun_radiopaedia_14_85914_0_case13_24.png,Jun_radiopaedia_14_85914_0_case13_24.png,512,512,7833,0.029880523681640625,0.17314910888671875,0.7116502188667895,0.3765877866810171,3,0.8811438784629133,Bilateral,3.0,"Bilateral pulmonary infection, three infected areas, upper left lung and upper right lung."
Train,Jun_radiopaedia_14_85914_0_case13_25.png,Jun_radiopaedia_14_85914_0_case13_25.png,512,512,10167,0.038784027099609375,0.45037841796875,0.6539306304865304,0.39449163740484977,6,0.7528277761384873,Bilateral,6.0,"Bilateral pulmonary infection, six infected areas, all left lung and upper right lung."
Train,Jun_radiopaedia_14_85914_0_case13_26.png,Jun_radiopaedia_14_85914_0_case13_26.png,512,512,11995,0.045757293701171875,0.391845703125,0.6511878318510077,0.3778015790989233,5,0.7483951646519383,Bilateral,5.0,"Bilateral pulmonary infection, five infected areas, all left lung and upper right lung."
Train,Jun_radiopaedia_14_85914_0_case13_27.png,Jun_radiopaedia_14_85914_0_case13_27.png,512,512,13815,0.052700042724609375,0.3856964111328125,0.6414521497025625,0.3902020903850362,5,0.7128483532392327,Bilateral,5.0,"Bilateral pulmonary infection, five infected areas, all left lung and upper right lung."
Train,Jun_radiopaedia_14_85914_0_case13_28.png,Jun_radiopaedia_14_85914_0_case13_28.png,512,512,14720,0.05615234375,0.380859375,0.6075180273121755,0.3875523802433421,5,0.6277173913043478,Bilateral,5.0,"Bilateral pulmonary infection, five infected areas, all left lung and upper right lung."
Train,Jun_radiopaedia_14_85914_0_case13_29.png,Jun_radiopaedia_14_85914_0_case13_29.png,512,512,16159,0.061641693115234375,0.4437980651855469,0.5846528305008121,0.4117856927894509,6,0.5603688347051179,Bilateral,6.0,"Bilateral pulmonary infection, six infected areas, all left lung and upper right lung."
Train,Jun_radiopaedia_14_85914_0_case13_3.png,Jun_radiopaedia_14_85914_0_case13_3.png,512,512,1895,0.007228851318359375,0.012630462646484375,0.7259551089745906,0.27774192049321267,1,1.0,Unilateral,1.0,"Unilateral pulmonary infection, one infected areas, left lung and upper right lung."
Train,Jun_radiopaedia_14_85914_0_case13_30.png,Jun_radiopaedia_14_85914_0_case13_30.png,512,512,17372,0.0662689208984375,0.4189300537109375,0.5968596472808888,0.40905242392441127,5,0.5800138153350218,Bilateral,5.0,"Bilateral pulmonary infection, five infected areas, all left lung and upper right lung."
Train,Jun_radiopaedia_14_85914_0_case13_31.png,Jun_radiopaedia_14_85914_0_case13_31.png,512,512,15957,0.060871124267578125,0.24715805053710938,0.6138582813130248,0.37799887098730484,4,0.6057529610829103,Bilateral,4.0,"Bilateral pulmonary infection, four infected areas, upper left lung and upper right lung."
Train,Jun_radiopaedia_14_85914_0_case13_32.png,Jun_radiopaedia_14_85914_0_case13_32.png,512,512,15109,0.057636260986328125,0.2583503723144531,0.591584777492297,0.3697526609961093,4,0.5528492951221127,Bilateral,4.0,"Bilateral pulmonary infection, four infected areas, upper left lung and upper right lung."
Train,Jun_radiopaedia_14_85914_0_case13_33.png,Jun_radiopaedia_14_85914_0_case13_33.png,512,512,12617,0.048130035400390625,0.2648277282714844,0.5578208322353263,0.34961806415628777,4,0.47325037647618295,Bilateral,4.0,"Bilateral pulmonary infection, four infected areas, upper left lung and upper right lung."
Train,Jun_radiopaedia_14_85914_0_case13_34.png,Jun_radiopaedia_14_85914_0_case13_34.png,512,512,16153,0.061618804931640625,0.2774505615234375,0.5459612417122325,0.3744918182695974,2,0.6122082585278277,Bilateral,2.0,"Bilateral pulmonary infection, two infected areas, upper left lung and upper right lung."
Train,Jun_radiopaedia_14_85914_0_case13_35.png,Jun_radiopaedia_14_85914_0_case13_35.png,512,512,13448,0.051300048828125,0.2725830078125,0.5425934322944012,0.3569194846046117,4,0.43932183224271265,Bilateral,4.0,"Bilateral pulmonary infection, four infected areas, upper left lung and upper right lung."
Train,Jun_radiopaedia_14_85914_0_case13_36.png,Jun_radiopaedia_14_85914_0_case13_36.png,512,512,13550,0.05168914794921875,0.21837615966796875,0.5549751951531258,0.3318622771354915,4,0.4949077490774908,Bilateral,4.0,"Bilateral pulmonary infection, four infected areas, upper left lung and upper right lung."
Train,Jun_radiopaedia_14_85914_0_case13_37.png,Jun_radiopaedia_14_85914_0_case13_37.png,512,512,15067,0.057476043701171875,0.27777099609375,0.5652000321590309,0.353467752713678,7,0.4361186699409305,Bilateral,7.0,"Bilateral pulmonary infection, seven infected areas, upper left lung and upper right lung."
Train,Jun_radiopaedia_14_85914_0_case13_38.png,Jun_radiopaedia_14_85914_0_case13_38.png,512,512,15885,0.060596466064453125,0.271728515625,0.5849449966645046,0.3476449800948229,6,0.45149512118350643,Bilateral,6.0,"Bilateral pulmonary infection, six infected areas, upper left lung and upper right lung."
Train,Jun_radiopaedia_14_85914_0_case13_39.png,Jun_radiopaedia_14_85914_0_case13_39.png,512,512,21912,0.083587646484375,0.318603515625,0.5298502317399826,0.4086381998372426,4,0.32420591456736036,Bilateral,4.0,"Bilateral pulmonary infection, four infected areas, all left lung and upper right lung."
Train,Jun_radiopaedia_14_85914_0_case13_4.png,Jun_radiopaedia_14_85914_0_case13_4.png,512,512,2124,0.0081024169921875,0.01373291015625,0.7251991037108289,0.27741476592184744,1,1.0,Unilateral,1.0,"Unilateral pulmonary infection, one infected areas, left lung and upper right lung."
Train,Jun_radiopaedia_14_85914_0_case13_40.png,Jun_radiopaedia_14_85914_0_case13_40.png,512,512,23377,0.08917617797851562,0.31640625,0.5155573406781566,0.40718824187589003,3,0.42323651452282157,Bilateral,3.0,"Bilateral pulmonary infection, three infected areas, upper left lung and upper right lung."
Train,Jun_radiopaedia_14_85914_0_case13_41.png,Jun_radiopaedia_14_85914_0_case13_41.png,512,512,22450,0.08563995361328125,0.355224609375,0.5250016780059188,0.41045933777605376,5,0.4073496659242762,Bilateral,5.0,"Bilateral pulmonary infection, five infected areas, upper left lung and upper right lung."
Train,Jun_radiopaedia_14_85914_0_case13_42.png,Jun_radiopaedia_14_85914_0_case13_42.png,512,512,23434,0.08939361572265625,0.3585548400878906,0.5473026881342395,0.39524144672792993,4,0.46731245199283095,Bilateral,4.0,"Bilateral pulmonary infection, four infected areas, upper left lung and upper right lung."
Train,Jun_radiopaedia_14_85914_0_case13_43.png,Jun_radiopaedia_14_85914_0_case13_43.png,512,512,24391,0.09304428100585938,0.3147010803222656,0.5380936361227205,0.4078781424703427,3,0.442827272354557,Bilateral,3.0,"Bilateral pulmonary infection, three infected areas, upper left lung and upper right lung."
Train,Jun_radiopaedia_14_85914_0_case13_44.png,Jun_radiopaedia_14_85914_0_case13_44.png,512,512,26495,0.10107040405273438,0.30205535888671875,0.5422744534378418,0.39235627295922987,4,0.38788450651066236,Bilateral,4.0,"Bilateral pulmonary infection, four infected areas, upper left lung and upper right lung."
Train,Jun_radiopaedia_14_85914_0_case13_45.png,Jun_radiopaedia_14_85914_0_case13_45.png,512,512,25217,0.09619522094726562,0.30155181884765625,0.5160836037131166,0.3907018585526941,4,0.3620573422691042,Bilateral,4.0,"Bilateral pulmonary infection, four infected areas, upper left lung and upper right lung."
Train,Jun_radiopaedia_14_85914_0_case13_46.png,Jun_radiopaedia_14_85914_0_case13_46.png,512,512,24923,0.09507369995117188,0.2935066223144531,0.5206778953540898,0.38802863111926805,3,0.4162821490189785,Bilateral,3.0,"Bilateral pulmonary infection, three infected areas, upper left lung and upper right lung."
Train,Jun_radiopaedia_14_85914_0_case13_47.png,Jun_radiopaedia_14_85914_0_case13_47.png,512,512,22454,0.08565521240234375,0.30608367919921875,0.5248671909711649,0.37194345752664676,4,0.43493364211276386,Bilateral,4.0,"Bilateral pulmonary infection, four infected areas, upper left lung and upper right lung."
Train,Jun_radiopaedia_14_85914_0_case13_48.png,Jun_radiopaedia_14_85914_0_case13_48.png,512,512,23300,0.0888824462890625,0.294219970703125,0.5235813812855379,0.3695028682294248,3,0.4284549356223176,Bilateral,3.0,"Bilateral pulmonary infection, three infected areas, upper left lung and upper right lung."
Train,Jun_radiopaedia_14_85914_0_case13_49.png,Jun_radiopaedia_14_85914_0_case13_49.png,512,512,23777,0.09070205688476562,0.2970428466796875,0.5167938856532818,0.3712069591171129,3,0.58846784707911,Bilateral,3.0,"Bilateral pulmonary infection, three infected areas, upper left lung and upper right lung."
Train,Jun_radiopaedia_14_85914_0_case13_5.png,Jun_radiopaedia_14_85914_0_case13_5.png,512,512,2144,0.0081787109375,0.0544281005859375,0.7125387008207494,0.28031168764786635,2,0.9505597014925373,Bilateral,2.0,"Bilateral pulmonary infection, two infected areas, middle left lung and upper right lung."
Train,Jun_radiopaedia_14_85914_0_case13_50.png,Jun_radiopaedia_14_85914_0_case13_50.png,512,512,20612,0.0786285400390625,0.4241485595703125,0.558098601578394,0.3807778456719491,7,0.503299049097613,Bilateral,7.0,"Bilateral pulmonary infection, seven infected areas, upper left lung and upper right lung."
Train,Jun_radiopaedia_14_85914_0_case13_51.png,Jun_radiopaedia_14_85914_0_case13_51.png,512,512,19904,0.075927734375,0.4233551025390625,0.5760316839813492,0.3908092503508032,7,0.5782254823151125,Bilateral,7.0,"Bilateral pulmonary infection, seven infected areas, upper left lung and upper right lung."
Train,Jun_radiopaedia_14_85914_0_case13_52.png,Jun_radiopaedia_14_85914_0_case13_52.png,512,512,17916,0.0683441162109375,0.406219482421875,0.5952505473466304,0.3796208791712925,5,0.6568430453226166,Bilateral,5.0,"Bilateral pulmonary infection, five infected areas, all left lung and upper right lung."
Train,Jun_radiopaedia_14_85914_0_case13_53.png,Jun_radiopaedia_14_85914_0_case13_53.png,512,512,17398,0.06636810302734375,0.4032135009765625,0.611537664652729,0.3884481627215401,6,0.6881825497183585,Bilateral,6.0,"Bilateral pulmonary infection, six infected areas, all left lung and upper right lung."
Train,Jun_radiopaedia_14_85914_0_case13_54.png,Jun_radiopaedia_14_85914_0_case13_54.png,512,512,16531,0.06306076049804688,0.39971923828125,0.5962241846280386,0.3928456303587129,5,0.6716472082753614,Bilateral,5.0,"Bilateral pulmonary infection, five infected areas, all left lung and upper right lung."
Train,Jun_radiopaedia_14_85914_0_case13_55.png,Jun_radiopaedia_14_85914_0_case13_55.png,512,512,18359,0.07003402709960938,0.39673614501953125,0.5639984825371859,0.41446134813502694,5,0.6007952502859633,Bilateral,5.0,"Bilateral pulmonary infection, five infected areas, all left lung and upper right lung."
Train,Jun_radiopaedia_14_85914_0_case13_56.png,Jun_radiopaedia_14_85914_0_case13_56.png,512,512,16830,0.06420135498046875,0.4063758850097656,0.5808579637749662,0.4173563655433115,5,0.6260843731431966,Bilateral,5.0,"Bilateral pulmonary infection, five infected areas, all left lung and upper right lung."
Train,Jun_radiopaedia_14_85914_0_case13_57.png,Jun_radiopaedia_14_85914_0_case13_57.png,512,512,17314,0.06604766845703125,0.39892578125,0.5868283689296377,0.4217317207865675,6,0.6267182626776019,Bilateral,6.0,"Bilateral pulmonary infection, six infected areas, all left lung and upper right lung."
Train,Jun_radiopaedia_14_85914_0_case13_58.png,Jun_radiopaedia_14_85914_0_case13_58.png,512,512,17630,0.06725311279296875,0.41878509521484375,0.5650989629179047,0.43143780670956483,6,0.5873511060692003,Bilateral,6.0,"Bilateral pulmonary infection, six infected areas, all left lung and upper right lung."
Train,Jun_radiopaedia_14_85914_0_case13_59.png,Jun_radiopaedia_14_85914_0_case13_59.png,512,512,23538,0.08979034423828125,0.41259765625,0.5073223811469284,0.4488437649807722,7,0.4649078086498428,Bilateral,7.0,"Bilateral pulmonary infection, seven infected areas, all left lung and upper right lung."
Train,Jun_radiopaedia_14_85914_0_case13_6.png,Jun_radiopaedia_14_85914_0_case13_6.png,512,512,3023,0.011531829833984375,0.062137603759765625,0.7048719115612658,0.2885017863697303,2,0.9328481640754218,Bilateral,2.0,"Bilateral pulmonary infection, two infected areas, middle left lung and upper right lung."
Train,Jun_radiopaedia_14_85914_0_case13_60.png,Jun_radiopaedia_14_85914_0_case13_60.png,512,512,22575,0.08611679077148438,0.3906211853027344,0.4822770803128515,0.43857071340801373,7,0.5800221483942414,Bilateral,7.0,"Bilateral pulmonary infection, seven infected areas, upper left lung and upper right lung."
Train,Jun_radiopaedia_14_85914_0_case13_61.png,Jun_radiopaedia_14_85914_0_case13_61.png,512,512,24287,0.09264755249023438,0.4154205322265625,0.49743393923464324,0.4592429715848242,7,0.5191666323547577,Bilateral,7.0,"Bilateral pulmonary infection, seven infected areas, all left lung and upper right lung."
Train,Jun_radiopaedia_14_85914_0_case13_62.png,Jun_radiopaedia_14_85914_0_case13_62.png,512,512,24285,0.09263992309570312,0.4041595458984375,0.4965964752387963,0.4453855411541113,8,0.45863701873584517,Bilateral,8.0,"Bilateral pulmonary infection, eight infected areas, all left lung and upper right lung."
Train,Jun_radiopaedia_14_85914_0_case13_63.png,Jun_radiopaedia_14_85914_0_case13_63.png,512,512,25871,0.09869003295898438,0.4004364013671875,0.46270805753762023,0.4379867264050803,7,0.5677012871555023,Bilateral,7.0,"Bilateral pulmonary infection, seven infected areas, all left lung and upper right lung."
Train,Jun_radiopaedia_14_85914_0_case13_64.png,Jun_radiopaedia_14_85914_0_case13_64.png,512,512,23633,0.09015274047851562,0.41290283203125,0.4327199114508942,0.4501785829178626,8,0.6427030000423137,Bilateral,8.0,"Bilateral pulmonary infection, eight infected areas, all left lung and upper right lung."
Train,Jun_radiopaedia_14_85914_0_case13_65.png,Jun_radiopaedia_14_85914_0_case13_65.png,512,512,23596,0.0900115966796875,0.4066314697265625,0.42374839478249154,0.44611685817590235,7,0.6871927445329717,Bilateral,7.0,"Bilateral pulmonary infection, seven infected areas, all left lung and upper right lung."
Train,Jun_radiopaedia_14_85914_0_case13_66.png,Jun_radiopaedia_14_85914_0_case13_66.png,512,512,17259,0.06583786010742188,0.40914154052734375,0.41593217367857876,0.420609162875854,9,0.6622052262587635,Bilateral,9.0,"Bilateral pulmonary infection, nine infected areas, all left lung and upper right lung."
Train,Jun_radiopaedia_14_85914_0_case13_67.png,Jun_radiopaedia_14_85914_0_case13_67.png,512,512,15462,0.05898284912109375,0.30338287353515625,0.45695159219965065,0.4019430503315875,9,0.6309015651274091,Bilateral,9.0,"Bilateral pulmonary infection, nine infected areas, upper left lung and upper right lung."
Train,Jun_radiopaedia_14_85914_0_case13_68.png,Jun_radiopaedia_14_85914_0_case13_68.png,512,512,15388,0.0587005615234375,0.3325843811035156,0.4472689980806962,0.4006995564693967,6,0.6757863270080582,Bilateral,6.0,"Bilateral pulmonary infection, six infected areas, upper left lung and upper right lung."
Train,Jun_radiopaedia_14_85914_0_case13_69.png,Jun_radiopaedia_14_85914_0_case13_69.png,512,512,15388,0.0587005615234375,0.330322265625,0.4500969571430098,0.39337728282948003,5,0.6654536002079543,Bilateral,5.0,"Bilateral pulmonary infection, five infected areas, upper left lung and upper right lung."
Train,Jun_radiopaedia_14_85914_0_case13_7.png,Jun_radiopaedia_14_85914_0_case13_7.png,512,512,3490,0.01331329345703125,0.06486892700195312,0.702088718676229,0.29140176854193417,2,0.9260744985673353,Bilateral,2.0,"Bilateral pulmonary infection, two infected areas, middle left lung and upper right lung."
Train,Jun_radiopaedia_14_85914_0_case13_70.png,Jun_radiopaedia_14_85914_0_case13_70.png,512,512,16673,0.06360244750976562,0.3280677795410156,0.4317278025348411,0.39922614142438007,6,0.7061116775625262,Bilateral,6.0,"Bilateral pulmonary infection, six infected areas, upper left lung and upper right lung."
Train,Jun_radiopaedia_14_85914_0_case13_71.png,Jun_radiopaedia_14_85914_0_case13_71.png,512,512,16568,0.063201904296875,0.32209014892578125,0.4352087252818486,0.3911118597045586,4,0.7124577498792853,Bilateral,4.0,"Bilateral pulmonary infection, four infected areas, upper left lung and upper right lung."
Train,Jun_radiopaedia_14_85914_0_case13_72.png,Jun_radiopaedia_14_85914_0_case13_72.png,512,512,18712,0.071380615234375,0.3043403625488281,0.4470414246976939,0.3878555908533009,5,0.7091705857203934,Bilateral,5.0,"Bilateral pulmonary infection, five infected areas, upper left lung and upper right lung."
Train,Jun_radiopaedia_14_85914_0_case13_73.png,Jun_radiopaedia_14_85914_0_case13_73.png,512,512,13662,0.05211639404296875,0.3070831298828125,0.4577640610993797,0.39253635650300334,6,0.3744693309910701,Bilateral,6.0,"Bilateral pulmonary infection, six infected areas, upper left lung and upper right lung."
Train,Jun_radiopaedia_14_85914_0_case13_74.png,Jun_radiopaedia_14_85914_0_case13_74.png,512,512,14462,0.05516815185546875,0.284088134765625,0.47411963764407483,0.4098632464430029,6,0.36253630203291387,Bilateral,6.0,"Bilateral pulmonary infection, six infected areas, upper left lung and upper right lung."
Train,Jun_radiopaedia_14_85914_0_case13_75.png,Jun_radiopaedia_14_85914_0_case13_75.png,512,512,13370,0.05100250244140625,0.271728515625,0.5685615047855189,0.39906236323691063,4,0.6157068062827226,Bilateral,4.0,"Bilateral pulmonary infection, four infected areas, upper left lung and upper right lung."
Train,Jun_radiopaedia_14_85914_0_case13_76.png,Jun_radiopaedia_14_85914_0_case13_76.png,512,512,10813,0.041248321533203125,0.23583602905273438,0.6382945222672644,0.38488081408133246,4,0.7560344030333858,Bilateral,3.0,"Bilateral pulmonary infection, three infected areas, upper left lung and upper right lung."
Train,Jun_radiopaedia_14_85914_0_case13_77.png,Jun_radiopaedia_14_85914_0_case13_77.png,512,512,12685,0.048389434814453125,0.24440765380859375,0.6134985386533703,0.38096893953827776,3,0.7036657469452109,Bilateral,3.0,"Bilateral pulmonary infection, three infected areas, upper left lung and upper right lung."
Train,Jun_radiopaedia_14_85914_0_case13_78.png,Jun_radiopaedia_14_85914_0_case13_78.png,512,512,9322,0.03556060791015625,0.3274879455566406,0.571826804508074,0.3965809475386173,7,0.3072302081098477,Bilateral,7.0,"Bilateral pulmonary infection, seven infected areas, all left lung and upper right lung."
Train,Jun_radiopaedia_14_85914_0_case13_79.png,Jun_radiopaedia_14_85914_0_case13_79.png,512,512,11552,0.0440673828125,0.3119316101074219,0.6033433100595758,0.38601223227499176,5,0.4268524930747922,Bilateral,5.0,"Bilateral pulmonary infection, five infected areas, all left lung and upper right lung."
Train,Jun_radiopaedia_14_85914_0_case13_8.png,Jun_radiopaedia_14_85914_0_case13_8.png,512,512,3662,0.01396942138671875,0.07469558715820312,0.6945211892168043,0.2942271661887412,2,0.8847624249044238,Bilateral,2.0,"Bilateral pulmonary infection, two infected areas, middle left lung and upper right lung."
Train,Jun_radiopaedia_14_85914_0_case13_80.png,Jun_radiopaedia_14_85914_0_case13_80.png,512,512,11001,0.041965484619140625,0.3032646179199219,0.5991755597382981,0.40151909335408226,9,0.2707935642214344,Bilateral,9.0,"Bilateral pulmonary infection, nine infected areas, all left lung and upper right lung."
Train,Jun_radiopaedia_14_85914_0_case13_81.png,Jun_radiopaedia_14_85914_0_case13_81.png,512,512,9985,0.038089752197265625,0.2902793884277344,0.6326781757763847,0.4333317980885222,8,0.3810716074111167,Bilateral,8.0,"Bilateral pulmonary infection, eight infected areas, all left lung and upper right lung."
Train,Jun_radiopaedia_14_85914_0_case13_82.png,Jun_radiopaedia_14_85914_0_case13_82.png,512,512,11057,0.042179107666015625,0.2777824401855469,0.6363246348267924,0.4063567066722571,7,0.4886497241566429,Bilateral,7.0,"Bilateral pulmonary infection, seven infected areas, all left lung and upper right lung."
Train,Jun_radiopaedia_14_85914_0_case13_83.png,Jun_radiopaedia_14_85914_0_case13_83.png,512,512,8213,0.031330108642578125,0.26953125,0.5959708285489831,0.37444216998348523,8,0.44673079264580545,Bilateral,8.0,"Bilateral pulmonary infection, eight infected areas, all left lung and upper right lung."
Train,Jun_radiopaedia_14_85914_0_case13_84.png,Jun_radiopaedia_14_85914_0_case13_84.png,512,512,8299,0.031658172607421875,0.254486083984375,0.5657642952761857,0.36437087532532275,7,0.4293288347993734,Bilateral,7.0,"Bilateral pulmonary infection, seven infected areas, all left lung and upper right lung."
Train,Jun_radiopaedia_14_85914_0_case13_85.png,Jun_radiopaedia_14_85914_0_case13_85.png,512,512,7347,0.028026580810546875,0.23198318481445312,0.5597124590171795,0.36027085619035365,7,0.45283789301755817,Bilateral,6.0,"Bilateral pulmonary infection, six infected areas, all left lung and upper right lung."
Train,Jun_radiopaedia_14_85914_0_case13_86.png,Jun_radiopaedia_14_85914_0_case13_86.png,512,512,6076,0.0231781005859375,0.151336669921875,0.5539480990300293,0.33648798197392715,6,0.4048716260697828,Bilateral,6.0,"Bilateral pulmonary infection, six infected areas, upper left lung and upper right lung."
Train,Jun_radiopaedia_14_85914_0_case13_87.png,Jun_radiopaedia_14_85914_0_case13_87.png,512,512,4371,0.016674041748046875,0.15043258666992188,0.5102443117128951,0.3450333791342244,8,0.3818348204072295,Bilateral,7.0,"Bilateral pulmonary infection, seven infected areas, upper left lung and upper right lung."
Train,Jun_radiopaedia_14_85914_0_case13_88.png,Jun_radiopaedia_14_85914_0_case13_88.png,512,512,4975,0.018978118896484375,0.11163330078125,0.494833462813087,0.3099422749756611,5,0.47175879396984927,Bilateral,5.0,"Bilateral pulmonary infection, five infected areas, upper left lung and upper right lung."
Train,Jun_radiopaedia_14_85914_0_case13_89.png,Jun_radiopaedia_14_85914_0_case13_89.png,512,512,4319,0.016475677490234375,0.12273788452148438,0.5070223999992751,0.3162651353030278,6,0.39384116693679094,Bilateral,6.0,"Bilateral pulmonary infection, six infected areas, upper left lung and upper right lung."
Train,Jun_radiopaedia_14_85914_0_case13_9.png,Jun_radiopaedia_14_85914_0_case13_9.png,512,512,4025,0.015354156494140625,0.081024169921875,0.6920100642996925,0.2944162584628849,2,0.8993788819875776,Bilateral,2.0,"Bilateral pulmonary infection, two infected areas, middle left lung and upper right lung."
Train,Jun_radiopaedia_14_85914_0_case13_90.png,Jun_radiopaedia_14_85914_0_case13_90.png,512,512,3578,0.01364898681640625,0.1153564453125,0.5175447040459253,0.31845349761917524,6,0.3437674678591392,Bilateral,6.0,"Bilateral pulmonary infection, six infected areas, upper left lung and upper right lung."
Train,Jun_radiopaedia_14_85914_0_case13_91.png,Jun_radiopaedia_14_85914_0_case13_91.png,512,512,2951,0.011257171630859375,0.11400985717773438,0.5414801841692193,0.3238260140680031,5,0.2897322941375805,Bilateral,5.0,"Bilateral pulmonary infection, five infected areas, upper left lung and upper right lung."
Train,Jun_radiopaedia_14_85914_0_case13_92.png,Jun_radiopaedia_14_85914_0_case13_92.png,512,512,3382,0.01290130615234375,0.15497589111328125,0.5428074958830044,0.37668397560007455,6,0.33589591957421644,Bilateral,6.0,"Bilateral pulmonary infection, six infected areas, upper left lung and upper right lung."
Train,Jun_radiopaedia_14_85914_0_case13_93.png,Jun_radiopaedia_14_85914_0_case13_93.png,512,512,3383,0.012905120849609375,0.14449310302734375,0.5712920536838677,0.39364313220297414,5,0.40112326337570203,Bilateral,5.0,"Bilateral pulmonary infection, five infected areas, upper left lung and upper right lung."
Train,Jun_radiopaedia_14_85914_0_case13_94.png,Jun_radiopaedia_14_85914_0_case13_94.png,512,512,3399,0.012966156005859375,0.11483001708984375,0.5989432830768116,0.41542954097815116,4,0.5792880258899676,Bilateral,4.0,"Bilateral pulmonary infection, four infected areas, middle left lung and upper right lung."
Train,Jun_radiopaedia_14_85914_0_case13_95.png,Jun_radiopaedia_14_85914_0_case13_95.png,512,512,2376,0.009063720703125,0.0756683349609375,0.5914386856167678,0.4028222538496511,4,0.40446127946127947,Bilateral,4.0,"Bilateral pulmonary infection, four infected areas, middle left lung and upper right lung."
Train,Jun_radiopaedia_14_85914_0_case13_96.png,Jun_radiopaedia_14_85914_0_case13_96.png,512,512,1883,0.007183074951171875,0.07080078125,0.5950906919777638,0.41014307642902353,4,0.5156664896441848,Bilateral,4.0,"Bilateral pulmonary infection, four infected areas, middle left lung and upper right lung."
Train,Jun_radiopaedia_14_85914_0_case13_97.png,Jun_radiopaedia_14_85914_0_case13_97.png,512,512,1536,0.005859375,0.06827545166015625,0.5909445327788649,0.4116812928082192,4,0.5123697916666666,Bilateral,4.0,"Bilateral pulmonary infection, four infected areas, middle left lung and upper right lung."
Train,Jun_radiopaedia_14_85914_0_case13_98.png,Jun_radiopaedia_14_85914_0_case13_98.png,512,512,1622,0.00618743896484375,0.07337188720703125,0.6181214272442758,0.3974484883729348,3,0.41060419235511714,Bilateral,3.0,"Bilateral pulmonary infection, three infected areas, middle left lung and upper right lung."
Train,Jun_radiopaedia_14_85914_0_case13_99.png,Jun_radiopaedia_14_85914_0_case13_99.png,512,512,1288,0.004913330078125,0.06735992431640625,0.6228652866745269,0.3943081401708986,3,0.43478260869565216,Bilateral,3.0,"Bilateral pulmonary infection, three infected areas, middle left lung and upper right lung."
Train,Jun_radiopaedia_27_86410_0_case14_10.png,Jun_radiopaedia_27_86410_0_case14_10.png,512,512,1034,0.00394439697265625,0.00555419921875,0.3547316862676816,0.2877034070563654,1,1.0,Unilateral,1.0,"Unilateral pulmonary infection, one infected areas, upper left lung."
Train,Jun_radiopaedia_27_86410_0_case14_11.png,Jun_radiopaedia_27_86410_0_case14_11.png,512,512,1481,0.005649566650390625,0.01631927490234375,0.3632138860002299,0.30270180274342584,2,0.8055367994598245,Unilateral,2.0,"Unilateral pulmonary infection, two infected areas, upper left lung."
Train,Jun_radiopaedia_27_86410_0_case14_12.png,Jun_radiopaedia_27_86410_0_case14_12.png,512,512,2632,0.010040283203125,0.02657318115234375,0.3817861157870318,0.32921323586269247,1,1.0,Unilateral,1.0,"Unilateral pulmonary infection, one infected areas, upper left lung."
Train,Jun_radiopaedia_27_86410_0_case14_13.png,Jun_radiopaedia_27_86410_0_case14_13.png,512,512,3341,0.012744903564453125,0.024105072021484375,0.36353178296571503,0.32714638913668814,1,1.0,Unilateral,1.0,"Unilateral pulmonary infection, one infected areas, upper left lung."
Train,Jun_radiopaedia_27_86410_0_case14_14.png,Jun_radiopaedia_27_86410_0_case14_14.png,512,512,5894,0.02248382568359375,0.03961181640625,0.3368273284649818,0.34101348215074273,1,1.0,Unilateral,1.0,"Unilateral pulmonary infection, one infected areas, upper left lung."
Train,Jun_radiopaedia_27_86410_0_case14_15.png,Jun_radiopaedia_27_86410_0_case14_15.png,512,512,6133,0.023395538330078125,0.04651641845703125,0.32189116463723405,0.3471266252983842,1,1.0,Unilateral,1.0,"Unilateral pulmonary infection, one infected areas, upper left lung."
Train,Jun_radiopaedia_27_86410_0_case14_16.png,Jun_radiopaedia_27_86410_0_case14_16.png,512,512,8385,0.031986236572265625,0.04833984375,0.324157970096167,0.35381768067336716,2,0.9985688729874777,Unilateral,1.0,"Unilateral pulmonary infection, one infected areas, upper left lung."
Train,Jun_radiopaedia_27_86410_0_case14_17.png,Jun_radiopaedia_27_86410_0_case14_17.png,512,512,8225,0.031375885009765625,0.11749267578125,0.36579922554856975,0.35415842349764154,3,0.918662613981763,Bilateral,3.0,"Bilateral pulmonary infection, three infected areas, upper left lung and upper right lung."
Train,Jun_radiopaedia_27_86410_0_case14_18.png,Jun_radiopaedia_27_86410_0_case14_18.png,512,512,7491,0.028575897216796875,0.129241943359375,0.5178605716292036,0.3561727432344776,3,0.5857695901748765,Bilateral,3.0,"Bilateral pulmonary infection, three infected areas, upper left lung and upper right lung."
Train,Jun_radiopaedia_27_86410_0_case14_19.png,Jun_radiopaedia_27_86410_0_case14_19.png,512,512,10165,0.038776397705078125,0.269012451171875,0.5507057234688307,0.3502533057775664,5,0.5965568125922283,Bilateral,5.0,"Bilateral pulmonary infection, five infected areas, upper left lung and upper right lung."
Train,Jun_radiopaedia_27_86410_0_case14_20.png,Jun_radiopaedia_27_86410_0_case14_20.png,512,512,8994,0.03430938720703125,0.2588615417480469,0.5898679136819632,0.3622190832157294,5,0.5485879475205693,Bilateral,5.0,"Bilateral pulmonary infection, five infected areas, upper left lung and upper right lung."
Train,Jun_radiopaedia_27_86410_0_case14_21.png,Jun_radiopaedia_27_86410_0_case14_21.png,512,512,11608,0.044281005859375,0.21831512451171875,0.6287722820215763,0.3917117690613532,4,0.5169710544452102,Bilateral,4.0,"Bilateral pulmonary infection, four infected areas, upper left lung and upper right lung."
Train,Jun_radiopaedia_27_86410_0_case14_22.png,Jun_radiopaedia_27_86410_0_case14_22.png,512,512,11058,0.04218292236328125,0.24222183227539062,0.6230710585247188,0.3892801131482852,6,0.5253210345451257,Bilateral,6.0,"Bilateral pulmonary infection, six infected areas, upper left lung and upper right lung."
Train,Jun_radiopaedia_27_86410_0_case14_23.png,Jun_radiopaedia_27_86410_0_case14_23.png,512,512,10867,0.041454315185546875,0.23117828369140625,0.5839278578550801,0.391441836242042,5,0.6251035244317659,Bilateral,5.0,"Bilateral pulmonary infection, five infected areas, upper left lung and upper right lung."
Train,Jun_radiopaedia_27_86410_0_case14_24.png,Jun_radiopaedia_27_86410_0_case14_24.png,512,512,8411,0.032085418701171875,0.201141357421875,0.6066573429957648,0.35275723408517545,5,0.6208536440375698,Bilateral,5.0,"Bilateral pulmonary infection, five infected areas, upper left lung and upper right lung."
Train,Jun_radiopaedia_27_86410_0_case14_25.png,Jun_radiopaedia_27_86410_0_case14_25.png,512,512,7606,0.02901458740234375,0.17266845703125,0.6295601422916196,0.3637045220762473,5,0.6188535366815672,Bilateral,5.0,"Bilateral pulmonary infection, five infected areas, upper left lung and upper right lung."
Train,Jun_radiopaedia_27_86410_0_case14_26.png,Jun_radiopaedia_27_86410_0_case14_26.png,512,512,7884,0.0300750732421875,0.19918441772460938,0.5949516521856548,0.3797023573717137,7,0.5273972602739726,Bilateral,7.0,"Bilateral pulmonary infection, seven infected areas, upper left lung and upper right lung."
Train,Jun_radiopaedia_27_86410_0_case14_27.png,Jun_radiopaedia_27_86410_0_case14_27.png,512,512,7594,0.02896881103515625,0.1914825439453125,0.5700589145720667,0.39369633148427513,5,0.45693968922833816,Bilateral,5.0,"Bilateral pulmonary infection, five infected areas, upper left lung and upper right lung."
Train,Jun_radiopaedia_27_86410_0_case14_28.png,Jun_radiopaedia_27_86410_0_case14_28.png,512,512,9324,0.0355682373046875,0.23768234252929688,0.6107402482157864,0.3916022536374787,6,0.4572072072072072,Bilateral,6.0,"Bilateral pulmonary infection, six infected areas, upper left lung and upper right lung."
Train,Jun_radiopaedia_27_86410_0_case14_29.png,Jun_radiopaedia_27_86410_0_case14_29.png,512,512,8325,0.031757354736328125,0.23076629638671875,0.600985643177424,0.3747080152559604,6,0.4526126126126126,Bilateral,6.0,"Bilateral pulmonary infection, six infected areas, upper left lung and upper right lung."
Train,Jun_radiopaedia_27_86410_0_case14_30.png,Jun_radiopaedia_27_86410_0_case14_30.png,512,512,7566,0.02886199951171875,0.2342376708984375,0.6286893213174812,0.36808712165300217,5,0.6744647105471848,Bilateral,5.0,"Bilateral pulmonary infection, five infected areas, upper left lung and upper right lung."
Train,Jun_radiopaedia_27_86410_0_case14_31.png,Jun_radiopaedia_27_86410_0_case14_31.png,512,512,6662,0.02541351318359375,0.17559814453125,0.6493607168853814,0.36368050590403495,4,0.5099069348543981,Bilateral,4.0,"Bilateral pulmonary infection, four infected areas, upper left lung and upper right lung."
Train,Jun_radiopaedia_27_86410_0_case14_32.png,Jun_radiopaedia_27_86410_0_case14_32.png,512,512,6529,0.024906158447265625,0.1605224609375,0.6626962229930652,0.3688298391131064,4,0.5656302649716649,Bilateral,4.0,"Bilateral pulmonary infection, four infected areas, upper left lung and upper right lung."
Train,Jun_radiopaedia_27_86410_0_case14_33.png,Jun_radiopaedia_27_86410_0_case14_33.png,512,512,5825,0.022220611572265625,0.149017333984375,0.674845417971998,0.37823001268236145,4,0.4465236051502146,Bilateral,4.0,"Bilateral pulmonary infection, four infected areas, upper left lung and upper right lung."
Train,Jun_radiopaedia_27_86410_0_case14_34.png,Jun_radiopaedia_27_86410_0_case14_34.png,512,512,5340,0.0203704833984375,0.13378143310546875,0.725966929791772,0.39120399891525026,2,0.8962546816479401,Bilateral,2.0,"Bilateral pulmonary infection, two infected areas, middle left lung and upper right lung."
Train,Jun_radiopaedia_27_86410_0_case14_35.png,Jun_radiopaedia_27_86410_0_case14_35.png,512,512,3340,0.0127410888671875,0.11080169677734375,0.7506075910800708,0.4223730620949881,2,0.884431137724551,Bilateral,2.0,"Bilateral pulmonary infection, two infected areas, middle left lung and upper right lung."
Train,Jun_radiopaedia_27_86410_0_case14_36.png,Jun_radiopaedia_27_86410_0_case14_36.png,512,512,2081,0.007938385009765625,0.09564971923828125,0.7754598261598978,0.440438183133015,3,0.8452666987025469,Bilateral,3.0,"Bilateral pulmonary infection, three infected areas, middle left lung and upper right lung."
Train,Jun_radiopaedia_27_86410_0_case14_37.png,Jun_radiopaedia_27_86410_0_case14_37.png,512,512,2028,0.0077362060546875,0.013408660888671875,0.797234026949517,0.4419043373205649,1,1.0,Unilateral,1.0,"Unilateral pulmonary infection, one infected areas, left lung and middle right lung."
Train,Jun_radiopaedia_27_86410_0_case14_38.png,Jun_radiopaedia_27_86410_0_case14_38.png,512,512,1710,0.00652313232421875,0.01258087158203125,0.798789210469095,0.4501848227875625,1,1.0,Unilateral,1.0,"Unilateral pulmonary infection, one infected areas, left lung and middle right lung."
Train,Jun_radiopaedia_27_86410_0_case14_39.png,Jun_radiopaedia_27_86410_0_case14_39.png,512,512,1535,0.005855560302734375,0.01064300537109375,0.7992835151105644,0.44723700733695826,1,1.0,Unilateral,1.0,"Unilateral pulmonary infection, one infected areas, left lung and middle right lung."
Train,Jun_radiopaedia_27_86410_0_case14_40.png,Jun_radiopaedia_27_86410_0_case14_40.png,512,512,1395,0.005321502685546875,0.00995635986328125,0.7982745197062475,0.45629274246154494,1,1.0,Unilateral,1.0,"Unilateral pulmonary infection, one infected areas, left lung and middle right lung."
Train,Jun_radiopaedia_27_86410_0_case14_41.png,Jun_radiopaedia_27_86410_0_case14_41.png,512,512,1380,0.0052642822265625,0.11834716796875,0.7735145636575059,0.4505799937604583,2,0.9586956521739131,Bilateral,2.0,"Bilateral pulmonary infection, two infected areas, upper left lung and middle right lung."
Train,Jun_radiopaedia_27_86410_0_case14_42.png,Jun_radiopaedia_27_86410_0_case14_42.png,512,512,931,0.003551483154296875,0.1056671142578125,0.7450902907254158,0.44546717646786804,2,0.9001074113856069,Bilateral,2.0,"Bilateral pulmonary infection, two infected areas, upper left lung and middle right lung."
Train,Jun_radiopaedia_27_86410_0_case14_43.png,Jun_radiopaedia_27_86410_0_case14_43.png,512,512,619,0.002361297607421875,0.004131317138671875,0.797369028386799,0.46223787498933006,1,1.0,Unilateral,1.0,"Unilateral pulmonary infection, one infected areas, left lung and middle right lung."
Train,Jun_radiopaedia_27_86410_0_case14_44.png,Jun_radiopaedia_27_86410_0_case14_44.png,512,512,529,0.002017974853515625,0.00335693359375,0.7982753709506175,0.46168785767926046,1,1.0,Unilateral,1.0,"Unilateral pulmonary infection, one infected areas, left lung and middle right lung."
Train,Jun_radiopaedia_27_86410_0_case14_45.png,Jun_radiopaedia_27_86410_0_case14_45.png,512,512,208,0.00079345703125,0.0011444091796875,0.7970984494957097,0.45862185759446034,1,1.0,Unilateral,1.0,"Unilateral pulmonary infection, one infected areas, left lung and middle right lung."
Train,Jun_radiopaedia_27_86410_0_case14_53.png,Jun_radiopaedia_27_86410_0_case14_53.png,512,512,170,0.00064849853515625,0.00109100341796875,0.584873949579832,0.47219983883964545,2,0.5764705882352941,Unilateral,2.0,"Unilateral pulmonary infection, two infected areas, left lung and middle right lung."
Train,Jun_radiopaedia_27_86410_0_case14_54.png,Jun_radiopaedia_27_86410_0_case14_54.png,512,512,449,0.001712799072265625,0.002777099609375,0.5919394697501297,0.4719555088716391,1,1.0,Unilateral,1.0,"Unilateral pulmonary infection, one infected areas, left lung and middle right lung."
Train,Jun_radiopaedia_27_86410_0_case14_55.png,Jun_radiopaedia_27_86410_0_case14_55.png,512,512,445,0.001697540283203125,0.003147125244140625,0.5980826315442292,0.46383605620176344,1,1.0,Unilateral,1.0,"Unilateral pulmonary infection, one infected areas, left lung and middle right lung."
Train,Jun_radiopaedia_27_86410_0_case14_56.png,Jun_radiopaedia_27_86410_0_case14_56.png,512,512,491,0.001873016357421875,0.002956390380859375,0.6044176786860156,0.4655820423194806,1,1.0,Unilateral,1.0,"Unilateral pulmonary infection, one infected areas, left lung and middle right lung."
Train,Jun_radiopaedia_27_86410_0_case14_57.png,Jun_radiopaedia_27_86410_0_case14_57.png,512,512,406,0.00154876708984375,0.002105712890625,0.6088612109936086,0.46289030491743227,1,1.0,Unilateral,1.0,"Unilateral pulmonary infection, one infected areas, left lung and middle right lung."
Train,Jun_radiopaedia_27_86410_0_case14_58.png,Jun_radiopaedia_27_86410_0_case14_58.png,512,512,555,0.002117156982421875,0.0031890869140625,0.6138502494666878,0.4736728901112463,1,1.0,Unilateral,1.0,"Unilateral pulmonary infection, one infected areas, left lung and middle right lung."
Train,Jun_radiopaedia_27_86410_0_case14_59.png,Jun_radiopaedia_27_86410_0_case14_59.png,512,512,302,0.00115203857421875,0.00157928466796875,0.6209808063659102,0.4645416726066277,1,1.0,Unilateral,1.0,"Unilateral pulmonary infection, one infected areas, left lung and middle right lung."
Train,Jun_radiopaedia_27_86410_0_case14_9.png,Jun_radiopaedia_27_86410_0_case14_9.png,512,512,188,0.0007171630859375,0.00091552734375,0.3504705000624557,0.2848607236540784,1,1.0,Unilateral,1.0,"Unilateral pulmonary infection, one infected areas, upper left lung."
Train,Jun_radiopaedia_29_86490_1_case15_22.png,Jun_radiopaedia_29_86490_1_case15_22.png,512,512,76,0.0002899169921875,0.00034332275390625,0.8036100525285818,0.31694819239880523,1,1.0,Unilateral,1.0,"Unilateral pulmonary infection, one infected areas, left lung and upper right lung."
Train,Jun_radiopaedia_29_86490_1_case15_34.png,Jun_radiopaedia_29_86490_1_case15_34.png,512,512,45,0.000171661376953125,0.000186920166015625,0.7123287671232876,0.3659491193737769,1,1.0,Unknown,,"No pulmonary infection, zero infected areas."
Train,Jun_radiopaedia_29_86491_1_case16_15.png,Jun_radiopaedia_29_86491_1_case16_15.png,512,512,1015,0.003871917724609375,0.004909515380859375,0.26310431588790456,0.3576701724619938,1,1.0,Unilateral,1.0,"Unilateral pulmonary infection, one infected areas, upper left lung."
Train,Jun_radiopaedia_29_86491_1_case16_16.png,Jun_radiopaedia_29_86491_1_case16_16.png,512,512,1316,0.0050201416015625,0.00624847412109375,0.2602308483871543,0.35754287141845953,1,1.0,Unilateral,1.0,"Unilateral pulmonary infection, one infected areas, upper left lung."
Train,Jun_radiopaedia_29_86491_1_case16_17.png,Jun_radiopaedia_29_86491_1_case16_17.png,512,512,1438,0.00548553466796875,0.0152740478515625,0.29988514162690627,0.3640942383011848,2,0.7308762169680111,Unilateral,2.0,"Unilateral pulmonary infection, two infected areas, upper left lung."
Train,Jun_radiopaedia_29_86491_1_case16_18.png,Jun_radiopaedia_29_86491_1_case16_18.png,512,512,1227,0.004680633544921875,0.054759979248046875,0.4119557190863752,0.35963010987293403,2,0.9494702526487367,Bilateral,2.0,"Bilateral pulmonary infection, two infected areas, upper left lung and middle right lung."
Train,Jun_radiopaedia_29_86491_1_case16_19.png,Jun_radiopaedia_29_86491_1_case16_19.png,512,512,1349,0.005146026611328125,0.05682373046875,0.41109091462981207,0.3586319648242737,2,0.938472942920682,Bilateral,2.0,"Bilateral pulmonary infection, two infected areas, upper left lung and middle right lung."
Train,Jun_radiopaedia_29_86491_1_case16_20.png,Jun_radiopaedia_29_86491_1_case16_20.png,512,512,1998,0.00762176513671875,0.0093231201171875,0.3765614929998492,0.3518322627911669,1,1.0,Unilateral,1.0,"Unilateral pulmonary infection, one infected areas, upper left lung."
Train,Jun_radiopaedia_29_86491_1_case16_21.png,Jun_radiopaedia_29_86491_1_case16_21.png,512,512,1824,0.0069580078125,0.009124755859375,0.3596555601332097,0.3428562845469839,1,1.0,Unilateral,1.0,"Unilateral pulmonary infection, one infected areas, upper left lung."
Train,Jun_radiopaedia_29_86491_1_case16_22.png,Jun_radiopaedia_29_86491_1_case16_22.png,512,512,1382,0.00527191162109375,0.00652313232421875,0.3610539194168241,0.3371981387761575,1,1.0,Unilateral,1.0,"Unilateral pulmonary infection, one infected areas, upper left lung."
Train,Jun_radiopaedia_29_86491_1_case16_23.png,Jun_radiopaedia_29_86491_1_case16_23.png,512,512,696,0.002655029296875,0.003604888916015625,0.3765829903052388,0.34975650628697397,1,1.0,Unilateral,1.0,"Unilateral pulmonary infection, one infected areas, upper left lung."
Train,Jun_radiopaedia_36_86526_0_case17_1.png,Jun_radiopaedia_36_86526_0_case17_1.png,512,512,712,0.002716064453125,0.04402923583984375,0.4546384045383584,0.39809307592515225,2,0.5575842696629213,Bilateral,2.0,"Bilateral pulmonary infection, two infected areas, middle left lung and middle right lung."
Train,Jun_radiopaedia_36_86526_0_case17_10.png,Jun_radiopaedia_36_86526_0_case17_10.png,512,512,1483,0.005657196044921875,0.0796661376953125,0.5562203340401919,0.4302525821013891,6,0.2865812542144302,Bilateral,5.0,"Bilateral pulmonary infection, five infected areas, middle left lung and middle right lung."
Train,Jun_radiopaedia_36_86526_0_case17_11.png,Jun_radiopaedia_36_86526_0_case17_11.png,512,512,1208,0.004608154296875,0.06722259521484375,0.5723487253923615,0.4362177784113736,5,0.43460264900662254,Bilateral,5.0,"Bilateral pulmonary infection, five infected areas, middle left lung and middle right lung."
Train,Jun_radiopaedia_36_86526_0_case17_12.png,Jun_radiopaedia_36_86526_0_case17_12.png,512,512,777,0.002964019775390625,0.07408905029296875,0.36626394356335645,0.4360340211612227,3,0.583011583011583,Bilateral,3.0,"Bilateral pulmonary infection, three infected areas, middle left lung and middle right lung."
Train,Jun_radiopaedia_36_86526_0_case17_13.png,Jun_radiopaedia_36_86526_0_case17_13.png,512,512,1558,0.00594329833984375,0.08713531494140625,0.36785582399031325,0.42293798311348035,5,0.42233632862644416,Bilateral,5.0,"Bilateral pulmonary infection, five infected areas, middle left lung and middle right lung."
Train,Jun_radiopaedia_36_86526_0_case17_14.png,Jun_radiopaedia_36_86526_0_case17_14.png,512,512,1461,0.005573272705078125,0.10138702392578125,0.501348163804916,0.4302738788407265,4,0.29705681040383297,Bilateral,4.0,"Bilateral pulmonary infection, four infected areas, middle left lung and middle right lung."
Train,Jun_radiopaedia_36_86526_0_case17_15.png,Jun_radiopaedia_36_86526_0_case17_15.png,512,512,2754,0.01050567626953125,0.1390380859375,0.5948252461816792,0.43965724290731006,8,0.19281045751633988,Bilateral,8.0,"Bilateral pulmonary infection, eight infected areas, middle left lung and upper right lung."
Train,Jun_radiopaedia_36_86526_0_case17_16.png,Jun_radiopaedia_36_86526_0_case17_16.png,512,512,3955,0.015087127685546875,0.1431884765625,0.5491802345862578,0.41333940292082405,8,0.4950695322376738,Bilateral,8.0,"Bilateral pulmonary infection, eight infected areas, middle left lung and upper right lung."
Train,Jun_radiopaedia_36_86526_0_case17_17.png,Jun_radiopaedia_36_86526_0_case17_17.png,512,512,3969,0.015140533447265625,0.14673995971679688,0.5403383068092789,0.4078053052053611,10,0.2635424540186445,Bilateral,9.0,"Bilateral pulmonary infection, nine infected areas, upper left lung and upper right lung."
Train,Jun_radiopaedia_36_86526_0_case17_18.png,Jun_radiopaedia_36_86526_0_case17_18.png,512,512,3902,0.01488494873046875,0.16315841674804688,0.4971839419997372,0.41157076355042976,8,0.22706304459251667,Bilateral,8.0,"Bilateral pulmonary infection, eight infected areas, middle left lung and middle right lung."
Train,Jun_radiopaedia_36_86526_0_case17_19.png,Jun_radiopaedia_36_86526_0_case17_19.png,512,512,2953,0.011264801025390625,0.1494140625,0.42693456453783774,0.40762354512940174,5,0.31730443616661025,Bilateral,5.0,"Bilateral pulmonary infection, five infected areas, upper left lung and upper right lung."
Train,Jun_radiopaedia_36_86526_0_case17_2.png,Jun_radiopaedia_36_86526_0_case17_2.png,512,512,820,0.0031280517578125,0.04003143310546875,0.4222471481074889,0.39387618729416257,2,0.5670731707317073,Bilateral,2.0,"Bilateral pulmonary infection, two infected areas, middle left lung and middle right lung."
Train,Jun_radiopaedia_36_86526_0_case17_20.png,Jun_radiopaedia_36_86526_0_case17_20.png,512,512,2164,0.0082550048828125,0.16091156005859375,0.4316045158093116,0.41851901421951815,5,0.3525878003696858,Bilateral,5.0,"Bilateral pulmonary infection, five infected areas, middle left lung and upper right lung."
Train,Jun_radiopaedia_36_86526_0_case17_21.png,Jun_radiopaedia_36_86526_0_case17_21.png,512,512,1910,0.00728607177734375,0.17090606689453125,0.4815063370252354,0.433068308726345,6,0.3099476439790576,Bilateral,5.0,"Bilateral pulmonary infection, five infected areas, upper left lung and upper right lung."
Train,Jun_radiopaedia_36_86526_0_case17_22.png,Jun_radiopaedia_36_86526_0_case17_22.png,512,512,1815,0.006923675537109375,0.16697311401367188,0.38807394349112906,0.4463144161774299,5,0.5432506887052342,Bilateral,4.0,"Bilateral pulmonary infection, four infected areas, upper left lung and middle right lung."
Train,Jun_radiopaedia_36_86526_0_case17_23.png,Jun_radiopaedia_36_86526_0_case17_23.png,512,512,1488,0.00567626953125,0.16252899169921875,0.5071399638069987,0.42911590177387793,6,0.4657258064516129,Bilateral,6.0,"Bilateral pulmonary infection, six infected areas, upper left lung and middle right lung."
Train,Jun_radiopaedia_36_86526_0_case17_24.png,Jun_radiopaedia_36_86526_0_case17_24.png,512,512,1023,0.003902435302734375,0.12594985961914062,0.48995223365528273,0.395838952621984,4,0.5190615835777126,Bilateral,4.0,"Bilateral pulmonary infection, four infected areas, upper left lung and middle right lung."
Train,Jun_radiopaedia_36_86526_0_case17_25.png,Jun_radiopaedia_36_86526_0_case17_25.png,512,512,988,0.0037689208984375,0.1134796142578125,0.5338781622126972,0.37561105080932045,3,0.5192307692307693,Bilateral,3.0,"Bilateral pulmonary infection, three infected areas, upper left lung and middle right lung."
Train,Jun_radiopaedia_36_86526_0_case17_26.png,Jun_radiopaedia_36_86526_0_case17_26.png,512,512,1140,0.0043487548828125,0.07315826416015625,0.6670443231366087,0.3911250729563635,3,0.7026315789473684,Bilateral,3.0,"Bilateral pulmonary infection, three infected areas, upper left lung and middle right lung."
Train,Jun_radiopaedia_36_86526_0_case17_27.png,Jun_radiopaedia_36_86526_0_case17_27.png,512,512,1078,0.00411224365234375,0.01526641845703125,0.7133435477019485,0.40965003685160245,2,0.6883116883116883,Unilateral,2.0,"Unilateral pulmonary infection, two infected areas, left lung and middle right lung."
Train,Jun_radiopaedia_36_86526_0_case17_28.png,Jun_radiopaedia_36_86526_0_case17_28.png,512,512,855,0.003261566162109375,0.0771484375,0.6652338609079776,0.44097916022934047,3,0.43391812865497076,Bilateral,3.0,"Bilateral pulmonary infection, three infected areas, middle left lung and middle right lung."
Train,Jun_radiopaedia_36_86526_0_case17_29.png,Jun_radiopaedia_36_86526_0_case17_29.png,512,512,483,0.001842498779296875,0.00868988037109375,0.7272793572461742,0.4571963389286626,2,0.7743271221532091,Unilateral,2.0,"Unilateral pulmonary infection, two infected areas, left lung and middle right lung."
Train,Jun_radiopaedia_36_86526_0_case17_3.png,Jun_radiopaedia_36_86526_0_case17_3.png,512,512,935,0.003566741943359375,0.13878250122070312,0.4088303316345218,0.4361689881432025,5,0.3967914438502674,Bilateral,5.0,"Bilateral pulmonary infection, five infected areas, middle left lung and middle right lung."
Train,Jun_radiopaedia_36_86526_0_case17_30.png,Jun_radiopaedia_36_86526_0_case17_30.png,512,512,736,0.0028076171875,0.006748199462890625,0.728641091636178,0.524512358546754,2,0.6195652173913043,Unilateral,2.0,"Unilateral pulmonary infection, two infected areas, left lung and middle right lung."
Train,Jun_radiopaedia_36_86526_0_case17_31.png,Jun_radiopaedia_36_86526_0_case17_31.png,512,512,683,0.002605438232421875,0.005218505859375,0.7253941830247012,0.521358803253747,2,0.5051244509516838,Unilateral,2.0,"Unilateral pulmonary infection, two infected areas, left lung and middle right lung."
Train,Jun_radiopaedia_36_86526_0_case17_32.png,Jun_radiopaedia_36_86526_0_case17_32.png,512,512,643,0.002452850341796875,0.00525665283203125,0.7268034805050932,0.5067367069114017,2,0.6298600311041991,Unilateral,2.0,"Unilateral pulmonary infection, two infected areas, left lung and middle right lung."
Train,Jun_radiopaedia_36_86526_0_case17_33.png,Jun_radiopaedia_36_86526_0_case17_33.png,512,512,644,0.0024566650390625,0.0045318603515625,0.7266017187101166,0.4907409658324318,2,0.7872670807453416,Unilateral,2.0,"Unilateral pulmonary infection, two infected areas, left lung and middle right lung."
Train,Jun_radiopaedia_36_86526_0_case17_4.png,Jun_radiopaedia_36_86526_0_case17_4.png,512,512,426,0.00162506103515625,0.0458221435546875,0.3004557022500298,0.5688101209999724,2,0.5868544600938967,Unilateral,2.0,"Unilateral pulmonary infection, two infected areas, middle left lung."
Train,Jun_radiopaedia_36_86526_0_case17_42.png,Jun_radiopaedia_36_86526_0_case17_42.png,512,512,45,0.000171661376953125,0.000244140625,0.42126549249836925,0.3995651228527941,1,1.0,Unknown,,"No pulmonary infection, zero infected areas."
Train,Jun_radiopaedia_36_86526_0_case17_5.png,Jun_radiopaedia_36_86526_0_case17_5.png,512,512,676,0.0025787353515625,0.067474365234375,0.32417292928357205,0.5875936497643558,2,0.6449704142011834,Unilateral,2.0,"Unilateral pulmonary infection, two infected areas, middle left lung."
Train,Jun_radiopaedia_36_86526_0_case17_6.png,Jun_radiopaedia_36_86526_0_case17_6.png,512,512,1089,0.004154205322265625,0.08478164672851562,0.3161664680967296,0.4773926778908099,5,0.33608815426997246,Unilateral,5.0,"Unilateral pulmonary infection, five infected areas, middle left lung."
Train,Jun_radiopaedia_36_86526_0_case17_7.png,Jun_radiopaedia_36_86526_0_case17_7.png,512,512,505,0.001926422119140625,0.01239013671875,0.4042704074712755,0.3930557439305574,2,0.7485148514851485,Unilateral,2.0,"Unilateral pulmonary infection, two infected areas, middle left lung."
Train,Jun_radiopaedia_36_86526_0_case17_8.png,Jun_radiopaedia_36_86526_0_case17_8.png,512,512,459,0.001750946044921875,0.032398223876953125,0.40738608990019143,0.5212301054363907,4,0.4531590413943355,Unilateral,4.0,"Unilateral pulmonary infection, four infected areas, middle left lung."
Train,Jun_radiopaedia_36_86526_0_case17_9.png,Jun_radiopaedia_36_86526_0_case17_9.png,512,512,1065,0.004062652587890625,0.1385498046875,0.5230892202530251,0.5141570886506251,5,0.3051643192488263,Bilateral,5.0,"Bilateral pulmonary infection, five infected areas, middle left lung and middle right lung."
Train,Jun_radiopaedia_40_86625_0_case18_12.png,Jun_radiopaedia_40_86625_0_case18_12.png,512,512,406,0.00154876708984375,0.008296966552734375,0.3552100103149432,0.2504940568575092,2,0.5123152709359606,Unilateral,2.0,"Unilateral pulmonary infection, two infected areas, upper left lung."
Train,Jun_radiopaedia_40_86625_0_case18_13.png,Jun_radiopaedia_40_86625_0_case18_13.png,512,512,885,0.003376007080078125,0.017360687255859375,0.3526440899090075,0.2604840403772375,2,0.5186440677966102,Unilateral,2.0,"Unilateral pulmonary infection, two infected areas, upper left lung."
Train,Jun_radiopaedia_40_86625_0_case18_14.png,Jun_radiopaedia_40_86625_0_case18_14.png,512,512,1111,0.004238128662109375,0.018466949462890625,0.35932614787897577,0.2604712526047125,2,0.5112511251125113,Unilateral,2.0,"Unilateral pulmonary infection, two infected areas, upper left lung."
Train,Jun_radiopaedia_40_86625_0_case18_15.png,Jun_radiopaedia_40_86625_0_case18_15.png,512,512,1956,0.0074615478515625,0.02925872802734375,0.35581721553231765,0.27017176313335656,1,1.0,Unilateral,1.0,"Unilateral pulmonary infection, one infected areas, upper left lung."
Train,Jun_radiopaedia_40_86625_0_case18_16.png,Jun_radiopaedia_40_86625_0_case18_16.png,512,512,2293,0.008747100830078125,0.031005859375,0.3599024684161701,0.27417828275112804,1,1.0,Unilateral,1.0,"Unilateral pulmonary infection, one infected areas, upper left lung."
Train,Jun_radiopaedia_40_86625_0_case18_17.png,Jun_radiopaedia_40_86625_0_case18_17.png,512,512,3103,0.011837005615234375,0.037261962890625,0.3612393283944015,0.2766094045721803,1,1.0,Unilateral,1.0,"Unilateral pulmonary infection, one infected areas, upper left lung."
Train,Jun_radiopaedia_40_86625_0_case18_18.png,Jun_radiopaedia_40_86625_0_case18_18.png,512,512,3321,0.012668609619140625,0.0272369384765625,0.35493517796669594,0.27590833638277673,1,1.0,Unilateral,1.0,"Unilateral pulmonary infection, one infected areas, upper left lung."
Train,Jun_radiopaedia_40_86625_0_case18_19.png,Jun_radiopaedia_40_86625_0_case18_19.png,512,512,4040,0.015411376953125,0.05161285400390625,0.3597280618472806,0.2881783922032125,2,0.975990099009901,Bilateral,2.0,"Bilateral pulmonary infection, two infected areas, upper left lung and middle right lung."
Train,Jun_radiopaedia_40_86625_0_case18_20.png,Jun_radiopaedia_40_86625_0_case18_20.png,512,512,5234,0.01996612548828125,0.12457656860351562,0.3824141713783204,0.29092857404581063,4,0.8532670997325181,Bilateral,4.0,"Bilateral pulmonary infection, four infected areas, upper left lung and upper right lung."
Train,Jun_radiopaedia_40_86625_0_case18_21.png,Jun_radiopaedia_40_86625_0_case18_21.png,512,512,5701,0.021747589111328125,0.117431640625,0.4159571689108684,0.28268807168447463,4,0.7081213822136467,Bilateral,4.0,"Bilateral pulmonary infection, four infected areas, upper left lung and upper right lung."
Train,Jun_radiopaedia_40_86625_0_case18_22.png,Jun_radiopaedia_40_86625_0_case18_22.png,512,512,7388,0.0281829833984375,0.1140289306640625,0.45793119852683306,0.2768282940442904,3,0.6269626421223606,Bilateral,3.0,"Bilateral pulmonary infection, three infected areas, upper left lung and upper right lung."
Train,Jun_radiopaedia_40_86625_0_case18_23.png,Jun_radiopaedia_40_86625_0_case18_23.png,512,512,8379,0.031963348388671875,0.23028564453125,0.462981841893897,0.28587123385763824,3,0.6010263754624657,Bilateral,3.0,"Bilateral pulmonary infection, three infected areas, upper left lung and upper right lung."
Train,Jun_radiopaedia_40_86625_0_case18_24.png,Jun_radiopaedia_40_86625_0_case18_24.png,512,512,9726,0.03710174560546875,0.24473190307617188,0.4854295364212294,0.2953133067175642,5,0.49259716224552746,Bilateral,5.0,"Bilateral pulmonary infection, five infected areas, upper left lung and upper right lung."
Train,Jun_radiopaedia_40_86625_0_case18_25.png,Jun_radiopaedia_40_86625_0_case18_25.png,512,512,11735,0.044765472412109375,0.24473190307617188,0.506659040103659,0.31509951080489984,3,0.4766084363016617,Bilateral,3.0,"Bilateral pulmonary infection, three infected areas, upper left lung and upper right lung."
Train,Jun_radiopaedia_40_86625_0_case18_26.png,Jun_radiopaedia_40_86625_0_case18_26.png,512,512,15130,0.05771636962890625,0.25151824951171875,0.5221266958376394,0.3257806123834789,5,0.48446794448116326,Bilateral,5.0,"Bilateral pulmonary infection, five infected areas, upper left lung and upper right lung."
Train,Jun_radiopaedia_40_86625_0_case18_27.png,Jun_radiopaedia_40_86625_0_case18_27.png,512,512,18019,0.06873703002929688,0.2474822998046875,0.5285162682704243,0.33943275140428525,6,0.4784394250513347,Bilateral,6.0,"Bilateral pulmonary infection, six infected areas, upper left lung and upper right lung."
Train,Jun_radiopaedia_40_86625_0_case18_28.png,Jun_radiopaedia_40_86625_0_case18_28.png,512,512,21831,0.08327865600585938,0.250762939453125,0.5136379881711862,0.3514039220157766,4,0.4633777655627319,Bilateral,4.0,"Bilateral pulmonary infection, four infected areas, upper left lung and upper right lung."
Train,Jun_radiopaedia_40_86625_0_case18_29.png,Jun_radiopaedia_40_86625_0_case18_29.png,512,512,25114,0.09580230712890625,0.25351715087890625,0.5278846658844281,0.3602971623564842,3,0.5039022059409094,Bilateral,3.0,"Bilateral pulmonary infection, three infected areas, upper left lung and upper right lung."
Train,Jun_radiopaedia_40_86625_0_case18_30.png,Jun_radiopaedia_40_86625_0_case18_30.png,512,512,25819,0.09849166870117188,0.2492523193359375,0.5107125026405029,0.3677493227919881,2,0.5315852666640846,Bilateral,2.0,"Bilateral pulmonary infection, two infected areas, upper left lung and upper right lung."
Train,Jun_radiopaedia_40_86625_0_case18_31.png,Jun_radiopaedia_40_86625_0_case18_31.png,512,512,25414,0.09694671630859375,0.24747467041015625,0.512330830796222,0.365830997199103,3,0.5289997639096561,Bilateral,2.0,"Bilateral pulmonary infection, two infected areas, upper left lung and upper right lung."
Train,Jun_radiopaedia_40_86625_0_case18_32.png,Jun_radiopaedia_40_86625_0_case18_32.png,512,512,25645,0.09782791137695312,0.24698638916015625,0.5071572223330825,0.36869830773099055,4,0.543653733671281,Bilateral,3.0,"Bilateral pulmonary infection, three infected areas, upper left lung and upper right lung."
Train,Jun_radiopaedia_40_86625_0_case18_33.png,Jun_radiopaedia_40_86625_0_case18_33.png,512,512,26663,0.10171127319335938,0.2507286071777344,0.5012948086624142,0.3675877497735195,4,0.5526009826351124,Bilateral,4.0,"Bilateral pulmonary infection, four infected areas, upper left lung and upper right lung."
Train,Jun_radiopaedia_40_86625_0_case18_34.png,Jun_radiopaedia_40_86625_0_case18_34.png,512,512,24019,0.09162521362304688,0.24566650390625,0.5135664370077537,0.36078963579794826,6,0.47620633665015194,Bilateral,6.0,"Bilateral pulmonary infection, six infected areas, upper left lung and upper right lung."
Train,Jun_radiopaedia_40_86625_0_case18_35.png,Jun_radiopaedia_40_86625_0_case18_35.png,512,512,23851,0.09098434448242188,0.2434844970703125,0.5126603429428674,0.36910972319096846,5,0.4860592847260073,Bilateral,5.0,"Bilateral pulmonary infection, five infected areas, upper left lung and upper right lung."
Train,Jun_radiopaedia_40_86625_0_case18_36.png,Jun_radiopaedia_40_86625_0_case18_36.png,512,512,24611,0.09388351440429688,0.24224853515625,0.5187062949991098,0.36727161521732166,3,0.4985169233269676,Bilateral,3.0,"Bilateral pulmonary infection, three infected areas, upper left lung and upper right lung."
Train,Jun_radiopaedia_40_86625_0_case18_37.png,Jun_radiopaedia_40_86625_0_case18_37.png,512,512,24120,0.092010498046875,0.24519729614257812,0.5176409212904817,0.3723776745755891,4,0.4898839137645108,Bilateral,4.0,"Bilateral pulmonary infection, four infected areas, upper left lung and upper right lung."
Train,Jun_radiopaedia_40_86625_0_case18_38.png,Jun_radiopaedia_40_86625_0_case18_38.png,512,512,23352,0.089080810546875,0.23952484130859375,0.5119613283373861,0.36681052138998893,6,0.47811750599520386,Bilateral,5.0,"Bilateral pulmonary infection, five infected areas, upper left lung and upper right lung."
Train,Jun_radiopaedia_40_86625_0_case18_39.png,Jun_radiopaedia_40_86625_0_case18_39.png,512,512,21670,0.08266448974609375,0.2401885986328125,0.5158420607276737,0.3643292872901384,7,0.4979233964005538,Bilateral,7.0,"Bilateral pulmonary infection, seven infected areas, upper left lung and upper right lung."
Train,Jun_radiopaedia_40_86625_0_case18_40.png,Jun_radiopaedia_40_86625_0_case18_40.png,512,512,22091,0.08427047729492188,0.247802734375,0.5181141411069548,0.36474373346824346,9,0.48069349508849757,Bilateral,8.0,"Bilateral pulmonary infection, eight infected areas, upper left lung and upper right lung."
Train,Jun_radiopaedia_40_86625_0_case18_41.png,Jun_radiopaedia_40_86625_0_case18_41.png,512,512,23180,0.0884246826171875,0.244903564453125,0.5314136452742005,0.3748874206625929,5,0.5194132873166523,Bilateral,5.0,"Bilateral pulmonary infection, five infected areas, upper left lung and upper right lung."
Train,Jun_radiopaedia_40_86625_0_case18_42.png,Jun_radiopaedia_40_86625_0_case18_42.png,512,512,21370,0.08152008056640625,0.23485946655273438,0.5319194840326115,0.36519637694630164,3,0.5372016846045858,Bilateral,3.0,"Bilateral pulmonary infection, three infected areas, upper left lung and upper right lung."
Train,Jun_radiopaedia_40_86625_0_case18_43.png,Jun_radiopaedia_40_86625_0_case18_43.png,512,512,20712,0.079010009765625,0.23706817626953125,0.5265317892423085,0.3623222666421765,5,0.5021243723445346,Bilateral,5.0,"Bilateral pulmonary infection, five infected areas, upper left lung and upper right lung."
Train,Jun_radiopaedia_40_86625_0_case18_44.png,Jun_radiopaedia_40_86625_0_case18_44.png,512,512,21322,0.08133697509765625,0.2415008544921875,0.5232475814420247,0.36675348504920635,4,0.5129443767001219,Bilateral,4.0,"Bilateral pulmonary infection, four infected areas, upper left lung and upper right lung."
Train,Jun_radiopaedia_40_86625_0_case18_45.png,Jun_radiopaedia_40_86625_0_case18_45.png,512,512,22303,0.08507919311523438,0.240753173828125,0.5354012820930165,0.370809943429021,6,0.5386719275433798,Bilateral,6.0,"Bilateral pulmonary infection, six infected areas, upper left lung and upper right lung."
Train,Jun_radiopaedia_40_86625_0_case18_46.png,Jun_radiopaedia_40_86625_0_case18_46.png,512,512,22498,0.08582305908203125,0.23681640625,0.5462590368980831,0.368308015724468,6,0.5713841230331586,Bilateral,6.0,"Bilateral pulmonary infection, six infected areas, upper left lung and upper right lung."
Train,Jun_radiopaedia_40_86625_0_case18_47.png,Jun_radiopaedia_40_86625_0_case18_47.png,512,512,21516,0.0820770263671875,0.244140625,0.5419107393432967,0.3690803621680166,6,0.5514500836586727,Bilateral,5.0,"Bilateral pulmonary infection, five infected areas, upper left lung and upper right lung."
Train,Jun_radiopaedia_40_86625_0_case18_48.png,Jun_radiopaedia_40_86625_0_case18_48.png,512,512,22036,0.0840606689453125,0.2392578125,0.5360331910174385,0.3707779904010481,6,0.5331729896532946,Bilateral,6.0,"Bilateral pulmonary infection, six infected areas, upper left lung and upper right lung."
Train,Jun_radiopaedia_40_86625_0_case18_49.png,Jun_radiopaedia_40_86625_0_case18_49.png,512,512,23256,0.088714599609375,0.23580551147460938,0.5231393687010973,0.37296605736743144,6,0.5246388028895769,Bilateral,6.0,"Bilateral pulmonary infection, six infected areas, upper left lung and upper right lung."
Train,Jun_radiopaedia_40_86625_0_case18_50.png,Jun_radiopaedia_40_86625_0_case18_50.png,512,512,22845,0.08714675903320312,0.23626708984375,0.5278000855762843,0.37434793055728666,7,0.5338148391332895,Bilateral,7.0,"Bilateral pulmonary infection, seven infected areas, upper left lung and upper right lung."
Train,Jun_radiopaedia_40_86625_0_case18_51.png,Jun_radiopaedia_40_86625_0_case18_51.png,512,512,21951,0.08373641967773438,0.2323760986328125,0.5318050940892102,0.3739886409518585,6,0.5337342262311512,Bilateral,6.0,"Bilateral pulmonary infection, six infected areas, upper left lung and upper right lung."
Train,Morozov_study_0255_11.png,Morozov_study_0255_11.png,512,512,63,0.000240325927734375,0.0011749267578125,0.30770664430155625,0.4596340819432796,5,0.5714285714285714,Unknown,,"No pulmonary infection, zero infected areas."
Train,Morozov_study_0255_12.png,Morozov_study_0255_12.png,512,512,2141,0.008167266845703125,0.1564178466796875,0.608217532820682,0.5022910266523224,29,0.6057916861279776,Bilateral,5.0,"Bilateral pulmonary infection, five infected areas, middle left lung and upper right lung."
Train,Morozov_study_0255_13.png,Morozov_study_0255_13.png,512,512,2084,0.0079498291015625,0.1768798828125,0.46430261690036095,0.48370681851474845,38,0.41506717850287905,Bilateral,5.0,"Bilateral pulmonary infection, five infected areas, middle left lung and upper right lung."
Train,Morozov_study_0255_14.png,Morozov_study_0255_14.png,512,512,2702,0.01030731201171875,0.1973876953125,0.4318660816587264,0.4839098674461622,24,0.6491487786824575,Bilateral,2.0,"Bilateral pulmonary infection, two infected areas, middle left lung and upper right lung."
Train,Morozov_study_0255_15.png,Morozov_study_0255_15.png,512,512,3660,0.0139617919921875,0.19623565673828125,0.47885160352036615,0.47636692224610483,12,0.5439890710382513,Bilateral,4.0,"Bilateral pulmonary infection, four infected areas, middle left lung and upper right lung."
Train,Morozov_study_0255_16.png,Morozov_study_0255_16.png,512,512,4176,0.01593017578125,0.19232177734375,0.46605099684339174,0.47750026242586474,31,0.5538793103448276,Bilateral,2.0,"Bilateral pulmonary infection, two infected areas, middle left lung and upper right lung."
Train,Morozov_study_0255_17.png,Morozov_study_0255_17.png,512,512,6170,0.02353668212890625,0.20330429077148438,0.5382581584397708,0.48647866864158684,30,0.40048622366288494,Bilateral,4.0,"Bilateral pulmonary infection, four infected areas, middle left lung and upper right lung."
Train,Morozov_study_0255_18.png,Morozov_study_0255_18.png,512,512,5165,0.019702911376953125,0.2100982666015625,0.5763396942009574,0.494837107355507,29,0.3357212003872217,Bilateral,5.0,"Bilateral pulmonary infection, five infected areas, middle left lung and upper right lung."
Train,Morozov_study_0255_19.png,Morozov_study_0255_19.png,512,512,3035,0.011577606201171875,0.17200469970703125,0.6414924381885181,0.5063940911157179,27,0.5103789126853377,Bilateral,3.0,"Bilateral pulmonary infection, three infected areas, middle left lung and middle right lung."
Train,Morozov_study_0255_20.png,Morozov_study_0255_20.png,512,512,1541,0.005878448486328125,0.181793212890625,0.5870003339890355,0.5438674914375624,15,0.5691109669046074,Bilateral,4.0,"Bilateral pulmonary infection, four infected areas, middle left lung and upper right lung."
Train,Morozov_study_0255_21.png,Morozov_study_0255_21.png,512,512,1032,0.003936767578125,0.05983734130859375,0.4703689376355831,0.5884854897677452,20,0.5455426356589147,Bilateral,3.0,"Bilateral pulmonary infection, three infected areas, middle left lung and middle right lung."
Train,Morozov_study_0255_22.png,Morozov_study_0255_22.png,512,512,1626,0.00620269775390625,0.0340576171875,0.3056929590822327,0.5125155556839326,13,0.46371463714637146,Unilateral,3.0,"Unilateral pulmonary infection, three infected areas, middle left lung."
Train,Morozov_study_0255_23.png,Morozov_study_0255_23.png,512,512,2674,0.01020050048828125,0.04141998291015625,0.2880978971234194,0.4831793292516031,16,0.7389678384442783,Unilateral,3.0,"Unilateral pulmonary infection, three infected areas, middle left lung."
Train,Morozov_study_0255_24.png,Morozov_study_0255_24.png,512,512,3801,0.014499664306640625,0.059246063232421875,0.29093332633136504,0.5012920176017126,24,0.7834780320968167,Unilateral,3.0,"Unilateral pulmonary infection, three infected areas, middle left lung."
Train,Morozov_study_0255_25.png,Morozov_study_0255_25.png,512,512,2626,0.01001739501953125,0.108795166015625,0.31845030054714035,0.48336296824022307,16,0.7600913937547601,Bilateral,3.0,"Bilateral pulmonary infection, three infected areas, middle left lung and middle right lung."
Train,Morozov_study_0255_26.png,Morozov_study_0255_26.png,512,512,1805,0.006885528564453125,0.050960540771484375,0.35356668527844487,0.4650779797366524,17,0.7263157894736842,Bilateral,2.0,"Bilateral pulmonary infection, two infected areas, middle left lung and middle right lung."
Train,Morozov_study_0255_27.png,Morozov_study_0255_27.png,512,512,160,0.0006103515625,0.02140045166015625,0.3375122309197652,0.4800146771037182,6,0.51875,Unilateral,1.0,"Unilateral pulmonary infection, one infected areas, middle left lung."
Train,Morozov_study_0255_29.png,Morozov_study_0255_29.png,512,512,136,0.000518798828125,0.0032958984375,0.3162196385403477,0.5284620697594107,7,0.5294117647058824,Unilateral,1.0,"Unilateral pulmonary infection, one infected areas, middle left lung."
Train,Morozov_study_0255_30.png,Morozov_study_0255_30.png,512,512,563,0.002147674560546875,0.00638580322265625,0.32123478847243414,0.524858095261268,4,0.7708703374777975,Unilateral,2.0,"Unilateral pulmonary infection, two infected areas, middle left lung."
Train,Morozov_study_0255_31.png,Morozov_study_0255_31.png,512,512,361,0.001377105712890625,0.002838134765625,0.3178765225970478,0.5138314423405305,7,0.9390581717451524,Unilateral,1.0,"Unilateral pulmonary infection, one infected areas, middle left lung."
Train,Morozov_study_0255_32.png,Morozov_study_0255_32.png,512,512,5,1.9073486328125e-05,0.00048065185546875,0.3158512720156556,0.5154598825831702,3,0.6,Unknown,,"No pulmonary infection, zero infected areas."
Train,Morozov_study_0256_10.png,Morozov_study_0256_10.png,512,512,298,0.00113677978515625,0.002964019775390625,0.702931480581568,0.7420769907668868,2,0.9966442953020134,Unilateral,1.0,"Unilateral pulmonary infection, one infected areas, left lung and lower right lung."
Train,Morozov_study_0256_11.png,Morozov_study_0256_11.png,512,512,122,0.00046539306640625,0.00102996826171875,0.11425684129479324,0.6494016874659139,4,0.8852459016393442,Unilateral,1.0,"Unilateral pulmonary infection, one infected areas, middle left lung."
Train,Morozov_study_0256_12.png,Morozov_study_0256_12.png,512,512,996,0.0037994384765625,0.0728607177734375,0.6868216505945504,0.677708878567106,6,0.8122489959839357,Bilateral,2.0,"Bilateral pulmonary infection, two infected areas, middle left lung and middle right lung."
Train,Morozov_study_0256_13.png,Morozov_study_0256_13.png,512,512,716,0.0027313232421875,0.005859375,0.8220899977041403,0.6806923657195334,10,0.9483240223463687,Unilateral,1.0,"Unilateral pulmonary infection, one infected areas, left lung and middle right lung."
Train,Morozov_study_0256_15.png,Morozov_study_0256_15.png,512,512,39,0.000148773193359375,0.00025177001953125,0.6296853831100406,0.6297857393747804,2,0.8461538461538461,Unknown,,"No pulmonary infection, zero infected areas."
Train,Morozov_study_0256_16.png,Morozov_study_0256_16.png,512,512,280,0.001068115234375,0.00176239013671875,0.6199259155717081,0.6273762929829466,2,0.9964285714285714,Unilateral,1.0,"Unilateral pulmonary infection, one infected areas, left lung and middle right lung."
Train,Morozov_study_0256_19.png,Morozov_study_0256_19.png,512,512,828,0.0031585693359375,0.020908355712890625,0.14266097544834888,0.513769534019683,2,0.9396135265700483,Unilateral,1.0,"Unilateral pulmonary infection, one infected areas, middle left lung."
Train,Morozov_study_0256_20.png,Morozov_study_0256_20.png,512,512,704,0.002685546875,0.21196746826171875,0.18506771481942713,0.49398461127913185,13,0.7869318181818182,Unilateral,2.0,"Unilateral pulmonary infection, two infected areas, middle left lung."
Train,Morozov_study_0256_22.png,Morozov_study_0256_22.png,512,512,192,0.000732421875,0.00177001953125,0.37390940965427266,0.7424779843444227,1,1.0,Unilateral,1.0,"Unilateral pulmonary infection, one infected areas, lower left lung."
Train,Morozov_study_0256_23.png,Morozov_study_0256_23.png,512,512,309,0.001178741455078125,0.002010345458984375,0.13268608414239483,0.4604842335923597,3,0.9935275080906149,Unilateral,1.0,"Unilateral pulmonary infection, one infected areas, middle left lung."
Train,Morozov_study_0256_24.png,Morozov_study_0256_24.png,512,512,700,0.0026702880859375,0.00473785400390625,0.15026558568632933,0.4613614760972882,1,1.0,Unilateral,1.0,"Unilateral pulmonary infection, one infected areas, middle left lung."
Train,Morozov_study_0256_25.png,Morozov_study_0256_25.png,512,512,670,0.00255584716796875,0.09960174560546875,0.3848497239828256,0.4863334988462774,10,0.6671641791044776,Bilateral,2.0,"Bilateral pulmonary infection, two infected areas, middle left lung and middle right lung."
Train,Morozov_study_0256_26.png,Morozov_study_0256_26.png,512,512,2414,0.00920867919921875,0.181640625,0.7576417408560955,0.5038287744192795,16,0.5211267605633803,Bilateral,4.0,"Bilateral pulmonary infection, four infected areas, middle left lung and middle right lung."
Train,Morozov_study_0256_27.png,Morozov_study_0256_27.png,512,512,4286,0.01634979248046875,0.20709228515625,0.720144684418299,0.5096386268312706,10,0.7197853476434904,Bilateral,3.0,"Bilateral pulmonary infection, three infected areas, middle left lung and middle right lung."
Train,Morozov_study_0256_28.png,Morozov_study_0256_28.png,512,512,5003,0.019084930419921875,0.23521804809570312,0.7278411817879918,0.4887779660970541,5,0.8171097341595043,Bilateral,3.0,"Bilateral pulmonary infection, three infected areas, middle left lung and middle right lung."
Train,Morozov_study_0256_29.png,Morozov_study_0256_29.png,512,512,4691,0.017894744873046875,0.03287506103515625,0.8027496546870574,0.4516609854987337,6,0.9976550842037945,Unilateral,1.0,"Unilateral pulmonary infection, one infected areas, left lung and middle right lung."
Train,Morozov_study_0256_30.png,Morozov_study_0256_30.png,512,512,4629,0.017658233642578125,0.03499603271484375,0.7915269979652654,0.4541947959325599,9,0.9961114711600778,Unilateral,1.0,"Unilateral pulmonary infection, one infected areas, left lung and middle right lung."
Train,Morozov_study_0256_31.png,Morozov_study_0256_31.png,512,512,4596,0.0175323486328125,0.03105926513671875,0.7827878066352261,0.4532734156647744,1,1.0,Unilateral,1.0,"Unilateral pulmonary infection, one infected areas, left lung and middle right lung."
Train,Morozov_study_0256_32.png,Morozov_study_0256_32.png,512,512,3568,0.01361083984375,0.02618408203125,0.7792456100322063,0.46545011978622763,3,0.9985986547085202,Unilateral,1.0,"Unilateral pulmonary infection, one infected areas, left lung and middle right lung."
Train,Morozov_study_0256_33.png,Morozov_study_0256_33.png,512,512,2362,0.00901031494140625,0.018585205078125,0.7760430561516245,0.47625482401560254,7,0.9919559695173582,Unilateral,1.0,"Unilateral pulmonary infection, one infected areas, left lung and middle right lung."
Train,Morozov_study_0256_34.png,Morozov_study_0256_34.png,512,512,734,0.00279998779296875,0.00684356689453125,0.7657315623050385,0.48373654265558264,2,0.9986376021798365,Unilateral,1.0,"Unilateral pulmonary infection, one infected areas, left lung and middle right lung."
Train,Morozov_study_0256_6.png,Morozov_study_0256_6.png,512,512,103,0.000392913818359375,0.008087158203125,0.6145384074629985,0.726920373149925,2,0.7378640776699029,Unilateral,1.0,"Unilateral pulmonary infection, one infected areas, left lung and lower right lung."
Train,Morozov_study_0256_7.png,Morozov_study_0256_7.png,512,512,584,0.002227783203125,0.00394439697265625,0.697665067152776,0.7208669544004503,3,0.9743150684931506,Unilateral,1.0,"Unilateral pulmonary infection, one infected areas, left lung and lower right lung."
Train,Morozov_study_0256_8.png,Morozov_study_0256_8.png,512,512,1391,0.005306243896484375,0.00732421875,0.7019798790378742,0.7134753608956655,4,0.9892163910855499,Unilateral,1.0,"Unilateral pulmonary infection, one infected areas, left lung and lower right lung."
Train,Morozov_study_0256_9.png,Morozov_study_0256_9.png,512,512,1526,0.00582122802734375,0.0099029541015625,0.7033840053553154,0.7069285675813621,9,0.9777195281782438,Unilateral,1.0,"Unilateral pulmonary infection, one infected areas, left lung and lower right lung."
Train,Morozov_study_0257_16.png,Morozov_study_0257_16.png,512,512,481,0.001834869384765625,0.00826263427734375,0.7614151860727203,0.43115899280282843,5,0.972972972972973,Unilateral,1.0,"Unilateral pulmonary infection, one infected areas, left lung and middle right lung."
Train,Morozov_study_0257_17.png,Morozov_study_0257_17.png,512,512,951,0.003627777099609375,0.013614654541015625,0.7702099551198553,0.44473733488901374,5,0.9863301787592008,Unilateral,1.0,"Unilateral pulmonary infection, one infected areas, left lung and middle right lung."
Train,Morozov_study_0257_18.png,Morozov_study_0257_18.png,512,512,1542,0.00588226318359375,0.013427734375,0.7734040474033012,0.455632378211132,1,1.0,Unilateral,1.0,"Unilateral pulmonary infection, one infected areas, left lung and middle right lung."
Train,Morozov_study_0257_19.png,Morozov_study_0257_19.png,512,512,2185,0.008335113525390625,0.22134017944335938,0.6351175735646442,0.5650785689655944,10,0.6906178489702517,Bilateral,2.0,"Bilateral pulmonary infection, two infected areas, lower left lung and middle right lung."
Train,Morozov_study_0257_20.png,Morozov_study_0257_20.png,512,512,2024,0.007720947265625,0.282623291015625,0.6538814074549631,0.568391629216525,25,0.6408102766798419,Bilateral,5.0,"Bilateral pulmonary infection, five infected areas, lower left lung and middle right lung."
Train,Morozov_study_0257_21.png,Morozov_study_0257_21.png,512,512,515,0.001964569091796875,0.006275177001953125,0.7918606197632664,0.5001956947162427,7,0.945631067961165,Unilateral,1.0,"Unilateral pulmonary infection, one infected areas, left lung and middle right lung."
Train,Morozov_study_0258_12.png,Morozov_study_0258_12.png,512,512,38,0.00014495849609375,0.000186920166015625,0.8407662993099186,0.6095375424863528,1,1.0,Unknown,,"No pulmonary infection, zero infected areas."
Train,Morozov_study_0258_13.png,Morozov_study_0258_13.png,512,512,108,0.0004119873046875,0.00080108642578125,0.8321736609407843,0.6089186054939479,2,0.9814814814814815,Unilateral,1.0,"Unilateral pulmonary infection, one infected areas, left lung and middle right lung."
Train,Morozov_study_0258_16.png,Morozov_study_0258_16.png,512,512,473,0.001804351806640625,0.015079498291015625,0.7617571978833527,0.6726602483212869,16,0.8266384778012685,Unilateral,1.0,"Unilateral pulmonary infection, one infected areas, left lung and middle right lung."
Train,Morozov_study_0258_17.png,Morozov_study_0258_17.png,512,512,1055,0.004024505615234375,0.0178985595703125,0.7653870767290232,0.6550022722846198,2,0.9962085308056872,Unilateral,1.0,"Unilateral pulmonary infection, one infected areas, left lung and middle right lung."
Train,Morozov_study_0258_18.png,Morozov_study_0258_18.png,512,512,2992,0.01141357421875,0.131591796875,0.7339160134788659,0.6319801270445912,10,0.9425133689839572,Bilateral,2.0,"Bilateral pulmonary infection, two infected areas, middle left lung and middle right lung."
Train,Morozov_study_0258_19.png,Morozov_study_0258_19.png,512,512,3007,0.011470794677734375,0.12660598754882812,0.7245709131400508,0.6364347507479287,10,0.9461257066844031,Bilateral,2.0,"Bilateral pulmonary infection, two infected areas, middle left lung and middle right lung."
Train,Morozov_study_0258_20.png,Morozov_study_0258_20.png,512,512,2778,0.01059722900390625,0.10943984985351562,0.7332049835230402,0.6247183982619943,6,0.9290856731461483,Bilateral,2.0,"Bilateral pulmonary infection, two infected areas, middle left lung and middle right lung."
Train,Morozov_study_0258_21.png,Morozov_study_0258_21.png,512,512,2251,0.008586883544921875,0.01611328125,0.7542948948108299,0.6428210640889329,2,0.9689027099067081,Unilateral,2.0,"Unilateral pulmonary infection, two infected areas, left lung and middle right lung."
Train,Morozov_study_0258_22.png,Morozov_study_0258_22.png,512,512,2093,0.007984161376953125,0.069488525390625,0.7032237735887867,0.6487349968163378,17,0.906832298136646,Bilateral,2.0,"Bilateral pulmonary infection, two infected areas, middle left lung and middle right lung."
Train,Morozov_study_0258_23.png,Morozov_study_0258_23.png,512,512,1671,0.006374359130859375,0.0657196044921875,0.6912801666742789,0.649202874873665,9,0.8653500897666068,Bilateral,2.0,"Bilateral pulmonary infection, two infected areas, middle left lung and middle right lung."
Train,Morozov_study_0258_24.png,Morozov_study_0258_24.png,512,512,1065,0.004062652587890625,0.011962890625,0.7369826263517176,0.6567974054371893,7,0.9943661971830986,Unilateral,1.0,"Unilateral pulmonary infection, one infected areas, left lung and middle right lung."
Train,Morozov_study_0258_25.png,Morozov_study_0258_25.png,512,512,131,0.000499725341796875,0.001068115234375,0.7301205539206167,0.681779477450292,1,1.0,Unilateral,1.0,"Unilateral pulmonary infection, one infected areas, left lung and lower right lung."
Train,Morozov_study_0258_26.png,Morozov_study_0258_26.png,512,512,664,0.002532958984375,0.006412506103515625,0.730236012543324,0.6592347865041379,5,0.9563253012048193,Unilateral,1.0,"Unilateral pulmonary infection, one infected areas, left lung and middle right lung."
Train,Morozov_study_0258_27.png,Morozov_study_0258_27.png,512,512,1426,0.00543975830078125,0.0111083984375,0.7231551038444544,0.6549830791314777,4,0.9971949509116409,Unilateral,1.0,"Unilateral pulmonary infection, one infected areas, left lung and middle right lung."
Train,Morozov_study_0258_28.png,Morozov_study_0258_28.png,512,512,1562,0.00595855712890625,0.021846771240234375,0.7297107677196429,0.6458852742858145,6,0.9090909090909091,Unilateral,2.0,"Unilateral pulmonary infection, two infected areas, left lung and middle right lung."
Train,Morozov_study_0258_29.png,Morozov_study_0258_29.png,512,512,1331,0.005077362060546875,0.009063720703125,0.7122287878542831,0.6567388232734095,1,1.0,Unilateral,1.0,"Unilateral pulmonary infection, one infected areas, left lung and middle right lung."
Train,Morozov_study_0258_30.png,Morozov_study_0258_30.png,512,512,814,0.00310516357421875,0.0074462890625,0.709100044716483,0.6648307264745621,1,1.0,Unilateral,1.0,"Unilateral pulmonary infection, one infected areas, left lung and middle right lung."
Train,Morozov_study_0258_31.png,Morozov_study_0258_31.png,512,512,349,0.001331329345703125,0.00194549560546875,0.7149025171162786,0.6579043282736811,1,1.0,Unilateral,1.0,"Unilateral pulmonary infection, one infected areas, left lung and middle right lung."
Train,Morozov_study_0259_15.png,Morozov_study_0259_15.png,512,512,771,0.002941131591796875,0.0086517333984375,0.26724385186087657,0.3469456648924694,7,0.6070038910505836,Unilateral,2.0,"Unilateral pulmonary infection, two infected areas, upper left lung."
Train,Morozov_study_0259_17.png,Morozov_study_0259_17.png,512,512,2634,0.01004791259765625,0.29361724853515625,0.26538997038575785,0.5896807813523887,23,0.7422171602126044,Bilateral,5.0,"Bilateral pulmonary infection, five infected areas, middle left lung and middle right lung."
Train,Morozov_study_0259_18.png,Morozov_study_0259_18.png,512,512,2543,0.009700775146484375,0.25787353515625,0.288723967331372,0.49852824952884744,30,0.4097522611089265,Bilateral,3.0,"Bilateral pulmonary infection, three infected areas, middle left lung and middle right lung."
Train,Morozov_study_0259_19.png,Morozov_study_0259_19.png,512,512,1782,0.00679779052734375,0.035991668701171875,0.28246149250715463,0.4574819734637086,16,0.5084175084175084,Unilateral,5.0,"Unilateral pulmonary infection, five infected areas, middle left lung."
Train,Morozov_study_0259_20.png,Morozov_study_0259_20.png,512,512,744,0.002838134765625,0.03243255615234375,0.27844149148833197,0.48369736759042986,30,0.17473118279569894,Unilateral,6.0,"Unilateral pulmonary infection, six infected areas, middle left lung."
Train,Morozov_study_0259_21.png,Morozov_study_0259_21.png,512,512,1036,0.0039520263671875,0.1953887939453125,0.6323357184413936,0.5875204950547416,15,0.6621621621621622,Bilateral,3.0,"Bilateral pulmonary infection, three infected areas, middle left lung and middle right lung."
Train,Morozov_study_0259_22.png,Morozov_study_0259_22.png,512,512,1749,0.006671905517578125,0.17099380493164062,0.503831655550446,0.58296885332295,9,0.5254431103487708,Bilateral,2.0,"Bilateral pulmonary infection, two infected areas, middle left lung and middle right lung."
Train,Morozov_study_0259_23.png,Morozov_study_0259_23.png,512,512,819,0.003124237060546875,0.1732940673828125,0.5148085226363113,0.5897244742645916,13,0.5372405372405372,Bilateral,3.0,"Bilateral pulmonary infection, three infected areas, middle left lung and middle right lung."
Train,Morozov_study_0259_24.png,Morozov_study_0259_24.png,512,512,684,0.0026092529296875,0.1768798828125,0.5065946830546687,0.5534498346322427,26,0.3230994152046784,Bilateral,4.0,"Bilateral pulmonary infection, four infected areas, middle left lung and middle right lung."
Train,Morozov_study_0259_27.png,Morozov_study_0259_27.png,512,512,65,0.000247955322265625,0.0020599365234375,0.3175372572632847,0.7076019870540419,7,0.6153846153846154,Unknown,,"No pulmonary infection, zero infected areas."
Train,Morozov_study_0260_11.png,Morozov_study_0260_11.png,512,512,970,0.00370025634765625,0.1068115234375,0.5159481106381262,0.5593297960336514,18,0.3247422680412371,Bilateral,5.0,"Bilateral pulmonary infection, five infected areas, middle left lung and middle right lung."
Train,Morozov_study_0260_12.png,Morozov_study_0260_12.png,512,512,3113,0.011875152587890625,0.10204315185546875,0.5905900576020137,0.5334695799384312,23,0.7680693864439447,Bilateral,4.0,"Bilateral pulmonary infection, four infected areas, middle left lung and middle right lung."
Train,Morozov_study_0260_13.png,Morozov_study_0260_13.png,512,512,2448,0.00933837890625,0.12256622314453125,0.7487233477866032,0.48857168438151516,48,0.39950980392156865,Bilateral,7.0,"Bilateral pulmonary infection, seven infected areas, middle left lung and middle right lung."
Train,Morozov_study_0260_14.png,Morozov_study_0260_14.png,512,512,5544,0.021148681640625,0.06703948974609375,0.7655465050279141,0.4781269502404532,42,0.9175685425685426,Unilateral,1.0,"Unilateral pulmonary infection, one infected areas, left lung and middle right lung."
Train,Morozov_study_0260_15.png,Morozov_study_0260_15.png,512,512,5566,0.02123260498046875,0.15271377563476562,0.6616411635362309,0.5447088241229775,19,0.7252964426877471,Bilateral,3.0,"Bilateral pulmonary infection, three infected areas, middle left lung and middle right lung."
Train,Morozov_study_0260_16.png,Morozov_study_0260_16.png,512,512,5110,0.01949310302734375,0.34130096435546875,0.6139150049210902,0.5573860394223368,12,0.3487279843444227,Bilateral,8.0,"Bilateral pulmonary infection, eight infected areas, all left lung and middle right lung."
Train,Morozov_study_0260_17.png,Morozov_study_0260_17.png,512,512,2987,0.011394500732421875,0.38033294677734375,0.5725351277584471,0.5419721598551321,29,0.19651824573150317,Bilateral,9.0,"Bilateral pulmonary infection, nine infected areas, upper left lung and middle right lung."
Train,Morozov_study_0260_18.png,Morozov_study_0260_18.png,512,512,504,0.001922607421875,0.004852294921875,0.3247522753393595,0.7169027428322927,7,0.9246031746031746,Unilateral,1.0,"Unilateral pulmonary infection, one infected areas, lower left lung."
Train,Morozov_study_0261_12.png,Morozov_study_0261_12.png,512,512,226,0.00086212158203125,0.0019073486328125,0.2579187087612351,0.7755225741648338,4,0.9292035398230089,Unilateral,1.0,"Unilateral pulmonary infection, one infected areas, lower left lung."
Train,Morozov_study_0261_13.png,Morozov_study_0261_13.png,512,512,1939,0.007396697998046875,0.014133453369140625,0.23707925383693856,0.7466515412851259,3,0.998452810727179,Unilateral,1.0,"Unilateral pulmonary infection, one infected areas, lower left lung."
Train,Morozov_study_0261_14.png,Morozov_study_0261_14.png,512,512,2229,0.008502960205078125,0.01611328125,0.21816756349103922,0.7394459618320678,5,0.9932705248990579,Unilateral,1.0,"Unilateral pulmonary infection, one infected areas, lower left lung."
Train,Morozov_study_0261_15.png,Morozov_study_0261_15.png,512,512,1532,0.0058441162109375,0.05495452880859375,0.36380439725516445,0.7367676138018424,2,0.6984334203655352,Bilateral,2.0,"Bilateral pulmonary infection, two infected areas, lower left lung and lower right lung."
Train,Morozov_study_0261_16.png,Morozov_study_0261_16.png,512,512,140,0.0005340576171875,0.0007476806640625,0.2098406485882024,0.7269779144534526,1,1.0,Unilateral,1.0,"Unilateral pulmonary infection, one infected areas, lower left lung."
Train,Morozov_study_0261_21.png,Morozov_study_0261_21.png,512,512,621,0.002368927001953125,0.029331207275390625,0.6754177814332669,0.7141848732081014,7,0.6570048309178744,Bilateral,2.0,"Bilateral pulmonary infection, two infected areas, lower left lung and lower right lung."
Train,Morozov_study_0261_26.png,Morozov_study_0261_26.png,512,512,486,0.00185394287109375,0.0030517578125,0.7462693178066085,0.6974986510755157,2,0.9958847736625515,Unilateral,1.0,"Unilateral pulmonary infection, one infected areas, left lung and lower right lung."
Train,Morozov_study_0261_27.png,Morozov_study_0261_27.png,512,512,335,0.001277923583984375,0.001708984375,0.7321786371469463,0.7028127464439057,1,1.0,Unilateral,1.0,"Unilateral pulmonary infection, one infected areas, left lung and lower right lung."
Train,Morozov_study_0261_5.png,Morozov_study_0261_5.png,512,512,307,0.001171112060546875,0.0858306884765625,0.4243196899481759,0.641872294855205,4,0.5765472312703583,Bilateral,2.0,"Bilateral pulmonary infection, two infected areas, middle left lung and lower right lung."
Train,Morozov_study_0261_6.png,Morozov_study_0261_6.png,512,512,242,0.00092315673828125,0.001522064208984375,0.8257993563099416,0.7124581520596465,6,0.9752066115702479,Unilateral,1.0,"Unilateral pulmonary infection, one infected areas, left lung and lower right lung."
Train,Morozov_study_0261_7.png,Morozov_study_0261_7.png,512,512,912,0.00347900390625,0.007537841796875,0.801026538950115,0.7082410649912452,2,0.9802631578947368,Unilateral,1.0,"Unilateral pulmonary infection, one infected areas, left lung and lower right lung."
Train,Morozov_study_0262_10.png,Morozov_study_0262_10.png,512,512,1388,0.0052947998046875,0.00881195068359375,0.7734297895858828,0.6447901216465427,1,1.0,Unilateral,1.0,"Unilateral pulmonary infection, one infected areas, left lung and middle right lung."
Train,Morozov_study_0262_11.png,Morozov_study_0262_11.png,512,512,1283,0.004894256591796875,0.00896453857421875,0.7739443848733933,0.636059687651099,6,0.9898674980514419,Unilateral,1.0,"Unilateral pulmonary infection, one infected areas, left lung and middle right lung."
Train,Morozov_study_0262_12.png,Morozov_study_0262_12.png,512,512,1286,0.00490570068359375,0.007724761962890625,0.754836824693447,0.6201939903765677,1,1.0,Unilateral,1.0,"Unilateral pulmonary infection, one infected areas, left lung and middle right lung."
Train,Morozov_study_0262_13.png,Morozov_study_0262_13.png,512,512,675,0.002574920654296875,0.00701904296875,0.7401811988113358,0.6003508008987462,8,0.8444444444444444,Unilateral,1.0,"Unilateral pulmonary infection, one infected areas, left lung and middle right lung."
Train,Morozov_study_0262_7.png,Morozov_study_0262_7.png,512,512,147,0.000560760498046875,0.0032958984375,0.7868525100842685,0.6562029900022631,1,1.0,Unilateral,1.0,"Unilateral pulmonary infection, one infected areas, left lung and middle right lung."
Train,Morozov_study_0262_8.png,Morozov_study_0262_8.png,512,512,633,0.002414703369140625,0.006591796875,0.7791524842099405,0.656668614339198,1,1.0,Unilateral,1.0,"Unilateral pulmonary infection, one infected areas, left lung and middle right lung."
Train,Morozov_study_0262_9.png,Morozov_study_0262_9.png,512,512,1070,0.00408172607421875,0.011402130126953125,0.776732446915522,0.6520493077528028,2,0.9990654205607477,Unilateral,1.0,"Unilateral pulmonary infection, one infected areas, left lung and middle right lung."
Train,Morozov_study_0263_10.png,Morozov_study_0263_10.png,512,512,1409,0.005374908447265625,0.11872100830078125,0.3270129541846586,0.4560089666791204,12,0.24769339957416608,Unilateral,6.0,"Unilateral pulmonary infection, six infected areas, upper left lung."
Train,Morozov_study_0263_11.png,Morozov_study_0263_11.png,512,512,553,0.002109527587890625,0.055194854736328125,0.36644808781844623,0.5020648800529403,6,0.7450271247739603,Unilateral,2.0,"Unilateral pulmonary infection, two infected areas, middle left lung."
Train,Morozov_study_0263_12.png,Morozov_study_0263_12.png,512,512,464,0.00177001953125,0.00543975830078125,0.427786962683042,0.5240738241446792,1,1.0,Unilateral,1.0,"Unilateral pulmonary infection, one infected areas, middle left lung."
Train,Morozov_study_0263_13.png,Morozov_study_0263_13.png,512,512,277,0.001056671142578125,0.002231597900390625,0.41700636537687125,0.5518802941779056,2,0.9963898916967509,Unilateral,1.0,"Unilateral pulmonary infection, one infected areas, middle left lung."
Train,Morozov_study_0263_14.png,Morozov_study_0263_14.png,512,512,720,0.00274658203125,0.12334823608398438,0.46177701674277016,0.5286855838225701,8,0.45,Bilateral,2.0,"Bilateral pulmonary infection, two infected areas, middle left lung and upper right lung."
Train,Morozov_study_0263_15.png,Morozov_study_0263_15.png,512,512,410,0.00156402587890625,0.120361328125,0.5962770273495298,0.45835520977518973,3,0.5365853658536586,Bilateral,2.0,"Bilateral pulmonary infection, two infected areas, middle left lung and middle right lung."
Train,Morozov_study_0263_16.png,Morozov_study_0263_16.png,512,512,224,0.0008544921875,0.00453948974609375,0.7896893346379648,0.3941763349175286,6,0.7276785714285714,Unilateral,1.0,"Unilateral pulmonary infection, one infected areas, left lung and middle right lung."
Train,Morozov_study_0263_17.png,Morozov_study_0263_17.png,512,512,569,0.002170562744140625,0.04630279541015625,0.7143269855791222,0.47174808002503793,8,0.40597539543058,Unilateral,3.0,"Unilateral pulmonary infection, three infected areas, left lung and middle right lung."
Train,Morozov_study_0263_18.png,Morozov_study_0263_18.png,512,512,266,0.00101470947265625,0.0023193359375,0.7965363506613893,0.3870856201168283,1,1.0,Unilateral,1.0,"Unilateral pulmonary infection, one infected areas, left lung and middle right lung."
Train,Morozov_study_0263_2.png,Morozov_study_0263_2.png,512,512,833,0.003177642822265625,0.01906585693359375,0.7369844219488186,0.5792775035650268,2,0.6374549819927972,Unilateral,1.0,"Unilateral pulmonary infection, one infected areas, left lung and middle right lung."
Train,Morozov_study_0263_20.png,Morozov_study_0263_20.png,512,512,282,0.00107574462890625,0.00267791748046875,0.38415844332486715,0.3627430570012908,2,0.9964539007092199,Unilateral,1.0,"Unilateral pulmonary infection, one infected areas, upper left lung."
Train,Morozov_study_0263_21.png,Morozov_study_0263_21.png,512,512,502,0.00191497802734375,0.0044097900390625,0.3866724881296731,0.34389642993583397,3,0.9900398406374502,Unilateral,1.0,"Unilateral pulmonary infection, one infected areas, upper left lung."
Train,Morozov_study_0263_22.png,Morozov_study_0263_22.png,512,512,348,0.0013275146484375,0.00243377685546875,0.6078795240344602,0.44982792361157975,1,1.0,Unilateral,1.0,"Unilateral pulmonary infection, one infected areas, left lung and middle right lung."
Train,Morozov_study_0263_23.png,Morozov_study_0263_23.png,512,512,499,0.001903533935546875,0.0304412841796875,0.5134731302134602,0.4109667475851899,6,0.5871743486973948,Bilateral,2.0,"Bilateral pulmonary infection, two infected areas, middle left lung and middle right lung."
Train,Morozov_study_0263_26.png,Morozov_study_0263_26.png,512,512,223,0.000850677490234375,0.016307830810546875,0.5037515466903021,0.377374882627048,2,0.7174887892376681,Bilateral,2.0,"Bilateral pulmonary infection, two infected areas, middle left lung and middle right lung."
Train,Morozov_study_0263_3.png,Morozov_study_0263_3.png,512,512,1490,0.00568389892578125,0.037353515625,0.5087721141596291,0.5985644676184346,7,0.5973154362416108,Bilateral,2.0,"Bilateral pulmonary infection, two infected areas, middle left lung and middle right lung."
Train,Morozov_study_0263_4.png,Morozov_study_0263_4.png,512,512,1523,0.005809783935546875,0.0640716552734375,0.5783479151381363,0.5951162411195331,9,0.6933683519369666,Bilateral,3.0,"Bilateral pulmonary infection, three infected areas, middle left lung and middle right lung."
Train,Morozov_study_0263_5.png,Morozov_study_0263_5.png,512,512,424,0.001617431640625,0.009098052978515625,0.20936565373112284,0.5684516117121441,7,0.6627358490566038,Unilateral,2.0,"Unilateral pulmonary infection, two infected areas, middle left lung."
Train,Morozov_study_0263_6.png,Morozov_study_0263_6.png,512,512,748,0.0028533935546875,0.011775970458984375,0.2142307732557531,0.5736994673336334,4,0.9705882352941176,Unilateral,1.0,"Unilateral pulmonary infection, one infected areas, middle left lung."
Train,Morozov_study_0263_7.png,Morozov_study_0263_7.png,512,512,2933,0.011188507080078125,0.214691162109375,0.44383868563608786,0.4837022264360676,17,0.32662802591203544,Bilateral,4.0,"Bilateral pulmonary infection, four infected areas, middle left lung and upper right lung."
Train,Morozov_study_0263_8.png,Morozov_study_0263_8.png,512,512,3758,0.01433563232421875,0.21340179443359375,0.5321688161146632,0.4550303123720928,23,0.4787120808940926,Bilateral,5.0,"Bilateral pulmonary infection, five infected areas, middle left lung and upper right lung."
Train,Morozov_study_0263_9.png,Morozov_study_0263_9.png,512,512,1301,0.004962921142578125,0.0623931884765625,0.3864271198882088,0.5012522355977864,4,0.8009223674096848,Unilateral,2.0,"Unilateral pulmonary infection, two infected areas, middle left lung."
Train,Morozov_study_0264_10.png,Morozov_study_0264_10.png,512,512,157,0.000598907470703125,0.001373291015625,0.6784997569396837,0.7355129819138195,4,0.7388535031847133,Unilateral,1.0,"Unilateral pulmonary infection, one infected areas, left lung and lower right lung."
Train,Morozov_study_0264_11.png,Morozov_study_0264_11.png,512,512,1235,0.004711151123046875,0.0107269287109375,0.6240252897787144,0.719491035280509,8,0.9765182186234818,Unilateral,1.0,"Unilateral pulmonary infection, one infected areas, left lung and lower right lung."
Train,Morozov_study_0264_12.png,Morozov_study_0264_12.png,512,512,1611,0.006145477294921875,0.02918243408203125,0.557012029576505,0.70382193845881,6,0.7399130974549969,Bilateral,2.0,"Bilateral pulmonary infection, two infected areas, middle left lung and lower right lung."
Train,Morozov_study_0264_13.png,Morozov_study_0264_13.png,512,512,1872,0.00714111328125,0.060699462890625,0.41005987923796144,0.7094152993125596,18,0.4017094017094017,Bilateral,3.0,"Bilateral pulmonary infection, three infected areas, lower left lung and middle right lung."
Train,Morozov_study_0264_14.png,Morozov_study_0264_14.png,512,512,2715,0.010356903076171875,0.07185745239257812,0.2908938887747637,0.6782764449153611,37,0.33812154696132596,Unilateral,6.0,"Unilateral pulmonary infection, six infected areas, middle left lung."
Train,Morozov_study_0264_15.png,Morozov_study_0264_15.png,512,512,2037,0.007770538330078125,0.034183502197265625,0.20923387007676958,0.6622887539424751,16,0.48257241040746196,Unilateral,2.0,"Unilateral pulmonary infection, two infected areas, middle left lung."
Train,Morozov_study_0264_16.png,Morozov_study_0264_16.png,512,512,937,0.003574371337890625,0.17303466796875,0.2870697379110999,0.5688032965265755,39,0.3671291355389541,Unilateral,4.0,"Unilateral pulmonary infection, four infected areas, middle left lung."
Train,Morozov_study_0264_17.png,Morozov_study_0264_17.png,512,512,1480,0.005645751953125,0.10701751708984375,0.26865182207647964,0.6249642989369016,50,0.22027027027027027,Unilateral,7.0,"Unilateral pulmonary infection, seven infected areas, middle left lung."
Train,Morozov_study_0264_18.png,Morozov_study_0264_18.png,512,512,1574,0.00600433349609375,0.06853866577148438,0.17115703568506827,0.59309050942791,23,0.8227445997458704,Unilateral,2.0,"Unilateral pulmonary infection, two infected areas, middle left lung."
Train,Morozov_study_0264_21.png,Morozov_study_0264_21.png,512,512,325,0.001239776611328125,0.0043487548828125,0.8049134427216619,0.390757188017462,2,0.9969230769230769,Unilateral,1.0,"Unilateral pulmonary infection, one infected areas, left lung and middle right lung."
Train,Morozov_study_0264_23.png,Morozov_study_0264_23.png,512,512,256,0.0009765625,0.0071563720703125,0.8172853473581213,0.4267062133072407,16,0.4453125,Unilateral,1.0,"Unilateral pulmonary infection, one infected areas, left lung and middle right lung."
Train,Morozov_study_0264_26.png,Morozov_study_0264_26.png,512,512,600,0.002288818359375,0.045467376708984375,0.24168297455968688,0.7134768427919113,9,0.8633333333333333,Unilateral,1.0,"Unilateral pulmonary infection, one infected areas, lower left lung."
Train,Morozov_study_0264_27.png,Morozov_study_0264_27.png,512,512,1007,0.003841400146484375,0.031963348388671875,0.19875159597105974,0.6043604747200128,18,0.45878848063555117,Unilateral,3.0,"Unilateral pulmonary infection, three infected areas, middle left lung."
Train,Morozov_study_0264_28.png,Morozov_study_0264_28.png,512,512,114,0.00043487548828125,0.0009765625,0.24458406289696843,0.7222508325608542,1,1.0,Unilateral,1.0,"Unilateral pulmonary infection, one infected areas, lower left lung."
Train,Morozov_study_0264_29.png,Morozov_study_0264_29.png,512,512,237,0.000904083251953125,0.006488800048828125,0.2054546805717258,0.5810729355033152,7,0.42616033755274263,Unilateral,2.0,"Unilateral pulmonary infection, two infected areas, middle left lung."
Train,Morozov_study_0264_30.png,Morozov_study_0264_30.png,512,512,298,0.00113677978515625,0.078216552734375,0.49724188654960005,0.5047019267392532,20,0.40268456375838924,Unilateral,2.0,"Unilateral pulmonary infection, two infected areas, left lung and middle right lung."
Train,Morozov_study_0264_31.png,Morozov_study_0264_31.png,512,512,139,0.000530242919921875,0.00327301025390625,0.258823860676625,0.39720395894634586,11,0.5035971223021583,Unilateral,1.0,"Unilateral pulmonary infection, one infected areas, middle left lung."
Train,Morozov_study_0264_32.png,Morozov_study_0264_32.png,512,512,68,0.0002593994140625,0.000972747802734375,0.366208127086451,0.49700702198687696,6,0.75,Unilateral,1.0,"Unilateral pulmonary infection, one infected areas, middle left lung."
Train,Morozov_study_0264_33.png,Morozov_study_0264_33.png,512,512,230,0.00087738037109375,0.002655029296875,0.5750191440483281,0.5840381179273376,8,0.9043478260869565,Unilateral,1.0,"Unilateral pulmonary infection, one infected areas, left lung and middle right lung."
Train,Morozov_study_0264_34.png,Morozov_study_0264_34.png,512,512,514,0.00196075439453125,0.00386810302734375,0.5508958553838891,0.561834200126402,6,0.9591439688715954,Unilateral,1.0,"Unilateral pulmonary infection, one infected areas, left lung and middle right lung."
Train,Morozov_study_0264_35.png,Morozov_study_0264_35.png,512,512,419,0.001598358154296875,0.05218505859375,0.5069567369891036,0.5181659808788981,12,0.8329355608591885,Unilateral,1.0,"Unilateral pulmonary infection, one infected areas, left lung and middle right lung."
Train,Morozov_study_0265_10.png,Morozov_study_0265_10.png,512,512,2692,0.0102691650390625,0.07495880126953125,0.6524019854435699,0.6416707618136509,31,0.7771173848439822,Bilateral,4.0,"Bilateral pulmonary infection, four infected areas, middle left lung and middle right lung."
Train,Morozov_study_0265_11.png,Morozov_study_0265_11.png,512,512,2285,0.008716583251953125,0.0762176513671875,0.589975463222668,0.6335627143756396,20,0.44638949671772427,Bilateral,5.0,"Bilateral pulmonary infection, five infected areas, middle left lung and middle right lung."
Train,Morozov_study_0265_12.png,Morozov_study_0265_12.png,512,512,2090,0.00797271728515625,0.06711959838867188,0.5334403880186144,0.6434123915017931,25,0.4047846889952153,Bilateral,4.0,"Bilateral pulmonary infection, four infected areas, middle left lung and middle right lung."
Train,Morozov_study_0265_13.png,Morozov_study_0265_13.png,512,512,2566,0.00978851318359375,0.1936492919921875,0.48941219896493815,0.652958376359224,18,0.5323460639127046,Bilateral,3.0,"Bilateral pulmonary infection, three infected areas, middle left lung and middle right lung."
Train,Morozov_study_0265_14.png,Morozov_study_0265_14.png,512,512,2501,0.009540557861328125,0.044460296630859375,0.4471776846991145,0.6596860277415453,3,0.7109156337465014,Bilateral,2.0,"Bilateral pulmonary infection, two infected areas, middle left lung and middle right lung."
Train,Morozov_study_0265_15.png,Morozov_study_0265_15.png,512,512,2166,0.00826263427734375,0.09168624877929688,0.38162909075139184,0.6447607844412763,10,0.7890120036934442,Bilateral,3.0,"Bilateral pulmonary infection, three infected areas, middle left lung and lower right lung."
Train,Morozov_study_0265_16.png,Morozov_study_0265_16.png,512,512,1953,0.007450103759765625,0.045654296875,0.33886448967567584,0.6423626454558845,19,0.8238607270865336,Unilateral,3.0,"Unilateral pulmonary infection, three infected areas, middle left lung."
Train,Morozov_study_0265_17.png,Morozov_study_0265_17.png,512,512,1875,0.007152557373046875,0.0432586669921875,0.3229004566210046,0.6485594259621656,16,0.8890666666666667,Unilateral,2.0,"Unilateral pulmonary infection, two infected areas, middle left lung."
Train,Morozov_study_0265_18.png,Morozov_study_0265_18.png,512,512,2286,0.00872039794921875,0.13121795654296875,0.32821582233727636,0.634780241510907,8,0.8447069116360455,Bilateral,3.0,"Bilateral pulmonary infection, three infected areas, middle left lung and middle right lung."
Train,Morozov_study_0265_19.png,Morozov_study_0265_19.png,512,512,2799,0.010677337646484375,0.15208053588867188,0.3601412022325558,0.6289169531472311,15,0.8245802072168632,Bilateral,4.0,"Bilateral pulmonary infection, four infected areas, middle left lung and middle right lung."
Train,Morozov_study_0265_20.png,Morozov_study_0265_20.png,512,512,2332,0.0088958740234375,0.14728546142578125,0.37460516996572824,0.6271931738460558,11,0.7439965694682675,Bilateral,3.0,"Bilateral pulmonary infection, three infected areas, middle left lung and middle right lung."
Train,Morozov_study_0265_21.png,Morozov_study_0265_21.png,512,512,1900,0.0072479248046875,0.01439666748046875,0.3074127098568339,0.6509537542486353,2,0.998421052631579,Unilateral,1.0,"Unilateral pulmonary infection, one infected areas, middle left lung."
Train,Morozov_study_0265_22.png,Morozov_study_0265_22.png,512,512,2692,0.0102691650390625,0.09893417358398438,0.316318118771863,0.6274807140385515,5,0.9108469539375929,Bilateral,3.0,"Bilateral pulmonary infection, three infected areas, middle left lung and middle right lung."
Train,Morozov_study_0265_23.png,Morozov_study_0265_23.png,512,512,2159,0.008235931396484375,0.12802505493164062,0.3400782597582232,0.6167673843348147,9,0.8281611857341362,Bilateral,4.0,"Bilateral pulmonary infection, four infected areas, middle left lung and middle right lung."
Train,Morozov_study_0265_24.png,Morozov_study_0265_24.png,512,512,1551,0.005916595458984375,0.082427978515625,0.32839869738733046,0.6260010270502838,9,0.8974854932301741,Bilateral,2.0,"Bilateral pulmonary infection, two infected areas, middle left lung and middle right lung."
Train,Morozov_study_0265_25.png,Morozov_study_0265_25.png,512,512,1784,0.006805419921875,0.10234451293945312,0.37669258378454273,0.6116721367581371,15,0.7460762331838565,Bilateral,5.0,"Bilateral pulmonary infection, five infected areas, middle left lung and middle right lung."
Train,Morozov_study_0265_26.png,Morozov_study_0265_26.png,512,512,446,0.00170135498046875,0.005916595458984375,0.30563039147718796,0.6569243460022992,2,0.9910313901345291,Unilateral,1.0,"Unilateral pulmonary infection, one infected areas, middle left lung."
Train,Morozov_study_0265_28.png,Morozov_study_0265_28.png,512,512,93,0.000354766845703125,0.0007781982421875,0.6552195778886013,0.579571996717379,3,0.956989247311828,Unilateral,1.0,"Unilateral pulmonary infection, one infected areas, left lung and middle right lung."
Train,Morozov_study_0265_30.png,Morozov_study_0265_30.png,512,512,28,0.0001068115234375,0.00020599365234375,0.24874196253844005,0.5427033827229522,2,0.9285714285714286,Unknown,,"No pulmonary infection, zero infected areas."
Train,Morozov_study_0265_31.png,Morozov_study_0265_31.png,512,512,123,0.000469207763671875,0.0018310546875,0.25313031995290597,0.5485975212002608,4,0.7967479674796748,Unilateral,1.0,"Unilateral pulmonary infection, one infected areas, middle left lung."
Train,Morozov_study_0265_32.png,Morozov_study_0265_32.png,512,512,179,0.000682830810546875,0.00168609619140625,0.3361685379746143,0.6308913402354897,3,0.9888268156424581,Unilateral,1.0,"Unilateral pulmonary infection, one infected areas, middle left lung."
Train,Morozov_study_0265_33.png,Morozov_study_0265_33.png,512,512,54,0.00020599365234375,0.000335693359375,0.3366311516996448,0.6366601435094585,1,1.0,Unknown,,"No pulmonary infection, zero infected areas."
Train,Morozov_study_0265_8.png,Morozov_study_0265_8.png,512,512,199,0.000759124755859375,0.00240325927734375,0.696889535741329,0.6702986557051402,6,0.8894472361809045,Unilateral,1.0,"Unilateral pulmonary infection, one infected areas, left lung and middle right lung."
Train,Morozov_study_0265_9.png,Morozov_study_0265_9.png,512,512,791,0.003017425537109375,0.01082611083984375,0.6888701413405706,0.6628979146513739,7,0.7800252844500632,Unilateral,2.0,"Unilateral pulmonary infection, two infected areas, left lung and middle right lung."
Train,Morozov_study_0266_10.png,Morozov_study_0266_10.png,512,512,236,0.0009002685546875,0.001678466796875,0.35777306046635043,0.5754585558393313,8,0.961864406779661,Unilateral,1.0,"Unilateral pulmonary infection, one infected areas, middle left lung."
Train,Morozov_study_0266_11.png,Morozov_study_0266_11.png,512,512,223,0.000850677490234375,0.00171661376953125,0.3626670644915009,0.5753424657534246,5,0.9417040358744395,Unilateral,1.0,"Unilateral pulmonary infection, one infected areas, middle left lung."
Train,Morozov_study_0266_12.png,Morozov_study_0266_12.png,512,512,30,0.00011444091796875,0.0002288818359375,0.3629484670580561,0.5751467710371819,1,1.0,Unknown,,"No pulmonary infection, zero infected areas."
Train,Morozov_study_0266_14.png,Morozov_study_0266_14.png,512,512,18,6.866455078125e-05,9.5367431640625e-05,0.38149597738638835,0.5017395085888237,1,1.0,Unknown,,"No pulmonary infection, zero infected areas."
Train,Morozov_study_0266_17.png,Morozov_study_0266_17.png,512,512,28,0.0001068115234375,0.000171661376953125,0.3988677662845961,0.6360777187587363,1,1.0,Unknown,,"No pulmonary infection, zero infected areas."
Train,Morozov_study_0266_18.png,Morozov_study_0266_18.png,512,512,144,0.00054931640625,0.012561798095703125,0.4110948032180909,0.5864997825614264,8,0.3472222222222222,Unknown,,"No pulmonary infection, zero infected areas."
Train,Morozov_study_0266_19.png,Morozov_study_0266_19.png,512,512,83,0.000316619873046875,0.0013885498046875,0.3664442505835475,0.6282507721689105,4,0.6385542168674698,Unknown,,"No pulmonary infection, zero infected areas."
Train,Morozov_study_0266_20.png,Morozov_study_0266_20.png,512,512,32,0.0001220703125,0.00016021728515625,0.4126100782778865,0.5899584148727984,1,1.0,Unknown,,"No pulmonary infection, zero infected areas."
Train,Morozov_study_0266_22.png,Morozov_study_0266_22.png,512,512,41,0.000156402587890625,0.002300262451171875,0.5061333587895566,0.5670373729177605,2,0.6341463414634146,Unknown,,"No pulmonary infection, zero infected areas."
Train,Morozov_study_0266_24.png,Morozov_study_0266_24.png,512,512,198,0.00075531005859375,0.02625274658203125,0.6243452133863093,0.5172468323153254,2,0.8282828282828283,Unilateral,1.0,"Unilateral pulmonary infection, one infected areas, left lung and middle right lung."
Train,Morozov_study_0266_25.png,Morozov_study_0266_25.png,512,512,120,0.000457763671875,0.0006866455078125,0.6632093933463796,0.5319797782126549,1,1.0,Unilateral,1.0,"Unilateral pulmonary infection, one infected areas, left lung and middle right lung."
Train,Morozov_study_0266_3.png,Morozov_study_0266_3.png,512,512,95,0.000362396240234375,0.00091552734375,0.6297455968688845,0.6034401071171078,1,1.0,Unilateral,1.0,"Unilateral pulmonary infection, one infected areas, left lung and middle right lung."
Train,Morozov_study_0266_4.png,Morozov_study_0266_4.png,512,512,179,0.000682830810546875,0.001438140869140625,0.6250095660824979,0.6033410226415507,1,1.0,Unilateral,1.0,"Unilateral pulmonary infection, one infected areas, left lung and middle right lung."
Train,Morozov_study_0266_5.png,Morozov_study_0266_5.png,512,512,376,0.001434326171875,0.0026092529296875,0.6297882749718948,0.5971395261689637,5,0.9787234042553191,Unilateral,1.0,"Unilateral pulmonary infection, one infected areas, left lung and middle right lung."
Train,Morozov_study_0266_6.png,Morozov_study_0266_6.png,512,512,417,0.001590728759765625,0.002956390380859375,0.6286821814564004,0.5939123456616312,3,0.988009592326139,Unilateral,1.0,"Unilateral pulmonary infection, one infected areas, left lung and middle right lung."
Train,Morozov_study_0266_7.png,Morozov_study_0266_7.png,512,512,182,0.00069427490234375,0.012542724609375,0.5795681813294338,0.6032235865895357,2,0.7967032967032966,Unilateral,1.0,"Unilateral pulmonary infection, one infected areas, left lung and middle right lung."
Train,Morozov_study_0266_9.png,Morozov_study_0266_9.png,512,512,47,0.000179290771484375,0.000244140625,0.5619769330057875,0.5884998126327186,1,1.0,Unknown,,"No pulmonary infection, zero infected areas."
Train,Morozov_study_0267_12.png,Morozov_study_0267_12.png,512,512,423,0.001613616943359375,0.005664825439453125,0.4763431458272612,0.426179604261796,3,0.9527186761229315,Bilateral,1.0,"Bilateral pulmonary infection, one infected areas, middle left lung and middle right lung."
Train,Morozov_study_0267_13.png,Morozov_study_0267_13.png,512,512,721,0.002750396728515625,0.006317138671875,0.46149482535400116,0.4401421161628636,2,0.9944521497919556,Unilateral,1.0,"Unilateral pulmonary infection, one infected areas, middle left lung."
Train,Morozov_study_0267_14.png,Morozov_study_0267_14.png,512,512,699,0.002666473388671875,0.0055389404296875,0.46160716035488214,0.4410774127982665,2,0.9985693848354793,Unilateral,1.0,"Unilateral pulmonary infection, one infected areas, middle left lung."
Train,Morozov_study_0267_15.png,Morozov_study_0267_15.png,512,512,854,0.00325775146484375,0.041484832763671875,0.45001306159113097,0.45334262157591537,7,0.9800936768149883,Unilateral,1.0,"Unilateral pulmonary infection, one infected areas, middle left lung."
Train,Morozov_study_0267_16.png,Morozov_study_0267_16.png,512,512,528,0.00201416015625,0.053501129150390625,0.45563511830635123,0.4625845045365593,2,0.9924242424242424,Unilateral,1.0,"Unilateral pulmonary infection, one infected areas, middle left lung."
Train,Morozov_study_0267_17.png,Morozov_study_0267_17.png,512,512,259,0.000988006591796875,0.00130462646484375,0.4614315181829859,0.4622702098240259,1,1.0,Unilateral,1.0,"Unilateral pulmonary infection, one infected areas, middle left lung."
Train,Morozov_study_0267_18.png,Morozov_study_0267_18.png,512,512,751,0.002864837646484375,0.033679962158203125,0.4261584684217521,0.47675766948699844,7,0.7749667110519307,Unilateral,3.0,"Unilateral pulmonary infection, three infected areas, middle left lung."
Train,Morozov_study_0267_19.png,Morozov_study_0267_19.png,512,512,90,0.00034332275390625,0.000640869140625,0.29854316155686017,0.638464883670363,2,0.9111111111111111,Unilateral,1.0,"Unilateral pulmonary infection, one infected areas, middle left lung."
Train,Morozov_study_0267_20.png,Morozov_study_0267_20.png,512,512,192,0.000732421875,0.001739501953125,0.34897871819960863,0.3111545988258317,2,0.96875,Unilateral,1.0,"Unilateral pulmonary infection, one infected areas, upper left lung."
Train,Morozov_study_0267_21.png,Morozov_study_0267_21.png,512,512,718,0.00273895263671875,0.0065460205078125,0.6745035404935432,0.3240219352517593,9,0.9345403899721448,Unilateral,1.0,"Unilateral pulmonary infection, one infected areas, left lung and upper right lung."
Train,Morozov_study_0267_23.png,Morozov_study_0267_23.png,512,512,418,0.00159454345703125,0.002655029296875,0.6808303448534162,0.4993632899184449,2,0.9976076555023924,Unilateral,1.0,"Unilateral pulmonary infection, one infected areas, left lung and middle right lung."
Train,Morozov_study_0267_24.png,Morozov_study_0267_24.png,512,512,361,0.001377105712890625,0.00199127197265625,0.6693518222376417,0.49857159119861655,1,1.0,Unilateral,1.0,"Unilateral pulmonary infection, one infected areas, left lung and middle right lung."
Train,Morozov_study_0267_33.png,Morozov_study_0267_33.png,512,512,494,0.00188446044921875,0.0037841796875,0.6320265891282474,0.5012874652384385,5,0.9615384615384616,Unilateral,1.0,"Unilateral pulmonary infection, one infected areas, left lung and middle right lung."
Train,Morozov_study_0267_6.png,Morozov_study_0267_6.png,512,512,544,0.0020751953125,0.01373291015625,0.7743251410153102,0.5367934845170945,19,0.4650735294117647,Unilateral,2.0,"Unilateral pulmonary infection, two infected areas, left lung and middle right lung."
Train,Morozov_study_0267_8.png,Morozov_study_0267_8.png,512,512,723,0.002758026123046875,0.004909515380859375,0.8084248876041067,0.5580736927295218,2,0.9972337482710927,Unilateral,1.0,"Unilateral pulmonary infection, one infected areas, left lung and middle right lung."
Train,Morozov_study_0268_10.png,Morozov_study_0268_10.png,512,512,291,0.001110076904296875,0.002899169921875,0.36646693700782107,0.6148849032622511,5,0.9381443298969072,Unilateral,1.0,"Unilateral pulmonary infection, one infected areas, middle left lung."
Train,Morozov_study_0268_11.png,Morozov_study_0268_11.png,512,512,278,0.00106048583984375,0.002643585205078125,0.3722775204493939,0.6177899167945488,5,0.9028776978417267,Unilateral,1.0,"Unilateral pulmonary infection, one infected areas, middle left lung."
Train,Morozov_study_0268_12.png,Morozov_study_0268_12.png,512,512,777,0.002964019775390625,0.23309326171875,0.5296199190524044,0.5115414547899871,33,0.4118404118404118,Bilateral,3.0,"Bilateral pulmonary infection, three infected areas, middle left lung and upper right lung."
Train,Morozov_study_0268_13.png,Morozov_study_0268_13.png,512,512,1175,0.004482269287109375,0.2079010009765625,0.5629162676437524,0.49876337594204107,13,0.5412765957446809,Bilateral,3.0,"Bilateral pulmonary infection, three infected areas, middle left lung and upper right lung."
Train,Morozov_study_0268_14.png,Morozov_study_0268_14.png,512,512,1573,0.006000518798828125,0.3117332458496094,0.4318209810115165,0.46639910525340167,6,0.3331214240305149,Bilateral,4.0,"Bilateral pulmonary infection, four infected areas, middle left lung and upper right lung."
Train,Morozov_study_0268_15.png,Morozov_study_0268_15.png,512,512,1834,0.00699615478515625,0.1939239501953125,0.3153235151636729,0.5657156515225561,9,0.42202835332606325,Bilateral,3.0,"Bilateral pulmonary infection, three infected areas, middle left lung and middle right lung."
Train,Morozov_study_0268_16.png,Morozov_study_0268_16.png,512,512,2081,0.007938385009765625,0.2041168212890625,0.3263362206375642,0.5778297916758747,17,0.4440172993753003,Bilateral,3.0,"Bilateral pulmonary infection, three infected areas, middle left lung and middle right lung."
Train,Morozov_study_0268_17.png,Morozov_study_0268_17.png,512,512,1480,0.005645751953125,0.1171875,0.2753742000317343,0.5698907811921511,6,0.5425675675675675,Unilateral,3.0,"Unilateral pulmonary infection, three infected areas, middle left lung."
Train,Morozov_study_0268_18.png,Morozov_study_0268_18.png,512,512,905,0.003452301025390625,0.1000518798828125,0.29999243169605694,0.5983933571915105,3,0.7248618784530386,Unilateral,2.0,"Unilateral pulmonary infection, two infected areas, middle left lung."
Train,Morozov_study_0268_19.png,Morozov_study_0268_19.png,512,512,678,0.00258636474609375,0.21685791015625,0.47768560691339207,0.5593376397716318,4,0.5722713864306784,Bilateral,3.0,"Bilateral pulmonary infection, three infected areas, middle left lung and middle right lung."
Train,Morozov_study_0268_20.png,Morozov_study_0268_20.png,512,512,1152,0.00439453125,0.17275619506835938,0.4561147803870407,0.6316250815394652,8,0.78125,Bilateral,2.0,"Bilateral pulmonary infection, two infected areas, middle left lung and middle right lung."
Train,Morozov_study_0268_21.png,Morozov_study_0268_21.png,512,512,995,0.003795623779296875,0.02246856689453125,0.44594990608620405,0.6836806340902162,12,0.6723618090452261,Bilateral,2.0,"Bilateral pulmonary infection, two infected areas, middle left lung and middle right lung."
Train,Morozov_study_0268_23.png,Morozov_study_0268_23.png,512,512,581,0.002216339111328125,0.00885772705078125,0.3599772307008296,0.7003950944959597,8,0.9173838209982789,Unilateral,1.0,"Unilateral pulmonary infection, one infected areas, lower left lung."
Train,Morozov_study_0268_24.png,Morozov_study_0268_24.png,512,512,1026,0.00391387939453125,0.017852783203125,0.3614477594290139,0.695755751631743,8,0.898635477582846,Unilateral,2.0,"Unilateral pulmonary infection, two infected areas, middle left lung."
Train,Morozov_study_0268_25.png,Morozov_study_0268_25.png,512,512,566,0.00215911865234375,0.006633758544921875,0.38312599835422817,0.6767441378022723,11,0.9240282685512368,Unilateral,1.0,"Unilateral pulmonary infection, one infected areas, middle left lung."
Train,Morozov_study_0268_26.png,Morozov_study_0268_26.png,512,512,255,0.000972747802734375,0.0035400390625,0.3807528490848394,0.6748781704462608,7,0.4745098039215686,Unilateral,2.0,"Unilateral pulmonary infection, two infected areas, middle left lung."
Train,Morozov_study_0268_7.png,Morozov_study_0268_7.png,512,512,754,0.00287628173828125,0.0292510986328125,0.4756549543984594,0.5944136166148448,5,0.5278514588859416,Bilateral,2.0,"Bilateral pulmonary infection, two infected areas, middle left lung and middle right lung."
Train,Morozov_study_0268_8.png,Morozov_study_0268_8.png,512,512,823,0.003139495849609375,0.02385711669921875,0.45588546509001243,0.5667299959814814,5,0.5625759416767923,Bilateral,2.0,"Bilateral pulmonary infection, two infected areas, middle left lung and middle right lung."
Train,Morozov_study_0268_9.png,Morozov_study_0268_9.png,512,512,533,0.002033233642578125,0.03231048583984375,0.4482437041742087,0.5687519964165471,17,0.3977485928705441,Bilateral,2.0,"Bilateral pulmonary infection, two infected areas, middle left lung and middle right lung."
Train,Morozov_study_0269_15.png,Morozov_study_0269_15.png,512,512,393,0.001499176025390625,0.00226593017578125,0.38452268913421267,0.7271428073477639,1,1.0,Unilateral,1.0,"Unilateral pulmonary infection, one infected areas, lower left lung."
Train,Morozov_study_0269_16.png,Morozov_study_0269_16.png,512,512,1601,0.006107330322265625,0.30040740966796875,0.3380128124423214,0.4429924545691233,6,0.40724547158026236,Bilateral,5.0,"Bilateral pulmonary infection, five infected areas, all left lung and middle right lung."
Train,Morozov_study_0269_17.png,Morozov_study_0269_17.png,512,512,1664,0.00634765625,0.029788970947265625,0.2130884954087009,0.4809962084148728,3,0.7199519230769231,Unilateral,3.0,"Unilateral pulmonary infection, three infected areas, middle left lung."
Train,Morozov_study_0269_18.png,Morozov_study_0269_18.png,512,512,4036,0.0153961181640625,0.3051910400390625,0.2552870544745044,0.46160970056187073,20,0.5336967294350843,Bilateral,5.0,"Bilateral pulmonary infection, five infected areas, upper left lung and lower right lung."
Train,Morozov_study_0269_19.png,Morozov_study_0269_19.png,512,512,5962,0.02274322509765625,0.3302764892578125,0.31288309325007496,0.5085876565935202,16,0.38108017443810804,Bilateral,7.0,"Bilateral pulmonary infection, seven infected areas, upper left lung and lower right lung."
Train,Morozov_study_0269_20.png,Morozov_study_0269_20.png,512,512,4006,0.01528167724609375,0.283447265625,0.37060407431904985,0.5162579027740191,12,0.2491263105341987,Bilateral,9.0,"Bilateral pulmonary infection, nine infected areas, upper left lung and lower right lung."
Train,Morozov_study_0269_21.png,Morozov_study_0269_21.png,512,512,4110,0.01567840576171875,0.2744255065917969,0.37636474447793317,0.5137076768513625,17,0.28029197080291973,Bilateral,8.0,"Bilateral pulmonary infection, eight infected areas, middle left lung and lower right lung."
Train,Morozov_study_0269_22.png,Morozov_study_0269_22.png,512,512,1685,0.006427764892578125,0.23136520385742188,0.5821830703746073,0.6845331490589814,8,0.7032640949554896,Bilateral,4.0,"Bilateral pulmonary infection, four infected areas, middle left lung and lower right lung."
Train,Morozov_study_0269_23.png,Morozov_study_0269_23.png,512,512,1520,0.00579833984375,0.19542694091796875,0.5993614172417344,0.6721212277268513,7,0.694078947368421,Bilateral,4.0,"Bilateral pulmonary infection, four infected areas, middle left lung and lower right lung."
Train,Morozov_study_0269_24.png,Morozov_study_0269_24.png,512,512,1112,0.004241943359375,0.13240814208984375,0.5747388390657338,0.6634350054203212,3,0.47032374100719426,Bilateral,3.0,"Bilateral pulmonary infection, three infected areas, middle left lung and lower right lung."
Train,Morozov_study_0269_25.png,Morozov_study_0269_25.png,512,512,786,0.00299835205078125,0.0059051513671875,0.6766157262863318,0.7589992182170369,2,0.7379134860050891,Unilateral,1.0,"Unilateral pulmonary infection, one infected areas, left lung and lower right lung."
Train,Morozov_study_0269_26.png,Morozov_study_0269_26.png,512,512,432,0.00164794921875,0.002529144287109375,0.689724215409147,0.770026998622889,2,0.9976851851851852,Unilateral,1.0,"Unilateral pulmonary infection, one infected areas, left lung and lower right lung."
Train,Morozov_study_0269_27.png,Morozov_study_0269_27.png,512,512,337,0.001285552978515625,0.001983642578125,0.33890027699222447,0.7537788823915405,1,1.0,Unilateral,1.0,"Unilateral pulmonary infection, one infected areas, lower left lung."
Train,Morozov_study_0269_28.png,Morozov_study_0269_28.png,512,512,188,0.0007171630859375,0.00102996826171875,0.3389265936628222,0.7470333513761086,1,1.0,Unilateral,1.0,"Unilateral pulmonary infection, one infected areas, lower left lung."
Train,Morozov_study_0269_29.png,Morozov_study_0269_29.png,512,512,811,0.003093719482421875,0.101837158203125,0.5197395884861047,0.6884327772965173,6,0.34895191122071517,Bilateral,3.0,"Bilateral pulmonary infection, three infected areas, middle left lung and lower right lung."
Train,Morozov_study_0269_31.png,Morozov_study_0269_31.png,512,512,318,0.00121307373046875,0.003070831298828125,0.20952257873943061,0.5991827591724206,5,0.940251572327044,Unilateral,1.0,"Unilateral pulmonary infection, one infected areas, middle left lung."
Train,Morozov_study_0269_32.png,Morozov_study_0269_32.png,512,512,121,0.000461578369140625,0.0032958984375,0.2139865116203846,0.620546327893775,8,0.7520661157024794,Unilateral,1.0,"Unilateral pulmonary infection, one infected areas, middle left lung."
Train,Morozov_study_0270_10.png,Morozov_study_0270_10.png,512,512,1206,0.00460052490234375,0.24789810180664062,0.6867846027527075,0.6375720873778531,21,0.7877280265339967,Bilateral,2.0,"Bilateral pulmonary infection, two infected areas, middle left lung and middle right lung."
Train,Morozov_study_0270_11.png,Morozov_study_0270_11.png,512,512,891,0.003398895263671875,0.2694854736328125,0.5575015209718407,0.6082767224319736,18,0.3108866442199775,Bilateral,4.0,"Bilateral pulmonary infection, four infected areas, middle left lung and middle right lung."
Train,Morozov_study_0270_12.png,Morozov_study_0270_12.png,512,512,1276,0.0048675537109375,0.1019287109375,0.5187029550515615,0.7004797281131717,18,0.45846394984326017,Bilateral,4.0,"Bilateral pulmonary infection, four infected areas, lower left lung and middle right lung."
Train,Morozov_study_0270_13.png,Morozov_study_0270_13.png,512,512,2292,0.0087432861328125,0.124664306640625,0.40555253873764957,0.680936499967555,37,0.3800174520069808,Bilateral,6.0,"Bilateral pulmonary infection, six infected areas, middle left lung and middle right lung."
Train,Morozov_study_0270_14.png,Morozov_study_0270_14.png,512,512,3104,0.0118408203125,0.096435546875,0.3061600964351282,0.693631221377126,23,0.810889175257732,Bilateral,2.0,"Bilateral pulmonary infection, two infected areas, middle left lung and lower right lung."
Train,Morozov_study_0270_15.png,Morozov_study_0270_15.png,512,512,3540,0.0135040283203125,0.09794235229492188,0.3919322918394198,0.6951822614348735,21,0.656497175141243,Bilateral,3.0,"Bilateral pulmonary infection, three infected areas, middle left lung and middle right lung."
Train,Morozov_study_0270_16.png,Morozov_study_0270_16.png,512,512,3868,0.0147552490234375,0.0948486328125,0.45471852947664315,0.7023968049346638,30,0.5395553257497415,Bilateral,3.0,"Bilateral pulmonary infection, three infected areas, middle left lung and middle right lung."
Train,Morozov_study_0270_17.png,Morozov_study_0270_17.png,512,512,2991,0.011409759521484375,0.081573486328125,0.4397707146226677,0.708504508960672,35,0.3530591775325978,Bilateral,6.0,"Bilateral pulmonary infection, six infected areas, middle left lung and middle right lung."
Train,Morozov_study_0270_18.png,Morozov_study_0270_18.png,512,512,1244,0.0047454833984375,0.06243133544921875,0.518510769501828,0.7228465715670049,21,0.3882636655948553,Bilateral,4.0,"Bilateral pulmonary infection, four infected areas, lower left lung and lower right lung."
Train,Morozov_study_0270_19.png,Morozov_study_0270_19.png,512,512,1150,0.00438690185546875,0.03659820556640625,0.6108312771207351,0.7325227601463457,15,0.6408695652173914,Bilateral,2.0,"Bilateral pulmonary infection, two infected areas, lower left lung and lower right lung."
Train,Morozov_study_0270_20.png,Morozov_study_0270_20.png,512,512,1252,0.0047760009765625,0.04669189453125,0.5447096778227243,0.728764309785361,28,0.5319488817891374,Bilateral,2.0,"Bilateral pulmonary infection, two infected areas, lower left lung and lower right lung."
Train,Morozov_study_0270_21.png,Morozov_study_0270_21.png,512,512,1606,0.00612640380859375,0.046787261962890625,0.47619859967392336,0.7259871860172105,10,0.5236612702366127,Bilateral,2.0,"Bilateral pulmonary infection, two infected areas, lower left lung and lower right lung."
Train,Morozov_study_0270_22.png,Morozov_study_0270_22.png,512,512,676,0.0025787353515625,0.0073394775390625,0.35176125244618395,0.7352765780057666,5,0.992603550295858,Unilateral,1.0,"Unilateral pulmonary infection, one infected areas, lower left lung."
Train,Morozov_study_0270_23.png,Morozov_study_0270_23.png,512,512,377,0.001438140869140625,0.00299072265625,0.3781735505873437,0.7244649540351005,4,0.9283819628647215,Unilateral,1.0,"Unilateral pulmonary infection, one infected areas, lower left lung."
Train,Morozov_study_0270_5.png,Morozov_study_0270_5.png,512,512,331,0.001262664794921875,0.00803375244140625,0.26604430622971365,0.7127189741103577,1,1.0,Unilateral,1.0,"Unilateral pulmonary infection, one infected areas, lower left lung."
Train,Morozov_study_0270_6.png,Morozov_study_0270_6.png,512,512,1300,0.0049591064453125,0.06897354125976562,0.27848562396507603,0.675780520849014,12,0.6092307692307692,Unilateral,2.0,"Unilateral pulmonary infection, two infected areas, middle left lung."
Train,Morozov_study_0270_7.png,Morozov_study_0270_7.png,512,512,1459,0.005565643310546875,0.17632293701171875,0.43560383019761273,0.6444606591920853,16,0.6291980808773132,Bilateral,3.0,"Bilateral pulmonary infection, three infected areas, middle left lung and middle right lung."
Train,Morozov_study_0270_8.png,Morozov_study_0270_8.png,512,512,1403,0.005352020263671875,0.07367706298828125,0.6329336214123217,0.6777523143724727,17,0.3692088382038489,Bilateral,3.0,"Bilateral pulmonary infection, three infected areas, middle left lung and middle right lung."
Train,Morozov_study_0270_9.png,Morozov_study_0270_9.png,512,512,1257,0.004795074462890625,0.061481475830078125,0.7191944290057868,0.6849034837395906,7,0.8313444709626094,Bilateral,2.0,"Bilateral pulmonary infection, two infected areas, middle left lung and middle right lung."
Train,Morozov_study_0271_14.png,Morozov_study_0271_14.png,512,512,1282,0.00489044189453125,0.007915496826171875,0.36218634655366644,0.21428876724540605,2,0.9968798751950078,Unilateral,1.0,"Unilateral pulmonary infection, one infected areas, upper left lung."
Train,Morozov_study_0271_15.png,Morozov_study_0271_15.png,512,512,447,0.001705169677734375,0.004863739013671875,0.3469006247345863,0.20575964135769229,1,1.0,Unilateral,1.0,"Unilateral pulmonary infection, one infected areas, upper left lung."
Train,Morozov_study_0271_20.png,Morozov_study_0271_20.png,512,512,92,0.0003509521484375,0.0009765625,0.8048157917127542,0.3467837998808815,7,0.8913043478260869,Unilateral,1.0,"Unilateral pulmonary infection, one infected areas, left lung and middle right lung."
Train,Morozov_study_0271_21.png,Morozov_study_0271_21.png,512,512,338,0.00128936767578125,0.002685546875,0.8033383897451337,0.3492398012945958,3,0.9733727810650887,Unilateral,1.0,"Unilateral pulmonary infection, one infected areas, left lung and upper right lung."
Train,Morozov_study_0271_22.png,Morozov_study_0271_22.png,512,512,792,0.003021240234375,0.007080078125,0.7921114273854,0.3637376702445196,7,0.9797979797979798,Unilateral,1.0,"Unilateral pulmonary infection, one infected areas, left lung and upper right lung."
Train,Morozov_study_0271_23.png,Morozov_study_0271_23.png,512,512,920,0.003509521484375,0.0079345703125,0.7958159618820726,0.37408321279673273,5,0.9847826086956522,Unilateral,1.0,"Unilateral pulmonary infection, one infected areas, left lung and upper right lung."
Train,Morozov_study_0271_24.png,Morozov_study_0271_24.png,512,512,912,0.00347900390625,0.015872955322265625,0.7820771964156967,0.35959762419748,10,0.7390350877192983,Unilateral,2.0,"Unilateral pulmonary infection, two infected areas, left lung and upper right lung."
Train,Morozov_study_0271_25.png,Morozov_study_0271_25.png,512,512,805,0.003070831298828125,0.0109100341796875,0.7784808741840988,0.36127918707685575,11,0.8211180124223603,Unilateral,2.0,"Unilateral pulmonary infection, two infected areas, left lung and upper right lung."
Train,Morozov_study_0271_26.png,Morozov_study_0271_26.png,512,512,63,0.000240325927734375,0.0031890869140625,0.7858230050010871,0.4045599975149877,6,0.5396825396825397,Unknown,,"No pulmonary infection, zero infected areas."
Train,Morozov_study_0271_27.png,Morozov_study_0271_27.png,512,512,68,0.0002593994140625,0.0005950927734375,0.76505122596984,0.38854034764590767,4,0.9264705882352942,Unilateral,1.0,"Unilateral pulmonary infection, one infected areas, left lung and middle right lung."
Train,Morozov_study_0272_13.png,Morozov_study_0272_13.png,512,512,83,0.000316619873046875,0.0005340576171875,0.4340650272322165,0.42833565180487115,1,1.0,Unilateral,1.0,"Unilateral pulmonary infection, one infected areas, middle left lung."
Train,Morozov_study_0272_14.png,Morozov_study_0272_14.png,512,512,31,0.000118255615234375,0.00018310546875,0.3226437724891105,0.7409254466258444,1,1.0,Unknown,,"No pulmonary infection, zero infected areas."
Train,Morozov_study_0272_17.png,Morozov_study_0272_17.png,512,512,342,0.00130462646484375,0.056396484375,0.6305947517194813,0.7104977054508417,4,0.8538011695906432,Unilateral,1.0,"Unilateral pulmonary infection, one infected areas, left lung and lower right lung."
Train,Morozov_study_0272_18.png,Morozov_study_0272_18.png,512,512,787,0.003002166748046875,0.008758544921875,0.6120594693117365,0.7414566947734342,8,0.9707750952986023,Unilateral,1.0,"Unilateral pulmonary infection, one infected areas, left lung and lower right lung."
Train,Morozov_study_0272_19.png,Morozov_study_0272_19.png,512,512,1250,0.00476837158203125,0.009532928466796875,0.6173745596868885,0.7355021526418787,5,0.9928,Unilateral,1.0,"Unilateral pulmonary infection, one infected areas, left lung and lower right lung."
Train,Morozov_study_0272_20.png,Morozov_study_0272_20.png,512,512,969,0.003696441650390625,0.006267547607421875,0.6168503450406839,0.7411154800781163,2,0.978328173374613,Unilateral,1.0,"Unilateral pulmonary infection, one infected areas, left lung and lower right lung."
Train,Morozov_study_0272_21.png,Morozov_study_0272_21.png,512,512,45,0.000171661376953125,0.000457763671875,0.5933898673624701,0.7473798651880843,3,0.8666666666666667,Unknown,,"No pulmonary infection, zero infected areas."
Train,Morozov_study_0273_15.png,Morozov_study_0273_15.png,512,512,641,0.002445220947265625,0.007175445556640625,0.4144331722388269,0.6750948707224219,4,0.982839313572543,Unilateral,1.0,"Unilateral pulmonary infection, one infected areas, middle left lung."
Train,Morozov_study_0273_16.png,Morozov_study_0273_16.png,512,512,800,0.0030517578125,0.065185546875,0.44854452054794525,0.6696819960861057,3,0.87375,Bilateral,2.0,"Bilateral pulmonary infection, two infected areas, middle left lung and middle right lung."
Train,Morozov_study_0273_17.png,Morozov_study_0273_17.png,512,512,1706,0.00650787353515625,0.018768310546875,0.37072677759857575,0.7011078661016832,4,0.9982415005861665,Unilateral,1.0,"Unilateral pulmonary infection, one infected areas, middle left lung."
Train,Morozov_study_0273_18.png,Morozov_study_0273_18.png,512,512,2524,0.0096282958984375,0.02689361572265625,0.37176723803734635,0.6928724945028703,5,0.991283676703645,Unilateral,1.0,"Unilateral pulmonary infection, one infected areas, middle left lung."
Train,Morozov_study_0273_19.png,Morozov_study_0273_19.png,512,512,2344,0.008941650390625,0.0267333984375,0.36936459328226123,0.6911429773648671,8,0.9901877133105802,Unilateral,1.0,"Unilateral pulmonary infection, one infected areas, middle left lung."
Train,Morozov_study_0273_20.png,Morozov_study_0273_20.png,512,512,2438,0.00930023193359375,0.08123016357421875,0.4008113544675065,0.6813836370962693,11,0.896636587366694,Bilateral,2.0,"Bilateral pulmonary infection, two infected areas, middle left lung and middle right lung."
Train,Morozov_study_0273_21.png,Morozov_study_0273_21.png,512,512,1859,0.007091522216796875,0.02109527587890625,0.38219841275689537,0.6864463250132377,3,0.9962345346960731,Unilateral,1.0,"Unilateral pulmonary infection, one infected areas, middle left lung."
Train,Morozov_study_0273_22.png,Morozov_study_0273_22.png,512,512,1246,0.00475311279296875,0.0783233642578125,0.40233640015957134,0.6827483956488551,10,0.956661316211878,Unilateral,1.0,"Unilateral pulmonary infection, one infected areas, middle left lung."
Train,Morozov_study_0273_23.png,Morozov_study_0273_23.png,512,512,1833,0.006992340087890625,0.15706253051757812,0.30423855751748496,0.5640790764661356,11,0.6797599563557011,Bilateral,3.0,"Bilateral pulmonary infection, three infected areas, middle left lung and upper right lung."
Train,Morozov_study_0273_24.png,Morozov_study_0273_24.png,512,512,1962,0.00748443603515625,0.15023040771484375,0.2763235326387268,0.5465917002300061,11,0.8572884811416922,Bilateral,2.0,"Bilateral pulmonary infection, two infected areas, middle left lung and upper right lung."
Train,Morozov_study_0273_25.png,Morozov_study_0273_25.png,512,512,1340,0.0051116943359375,0.009212493896484375,0.2368680082951193,0.5951090925022636,5,0.9902985074626866,Unilateral,1.0,"Unilateral pulmonary infection, one infected areas, middle left lung."
Train,Morozov_study_0273_26.png,Morozov_study_0273_26.png,512,512,650,0.00247955322265625,0.0165252685546875,0.2553725726328466,0.6068673791961463,5,0.8753846153846154,Unilateral,1.0,"Unilateral pulmonary infection, one infected areas, middle left lung."
Train,Morozov_study_0273_27.png,Morozov_study_0273_27.png,512,512,681,0.002597808837890625,0.02246856689453125,0.39482630297910004,0.4764376090186241,10,0.6989720998531571,Unilateral,2.0,"Unilateral pulmonary infection, two infected areas, middle left lung."
Train,Morozov_study_0273_28.png,Morozov_study_0273_28.png,512,512,145,0.000553131103515625,0.0011444091796875,0.4181253795802686,0.43992172211350294,2,0.9793103448275862,Unilateral,1.0,"Unilateral pulmonary infection, one infected areas, middle left lung."
Train,Morozov_study_0274_10.png,Morozov_study_0274_10.png,512,512,3416,0.013031005859375,0.0288543701171875,0.25944215548334765,0.6751759877541854,10,0.985655737704918,Unilateral,1.0,"Unilateral pulmonary infection, one infected areas, middle left lung."
Train,Morozov_study_0274_11.png,Morozov_study_0274_11.png,512,512,3277,0.012500762939453125,0.0278778076171875,0.25697158694261796,0.6824639738388949,3,0.9993896856881294,Unilateral,1.0,"Unilateral pulmonary infection, one infected areas, middle left lung."
Train,Morozov_study_0274_12.png,Morozov_study_0274_12.png,512,512,3069,0.011707305908203125,0.03284454345703125,0.2502985795075941,0.6856628911423431,12,0.9872922776148583,Unilateral,1.0,"Unilateral pulmonary infection, one infected areas, middle left lung."
Train,Morozov_study_0274_13.png,Morozov_study_0274_13.png,512,512,2147,0.008190155029296875,0.02291107177734375,0.24439143682943568,0.6929734932555052,6,0.9930135072193759,Unilateral,1.0,"Unilateral pulmonary infection, one infected areas, middle left lung."
Train,Morozov_study_0274_14.png,Morozov_study_0274_14.png,512,512,757,0.002887725830078125,0.037960052490234375,0.18667001010787768,0.606860431148808,10,0.6248348745046235,Unilateral,3.0,"Unilateral pulmonary infection, three infected areas, middle left lung."
Train,Morozov_study_0274_15.png,Morozov_study_0274_15.png,512,512,712,0.002716064453125,0.047664642333984375,0.2625992216187691,0.5185470217023241,23,0.42837078651685395,Unilateral,3.0,"Unilateral pulmonary infection, three infected areas, middle left lung."
Train,Morozov_study_0274_16.png,Morozov_study_0274_16.png,512,512,431,0.001644134521484375,0.0042724609375,0.470802439146208,0.5848456917649303,5,0.9234338747099768,Bilateral,1.0,"Bilateral pulmonary infection, one infected areas, middle left lung and middle right lung."
Train,Morozov_study_0274_17.png,Morozov_study_0274_17.png,512,512,618,0.00235748291015625,0.006591796875,0.18130893799200756,0.6167075155637465,9,0.9142394822006472,Unilateral,1.0,"Unilateral pulmonary infection, one infected areas, middle left lung."
Train,Morozov_study_0274_18.png,Morozov_study_0274_18.png,512,512,1287,0.004909515380859375,0.009479522705078125,0.1853595415239251,0.630644849822932,3,0.9961149961149961,Unilateral,1.0,"Unilateral pulmonary infection, one infected areas, middle left lung."
Train,Morozov_study_0274_19.png,Morozov_study_0274_19.png,512,512,341,0.001300811767578125,0.00347137451171875,0.17555709866801336,0.6236406103838715,6,0.9501466275659824,Unilateral,1.0,"Unilateral pulmonary infection, one infected areas, middle left lung."
Train,Morozov_study_0274_21.png,Morozov_study_0274_21.png,512,512,1084,0.0041351318359375,0.00982666015625,0.2640831594225923,0.7215195586398134,1,1.0,Unilateral,1.0,"Unilateral pulmonary infection, one infected areas, lower left lung."
Train,Morozov_study_0274_22.png,Morozov_study_0274_22.png,512,512,921,0.003513336181640625,0.0082244873046875,0.2498199226145324,0.7121545329568176,6,0.9717698154180239,Unilateral,1.0,"Unilateral pulmonary infection, one infected areas, lower left lung."
Train,Morozov_study_0274_23.png,Morozov_study_0274_23.png,512,512,829,0.003162384033203125,0.0080108642578125,0.24962525288053652,0.7105984386913713,6,0.9867310012062727,Unilateral,1.0,"Unilateral pulmonary infection, one infected areas, lower left lung."
Train,Morozov_study_0274_27.png,Morozov_study_0274_27.png,512,512,584,0.002227783203125,0.03228759765625,0.4463481489424443,0.7204715438436586,10,0.589041095890411,Bilateral,2.0,"Bilateral pulmonary infection, two infected areas, lower left lung and lower right lung."
Train,Morozov_study_0274_28.png,Morozov_study_0274_28.png,512,512,948,0.0036163330078125,0.03173828125,0.40661357312128943,0.7346107161435754,13,0.39135021097046413,Bilateral,2.0,"Bilateral pulmonary infection, two infected areas, lower left lung and lower right lung."
Train,Morozov_study_0274_29.png,Morozov_study_0274_29.png,512,512,308,0.0011749267578125,0.00391387939453125,0.27725747833379927,0.7188286273413474,3,0.9675324675324676,Unilateral,1.0,"Unilateral pulmonary infection, one infected areas, lower left lung."
Train,Morozov_study_0274_30.png,Morozov_study_0274_30.png,512,512,151,0.000576019287109375,0.001373291015625,0.6131076580137634,0.726027397260274,1,1.0,Unilateral,1.0,"Unilateral pulmonary infection, one infected areas, left lung and lower right lung."
Train,Morozov_study_0274_31.png,Morozov_study_0274_31.png,512,512,472,0.001800537109375,0.0340423583984375,0.527293608411556,0.6332797107698431,4,0.663135593220339,Bilateral,2.0,"Bilateral pulmonary infection, two infected areas, middle left lung and lower right lung."
Train,Morozov_study_0274_32.png,Morozov_study_0274_32.png,512,512,508,0.0019378662109375,0.00591278076171875,0.47937886188883927,0.5984906852396875,2,0.9881889763779528,Bilateral,1.0,"Bilateral pulmonary infection, one infected areas, middle left lung and middle right lung."
Train,Morozov_study_0274_33.png,Morozov_study_0274_33.png,512,512,559,0.002132415771484375,0.016925811767578125,0.5267233562869116,0.5709699666373766,5,0.6243291592128801,Bilateral,2.0,"Bilateral pulmonary infection, two infected areas, middle left lung and middle right lung."
Train,Morozov_study_0274_34.png,Morozov_study_0274_34.png,512,512,1079,0.004116058349609375,0.07001495361328125,0.6502287941469325,0.6200475543601472,6,0.4411492122335496,Bilateral,3.0,"Bilateral pulmonary infection, three infected areas, middle left lung and middle right lung."
Train,Morozov_study_0274_35.png,Morozov_study_0274_35.png,512,512,609,0.002323150634765625,0.0646820068359375,0.652232172982561,0.6212841300903923,9,0.46469622331691296,Bilateral,3.0,"Bilateral pulmonary infection, three infected areas, middle left lung and middle right lung."
Train,Morozov_study_0274_36.png,Morozov_study_0274_36.png,512,512,180,0.0006866455078125,0.001373291015625,0.6185148945422918,0.5360404435746902,2,0.9555555555555556,Unilateral,1.0,"Unilateral pulmonary infection, one infected areas, left lung and middle right lung."
Train,Morozov_study_0274_8.png,Morozov_study_0274_8.png,512,512,1036,0.0039520263671875,0.04486083984375,0.6868601198346795,0.6777894052845129,10,0.7577220077220077,Bilateral,2.0,"Bilateral pulmonary infection, two infected areas, middle left lung and middle right lung."
Train,Morozov_study_0274_9.png,Morozov_study_0274_9.png,512,512,1898,0.00724029541015625,0.06536865234375,0.32750613994749855,0.6727578107762007,15,0.3946259220231823,Bilateral,4.0,"Bilateral pulmonary infection, four infected areas, middle left lung and middle right lung."
Train,Morozov_study_0275_11.png,Morozov_study_0275_11.png,512,512,428,0.0016326904296875,0.003719329833984375,0.4030305247178887,0.5697779687985808,6,0.969626168224299,Unilateral,1.0,"Unilateral pulmonary infection, one infected areas, middle left lung."
Train,Morozov_study_0275_12.png,Morozov_study_0275_12.png,512,512,406,0.00154876708984375,0.004314422607421875,0.40186343786451756,0.5743736323060163,8,0.8571428571428571,Unilateral,1.0,"Unilateral pulmonary infection, one infected areas, middle left lung."
Train,Morozov_study_0275_14.png,Morozov_study_0275_14.png,512,512,46,0.00017547607421875,0.0028839111328125,0.21245639411214157,0.3928784140219519,11,0.5,Unknown,,"No pulmonary infection, zero infected areas."
Train,Morozov_study_0275_16.png,Morozov_study_0275_16.png,512,512,403,0.001537322998046875,0.12213516235351562,0.645680876790024,0.5417490154564835,14,0.26054590570719605,Bilateral,4.0,"Bilateral pulmonary infection, four infected areas, middle left lung and middle right lung."
Train,Morozov_study_0275_17.png,Morozov_study_0275_17.png,512,512,259,0.000988006591796875,0.0855560302734375,0.7190609675932572,0.5764304981526116,11,0.4362934362934363,Unilateral,3.0,"Unilateral pulmonary infection, three infected areas, left lung and middle right lung."
Train,Morozov_study_0275_18.png,Morozov_study_0275_18.png,512,512,287,0.001094818115234375,0.040287017822265625,0.4326216955208412,0.6170383957124447,9,0.3902439024390244,Bilateral,2.0,"Bilateral pulmonary infection, two infected areas, middle left lung and middle right lung."
Train,Morozov_study_0275_19.png,Morozov_study_0275_19.png,512,512,65,0.000247955322265625,0.09967041015625,0.37398765617943697,0.5227457474032817,10,0.47692307692307695,Unknown,,"No pulmonary infection, zero infected areas."
Train,Morozov_study_0275_20.png,Morozov_study_0275_20.png,512,512,148,0.0005645751953125,0.002193450927734375,0.8302083884275666,0.5042312371079495,4,0.8175675675675675,Unilateral,1.0,"Unilateral pulmonary infection, one infected areas, left lung and middle right lung."
Train,Morozov_study_0275_21.png,Morozov_study_0275_21.png,512,512,456,0.001739501953125,0.021820068359375,0.8059060322037971,0.5548803515638411,6,0.6885964912280702,Unilateral,2.0,"Unilateral pulmonary infection, two infected areas, left lung and middle right lung."
Train,Morozov_study_0275_22.png,Morozov_study_0275_22.png,512,512,129,0.000492095947265625,0.00152587890625,0.8288050486202764,0.5412551768079006,4,0.7984496124031008,Unilateral,1.0,"Unilateral pulmonary infection, one infected areas, left lung and middle right lung."
Train,Morozov_study_0275_23.png,Morozov_study_0275_23.png,512,512,220,0.0008392333984375,0.00274658203125,0.2790517701476606,0.6636897349226116,7,0.85,Unilateral,1.0,"Unilateral pulmonary infection, one infected areas, middle left lung."
Train,Morozov_study_0275_24.png,Morozov_study_0275_24.png,512,512,713,0.002719879150390625,0.006168365478515625,0.2835103185734322,0.6709611547360591,7,0.9789621318373072,Unilateral,1.0,"Unilateral pulmonary infection, one infected areas, middle left lung."
Train,Morozov_study_0275_25.png,Morozov_study_0275_25.png,512,512,1211,0.004619598388671875,0.03032684326171875,0.26104479324392676,0.6565872845297752,10,0.7250206440957886,Unilateral,2.0,"Unilateral pulmonary infection, two infected areas, middle left lung."
Train,Morozov_study_0275_26.png,Morozov_study_0275_26.png,512,512,342,0.00130462646484375,0.024547576904296875,0.23151486020988543,0.6395612318467402,23,0.5058479532163743,Unilateral,1.0,"Unilateral pulmonary infection, one infected areas, middle left lung."
Train,Morozov_study_0275_27.png,Morozov_study_0275_27.png,512,512,683,0.002605438232421875,0.08153152465820312,0.5072762332635173,0.6505173159739035,23,0.5153733528550513,Bilateral,2.0,"Bilateral pulmonary infection, two infected areas, middle left lung and middle right lung."
Train,Morozov_study_0275_28.png,Morozov_study_0275_28.png,512,512,1168,0.00445556640625,0.06925201416015625,0.39785506527625125,0.63662272471383,8,0.6053082191780822,Bilateral,2.0,"Bilateral pulmonary infection, two infected areas, middle left lung and middle right lung."
Train,Morozov_study_0275_29.png,Morozov_study_0275_29.png,512,512,877,0.003345489501953125,0.005340576171875,0.21450104541590148,0.6301838459255557,2,0.9977194982896237,Unilateral,1.0,"Unilateral pulmonary infection, one infected areas, middle left lung."
Train,Morozov_study_0275_30.png,Morozov_study_0275_30.png,512,512,691,0.002635955810546875,0.15810012817382812,0.28000770317841067,0.6337195306725271,11,0.7959479015918958,Unilateral,1.0,"Unilateral pulmonary infection, one infected areas, middle left lung."
Train,Morozov_study_0275_32.png,Morozov_study_0275_32.png,512,512,21,8.0108642578125e-05,0.000396728515625,0.5813996831609356,0.6135495294008014,5,0.42857142857142855,Unknown,,"No pulmonary infection, zero infected areas."
Train,Morozov_study_0275_35.png,Morozov_study_0275_35.png,512,512,73,0.000278472900390625,0.0042724609375,0.7235879151810847,0.6277243117175562,8,0.4794520547945205,Unknown,,"No pulmonary infection, zero infected areas."
Train,Morozov_study_0275_36.png,Morozov_study_0275_36.png,512,512,187,0.000713348388671875,0.001377105712890625,0.7266762246617202,0.6226126814362108,3,0.9679144385026738,Unilateral,1.0,"Unilateral pulmonary infection, one infected areas, left lung and middle right lung."
Train,Morozov_study_0275_38.png,Morozov_study_0275_38.png,512,512,146,0.00055694580078125,0.00148773193359375,0.7089376189582607,0.6039460633193041,3,0.8356164383561644,Unilateral,1.0,"Unilateral pulmonary infection, one infected areas, left lung and middle right lung."
Train,Morozov_study_0275_39.png,Morozov_study_0275_39.png,512,512,115,0.000438690185546875,0.0013427734375,0.6892878414021951,0.6167786948013273,4,0.9217391304347826,Unilateral,1.0,"Unilateral pulmonary infection, one infected areas, left lung and middle right lung."
Train,Morozov_study_0275_9.png,Morozov_study_0275_9.png,512,512,47,0.000179290771484375,0.00048065185546875,0.6327184910688263,0.6678186284714993,2,0.9574468085106383,Unknown,,"No pulmonary infection, zero infected areas."
Train,Morozov_study_0276_15.png,Morozov_study_0276_15.png,512,512,538,0.00205230712890625,0.09144973754882812,0.23780181726914934,0.5119926669043132,12,0.36617100371747213,Unilateral,3.0,"Unilateral pulmonary infection, three infected areas, upper left lung."
Train,Morozov_study_0276_16.png,Morozov_study_0276_16.png,512,512,658,0.00251007080078125,0.0049285888671875,0.16017820710330183,0.631076796792748,4,0.9908814589665653,Unilateral,1.0,"Unilateral pulmonary infection, one infected areas, middle left lung."
Train,Morozov_study_0276_17.png,Morozov_study_0276_17.png,512,512,1478,0.00563812255859375,0.02471160888671875,0.19046074321622544,0.65038172386125,4,0.9972936400541272,Unilateral,1.0,"Unilateral pulmonary infection, one infected areas, middle left lung."
Train,Morozov_study_0276_18.png,Morozov_study_0276_18.png,512,512,2295,0.008754730224609375,0.03118896484375,0.23117983875437542,0.6689493453393534,13,0.9642701525054467,Unilateral,1.0,"Unilateral pulmonary infection, one infected areas, middle left lung."
Train,Morozov_study_0276_19.png,Morozov_study_0276_19.png,512,512,2602,0.00992584228515625,0.043304443359375,0.25598628783218086,0.6702250714864826,20,0.7425057647963106,Unilateral,3.0,"Unilateral pulmonary infection, three infected areas, middle left lung."
Train,Morozov_study_0276_20.png,Morozov_study_0276_20.png,512,512,2365,0.009021759033203125,0.0136260986328125,0.30902222976131866,0.6872128190382412,3,0.999154334038055,Unilateral,1.0,"Unilateral pulmonary infection, one infected areas, middle left lung."
Train,Morozov_study_0276_21.png,Morozov_study_0276_21.png,512,512,2451,0.009349822998046875,0.01678466796875,0.3199021765947203,0.6876230078221997,5,0.99265605875153,Unilateral,1.0,"Unilateral pulmonary infection, one infected areas, middle left lung."
Train,Morozov_study_0276_22.png,Morozov_study_0276_22.png,512,512,2457,0.009372711181640625,0.0157928466796875,0.3102697114438797,0.6872930649838673,3,0.9902319902319903,Unilateral,1.0,"Unilateral pulmonary infection, one infected areas, middle left lung."
Train,Morozov_study_0276_23.png,Morozov_study_0276_23.png,512,512,1853,0.007068634033203125,0.0408935546875,0.3387102736029689,0.6910938310224178,10,0.9433351322180248,Bilateral,2.0,"Bilateral pulmonary infection, two infected areas, middle left lung and middle right lung."
Train,Morozov_study_0276_24.png,Morozov_study_0276_24.png,512,512,1754,0.00669097900390625,0.19779205322265625,0.3922853438715422,0.6827748484314299,14,0.7839224629418472,Bilateral,2.0,"Bilateral pulmonary infection, two infected areas, lower left lung and middle right lung."
Train,Morozov_study_0276_25.png,Morozov_study_0276_25.png,512,512,1335,0.005092620849609375,0.20454025268554688,0.7039586036045941,0.5853529467812983,20,0.5580524344569289,Unilateral,2.0,"Unilateral pulmonary infection, two infected areas, left lung and middle right lung."
Train,Morozov_study_0276_26.png,Morozov_study_0276_26.png,512,512,604,0.0023040771484375,0.06516265869140625,0.706704164020684,0.6211298453882143,9,0.402317880794702,Unilateral,3.0,"Unilateral pulmonary infection, three infected areas, left lung and middle right lung."
Train,Morozov_study_0276_27.png,Morozov_study_0276_27.png,512,512,770,0.00293731689453125,0.07086181640625,0.67703001499479,0.6374945993341297,6,0.5285714285714286,Unilateral,3.0,"Unilateral pulmonary infection, three infected areas, left lung and middle right lung."
Train,Morozov_study_0276_28.png,Morozov_study_0276_28.png,512,512,1157,0.004413604736328125,0.0785064697265625,0.6728549271261293,0.6365135557070296,11,0.7873811581676751,Unilateral,2.0,"Unilateral pulmonary infection, two infected areas, left lung and middle right lung."
Train,Morozov_study_0276_29.png,Morozov_study_0276_29.png,512,512,1338,0.00510406494140625,0.080108642578125,0.6892198245475474,0.5928277447719674,7,0.6621823617339312,Unilateral,2.0,"Unilateral pulmonary infection, two infected areas, left lung and middle right lung."
Train,Morozov_study_0276_30.png,Morozov_study_0276_30.png,512,512,751,0.002864837646484375,0.07661056518554688,0.6702921870643447,0.620320981027254,8,0.7443408788282291,Unilateral,2.0,"Unilateral pulmonary infection, two infected areas, left lung and middle right lung."
Train,Morozov_study_0276_31.png,Morozov_study_0276_31.png,512,512,301,0.001148223876953125,0.031642913818359375,0.612433441041278,0.6696270097717328,6,0.8305647840531561,Unilateral,1.0,"Unilateral pulmonary infection, one infected areas, left lung and middle right lung."
Train,Morozov_study_0276_32.png,Morozov_study_0276_32.png,512,512,598,0.00228118896484375,0.07610702514648438,0.5001767142922593,0.6284451105773321,16,0.3979933110367893,Bilateral,3.0,"Bilateral pulmonary infection, three infected areas, middle left lung and middle right lung."
Train,Morozov_study_0276_33.png,Morozov_study_0276_33.png,512,512,1677,0.006397247314453125,0.04993438720703125,0.3433561235408958,0.6042112289324777,6,0.6905187835420393,Bilateral,2.0,"Bilateral pulmonary infection, two infected areas, middle left lung and middle right lung."
Train,Morozov_study_0276_34.png,Morozov_study_0276_34.png,512,512,2385,0.009098052978515625,0.058170318603515625,0.4367520420764153,0.5992590678039115,6,0.5366876310272537,Bilateral,3.0,"Bilateral pulmonary infection, three infected areas, middle left lung and middle right lung."
Train,Morozov_study_0276_35.png,Morozov_study_0276_35.png,512,512,2329,0.008884429931640625,0.056613922119140625,0.4283840523510674,0.60442359125432,13,0.6011163589523401,Bilateral,3.0,"Bilateral pulmonary infection, three infected areas, middle left lung and middle right lung."
Train,Morozov_study_0276_36.png,Morozov_study_0276_36.png,512,512,1248,0.0047607421875,0.043949127197265625,0.4070528501179186,0.5893625495509057,14,0.65625,Bilateral,2.0,"Bilateral pulmonary infection, two infected areas, middle left lung and middle right lung."
Train,Morozov_study_0276_37.png,Morozov_study_0276_37.png,512,512,944,0.00360107421875,0.0434722900390625,0.399432817008856,0.5734933165279114,9,0.6822033898305084,Bilateral,2.0,"Bilateral pulmonary infection, two infected areas, middle left lung and middle right lung."
Train,Morozov_study_0276_38.png,Morozov_study_0276_38.png,512,512,420,0.0016021728515625,0.0040283203125,0.274224210232038,0.5548923679060666,3,0.9666666666666667,Unilateral,1.0,"Unilateral pulmonary infection, one infected areas, middle left lung."
Train,Morozov_study_0277_10.png,Morozov_study_0277_10.png,512,512,3083,0.011760711669921875,0.3778724670410156,0.6404650716986593,0.6663408261833563,56,0.27927343496594226,Bilateral,9.0,"Bilateral pulmonary infection, nine infected areas, upper left lung and middle right lung."
Train,Morozov_study_0277_11.png,Morozov_study_0277_11.png,512,512,448,0.001708984375,0.054897308349609375,0.5835415501817166,0.6972017402851551,13,0.4486607142857143,Bilateral,3.0,"Bilateral pulmonary infection, three infected areas, middle left lung and lower right lung."
Train,Morozov_study_0277_12.png,Morozov_study_0277_12.png,512,512,3482,0.01328277587890625,0.34015655517578125,0.5606001679310201,0.6339946788122534,42,0.14043653072946582,Bilateral,9.0,"Bilateral pulmonary infection, nine infected areas, middle left lung and middle right lung."
Train,Morozov_study_0277_13.png,Morozov_study_0277_13.png,512,512,2519,0.009609222412109375,0.3424072265625,0.5339202880029583,0.6459292935335288,85,0.2814608971814212,Bilateral,8.0,"Bilateral pulmonary infection, eight infected areas, middle left lung and middle right lung."
Train,Morozov_study_0277_14.png,Morozov_study_0277_14.png,512,512,4022,0.01534271240234375,0.3639984130859375,0.5074302685523164,0.6503832638686831,30,0.4211834908005967,Bilateral,9.0,"Bilateral pulmonary infection, nine infected areas, all left lung and middle right lung."
Train,Morozov_study_0277_15.png,Morozov_study_0277_15.png,512,512,2644,0.0100860595703125,0.129241943359375,0.6506760497496825,0.6993073709702727,25,0.7923600605143721,Bilateral,4.0,"Bilateral pulmonary infection, four infected areas, middle left lung and middle right lung."
Train,Morozov_study_0277_16.png,Morozov_study_0277_16.png,512,512,3451,0.013164520263671875,0.17730712890625,0.6379006964146073,0.6498743096671828,23,0.36800927267458705,Bilateral,6.0,"Bilateral pulmonary infection, six infected areas, middle left lung and middle right lung."
Train,Morozov_study_0277_17.png,Morozov_study_0277_17.png,512,512,2278,0.00868988037109375,0.2562103271484375,0.5344853950576346,0.6013248480745804,16,0.2598770851624232,Bilateral,6.0,"Bilateral pulmonary infection, six infected areas, middle left lung and middle right lung."
Train,Morozov_study_0277_18.png,Morozov_study_0277_18.png,512,512,1419,0.005413055419921875,0.16798782348632812,0.47014310951870686,0.5557826478501853,7,0.5933756166314306,Bilateral,4.0,"Bilateral pulmonary infection, four infected areas, upper left lung and middle right lung."
Train,Morozov_study_0277_19.png,Morozov_study_0277_19.png,512,512,1440,0.0054931640625,0.2429962158203125,0.551023320287019,0.5880544683626876,14,0.45208333333333334,Bilateral,5.0,"Bilateral pulmonary infection, five infected areas, all left lung and upper right lung."
Train,Morozov_study_0277_20.png,Morozov_study_0277_20.png,512,512,2798,0.01067352294921875,0.2496185302734375,0.4976220084516617,0.5937061557808275,19,0.27412437455325234,Bilateral,9.0,"Bilateral pulmonary infection, nine infected areas, middle left lung and all right lung.."
Train,Morozov_study_0277_21.png,Morozov_study_0277_21.png,512,512,1986,0.00757598876953125,0.03754425048828125,0.4513660200660987,0.6897243522662552,2,0.67472306143001,Bilateral,2.0,"Bilateral pulmonary infection, two infected areas, middle left lung and lower right lung."
Train,Morozov_study_0277_22.png,Morozov_study_0277_22.png,512,512,845,0.003223419189453125,0.004425048828125,0.34381361525724013,0.6842297849674035,2,0.9988165680473373,Unilateral,1.0,"Unilateral pulmonary infection, one infected areas, middle left lung."
Train,Morozov_study_0277_23.png,Morozov_study_0277_23.png,512,512,604,0.0023040771484375,0.09080886840820312,0.33197146226720753,0.4888026334547245,4,0.3609271523178808,Unilateral,3.0,"Unilateral pulmonary infection, three infected areas, all left lung."
Train,Morozov_study_0277_24.png,Morozov_study_0277_24.png,512,512,1075,0.004100799560546875,0.055755615234375,0.4625167250716789,0.37791107268010743,5,0.5674418604651162,Bilateral,3.0,"Bilateral pulmonary infection, three infected areas, upper left lung and upper right lung."
Train,Morozov_study_0277_25.png,Morozov_study_0277_25.png,512,512,477,0.001819610595703125,0.00274658203125,0.29490003979536156,0.617447599355069,1,1.0,Unilateral,1.0,"Unilateral pulmonary infection, one infected areas, middle left lung."
Train,Morozov_study_0277_26.png,Morozov_study_0277_26.png,512,512,1341,0.005115509033203125,0.07476806640625,0.3366401508352414,0.5796226492190453,4,0.6785980611483967,Bilateral,3.0,"Bilateral pulmonary infection, three infected areas, middle left lung and middle right lung."
Train,Morozov_study_0277_27.png,Morozov_study_0277_27.png,512,512,1476,0.0056304931640625,0.07851409912109375,0.39702162187962386,0.5798132149618953,6,0.4451219512195122,Bilateral,3.0,"Bilateral pulmonary infection, three infected areas, middle left lung and middle right lung."
Train,Morozov_study_0277_8.png,Morozov_study_0277_8.png,512,512,740,0.0028228759765625,0.037639617919921875,0.37976146400803934,0.746358491563971,5,0.6189189189189189,Bilateral,2.0,"Bilateral pulmonary infection, two infected areas, lower left lung and lower right lung."
Train,Morozov_study_0277_9.png,Morozov_study_0277_9.png,512,512,2400,0.0091552734375,0.4337158203125,0.5007501630789302,0.6813209393346379,35,0.45208333333333334,Bilateral,6.0,"Bilateral pulmonary infection, six infected areas, all left lung and middle right lung."
Train,Morozov_study_0278_20.png,Morozov_study_0278_20.png,512,512,130,0.00049591064453125,0.000743865966796875,0.6821917808219179,0.7857895529128406,1,1.0,Unilateral,1.0,"Unilateral pulmonary infection, one infected areas, left lung and lower right lung."
Train,Morozov_study_0278_21.png,Morozov_study_0278_21.png,512,512,361,0.001377105712890625,0.030910491943359375,0.5966683110082344,0.7920702983124719,3,0.7894736842105263,Bilateral,2.0,"Bilateral pulmonary infection, two infected areas, lower left lung and lower right lung."
Train,Morozov_study_0278_22.png,Morozov_study_0278_22.png,512,512,494,0.00188446044921875,0.034366607666015625,0.5516491439346523,0.7988622768723707,5,0.680161943319838,Bilateral,2.0,"Bilateral pulmonary infection, two infected areas, lower left lung and lower right lung."
Train,Morozov_study_0278_23.png,Morozov_study_0278_23.png,512,512,630,0.00240325927734375,0.00531005859375,0.6692355481005188,0.7837697636132079,5,0.9873015873015873,Unilateral,1.0,"Unilateral pulmonary infection, one infected areas, left lung and lower right lung."
Train,Morozov_study_0278_24.png,Morozov_study_0278_24.png,512,512,1017,0.003879547119140625,0.010467529296875,0.6655794737986518,0.7896984146226479,7,0.9233038348082596,Unilateral,2.0,"Unilateral pulmonary infection, two infected areas, left lung and lower right lung."
Train,Morozov_study_0278_25.png,Morozov_study_0278_25.png,512,512,1480,0.005645751953125,0.011119842529296875,0.671154863278151,0.7862392235679907,3,0.9966216216216216,Unilateral,1.0,"Unilateral pulmonary infection, one infected areas, left lung and lower right lung."
Train,Morozov_study_0278_26.png,Morozov_study_0278_26.png,512,512,1561,0.005954742431640625,0.012378692626953125,0.6692395737089603,0.7946960589014769,8,0.9910313901345291,Unilateral,1.0,"Unilateral pulmonary infection, one infected areas, left lung and lower right lung."
Train,Morozov_study_0278_27.png,Morozov_study_0278_27.png,512,512,2083,0.007946014404296875,0.01348114013671875,0.6709059359477947,0.7885332103234366,8,0.9951992318771004,Unilateral,1.0,"Unilateral pulmonary infection, one infected areas, left lung and lower right lung."
Train,Morozov_study_0278_28.png,Morozov_study_0278_28.png,512,512,2696,0.010284423828125,0.02158355712890625,0.6861262898720725,0.7642735196594795,13,0.9829376854599406,Unilateral,1.0,"Unilateral pulmonary infection, one infected areas, left lung and lower right lung."
Train,Morozov_study_0278_29.png,Morozov_study_0278_29.png,512,512,2897,0.011051177978515625,0.019741058349609375,0.6880591096667245,0.7472214660283565,11,0.989989644459786,Unilateral,1.0,"Unilateral pulmonary infection, one infected areas, left lung and lower right lung."
Train,Morozov_study_0278_30.png,Morozov_study_0278_30.png,512,512,851,0.003246307373046875,0.01334381103515625,0.694070059168332,0.7515826896410577,24,0.5170387779083431,Unilateral,2.0,"Unilateral pulmonary infection, two infected areas, left lung and lower right lung."
Train,Morozov_study_0279_11.png,Morozov_study_0279_11.png,512,512,349,0.001331329345703125,0.003173828125,0.8209926039733316,0.3123713825915812,2,0.9255014326647565,Unilateral,1.0,"Unilateral pulmonary infection, one infected areas, left lung and upper right lung."
Train,Morozov_study_0279_12.png,Morozov_study_0279_12.png,512,512,1139,0.004344940185546875,0.008392333984375,0.8076693772990693,0.342022476543265,4,0.9815627743634767,Unilateral,1.0,"Unilateral pulmonary infection, one infected areas, left lung and upper right lung."
Train,Morozov_study_0279_13.png,Morozov_study_0279_13.png,512,512,1029,0.003925323486328125,0.008056640625,0.8099326954712553,0.34195417054157423,4,0.9902818270165209,Unilateral,1.0,"Unilateral pulmonary infection, one infected areas, left lung and upper right lung."
Train,Morozov_study_0279_14.png,Morozov_study_0279_14.png,512,512,554,0.00211334228515625,0.009521484375,0.6546800709305036,0.6463648116879905,13,0.3231046931407942,Unilateral,1.0,"Unilateral pulmonary infection, one infected areas, left lung and middle right lung."
Train,Morozov_study_0279_15.png,Morozov_study_0279_15.png,512,512,1757,0.006702423095703125,0.0128173828125,0.6445328554387426,0.6348004682416546,9,0.9743881616391576,Unilateral,1.0,"Unilateral pulmonary infection, one infected areas, left lung and middle right lung."
Train,Morozov_study_0279_16.png,Morozov_study_0279_16.png,512,512,2839,0.010829925537109375,0.018768310546875,0.6470691631586603,0.6283840744894464,13,0.9809792180345192,Unilateral,1.0,"Unilateral pulmonary infection, one infected areas, left lung and middle right lung."
Train,Morozov_study_0279_17.png,Morozov_study_0279_17.png,512,512,3476,0.0132598876953125,0.02178955078125,0.6532527209222199,0.6232499510200221,8,0.9861910241657077,Unilateral,1.0,"Unilateral pulmonary infection, one infected areas, left lung and middle right lung."
Train,Morozov_study_0279_18.png,Morozov_study_0279_18.png,512,512,3385,0.012912750244140625,0.020580291748046875,0.656163516376786,0.6173535252509778,4,0.995864106351551,Unilateral,1.0,"Unilateral pulmonary infection, one infected areas, left lung and middle right lung."
Train,Morozov_study_0279_19.png,Morozov_study_0279_19.png,512,512,3315,0.012645721435546875,0.02198028564453125,0.6579510202394974,0.6180830182441787,8,0.9873303167420815,Unilateral,1.0,"Unilateral pulmonary infection, one infected areas, left lung and middle right lung."
Train,Morozov_study_0279_20.png,Morozov_study_0279_20.png,512,512,3423,0.013057708740234375,0.0772247314453125,0.6440076997266677,0.5746021074199913,17,0.8507157464212679,Unilateral,2.0,"Unilateral pulmonary infection, two infected areas, left lung and all right lung.."
Train,Morozov_study_0279_21.png,Morozov_study_0279_21.png,512,512,2871,0.010951995849609375,0.06082916259765625,0.6374433313498028,0.5620609904974572,12,0.8380355276907001,Unilateral,2.0,"Unilateral pulmonary infection, two infected areas, left lung and upper right lung."
Train,Morozov_study_0279_22.png,Morozov_study_0279_22.png,512,512,1005,0.003833770751953125,0.038623809814453125,0.6235534655489675,0.5823251647827399,10,0.8029850746268656,Unilateral,2.0,"Unilateral pulmonary infection, two infected areas, left lung and upper right lung."
Train,Morozov_study_0279_28.png,Morozov_study_0279_28.png,512,512,167,0.000637054443359375,0.001373291015625,0.3728160118119925,0.3155137865169856,1,1.0,Unilateral,1.0,"Unilateral pulmonary infection, one infected areas, upper left lung."
Train,Morozov_study_0279_29.png,Morozov_study_0279_29.png,512,512,167,0.000637054443359375,0.001232147216796875,0.3799407056728031,0.3308764076543586,5,0.9520958083832335,Unilateral,1.0,"Unilateral pulmonary infection, one infected areas, upper left lung."
Train,Morozov_study_0280_11.png,Morozov_study_0280_11.png,512,512,132,0.0005035400390625,0.0015106201171875,0.6771185435568997,0.7093043942359011,6,0.48484848484848486,Unilateral,1.0,"Unilateral pulmonary infection, one infected areas, left lung and lower right lung."
Train,Morozov_study_0280_12.png,Morozov_study_0280_12.png,512,512,184,0.000701904296875,0.001556396484375,0.6769122777163278,0.7185399472475112,2,0.9619565217391305,Unilateral,1.0,"Unilateral pulmonary infection, one infected areas, left lung and lower right lung."
Train,Morozov_study_0280_15.png,Morozov_study_0280_15.png,512,512,498,0.00189971923828125,0.01554107666015625,0.58234503572018,0.5857913061246944,4,0.7329317269076305,Unilateral,2.0,"Unilateral pulmonary infection, two infected areas, left lung and middle right lung."
Train,Morozov_study_0280_16.png,Morozov_study_0280_16.png,512,512,912,0.00347900390625,0.0364990234375,0.5971757304219453,0.6120995983108456,41,0.5942982456140351,Unilateral,3.0,"Unilateral pulmonary infection, three infected areas, left lung and middle right lung."
Train,Morozov_study_0280_17.png,Morozov_study_0280_17.png,512,512,939,0.003582000732421875,0.0363922119140625,0.6205148084004927,0.6319376277798966,23,0.5271565495207667,Unilateral,3.0,"Unilateral pulmonary infection, three infected areas, left lung and middle right lung."
Train,Morozov_study_0280_18.png,Morozov_study_0280_18.png,512,512,1111,0.004238128662109375,0.0277252197265625,0.6432983807186982,0.6680887266808873,26,0.5517551755175517,Unilateral,3.0,"Unilateral pulmonary infection, three infected areas, left lung and middle right lung."
Train,Morozov_study_0280_19.png,Morozov_study_0280_19.png,512,512,2732,0.0104217529296875,0.044780731201171875,0.6626150028795489,0.6656041465504151,24,0.6789897510980967,Unilateral,5.0,"Unilateral pulmonary infection, five infected areas, left lung and middle right lung."
Train,Morozov_study_0280_20.png,Morozov_study_0280_20.png,512,512,2400,0.0091552734375,0.07861328125,0.6533773646444879,0.6665337573385518,18,0.6125,Unilateral,4.0,"Unilateral pulmonary infection, four infected areas, left lung and middle right lung."
Train,Morozov_study_0280_21.png,Morozov_study_0280_21.png,512,512,3187,0.012157440185546875,0.04428863525390625,0.668024514954036,0.6683567108796314,24,0.5779730153749608,Unilateral,5.0,"Unilateral pulmonary infection, five infected areas, left lung and middle right lung."
Train,Morozov_study_0280_22.png,Morozov_study_0280_22.png,512,512,2268,0.0086517333984375,0.04016876220703125,0.6654811087296411,0.6567697601618019,17,0.37918871252204583,Unilateral,6.0,"Unilateral pulmonary infection, six infected areas, left lung and middle right lung."
Train,Morozov_study_0280_23.png,Morozov_study_0280_23.png,512,512,2775,0.010585784912109375,0.0287017822265625,0.6657463725956876,0.670157437280725,9,0.4972972972972973,Unilateral,2.0,"Unilateral pulmonary infection, two infected areas, left lung and middle right lung."
Train,Morozov_study_0280_24.png,Morozov_study_0280_24.png,512,512,3066,0.01169586181640625,0.1539154052734375,0.6032350264181484,0.6487439411869083,24,0.7067840834964123,Bilateral,3.0,"Bilateral pulmonary infection, three infected areas, middle left lung and middle right lung."
Train,Morozov_study_0280_25.png,Morozov_study_0280_25.png,512,512,1689,0.006443023681640625,0.18033981323242188,0.4828213871499596,0.6128002187517018,22,0.32267613972764947,Bilateral,5.0,"Bilateral pulmonary infection, five infected areas, middle left lung and middle right lung."
Train,Morozov_study_0280_26.png,Morozov_study_0280_26.png,512,512,586,0.00223541259765625,0.12285232543945312,0.5059042364900516,0.6244698543309979,17,0.37372013651877134,Bilateral,4.0,"Bilateral pulmonary infection, four infected areas, middle left lung and middle right lung."
Train,Morozov_study_0280_27.png,Morozov_study_0280_27.png,512,512,46,0.00017547607421875,0.00141143798828125,0.6572364502680167,0.7002892878414022,2,0.7608695652173914,Unknown,,"No pulmonary infection, zero infected areas."
Train,Morozov_study_0280_29.png,Morozov_study_0280_29.png,512,512,62,0.00023651123046875,0.00034332275390625,0.2327820213370368,0.5857269111798498,1,1.0,Unilateral,1.0,"Unilateral pulmonary infection, one infected areas, middle left lung."
Train,Morozov_study_0280_30.png,Morozov_study_0280_30.png,512,512,273,0.001041412353515625,0.002368927001953125,0.22319950108599815,0.5952703526089045,3,0.9743589743589743,Unilateral,1.0,"Unilateral pulmonary infection, one infected areas, middle left lung."
Train,Morozov_study_0281_31.png,Morozov_study_0281_31.png,512,512,280,0.001068115234375,0.01541900634765625,0.34290606653620354,0.5553606374056472,2,0.6107142857142858,Unilateral,2.0,"Unilateral pulmonary infection, two infected areas, middle left lung."
Train,Morozov_study_0281_32.png,Morozov_study_0281_32.png,512,512,1052,0.0040130615234375,0.005340576171875,0.28387453215569264,0.5776751765344922,1,1.0,Unilateral,1.0,"Unilateral pulmonary infection, one infected areas, middle left lung."
Train,Morozov_study_0281_33.png,Morozov_study_0281_33.png,512,512,902,0.00344085693359375,0.0047607421875,0.2851718945938792,0.578095643080608,1,1.0,Unilateral,1.0,"Unilateral pulmonary infection, one infected areas, middle left lung."
Train,Morozov_study_0281_34.png,Morozov_study_0281_34.png,512,512,265,0.001010894775390625,0.001361846923828125,0.2830779455747148,0.5746704574825536,1,1.0,Unilateral,1.0,"Unilateral pulmonary infection, one infected areas, middle left lung."
Train,Morozov_study_0281_35.png,Morozov_study_0281_35.png,512,512,686,0.00261688232421875,0.00942230224609375,0.233062137351446,0.4577059786732697,12,0.9198250728862973,Unilateral,1.0,"Unilateral pulmonary infection, one infected areas, middle left lung."
Train,Morozov_study_0281_36.png,Morozov_study_0281_36.png,512,512,336,0.00128173828125,0.00201416015625,0.22898029074643556,0.4600048923679061,1,1.0,Unilateral,1.0,"Unilateral pulmonary infection, one infected areas, middle left lung."
Train,Morozov_study_0281_37.png,Morozov_study_0281_37.png,512,512,280,0.001068115234375,0.0014495849609375,0.6583240145373217,0.6486720715683534,1,1.0,Unilateral,1.0,"Unilateral pulmonary infection, one infected areas, left lung and middle right lung."
Train,Morozov_study_0281_38.png,Morozov_study_0281_38.png,512,512,257,0.000980377197265625,0.001739501953125,0.6594607354161749,0.6494094892900926,1,1.0,Unilateral,1.0,"Unilateral pulmonary infection, one infected areas, left lung and middle right lung."
Train,Morozov_study_0282_10.png,Morozov_study_0282_10.png,512,512,141,0.000537872314453125,0.0012969970703125,0.6012685458911049,0.7189629567944927,5,0.7872340425531915,Unilateral,1.0,"Unilateral pulmonary infection, one infected areas, left lung and lower right lung."
Train,Morozov_study_0282_11.png,Morozov_study_0282_11.png,512,512,250,0.00095367431640625,0.002117156982421875,0.8750841487279843,0.42070450097847356,4,0.98,Unilateral,1.0,"Unilateral pulmonary infection, one infected areas, left lung and middle right lung."
Train,Morozov_study_0282_12.png,Morozov_study_0282_12.png,512,512,248,0.000946044921875,0.014492034912109375,0.23221387538665486,0.6427151063695474,5,0.4959677419354839,Unilateral,2.0,"Unilateral pulmonary infection, two infected areas, middle left lung."
Train,Morozov_study_0282_14.png,Morozov_study_0282_14.png,512,512,419,0.001598358154296875,0.09194183349609375,0.3851729726447744,0.6799574048732188,3,0.6276849642004774,Bilateral,2.0,"Bilateral pulmonary infection, two infected areas, middle left lung and lower right lung."
Train,Morozov_study_0282_15.png,Morozov_study_0282_15.png,512,512,158,0.00060272216796875,0.00102996826171875,0.3676335802224479,0.7291733756099977,2,0.9367088607594937,Unilateral,1.0,"Unilateral pulmonary infection, one infected areas, lower left lung."
Train,Morozov_study_0282_17.png,Morozov_study_0282_17.png,512,512,324,0.0012359619140625,0.023181915283203125,0.18939503756855355,0.6253956174047498,6,0.3549382716049383,Unilateral,3.0,"Unilateral pulmonary infection, three infected areas, middle left lung."
Train,Morozov_study_0282_18.png,Morozov_study_0282_18.png,512,512,495,0.001888275146484375,0.059337615966796875,0.5110004151100042,0.7220581549348672,3,0.6343434343434343,Bilateral,2.0,"Bilateral pulmonary infection, two infected areas, lower left lung and middle right lung."
Train,Morozov_study_0282_19.png,Morozov_study_0282_19.png,512,512,129,0.000492095947265625,0.001201629638671875,0.801680850741061,0.6756777256936544,4,0.9457364341085271,Unilateral,1.0,"Unilateral pulmonary infection, one infected areas, left lung and middle right lung."
Train,Morozov_study_0282_20.png,Morozov_study_0282_20.png,512,512,332,0.0012664794921875,0.018405914306640625,0.5906561667413293,0.714214981255747,2,0.5331325301204819,Bilateral,2.0,"Bilateral pulmonary infection, two infected areas, lower left lung and lower right lung."
Train,Morozov_study_0282_22.png,Morozov_study_0282_22.png,512,512,148,0.0005645751953125,0.0008544921875,0.512640820859999,0.5438197492992013,1,1.0,Bilateral,1.0,"Bilateral pulmonary infection, one infected areas, middle left lung and middle right lung."
Train,Morozov_study_0282_25.png,Morozov_study_0282_25.png,512,512,145,0.000553131103515625,0.001220703125,0.6842027127336527,0.7281328024832985,3,0.9586206896551724,Unilateral,1.0,"Unilateral pulmonary infection, one infected areas, left lung and lower right lung."
Train,Morozov_study_0282_29.png,Morozov_study_0282_29.png,512,512,189,0.000720977783203125,0.00102996826171875,0.4440820468217728,0.5750732560908687,1,1.0,Unilateral,1.0,"Unilateral pulmonary infection, one infected areas, middle left lung."
Train,Morozov_study_0282_30.png,Morozov_study_0282_30.png,512,512,217,0.000827789306640625,0.00128173828125,0.4493493376139674,0.5841622552688773,1,1.0,Unilateral,1.0,"Unilateral pulmonary infection, one infected areas, middle left lung."
Train,Morozov_study_0282_7.png,Morozov_study_0282_7.png,512,512,869,0.003314971923828125,0.007175445556640625,0.6830060870289758,0.7071154959138313,5,0.9769850402761795,Unilateral,1.0,"Unilateral pulmonary infection, one infected areas, left lung and lower right lung."
Train,Morozov_study_0282_8.png,Morozov_study_0282_8.png,512,512,433,0.001651763916015625,0.003604888916015625,0.6867483492495355,0.7062952233315104,3,0.9653579676674365,Unilateral,1.0,"Unilateral pulmonary infection, one infected areas, left lung and lower right lung."
Train,Morozov_study_0283_14.png,Morozov_study_0283_14.png,512,512,458,0.00174713134765625,0.00272369384765625,0.32544287679778494,0.2971867816337518,1,1.0,Unilateral,1.0,"Unilateral pulmonary infection, one infected areas, upper left lung."
Train,Morozov_study_0283_15.png,Morozov_study_0283_15.png,512,512,2128,0.00811767578125,0.0629119873046875,0.31824393419949093,0.33520444947986405,12,0.7833646616541353,Unilateral,3.0,"Unilateral pulmonary infection, three infected areas, upper left lung."
Train,Morozov_study_0283_16.png,Morozov_study_0283_16.png,512,512,2215,0.008449554443359375,0.06938552856445312,0.32272134927751983,0.31965472914172627,9,0.8853273137697517,Unilateral,2.0,"Unilateral pulmonary infection, two infected areas, upper left lung."
Train,Morozov_study_0283_17.png,Morozov_study_0283_17.png,512,512,2416,0.00921630859375,0.1072540283203125,0.3857089397493552,0.31082736097251207,6,0.9329470198675497,Bilateral,2.0,"Bilateral pulmonary infection, two infected areas, upper left lung and middle right lung."
Train,Morozov_study_0283_19.png,Morozov_study_0283_19.png,512,512,11,4.1961669921875e-05,0.001190185546875,0.6737235367372353,0.6916918697740615,4,0.45454545454545453,Unknown,,"No pulmonary infection, zero infected areas."
Train,Morozov_study_0284_12.png,Morozov_study_0284_12.png,512,512,369,0.001407623291015625,0.00478363037109375,0.2530083422164946,0.27651822506483387,1,1.0,Unilateral,1.0,"Unilateral pulmonary infection, one infected areas, upper left lung."
Train,Morozov_study_0284_13.png,Morozov_study_0284_13.png,512,512,223,0.000850677490234375,0.001682281494140625,0.2777109861083078,0.2753942414855247,3,0.9910313901345291,Unilateral,1.0,"Unilateral pulmonary infection, one infected areas, upper left lung."
Train,Morozov_study_0284_14.png,Morozov_study_0284_14.png,512,512,1180,0.0045013427734375,0.00875091552734375,0.29902318484858537,0.29416066867889484,5,0.9932203389830508,Unilateral,1.0,"Unilateral pulmonary infection, one infected areas, upper left lung."
Train,Morozov_study_0284_15.png,Morozov_study_0284_15.png,512,512,1991,0.007595062255859375,0.025814056396484375,0.31173647362249496,0.3210671111980428,22,0.946258161727775,Unilateral,1.0,"Unilateral pulmonary infection, one infected areas, upper left lung."
Train,Morozov_study_0284_16.png,Morozov_study_0284_16.png,512,512,3478,0.01326751708984375,0.2298583984375,0.359181953323603,0.3954366782988176,14,0.824036802760207,Bilateral,2.0,"Bilateral pulmonary infection, two infected areas, upper left lung and middle right lung."
Train,Morozov_study_0284_17.png,Morozov_study_0284_17.png,512,512,4500,0.0171661376953125,0.23431777954101562,0.3467514677103718,0.4167510328332246,19,0.808,Bilateral,2.0,"Bilateral pulmonary infection, two infected areas, upper left lung and middle right lung."
Train,Morozov_study_0284_18.png,Morozov_study_0284_18.png,512,512,2670,0.01018524169921875,0.033451080322265625,0.23725675586534445,0.3791728050308934,9,0.9932584269662922,Unilateral,1.0,"Unilateral pulmonary infection, one infected areas, upper left lung."
Train,Morozov_study_0284_19.png,Morozov_study_0284_19.png,512,512,2109,0.008045196533203125,0.02158355712890625,0.22390945894911288,0.3992766069190006,4,0.9971550497866287,Unilateral,1.0,"Unilateral pulmonary infection, one infected areas, upper left lung."
Train,Morozov_study_0284_2.png,Morozov_study_0284_2.png,512,512,39,0.000148773193359375,0.004364013671875,0.3334838677304431,0.6135280244869286,8,0.38461538461538464,Unknown,,"No pulmonary infection, zero infected areas."
Train,Morozov_study_0284_20.png,Morozov_study_0284_20.png,512,512,1181,0.004505157470703125,0.02280426025390625,0.21623686185875182,0.4114278423373339,6,0.6486028789161727,Unilateral,1.0,"Unilateral pulmonary infection, one infected areas, upper left lung."
Train,Morozov_study_0284_25.png,Morozov_study_0284_25.png,512,512,225,0.000858306884765625,0.0018310546875,0.750371819960861,0.47038051750380516,3,0.9333333333333333,Unilateral,1.0,"Unilateral pulmonary infection, one infected areas, left lung and middle right lung."
Train,Morozov_study_0284_26.png,Morozov_study_0284_26.png,512,512,1157,0.004413604736328125,0.0076904296875,0.7495361341751983,0.4663792418140579,4,0.993085566119274,Unilateral,1.0,"Unilateral pulmonary infection, one infected areas, left lung and middle right lung."
Train,Morozov_study_0284_27.png,Morozov_study_0284_27.png,512,512,1156,0.0044097900390625,0.00732421875,0.745022989050576,0.46936260402630026,2,0.9991349480968859,Unilateral,1.0,"Unilateral pulmonary infection, one infected areas, left lung and middle right lung."
Train,Morozov_study_0284_28.png,Morozov_study_0284_28.png,512,512,621,0.002368927001953125,0.00368499755859375,0.748559075539421,0.4743501265240396,2,0.9967793880837359,Unilateral,1.0,"Unilateral pulmonary infection, one infected areas, left lung and middle right lung."
Train,Morozov_study_0285_10.png,Morozov_study_0285_10.png,512,512,838,0.00319671630859375,0.23538589477539062,0.3503962934766871,0.481626181057312,48,0.4128878281622912,Unilateral,2.0,"Unilateral pulmonary infection, two infected areas, upper left lung."
Train,Morozov_study_0285_11.png,Morozov_study_0285_11.png,512,512,151,0.000576019287109375,0.083740234375,0.2857142857142857,0.5208849029950363,17,0.3576158940397351,Unknown,,"No pulmonary infection, zero infected areas."
Train,Morozov_study_0285_12.png,Morozov_study_0285_12.png,512,512,347,0.001323699951171875,0.016937255859375,0.3112053553804768,0.32287372333166026,21,0.2507204610951009,Unilateral,1.0,"Unilateral pulmonary infection, one infected areas, upper left lung."
Train,Morozov_study_0285_14.png,Morozov_study_0285_14.png,512,512,515,0.001964569091796875,0.0037689208984375,0.7503847396120304,0.3885129101514259,4,0.9941747572815534,Unilateral,1.0,"Unilateral pulmonary infection, one infected areas, left lung and middle right lung."
Train,Morozov_study_0285_15.png,Morozov_study_0285_15.png,512,512,1181,0.004505157470703125,0.26387786865234375,0.7399298415386476,0.40493727329819335,17,0.7061812023708721,Unilateral,2.0,"Unilateral pulmonary infection, two infected areas, left lung and upper right lung."
Train,Morozov_study_0285_16.png,Morozov_study_0285_16.png,512,512,1057,0.004032135009765625,0.22294235229492188,0.5935900260494291,0.469945031446308,10,0.5506149479659413,Bilateral,2.0,"Bilateral pulmonary infection, two infected areas, middle left lung and middle right lung."
Train,Morozov_study_0285_17.png,Morozov_study_0285_17.png,512,512,373,0.001422882080078125,0.0030975341796875,0.670062905620583,0.4599770202987361,1,1.0,Unilateral,1.0,"Unilateral pulmonary infection, one infected areas, left lung and middle right lung."
Train,Morozov_study_0285_18.png,Morozov_study_0285_18.png,512,512,731,0.002788543701171875,0.24554443359375,0.42174219162019694,0.48114129372679304,11,0.5075239398084815,Bilateral,3.0,"Bilateral pulmonary infection, three infected areas, upper left lung and middle right lung."
Train,Morozov_study_0285_19.png,Morozov_study_0285_19.png,512,512,1575,0.006008148193359375,0.2588653564453125,0.5812567949554251,0.4702177492001367,16,0.34285714285714286,Bilateral,6.0,"Bilateral pulmonary infection, six infected areas, upper left lung and middle right lung."
Train,Morozov_study_0285_20.png,Morozov_study_0285_20.png,512,512,189,0.000720977783203125,0.0188446044921875,0.7533107611385498,0.308037979270856,6,0.7354497354497355,Unilateral,1.0,"Unilateral pulmonary infection, one infected areas, left lung and upper right lung."
Train,Morozov_study_0285_23.png,Morozov_study_0285_23.png,512,512,185,0.000705718994140625,0.00176239013671875,0.2570476543079283,0.32545618025070083,2,0.9783783783783784,Unilateral,1.0,"Unilateral pulmonary infection, one infected areas, upper left lung."
Train,Morozov_study_0285_29.png,Morozov_study_0285_29.png,512,512,60,0.0002288818359375,0.00048065185546875,0.648825831702544,0.4158512720156556,1,1.0,Unilateral,1.0,"Unilateral pulmonary infection, one infected areas, left lung and middle right lung."
Train,Morozov_study_0285_5.png,Morozov_study_0285_5.png,512,512,289,0.001102447509765625,0.0028228759765625,0.10696172103007198,0.4998814997392994,1,1.0,Unilateral,1.0,"Unilateral pulmonary infection, one infected areas, middle left lung."
Train,Morozov_study_0285_7.png,Morozov_study_0285_7.png,512,512,709,0.002704620361328125,0.017120361328125,0.7272501442178975,0.6029522576656298,11,0.5401974612129761,Unilateral,3.0,"Unilateral pulmonary infection, three infected areas, left lung and middle right lung."
Train,Morozov_study_0285_9.png,Morozov_study_0285_9.png,512,512,368,0.00140380859375,0.02587890625,0.7301593210244193,0.5201969709861313,10,0.36684782608695654,Unilateral,3.0,"Unilateral pulmonary infection, three infected areas, left lung and middle right lung."
Train,Morozov_study_0286_10.png,Morozov_study_0286_10.png,512,512,456,0.001739501953125,0.00333404541015625,0.8857117107838088,0.615404092422838,2,0.9912280701754386,Unilateral,1.0,"Unilateral pulmonary infection, one infected areas, left lung and middle right lung."
Train,Morozov_study_0286_11.png,Morozov_study_0286_11.png,512,512,1139,0.004344940185546875,0.12235260009765625,0.34215133610180937,0.4951557396624567,11,0.4679543459174715,Bilateral,3.0,"Bilateral pulmonary infection, three infected areas, middle left lung and middle right lung."
Train,Morozov_study_0286_12.png,Morozov_study_0286_12.png,512,512,1622,0.00618743896484375,0.21653366088867188,0.47463087053986164,0.589328243501174,24,0.3310727496917386,Bilateral,7.0,"Bilateral pulmonary infection, seven infected areas, middle left lung and middle right lung."
Train,Morozov_study_0286_13.png,Morozov_study_0286_13.png,512,512,556,0.0021209716796875,0.004093170166015625,0.38374114798181025,0.6980353095214631,4,0.9784172661870504,Unilateral,1.0,"Unilateral pulmonary infection, one infected areas, lower left lung."
Train,Morozov_study_0286_14.png,Morozov_study_0286_14.png,512,512,1709,0.006519317626953125,0.30994415283203125,0.5020594321074454,0.4256961246949785,22,0.38970157987126974,Bilateral,5.0,"Bilateral pulmonary infection, five infected areas, upper left lung and middle right lung."
Train,Morozov_study_0286_15.png,Morozov_study_0286_15.png,512,512,1710,0.00652313232421875,0.1806640625,0.5067199963378767,0.6437532186630961,35,0.27251461988304093,Bilateral,6.0,"Bilateral pulmonary infection, six infected areas, middle left lung and middle right lung."
Train,Morozov_study_0286_16.png,Morozov_study_0286_16.png,512,512,2164,0.0082550048828125,0.34551239013671875,0.4634763484306441,0.5148679151097301,50,0.17513863216266173,Bilateral,9.0,"Bilateral pulmonary infection, nine infected areas, all left lung and middle right lung."
Train,Morozov_study_0286_17.png,Morozov_study_0286_17.png,512,512,1553,0.005924224853515625,0.109588623046875,0.7738686438595584,0.4852762722991798,39,0.28525434642627173,Unilateral,6.0,"Unilateral pulmonary infection, six infected areas, left lung and middle right lung."
Train,Morozov_study_0286_18.png,Morozov_study_0286_18.png,512,512,4402,0.01679229736328125,0.3901824951171875,0.6672425183002567,0.495072956519497,52,0.2210358927760109,Bilateral,9.0,"Bilateral pulmonary infection, nine infected areas, upper left lung and middle right lung."
Train,Morozov_study_0286_19.png,Morozov_study_0286_19.png,512,512,3875,0.014781951904296875,0.23608779907226562,0.6617092355280602,0.59384129789786,29,0.3014193548387097,Bilateral,5.0,"Bilateral pulmonary infection, five infected areas, lower left lung and middle right lung."
Train,Morozov_study_0286_20.png,Morozov_study_0286_20.png,512,512,2637,0.010059356689453125,0.23997879028320312,0.6851756614251355,0.5743725264506975,30,0.35760333712552145,Bilateral,5.0,"Bilateral pulmonary infection, five infected areas, middle left lung and middle right lung."
Train,Morozov_study_0286_21.png,Morozov_study_0286_21.png,512,512,2810,0.01071929931640625,0.38359832763671875,0.539716277482572,0.565141269299608,39,0.16476868327402136,Bilateral,9.0,"Bilateral pulmonary infection, nine infected areas, middle left lung and upper right lung."
Train,Morozov_study_0286_22.png,Morozov_study_0286_22.png,512,512,1631,0.006221771240234375,0.3043403625488281,0.681947492383984,0.5844216927173009,26,0.4469650521152667,Bilateral,5.0,"Bilateral pulmonary infection, five infected areas, middle left lung and all right lung.."
Train,Morozov_study_0286_23.png,Morozov_study_0286_23.png,512,512,1324,0.0050506591796875,0.16640853881835938,0.4212786964721741,0.6401789039913445,15,0.43202416918429004,Bilateral,4.0,"Bilateral pulmonary infection, four infected areas, middle left lung and lower right lung."
Train,Morozov_study_0286_24.png,Morozov_study_0286_24.png,512,512,295,0.001125335693359375,0.0176239013671875,0.3844571959268964,0.3575375634349398,2,0.5694915254237288,Unilateral,2.0,"Unilateral pulmonary infection, two infected areas, upper left lung."
Train,Morozov_study_0286_25.png,Morozov_study_0286_25.png,512,512,698,0.00266265869140625,0.07024383544921875,0.5600541665031205,0.48852186005304504,17,0.5401146131805158,Bilateral,3.0,"Bilateral pulmonary infection, three infected areas, middle left lung and middle right lung."
Train,Morozov_study_0286_26.png,Morozov_study_0286_26.png,512,512,255,0.000972747802734375,0.0116729736328125,0.6834119949349603,0.39342312267372703,17,0.4470588235294118,Unilateral,1.0,"Unilateral pulmonary infection, one infected areas, left lung and middle right lung."
Train,Morozov_study_0286_27.png,Morozov_study_0286_27.png,512,512,220,0.0008392333984375,0.08910369873046875,0.3379380893079523,0.4664027753068849,6,0.85,Unilateral,1.0,"Unilateral pulmonary infection, one infected areas, middle left lung."
Train,Morozov_study_0286_28.png,Morozov_study_0286_28.png,512,512,168,0.000640869140625,0.001708984375,0.7408675799086758,0.4682578510856397,1,1.0,Unilateral,1.0,"Unilateral pulmonary infection, one infected areas, left lung and middle right lung."
Train,Morozov_study_0286_31.png,Morozov_study_0286_31.png,512,512,445,0.001697540283203125,0.003509521484375,0.5880296400536511,0.46108753490622045,4,0.9573033707865168,Unilateral,1.0,"Unilateral pulmonary infection, one infected areas, left lung and middle right lung."
Train,Morozov_study_0286_32.png,Morozov_study_0286_32.png,512,512,439,0.001674652099609375,0.00350189208984375,0.5871955921882592,0.45820201578930947,1,1.0,Unilateral,1.0,"Unilateral pulmonary infection, one infected areas, left lung and middle right lung."
Train,Morozov_study_0286_33.png,Morozov_study_0286_33.png,512,512,648,0.002471923828125,0.00609588623046875,0.5777584499045687,0.4756166799545795,4,0.9660493827160493,Unilateral,1.0,"Unilateral pulmonary infection, one infected areas, left lung and middle right lung."
Train,Morozov_study_0286_8.png,Morozov_study_0286_8.png,512,512,152,0.000579833984375,0.0012969970703125,0.7221006282830363,0.668838191368833,2,0.993421052631579,Unilateral,1.0,"Unilateral pulmonary infection, one infected areas, left lung and middle right lung."
Train,Morozov_study_0286_9.png,Morozov_study_0286_9.png,512,512,1001,0.003818511962890625,0.058650970458984375,0.5456852345306358,0.5979265353042261,14,0.4725274725274725,Bilateral,3.0,"Bilateral pulmonary infection, three infected areas, middle left lung and middle right lung."
Train,Morozov_study_0287_29.png,Morozov_study_0287_29.png,512,512,98,0.00037384033203125,0.0013427734375,0.41938575821718116,0.38380127001877073,3,0.9693877551020408,Unilateral,1.0,"Unilateral pulmonary infection, one infected areas, middle left lung."
Train,Morozov_study_0288_10.png,Morozov_study_0288_10.png,512,512,5070,0.01934051513671875,0.0590667724609375,0.2299702405076483,0.6699571941932321,22,0.6668639053254438,Unilateral,3.0,"Unilateral pulmonary infection, three infected areas, middle left lung."
Train,Morozov_study_0288_11.png,Morozov_study_0288_11.png,512,512,6632,0.025299072265625,0.087158203125,0.2575377284777123,0.6755985331158423,36,0.46260554885404104,Unilateral,4.0,"Unilateral pulmonary infection, four infected areas, middle left lung."
Train,Morozov_study_0288_12.png,Morozov_study_0288_12.png,512,512,6998,0.02669525146484375,0.10062408447265625,0.27130172501061245,0.6767706624593328,30,0.6114604172620749,Bilateral,4.0,"Bilateral pulmonary infection, four infected areas, middle left lung and middle right lung."
Train,Morozov_study_0288_13.png,Morozov_study_0288_13.png,512,512,6293,0.024005889892578125,0.08881759643554688,0.2803344691069473,0.6861303041337826,20,0.6864770379787065,Unilateral,4.0,"Unilateral pulmonary infection, four infected areas, middle left lung."
Train,Morozov_study_0288_14.png,Morozov_study_0288_14.png,512,512,5670,0.02162933349609375,0.08066558837890625,0.2750698046849384,0.6941184591543365,11,0.7149911816578484,Unilateral,4.0,"Unilateral pulmonary infection, four infected areas, middle left lung."
Train,Morozov_study_0288_15.png,Morozov_study_0288_15.png,512,512,5970,0.02277374267578125,0.097198486328125,0.2998495412483159,0.6863774187309672,22,0.7001675041876047,Unilateral,4.0,"Unilateral pulmonary infection, four infected areas, middle left lung."
Train,Morozov_study_0288_16.png,Morozov_study_0288_16.png,512,512,4649,0.017734527587890625,0.1007080078125,0.3184292731345124,0.681384671660972,17,0.597117659711766,Unilateral,4.0,"Unilateral pulmonary infection, four infected areas, middle left lung."
Train,Morozov_study_0288_17.png,Morozov_study_0288_17.png,512,512,4379,0.016704559326171875,0.0846710205078125,0.3079414336972984,0.6917783640028977,35,0.5697647864809318,Unilateral,5.0,"Unilateral pulmonary infection, five infected areas, middle left lung."
Train,Morozov_study_0288_18.png,Morozov_study_0288_18.png,512,512,3243,0.012371063232421875,0.07457733154296875,0.28582712848930075,0.6861202783294201,18,0.5787850755473327,Unilateral,3.0,"Unilateral pulmonary infection, three infected areas, middle left lung."
Train,Morozov_study_0288_19.png,Morozov_study_0288_19.png,512,512,3036,0.0115814208984375,0.31002044677734375,0.2937257798782516,0.6762741427720582,18,0.6712779973649539,Bilateral,4.0,"Bilateral pulmonary infection, four infected areas, middle left lung and upper right lung."
Train,Morozov_study_0288_20.png,Morozov_study_0288_20.png,512,512,3828,0.0146026611328125,0.3544464111328125,0.351894169442587,0.6578276864058631,20,0.7395506792058516,Bilateral,4.0,"Bilateral pulmonary infection, four infected areas, lower left lung and upper right lung."
Train,Morozov_study_0288_21.png,Morozov_study_0288_21.png,512,512,2448,0.00933837890625,0.322265625,0.34226270416842536,0.6856086041722625,13,0.8329248366013072,Bilateral,3.0,"Bilateral pulmonary infection, three infected areas, lower left lung and upper right lung."
Train,Morozov_study_0288_22.png,Morozov_study_0288_22.png,512,512,1289,0.004917144775390625,0.236846923828125,0.31288989021966696,0.7034686091404159,7,0.851823118696664,Bilateral,2.0,"Bilateral pulmonary infection, two infected areas, lower left lung and middle right lung."
Train,Morozov_study_0288_23.png,Morozov_study_0288_23.png,512,512,2491,0.009502410888671875,0.028629302978515625,0.754454588377258,0.3724398048237844,11,0.7719791248494581,Unilateral,3.0,"Unilateral pulmonary infection, three infected areas, left lung and upper right lung."
Train,Morozov_study_0288_24.png,Morozov_study_0288_24.png,512,512,1238,0.00472259521484375,0.017314910888671875,0.7619147732122703,0.35641888153672513,11,0.9006462035541195,Unilateral,1.0,"Unilateral pulmonary infection, one infected areas, left lung and upper right lung."
Train,Morozov_study_0288_25.png,Morozov_study_0288_25.png,512,512,92,0.0003509521484375,0.000640869140625,0.7949885135710032,0.35871692333872207,1,1.0,Unilateral,1.0,"Unilateral pulmonary infection, one infected areas, left lung and middle right lung."
Train,Morozov_study_0288_3.png,Morozov_study_0288_3.png,512,512,164,0.0006256103515625,0.00194549560546875,0.22975036991074413,0.7113622261467233,1,1.0,Unilateral,1.0,"Unilateral pulmonary infection, one infected areas, lower left lung."
Train,Morozov_study_0288_4.png,Morozov_study_0288_4.png,512,512,985,0.003757476806640625,0.020015716552734375,0.23791113274459358,0.7116989678842123,2,0.9857868020304569,Unilateral,1.0,"Unilateral pulmonary infection, one infected areas, middle left lung."
Train,Morozov_study_0288_5.png,Morozov_study_0288_5.png,512,512,1709,0.006519317626953125,0.03600311279296875,0.24123352940974396,0.7007622818759668,2,0.8326506729081334,Unilateral,2.0,"Unilateral pulmonary infection, two infected areas, middle left lung."
Train,Morozov_study_0288_6.png,Morozov_study_0288_6.png,512,512,2859,0.010906219482421875,0.09569549560546875,0.3521793026313718,0.69861644725449,3,0.5711787338230151,Bilateral,3.0,"Bilateral pulmonary infection, three infected areas, middle left lung and lower right lung."
Train,Morozov_study_0288_7.png,Morozov_study_0288_7.png,512,512,2918,0.01113128662109375,0.09126663208007812,0.25707767028055833,0.6748630874697705,10,0.7326936257710761,Bilateral,3.0,"Bilateral pulmonary infection, three infected areas, middle left lung and middle right lung."
Train,Morozov_study_0288_8.png,Morozov_study_0288_8.png,512,512,3477,0.013263702392578125,0.062164306640625,0.23618950812918216,0.664176160139851,6,0.7828587863100374,Unilateral,3.0,"Unilateral pulmonary infection, three infected areas, middle left lung."
Train,Morozov_study_0288_9.png,Morozov_study_0288_9.png,512,512,4882,0.01862335205078125,0.063812255859375,0.24996893416528307,0.6553540262524342,14,0.6868086849651782,Unilateral,3.0,"Unilateral pulmonary infection, three infected areas, middle left lung."
Train,Morozov_study_0289_10.png,Morozov_study_0289_10.png,512,512,713,0.002719879150390625,0.00446319580078125,0.7075448135410862,0.6774962054986646,1,1.0,Unilateral,1.0,"Unilateral pulmonary infection, one infected areas, left lung and middle right lung."
Train,Morozov_study_0289_11.png,Morozov_study_0289_11.png,512,512,731,0.002788543701171875,0.004673004150390625,0.7071379045405993,0.6730586468419799,5,0.9849521203830369,Unilateral,1.0,"Unilateral pulmonary infection, one infected areas, left lung and middle right lung."
Train,Morozov_study_0289_12.png,Morozov_study_0289_12.png,512,512,792,0.003021240234375,0.00505828857421875,0.7038511336456541,0.6775583624898693,1,1.0,Unilateral,1.0,"Unilateral pulmonary infection, one infected areas, left lung and middle right lung."
Train,Morozov_study_0289_13.png,Morozov_study_0289_13.png,512,512,471,0.001796722412109375,0.00347137451171875,0.7114811721739563,0.670422675657821,4,0.9830148619957537,Unilateral,1.0,"Unilateral pulmonary infection, one infected areas, left lung and middle right lung."
Train,Morozov_study_0289_14.png,Morozov_study_0289_14.png,512,512,529,0.002017974853515625,0.02721405029296875,0.3170883289742859,0.693266104121427,16,0.4215500945179584,Unilateral,3.0,"Unilateral pulmonary infection, three infected areas, middle left lung."
Train,Morozov_study_0289_15.png,Morozov_study_0289_15.png,512,512,1439,0.005489349365234375,0.1001129150390625,0.4967572338368268,0.5897686613747044,14,0.5642807505211953,Bilateral,4.0,"Bilateral pulmonary infection, four infected areas, lower left lung and middle right lung."
Train,Morozov_study_0289_16.png,Morozov_study_0289_16.png,512,512,1291,0.004924774169921875,0.0863037109375,0.3944150456039934,0.6402279214371359,14,0.6452362509682417,Bilateral,3.0,"Bilateral pulmonary infection, three infected areas, middle left lung and middle right lung."
Train,Morozov_study_0289_17.png,Morozov_study_0289_17.png,512,512,873,0.003330230712890625,0.03759765625,0.25220632903163615,0.649973212464386,15,0.856815578465063,Unilateral,2.0,"Unilateral pulmonary infection, two infected areas, middle left lung."
Train,Morozov_study_0289_18.png,Morozov_study_0289_18.png,512,512,803,0.003063201904296875,0.010009765625,0.2574884301287003,0.6861354070961877,7,0.6836861768368617,Unilateral,3.0,"Unilateral pulmonary infection, three infected areas, middle left lung."
Train,Morozov_study_0289_19.png,Morozov_study_0289_19.png,512,512,434,0.00165557861328125,0.009967803955078125,0.28032591737534607,0.6764994994904723,5,0.4861751152073733,Unilateral,3.0,"Unilateral pulmonary infection, three infected areas, middle left lung."
Train,Morozov_study_0289_20.png,Morozov_study_0289_20.png,512,512,469,0.001789093017578125,0.053558349609375,0.4218702406335669,0.6634885399672034,10,0.3049040511727079,Bilateral,4.0,"Bilateral pulmonary infection, four infected areas, middle left lung and middle right lung."
Train,Morozov_study_0289_21.png,Morozov_study_0289_21.png,512,512,1028,0.0039215087890625,0.060028076171875,0.3864133041948723,0.6671171960069141,11,0.6118677042801557,Bilateral,3.0,"Bilateral pulmonary infection, three infected areas, middle left lung and middle right lung."
Train,Morozov_study_0289_22.png,Morozov_study_0289_22.png,512,512,840,0.003204345703125,0.1556396484375,0.6039441804118908,0.6479452054794521,12,0.5630952380952381,Bilateral,4.0,"Bilateral pulmonary infection, four infected areas, middle left lung and middle right lung."
Train,Morozov_study_0289_23.png,Morozov_study_0289_23.png,512,512,1287,0.004909515380859375,0.16307830810546875,0.7547216862285355,0.5871860255421899,14,0.3543123543123543,Bilateral,5.0,"Bilateral pulmonary infection, five infected areas, middle left lung and middle right lung."
Train,Morozov_study_0289_24.png,Morozov_study_0289_24.png,512,512,475,0.001811981201171875,0.02986907958984375,0.7703779997940056,0.6021176228241838,4,0.728421052631579,Unilateral,2.0,"Unilateral pulmonary infection, two infected areas, left lung and middle right lung."
Train,Morozov_study_0289_25.png,Morozov_study_0289_25.png,512,512,811,0.003093719482421875,0.061737060546875,0.6148095776999718,0.6248645700869405,9,0.4599260172626387,Bilateral,4.0,"Bilateral pulmonary infection, four infected areas, middle left lung and middle right lung."
Train,Morozov_study_0289_26.png,Morozov_study_0289_26.png,512,512,406,0.00154876708984375,0.054241180419921875,0.413913605120839,0.6561171469059991,16,0.7487684729064039,Bilateral,2.0,"Bilateral pulmonary infection, two infected areas, middle left lung and middle right lung."
Train,Morozov_study_0289_27.png,Morozov_study_0289_27.png,512,512,653,0.002490997314453125,0.0882568359375,0.5761815855167929,0.6002163730246971,9,0.4777947932618683,Bilateral,2.0,"Bilateral pulmonary infection, two infected areas, middle left lung and middle right lung."
Train,Morozov_study_0289_28.png,Morozov_study_0289_28.png,512,512,763,0.002910614013671875,0.00560760498046875,0.7866594168143568,0.5210660360663054,3,0.9908256880733946,Unilateral,1.0,"Unilateral pulmonary infection, one infected areas, left lung and middle right lung."
Train,Morozov_study_0289_29.png,Morozov_study_0289_29.png,512,512,455,0.001735687255859375,0.002685546875,0.7896905442893701,0.5124879034859465,1,1.0,Unilateral,1.0,"Unilateral pulmonary infection, one infected areas, left lung and middle right lung."
Train,Morozov_study_0289_30.png,Morozov_study_0289_30.png,512,512,86,0.00032806396484375,0.00058746337890625,0.8055568197333091,0.5032995039366496,2,0.9767441860465116,Unilateral,1.0,"Unilateral pulmonary infection, one infected areas, left lung and middle right lung."
Train,Morozov_study_0289_31.png,Morozov_study_0289_31.png,512,512,355,0.001354217529296875,0.0496673583984375,0.4848377938866073,0.5954687026267191,10,0.532394366197183,Bilateral,2.0,"Bilateral pulmonary infection, two infected areas, middle left lung and middle right lung."
Train,Morozov_study_0289_32.png,Morozov_study_0289_32.png,512,512,76,0.0002899169921875,0.000461578369140625,0.35613863425687503,0.6617571325574209,1,1.0,Unilateral,1.0,"Unilateral pulmonary infection, one infected areas, middle left lung."
Train,Morozov_study_0289_34.png,Morozov_study_0289_34.png,512,512,48,0.00018310546875,0.000453948974609375,0.6084067188519243,0.5763617090671885,2,0.9791666666666666,Unknown,,"No pulmonary infection, zero infected areas."
Train,Morozov_study_0289_9.png,Morozov_study_0289_9.png,512,512,381,0.001453399658203125,0.00308990478515625,0.7041876614738226,0.6770061276587003,4,0.8713910761154856,Unilateral,1.0,"Unilateral pulmonary infection, one infected areas, left lung and middle right lung."
Train,Morozov_study_0290_10.png,Morozov_study_0290_10.png,512,512,609,0.002323150634765625,0.004100799560546875,0.7726085238063104,0.7254393490981654,4,0.9885057471264368,Unilateral,1.0,"Unilateral pulmonary infection, one infected areas, left lung and lower right lung."
Train,Morozov_study_0290_11.png,Morozov_study_0290_11.png,512,512,1389,0.005298614501953125,0.04601287841796875,0.561097186589065,0.7106042866864193,3,0.6285097192224622,Bilateral,2.0,"Bilateral pulmonary infection, two infected areas, lower left lung and lower right lung."
Train,Morozov_study_0290_12.png,Morozov_study_0290_12.png,512,512,1951,0.007442474365234375,0.0688323974609375,0.7177301820231684,0.7087799823664116,7,0.8841619682214249,Bilateral,2.0,"Bilateral pulmonary infection, two infected areas, lower left lung and lower right lung."
Train,Morozov_study_0290_13.png,Morozov_study_0290_13.png,512,512,2141,0.008167266845703125,0.0160675048828125,0.7847403823039328,0.7087649478863416,1,1.0,Unilateral,1.0,"Unilateral pulmonary infection, one infected areas, left lung and middle right lung."
Train,Morozov_study_0290_14.png,Morozov_study_0290_14.png,512,512,3539,0.013500213623046875,0.02132415771484375,0.7866330389525936,0.7030323004110197,1,1.0,Unilateral,1.0,"Unilateral pulmonary infection, one infected areas, left lung and middle right lung."
Train,Morozov_study_0290_15.png,Morozov_study_0290_15.png,512,512,3019,0.011516571044921875,0.0214691162109375,0.793487948796565,0.7046254348681443,4,0.9947002318648559,Unilateral,1.0,"Unilateral pulmonary infection, one infected areas, left lung and middle right lung."
Train,Morozov_study_0290_16.png,Morozov_study_0290_16.png,512,512,2170,0.00827789306640625,0.2203826904296875,0.7705664324943411,0.6964324041591891,2,0.9451612903225807,Bilateral,2.0,"Bilateral pulmonary infection, two infected areas, middle left lung and middle right lung."
Train,Morozov_study_0290_17.png,Morozov_study_0290_17.png,512,512,1401,0.005344390869140625,0.01751708984375,0.8041488397300782,0.7045177403336448,3,0.6837972876516774,Unilateral,2.0,"Unilateral pulmonary infection, two infected areas, left lung and middle right lung."
Train,Morozov_study_0290_18.png,Morozov_study_0290_18.png,512,512,1101,0.004199981689453125,0.0076904296875,0.7925369393772962,0.7217473529667924,1,1.0,Unilateral,1.0,"Unilateral pulmonary infection, one infected areas, left lung and lower right lung."
Train,Morozov_study_0290_20.png,Morozov_study_0290_20.png,512,512,412,0.0015716552734375,0.0206451416015625,0.7839995820112857,0.7041399882203181,12,0.529126213592233,Unilateral,2.0,"Unilateral pulmonary infection, two infected areas, left lung and middle right lung."
Train,Morozov_study_0290_26.png,Morozov_study_0290_26.png,512,512,198,0.00075531005859375,0.00130462646484375,0.8838581509814386,0.5498725019272964,4,0.9090909090909091,Unilateral,1.0,"Unilateral pulmonary infection, one infected areas, left lung and middle right lung."
Train,Morozov_study_0290_8.png,Morozov_study_0290_8.png,512,512,216,0.000823974609375,0.00116729736328125,0.7411665579473798,0.7215517866202799,1,1.0,Unilateral,1.0,"Unilateral pulmonary infection, one infected areas, left lung and lower right lung."
Train,Morozov_study_0290_9.png,Morozov_study_0290_9.png,512,512,208,0.00079345703125,0.0012359619140625,0.7379854734306789,0.7265166340508806,2,0.9951923076923077,Unilateral,1.0,"Unilateral pulmonary infection, one infected areas, left lung and lower right lung."
Train,Morozov_study_0291_15.png,Morozov_study_0291_15.png,512,512,351,0.001338958740234375,0.004638671875,0.7857895529128406,0.6641800614403354,7,0.8319088319088319,Unilateral,1.0,"Unilateral pulmonary infection, one infected areas, left lung and middle right lung."
Train,Morozov_study_0291_16.png,Morozov_study_0291_16.png,512,512,1542,0.00588226318359375,0.01806640625,0.7814564661747647,0.6455603188986271,9,0.9701686121919585,Unilateral,1.0,"Unilateral pulmonary infection, one infected areas, left lung and middle right lung."
Train,Morozov_study_0291_17.png,Morozov_study_0291_17.png,512,512,2515,0.009593963623046875,0.02095794677734375,0.7757035088879638,0.6380565919551185,2,0.9984095427435388,Unilateral,1.0,"Unilateral pulmonary infection, one infected areas, left lung and middle right lung."
Train,Morozov_study_0291_18.png,Morozov_study_0291_18.png,512,512,3199,0.012203216552734375,0.024993896484375,0.7679234398714373,0.6328463701658237,5,0.9981244138793373,Unilateral,1.0,"Unilateral pulmonary infection, one infected areas, left lung and middle right lung."
Train,Morozov_study_0291_19.png,Morozov_study_0291_19.png,512,512,3272,0.012481689453125,0.0299224853515625,0.7706095483710449,0.6195645672945803,7,0.9816625916870416,Unilateral,1.0,"Unilateral pulmonary infection, one infected areas, left lung and middle right lung."
Train,Morozov_study_0291_20.png,Morozov_study_0291_20.png,512,512,3595,0.013713836669921875,0.034694671630859375,0.7662795413286011,0.6282192325174397,7,0.9974965229485396,Unilateral,1.0,"Unilateral pulmonary infection, one infected areas, left lung and middle right lung."
Train,Morozov_study_0291_21.png,Morozov_study_0291_21.png,512,512,3747,0.014293670654296875,0.03558349609375,0.7602695333043995,0.6290464857208664,4,0.9967974379503602,Unilateral,1.0,"Unilateral pulmonary infection, one infected areas, left lung and middle right lung."
Train,Morozov_study_0291_22.png,Morozov_study_0291_22.png,512,512,3709,0.014148712158203125,0.034912109375,0.7610909940858936,0.6298731756836256,6,0.9892154219466164,Unilateral,1.0,"Unilateral pulmonary infection, one infected areas, left lung and middle right lung."
Train,Morozov_study_0291_23.png,Morozov_study_0291_23.png,512,512,2322,0.00885772705078125,0.03621673583984375,0.7507707270370538,0.6497806230205083,10,0.8617571059431525,Unilateral,2.0,"Unilateral pulmonary infection, two infected areas, left lung and middle right lung."
Train,Morozov_study_0291_24.png,Morozov_study_0291_24.png,512,512,1659,0.006328582763671875,0.01628875732421875,0.7442886986596268,0.660763976129727,8,0.9861362266425557,Unilateral,1.0,"Unilateral pulmonary infection, one infected areas, left lung and middle right lung."
Train,Morozov_study_0291_25.png,Morozov_study_0291_25.png,512,512,1390,0.00530242919921875,0.012359619140625,0.7544707091469681,0.6537991524588549,2,0.8115107913669065,Unilateral,2.0,"Unilateral pulmonary infection, two infected areas, left lung and middle right lung."
Train,Morozov_study_0291_26.png,Morozov_study_0291_26.png,512,512,906,0.00345611572265625,0.009918212890625,0.7619566015646937,0.6559380170466081,1,1.0,Unilateral,1.0,"Unilateral pulmonary infection, one infected areas, left lung and middle right lung."
Train,Morozov_study_0291_27.png,Morozov_study_0291_27.png,512,512,122,0.00046539306640625,0.00287628173828125,0.7823778512078534,0.644525360110359,1,1.0,Unilateral,1.0,"Unilateral pulmonary infection, one infected areas, left lung and middle right lung."
Train,Morozov_study_0292_10.png,Morozov_study_0292_10.png,512,512,392,0.001495361328125,0.005794525146484375,0.15926654419106193,0.5792313990175326,3,0.9872448979591837,Unilateral,1.0,"Unilateral pulmonary infection, one infected areas, middle left lung."
Train,Morozov_study_0292_11.png,Morozov_study_0292_11.png,512,512,727,0.002773284912109375,0.0080413818359375,0.14771317130420972,0.5486370011063346,2,0.9559834938101788,Unilateral,1.0,"Unilateral pulmonary infection, one infected areas, middle left lung."
Train,Morozov_study_0292_12.png,Morozov_study_0292_12.png,512,512,359,0.001369476318359375,0.0047607421875,0.15180785940506625,0.5602701568283283,6,0.9052924791086351,Unilateral,1.0,"Unilateral pulmonary infection, one infected areas, middle left lung."
Train,Morozov_study_0292_14.png,Morozov_study_0292_14.png,512,512,40,0.000152587890625,0.000213623046875,0.12133072407045009,0.47338551859099803,1,1.0,Unknown,,"No pulmonary infection, zero infected areas."
Train,Morozov_study_0292_15.png,Morozov_study_0292_15.png,512,512,141,0.000537872314453125,0.03173828125,0.6674438939084815,0.623155820182926,6,0.6524822695035462,Unilateral,1.0,"Unilateral pulmonary infection, one infected areas, left lung and lower right lung."
Train,Morozov_study_0292_16.png,Morozov_study_0292_16.png,512,512,744,0.002838134765625,0.15298080444335938,0.6500220945647371,0.6305630957641563,15,0.6048387096774194,Unilateral,3.0,"Unilateral pulmonary infection, three infected areas, left lung and middle right lung."
Train,Morozov_study_0292_17.png,Morozov_study_0292_17.png,512,512,1087,0.004146575927734375,0.059223175048828125,0.7097399078596544,0.6473174341128116,13,0.41674333026678934,Unilateral,3.0,"Unilateral pulmonary infection, three infected areas, left lung and middle right lung."
Train,Morozov_study_0292_18.png,Morozov_study_0292_18.png,512,512,2012,0.0076751708984375,0.1491546630859375,0.6886148860263079,0.6294269607404497,12,0.6669980119284294,Unilateral,3.0,"Unilateral pulmonary infection, three infected areas, left lung and middle right lung."
Train,Morozov_study_0292_19.png,Morozov_study_0292_19.png,512,512,2809,0.010715484619140625,0.0251312255859375,0.6922890429769004,0.6493497626792272,8,0.9722321110715557,Unilateral,1.0,"Unilateral pulmonary infection, one infected areas, left lung and middle right lung."
Train,Morozov_study_0292_20.png,Morozov_study_0292_20.png,512,512,3477,0.013263702392578125,0.02684783935546875,0.6972641574743056,0.6551236613879184,10,0.9905090595340811,Unilateral,1.0,"Unilateral pulmonary infection, one infected areas, left lung and middle right lung."
Train,Morozov_study_0292_21.png,Morozov_study_0292_21.png,512,512,2595,0.009899139404296875,0.0525665283203125,0.679627011149697,0.6157558755547511,35,0.644315992292871,Unilateral,6.0,"Unilateral pulmonary infection, six infected areas, left lung and middle right lung."
Train,Morozov_study_0292_22.png,Morozov_study_0292_22.png,512,512,1487,0.005672454833984375,0.03778839111328125,0.6934646913827207,0.5802802369393188,21,0.6577000672494956,Unilateral,3.0,"Unilateral pulmonary infection, three infected areas, left lung and middle right lung."
Train,Morozov_study_0292_23.png,Morozov_study_0292_23.png,512,512,1254,0.00478363037109375,0.0281524658203125,0.7015015746090006,0.5739161103256273,10,0.7966507177033493,Unilateral,2.0,"Unilateral pulmonary infection, two infected areas, left lung and middle right lung."
Train,Morozov_study_0292_24.png,Morozov_study_0292_24.png,512,512,541,0.002063751220703125,0.011260986328125,0.6450546389776127,0.5556680930797863,9,0.3512014787430684,Unilateral,3.0,"Unilateral pulmonary infection, three infected areas, left lung and middle right lung."
Train,Morozov_study_0292_25.png,Morozov_study_0292_25.png,512,512,350,0.00133514404296875,0.0181427001953125,0.6266927592954991,0.5837852949398937,8,0.82,Unilateral,1.0,"Unilateral pulmonary infection, one infected areas, left lung and middle right lung."
Train,Morozov_study_0292_26.png,Morozov_study_0292_26.png,512,512,243,0.000926971435546875,0.008758544921875,0.610253436737455,0.5704782843291214,5,0.6707818930041153,Unilateral,2.0,"Unilateral pulmonary infection, two infected areas, left lung and middle right lung."
Train,Morozov_study_0292_29.png,Morozov_study_0292_29.png,512,512,14,5.340576171875e-05,9.1552734375e-05,0.2523064020128599,0.5838691641039977,1,1.0,Unknown,,"No pulmonary infection, zero infected areas."
Train,Morozov_study_0293_10.png,Morozov_study_0293_10.png,512,512,703,0.002681732177734375,0.005645751953125,0.7774842511684616,0.7508079714280147,1,1.0,Unilateral,1.0,"Unilateral pulmonary infection, one infected areas, left lung and lower right lung."
Train,Morozov_study_0293_11.png,Morozov_study_0293_11.png,512,512,1018,0.00388336181640625,0.1725006103515625,0.6529763666911444,0.7020615227278844,6,0.7809430255402751,Bilateral,3.0,"Bilateral pulmonary infection, three infected areas, middle left lung and lower right lung."
Train,Morozov_study_0293_12.png,Morozov_study_0293_12.png,512,512,190,0.00072479248046875,0.0012969970703125,0.7946544443300031,0.7440519105984138,1,1.0,Unilateral,1.0,"Unilateral pulmonary infection, one infected areas, left lung and lower right lung."
Train,Morozov_study_0293_13.png,Morozov_study_0293_13.png,512,512,746,0.00284576416015625,0.00753021240234375,0.21999129079815113,0.5587897357334355,7,0.9718498659517426,Unilateral,1.0,"Unilateral pulmonary infection, one infected areas, middle left lung."
Train,Morozov_study_0293_14.png,Morozov_study_0293_14.png,512,512,559,0.002132415771484375,0.0048675537109375,0.22842719561419786,0.5631456787876029,4,0.9731663685152058,Unilateral,1.0,"Unilateral pulmonary infection, one infected areas, middle left lung."
Train,Morozov_study_0293_15.png,Morozov_study_0293_15.png,512,512,267,0.001018524169921875,0.0031585693359375,0.23059727200099678,0.5557583353489156,7,0.6217228464419475,Unilateral,1.0,"Unilateral pulmonary infection, one infected areas, middle left lung."
Train,Morozov_study_0293_16.png,Morozov_study_0293_16.png,512,512,155,0.000591278076171875,0.001430511474609375,0.3798371314942238,0.42112240388864336,3,0.9096774193548387,Unilateral,1.0,"Unilateral pulmonary infection, one infected areas, middle left lung."
Train,Morozov_study_0293_17.png,Morozov_study_0293_17.png,512,512,897,0.003421783447265625,0.01517486572265625,0.30855624423224187,0.4926794468188155,12,0.5384615384615384,Unilateral,2.0,"Unilateral pulmonary infection, two infected areas, middle left lung."
Train,Morozov_study_0293_18.png,Morozov_study_0293_18.png,512,512,139,0.000530242919921875,0.0017852783203125,0.3052415210688592,0.5182390291289474,8,0.5539568345323741,Unilateral,1.0,"Unilateral pulmonary infection, one infected areas, middle left lung."
Train,Morozov_study_0293_23.png,Morozov_study_0293_23.png,512,512,249,0.000949859619140625,0.0017547607421875,0.44930406557737795,0.427706913760718,1,1.0,Unilateral,1.0,"Unilateral pulmonary infection, one infected areas, middle left lung."
Train,Morozov_study_0293_26.png,Morozov_study_0293_26.png,512,512,209,0.000797271728515625,0.001922607421875,0.4292736823378496,0.7139299057107276,5,0.8708133971291866,Unilateral,1.0,"Unilateral pulmonary infection, one infected areas, lower left lung."
Train,Morozov_study_0293_27.png,Morozov_study_0293_27.png,512,512,261,0.000995635986328125,0.01326751708984375,0.40098672125124657,0.7025890186022449,14,0.44061302681992337,Unilateral,2.0,"Unilateral pulmonary infection, two infected areas, lower left lung."
Train,Morozov_study_0293_9.png,Morozov_study_0293_9.png,512,512,152,0.000579833984375,0.0025787353515625,0.7713719229580801,0.7586388917499227,3,0.9342105263157895,Unilateral,1.0,"Unilateral pulmonary infection, one infected areas, left lung and lower right lung."
Train,Morozov_study_0294_13.png,Morozov_study_0294_13.png,512,512,31,0.000118255615234375,0.0003814697265625,0.31386907392210084,0.7045641058014015,2,0.9354838709677419,Unknown,,"No pulmonary infection, zero infected areas."
Train,Morozov_study_0294_18.png,Morozov_study_0294_18.png,512,512,35,0.000133514404296875,0.000213623046875,0.2668716801789209,0.6899077439194856,1,1.0,Unknown,,"No pulmonary infection, zero infected areas."
Train,Morozov_study_0294_20.png,Morozov_study_0294_20.png,512,512,276,0.0010528564453125,0.00164794921875,0.7521129357043592,0.6369579398167844,1,1.0,Unilateral,1.0,"Unilateral pulmonary infection, one infected areas, left lung and middle right lung."
Train,Morozov_study_0294_21.png,Morozov_study_0294_21.png,512,512,146,0.00055694580078125,0.00144195556640625,0.7329437310672064,0.3747821891000724,3,0.9863013698630136,Unilateral,1.0,"Unilateral pulmonary infection, one infected areas, left lung and middle right lung."
Train,Morozov_study_0294_23.png,Morozov_study_0294_23.png,512,512,117,0.000446319580078125,0.00091552734375,0.38806094970478533,0.38501680967434393,4,0.9743589743589743,Unilateral,1.0,"Unilateral pulmonary infection, one infected areas, middle left lung."
Train,Morozov_study_0294_27.png,Morozov_study_0294_27.png,512,512,123,0.000469207763671875,0.0025634765625,0.3328401190078437,0.7519291044182458,7,0.5203252032520326,Unilateral,1.0,"Unilateral pulmonary infection, one infected areas, lower left lung."
Train,Morozov_study_0294_28.png,Morozov_study_0294_28.png,512,512,400,0.00152587890625,0.0031890869140625,0.34659980430528375,0.745807240704501,6,0.95,Unilateral,1.0,"Unilateral pulmonary infection, one infected areas, lower left lung."
Train,Morozov_study_0294_29.png,Morozov_study_0294_29.png,512,512,156,0.0005950927734375,0.05002593994140625,0.43412865673139645,0.7045762456721361,7,0.6410256410256411,Unilateral,1.0,"Unilateral pulmonary infection, one infected areas, lower left lung."
Train,Morozov_study_0294_30.png,Morozov_study_0294_30.png,512,512,267,0.001018524169921875,0.021026611328125,0.4994393016557092,0.7235427340091032,7,0.4606741573033708,Bilateral,2.0,"Bilateral pulmonary infection, two infected areas, lower left lung and lower right lung."
Train,Morozov_study_0294_31.png,Morozov_study_0294_31.png,512,512,274,0.00104522705078125,0.0124664306640625,0.6406145099775736,0.7056580056280086,4,0.7481751824817519,Unilateral,2.0,"Unilateral pulmonary infection, two infected areas, left lung and lower right lung."
Train,Morozov_study_0294_32.png,Morozov_study_0294_32.png,512,512,434,0.00165557861328125,0.07153701782226562,0.6888138375102583,0.5674831134398082,4,0.7211981566820277,Bilateral,2.0,"Bilateral pulmonary infection, two infected areas, middle left lung and middle right lung."
Train,Morozov_study_0294_34.png,Morozov_study_0294_34.png,512,512,112,0.00042724609375,0.0524139404296875,0.511829046687168,0.46049412915851273,4,0.6696428571428571,Unilateral,1.0,"Unilateral pulmonary infection, one infected areas, left lung and middle right lung."
Train,Morozov_study_0294_35.png,Morozov_study_0294_35.png,512,512,111,0.000423431396484375,0.000743865966796875,0.571992736376298,0.7054882671321028,2,0.9819819819819819,Unilateral,1.0,"Unilateral pulmonary infection, one infected areas, left lung and lower right lung."
Train,Morozov_study_0294_37.png,Morozov_study_0294_37.png,512,512,131,0.000499725341796875,0.0014495849609375,0.6001105451068851,0.6446871125319311,2,0.8854961832061069,Unilateral,1.0,"Unilateral pulmonary infection, one infected areas, left lung and middle right lung."
Train,Morozov_study_0295_10.png,Morozov_study_0295_10.png,512,512,367,0.001399993896484375,0.002193450927734375,0.6292571599204423,0.6974676997072577,2,0.997275204359673,Unilateral,1.0,"Unilateral pulmonary infection, one infected areas, left lung and lower right lung."
Train,Morozov_study_0295_11.png,Morozov_study_0295_11.png,512,512,1056,0.0040283203125,0.0116729736328125,0.31878780466109236,0.6922329953151871,21,0.7518939393939394,Unilateral,2.0,"Unilateral pulmonary infection, two infected areas, middle left lung."
Validation,bjorke_90.png,bjorke_90.png,512,512,1415,0.005397796630859375,0.008327484130859375,0.2516205320406879,0.5246015226846826,1,1.0,Unilateral,1.0,"Unilateral pulmonary infection, one infected areas, middle left lung."
Validation,bjorke_91.png,bjorke_91.png,512,512,18629,0.07106399536132812,0.281097412109375,0.5384002952281016,0.674327603396804,12,0.44436094261635084,Bilateral,9.0,"Bilateral pulmonary infection, nine infected areas, middle left lung and middle right lung."
Validation,bjorke_92.png,bjorke_92.png,512,512,9114,0.03476715087890625,0.4061012268066406,0.33858127557569334,0.340522762984368,5,0.6675444371296906,Bilateral,5.0,"Bilateral pulmonary infection, five infected areas, upper left lung and upper right lung."
Validation,bjorke_93.png,bjorke_93.png,512,512,13404,0.0511322021484375,0.28143310546875,0.48884814592250114,0.5414978208450204,23,0.30207400775887794,Bilateral,9.0,"Bilateral pulmonary infection, nine infected areas, middle left lung and middle right lung."
Validation,bjorke_94.png,bjorke_94.png,512,512,9260,0.0353240966796875,0.5211105346679688,0.3119496350272409,0.41367918746539417,10,0.6225701943844493,Bilateral,9.0,"Bilateral pulmonary infection, nine infected areas, upper left lung and all right lung.."
Validation,bjorke_95.png,bjorke_95.png,512,512,10823,0.041286468505859375,0.29918670654296875,0.6370690236582128,0.7224794699553553,3,0.554467338076319,Bilateral,3.0,"Bilateral pulmonary infection, three infected areas, lower left lung and middle right lung."
Validation,bjorke_96.png,bjorke_96.png,512,512,9485,0.036182403564453125,0.14590072631835938,0.5229788098831506,0.5202430039396844,8,0.5205060622034792,Bilateral,8.0,"Bilateral pulmonary infection, eight infected areas, middle left lung and middle right lung."
Validation,bjorke_97.png,bjorke_97.png,512,512,53372,0.2035980224609375,0.52801513671875,0.470793557254161,0.5387266320958402,2,0.6083152214644383,Bilateral,2.0,"Bilateral pulmonary infection, two infected areas, all left lung and all right lung.."
Validation,bjorke_98.png,bjorke_98.png,512,512,7532,0.0287322998046875,0.17300796508789062,0.7140848751783648,0.448563104011274,3,0.5232342007434945,Unilateral,3.0,"Unilateral pulmonary infection, three infected areas, left lung and all right lung.."
Validation,bjorke_99.png,bjorke_99.png,512,512,49306,0.18808746337890625,0.4344940185546875,0.5131328911832438,0.5201150481402017,3,0.5346610960126557,Bilateral,3.0,"Bilateral pulmonary infection, three infected areas, all left lung and all right lung.."
Validation,Jun_coronacases_case8_76.png,Jun_coronacases_case8_76.png,512,512,2895,0.011043548583984375,0.046875,0.48452592194518523,0.542867282479746,2,0.5830742659758203,Bilateral,2.0,"Bilateral pulmonary infection, two infected areas, middle left lung and middle right lung."
Validation,Jun_coronacases_case8_77.png,Jun_coronacases_case8_77.png,512,512,3093,0.011798858642578125,0.045360565185546875,0.4856019178461813,0.5424027363094368,2,0.588748787584869,Bilateral,2.0,"Bilateral pulmonary infection, two infected areas, middle left lung and middle right lung."
Validation,Jun_coronacases_case8_78.png,Jun_coronacases_case8_78.png,512,512,3161,0.012058258056640625,0.09500503540039062,0.47029631560276886,0.5340026534247194,3,0.5586839607719076,Bilateral,3.0,"Bilateral pulmonary infection, three infected areas, middle left lung and middle right lung."
Validation,Jun_coronacases_case8_79.png,Jun_coronacases_case8_79.png,512,512,3358,0.01280975341796875,0.09500503540039062,0.4554710018660348,0.5316683936132891,3,0.5854675402025015,Bilateral,3.0,"Bilateral pulmonary infection, three infected areas, middle left lung and middle right lung."
Validation,Jun_coronacases_case8_80.png,Jun_coronacases_case8_80.png,512,512,3273,0.012485504150390625,0.09657669067382812,0.4321935446453609,0.5310884345199979,3,0.6321417659639474,Bilateral,3.0,"Bilateral pulmonary infection, three infected areas, middle left lung and middle right lung."
Validation,Jun_coronacases_case8_81.png,Jun_coronacases_case8_81.png,512,512,3264,0.012451171875,0.097015380859375,0.4218672057864241,0.5317560243275392,3,0.6608455882352942,Bilateral,3.0,"Bilateral pulmonary infection, three infected areas, middle left lung and middle right lung."
Validation,Jun_coronacases_case8_82.png,Jun_coronacases_case8_82.png,512,512,3103,0.011837005615234375,0.09784698486328125,0.4269052170331975,0.5296610249660546,3,0.6567837576538833,Bilateral,3.0,"Bilateral pulmonary infection, three infected areas, middle left lung and middle right lung."
Validation,Jun_coronacases_case8_83.png,Jun_coronacases_case8_83.png,512,512,3080,0.011749267578125,0.09928131103515625,0.42847167509594125,0.5310138002897298,3,0.6568181818181819,Bilateral,3.0,"Bilateral pulmonary infection, three infected areas, middle left lung and middle right lung."
Validation,Jun_coronacases_case8_84.png,Jun_coronacases_case8_84.png,512,512,3109,0.011859893798828125,0.10473251342773438,0.417853224556697,0.5295987471509708,3,0.6593760051463493,Bilateral,3.0,"Bilateral pulmonary infection, three infected areas, middle left lung and middle right lung."
Validation,Jun_coronacases_case8_85.png,Jun_coronacases_case8_85.png,512,512,3204,0.0122222900390625,0.10363006591796875,0.427384067371754,0.5287880120495173,3,0.6598002496878901,Bilateral,3.0,"Bilateral pulmonary infection, three infected areas, middle left lung and middle right lung."
Validation,Jun_coronacases_case8_86.png,Jun_coronacases_case8_86.png,512,512,2971,0.011333465576171875,0.10255813598632812,0.4057987815682056,0.5312126814918643,3,0.7128912823964995,Bilateral,3.0,"Bilateral pulmonary infection, three infected areas, middle left lung and middle right lung."
Validation,Jun_coronacases_case8_87.png,Jun_coronacases_case8_87.png,512,512,2798,0.01067352294921875,0.22857666015625,0.4042096045679819,0.5264145902370858,4,0.6779842744817727,Bilateral,3.0,"Bilateral pulmonary infection, three infected areas, middle left lung and middle right lung."
Validation,Jun_coronacases_case8_88.png,Jun_coronacases_case8_88.png,512,512,3515,0.013408660888671875,0.2329254150390625,0.44383004902110884,0.5268307755690597,4,0.5780938833570413,Bilateral,4.0,"Bilateral pulmonary infection, four infected areas, upper left lung and middle right lung."
Validation,Jun_coronacases_case8_89.png,Jun_coronacases_case8_89.png,512,512,3518,0.01342010498046875,0.23102569580078125,0.4448266616528472,0.5262491252702067,4,0.5926662876634451,Bilateral,4.0,"Bilateral pulmonary infection, four infected areas, upper left lung and middle right lung."
Validation,Jun_coronacases_case8_90.png,Jun_coronacases_case8_90.png,512,512,3681,0.014041900634765625,0.228057861328125,0.4134815105441759,0.5219025503046001,5,0.6536267318663407,Bilateral,5.0,"Bilateral pulmonary infection, five infected areas, upper left lung and middle right lung."
Validation,Jun_coronacases_case8_91.png,Jun_coronacases_case8_91.png,512,512,4067,0.015514373779296875,0.2223968505859375,0.4171275942060506,0.5044790367989791,7,0.5933120236046225,Bilateral,6.0,"Bilateral pulmonary infection, six infected areas, upper left lung and middle right lung."
Validation,Jun_coronacases_case8_92.png,Jun_coronacases_case8_92.png,512,512,3759,0.014339447021484375,0.2223968505859375,0.40111898436576743,0.5028651393212065,6,0.610268688480979,Bilateral,5.0,"Bilateral pulmonary infection, five infected areas, upper left lung and middle right lung."
Validation,Jun_coronacases_case8_93.png,Jun_coronacases_case8_93.png,512,512,4380,0.0167083740234375,0.21959686279296875,0.3973639296213888,0.49877400387815096,6,0.6321917808219178,Bilateral,6.0,"Bilateral pulmonary infection, six infected areas, upper left lung and middle right lung."
Validation,Jun_coronacases_case8_94.png,Jun_coronacases_case8_94.png,512,512,4399,0.016780853271484375,0.22100830078125,0.40519393973634815,0.49895257283611427,6,0.6269606728802001,Bilateral,6.0,"Bilateral pulmonary infection, six infected areas, upper left lung and middle right lung."
Validation,Jun_coronacases_case8_95.png,Jun_coronacases_case8_95.png,512,512,4445,0.016956329345703125,0.22100830078125,0.4042167918834021,0.5067555400976053,6,0.6474690663667042,Bilateral,5.0,"Bilateral pulmonary infection, five infected areas, upper left lung and middle right lung."
Validation,Jun_coronacases_case8_96.png,Jun_coronacases_case8_96.png,512,512,4399,0.016780853271484375,0.191619873046875,0.4130510892664184,0.5160343771422876,4,0.6571948170038645,Bilateral,4.0,"Bilateral pulmonary infection, four infected areas, upper left lung and middle right lung."
Validation,Jun_coronacases_case8_97.png,Jun_coronacases_case8_97.png,512,512,4887,0.018642425537109375,0.1956939697265625,0.46075193702530415,0.5027516190764506,4,0.6038469408635154,Bilateral,4.0,"Bilateral pulmonary infection, four infected areas, upper left lung and middle right lung."
Validation,Jun_coronacases_case8_98.png,Jun_coronacases_case8_98.png,512,512,4871,0.018581390380859375,0.20656585693359375,0.4462872039921561,0.4933495535099099,5,0.596386778895504,Bilateral,5.0,"Bilateral pulmonary infection, five infected areas, upper left lung and middle right lung."
Validation,Jun_coronacases_case8_99.png,Jun_coronacases_case8_99.png,512,512,5148,0.0196380615234375,0.208740234375,0.46569108212943827,0.4928020989664825,4,0.5646853146853147,Bilateral,4.0,"Bilateral pulmonary infection, four infected areas, upper left lung and middle right lung."
Validation,Jun_coronacases_case9_100.png,Jun_coronacases_case9_100.png,512,512,1297,0.004947662353515625,0.16489028930664062,0.42832247230172893,0.5576228146543205,2,0.8673862760215882,Bilateral,2.0,"Bilateral pulmonary infection, two infected areas, middle left lung and upper right lung."
Validation,Jun_coronacases_case9_101.png,Jun_coronacases_case9_101.png,512,512,1682,0.00641632080078125,0.17043304443359375,0.4364469192625497,0.5467189139757674,2,0.8382877526753865,Bilateral,2.0,"Bilateral pulmonary infection, two infected areas, middle left lung and upper right lung."
Validation,Jun_coronacases_case9_102.png,Jun_coronacases_case9_102.png,512,512,1415,0.005397796630859375,0.014659881591796875,0.37345881767199357,0.5898791948165102,1,1.0,Unilateral,1.0,"Unilateral pulmonary infection, one infected areas, middle left lung."
Validation,Jun_coronacases_case9_103.png,Jun_coronacases_case9_103.png,512,512,1427,0.005443572998046875,0.014404296875,0.36539919939330523,0.5928836788961008,1,1.0,Unilateral,1.0,"Unilateral pulmonary infection, one infected areas, middle left lung."
Validation,Jun_coronacases_case9_104.png,Jun_coronacases_case9_104.png,512,512,1345,0.005130767822265625,0.012523651123046875,0.3593231436282819,0.5946704108134062,1,1.0,Unilateral,1.0,"Unilateral pulmonary infection, one infected areas, middle left lung."
Validation,Jun_coronacases_case9_105.png,Jun_coronacases_case9_105.png,512,512,1424,0.00543212890625,0.012523651123046875,0.3533196640207568,0.5945340156995536,1,1.0,Unilateral,1.0,"Unilateral pulmonary infection, one infected areas, middle left lung."
Validation,Jun_coronacases_case9_106.png,Jun_coronacases_case9_106.png,512,512,1589,0.006061553955078125,0.01318359375,0.3513489880895935,0.5938946696897334,1,1.0,Unilateral,1.0,"Unilateral pulmonary infection, one infected areas, middle left lung."
Validation,Jun_coronacases_case9_107.png,Jun_coronacases_case9_107.png,512,512,1687,0.006435394287109375,0.01316070556640625,0.3460560032573252,0.5919411361429696,1,1.0,Unilateral,1.0,"Unilateral pulmonary infection, one infected areas, middle left lung."
Validation,Jun_coronacases_case9_108.png,Jun_coronacases_case9_108.png,512,512,1805,0.006885528564453125,0.01434326171875,0.3429417089949098,0.5928519929961892,1,1.0,Unilateral,1.0,"Unilateral pulmonary infection, one infected areas, middle left lung."
Validation,Jun_coronacases_case9_109.png,Jun_coronacases_case9_109.png,512,512,1867,0.007122039794921875,0.014881134033203125,0.3401786303885489,0.5920671839771413,1,1.0,Unilateral,1.0,"Unilateral pulmonary infection, one infected areas, middle left lung."
Validation,Jun_coronacases_case9_110.png,Jun_coronacases_case9_110.png,512,512,2191,0.008358001708984375,0.01593017578125,0.3340654393842092,0.5878647839721471,1,1.0,Unilateral,1.0,"Unilateral pulmonary infection, one infected areas, middle left lung."
Validation,Jun_coronacases_case9_111.png,Jun_coronacases_case9_111.png,512,512,2119,0.008083343505859375,0.01476287841796875,0.32882253472219014,0.5852177069086053,1,1.0,Unilateral,1.0,"Unilateral pulmonary infection, one infected areas, middle left lung."
Validation,Jun_coronacases_case9_112.png,Jun_coronacases_case9_112.png,512,512,2889,0.011020660400390625,0.03631591796875,0.35151485593170395,0.5697229317764461,1,1.0,Unilateral,1.0,"Unilateral pulmonary infection, one infected areas, middle left lung."
Validation,Jun_coronacases_case9_113.png,Jun_coronacases_case9_113.png,512,512,3133,0.011951446533203125,0.035888671875,0.34779816897704696,0.5666002274880806,1,1.0,Unilateral,1.0,"Unilateral pulmonary infection, one infected areas, middle left lung."
Validation,Jun_coronacases_case9_114.png,Jun_coronacases_case9_114.png,512,512,3211,0.012248992919921875,0.038055419921875,0.3508658165637812,0.5666657118600993,1,1.0,Unilateral,1.0,"Unilateral pulmonary infection, one infected areas, middle left lung."
Validation,Jun_coronacases_case9_115.png,Jun_coronacases_case9_115.png,512,512,3730,0.01422882080078125,0.038585662841796875,0.3599717737915982,0.5620750985031715,2,0.9983914209115281,Unilateral,1.0,"Unilateral pulmonary infection, one infected areas, middle left lung."
Validation,Jun_coronacases_case9_116.png,Jun_coronacases_case9_116.png,512,512,4000,0.0152587890625,0.041656494140625,0.36224021526418787,0.5612979452054794,1,1.0,Unilateral,1.0,"Unilateral pulmonary infection, one infected areas, middle left lung."
Validation,Jun_coronacases_case9_117.png,Jun_coronacases_case9_117.png,512,512,4227,0.016124725341796875,0.043636322021484375,0.3653245814693261,0.5562498466433056,1,1.0,Unilateral,1.0,"Unilateral pulmonary infection, one infected areas, middle left lung."
Validation,Jun_coronacases_case9_118.png,Jun_coronacases_case9_118.png,512,512,4318,0.01647186279296875,0.04470062255859375,0.36619022541602125,0.5564111093687826,1,1.0,Unilateral,1.0,"Unilateral pulmonary infection, one infected areas, middle left lung."
Validation,Jun_coronacases_case9_119.png,Jun_coronacases_case9_119.png,512,512,4440,0.016937255859375,0.04470062255859375,0.36463611360871634,0.5557989986072177,1,1.0,Unilateral,1.0,"Unilateral pulmonary infection, one infected areas, middle left lung."
Validation,Jun_coronacases_case9_120.png,Jun_coronacases_case9_120.png,512,512,5125,0.019550323486328125,0.0458984375,0.35455796859338456,0.5545503317264093,1,1.0,Unilateral,1.0,"Unilateral pulmonary infection, one infected areas, middle left lung."
Validation,Jun_coronacases_case9_121.png,Jun_coronacases_case9_121.png,512,512,5145,0.019626617431640625,0.0468292236328125,0.3594951875074883,0.5523828541760568,1,1.0,Unilateral,1.0,"Unilateral pulmonary infection, one infected areas, middle left lung."
Validation,Jun_coronacases_case9_122.png,Jun_coronacases_case9_122.png,512,512,4871,0.018581390380859375,0.045475006103515625,0.35930771236452325,0.551603985567364,1,1.0,Unilateral,1.0,"Unilateral pulmonary infection, one infected areas, middle left lung."
Validation,Jun_coronacases_case9_123.png,Jun_coronacases_case9_123.png,512,512,4873,0.018589019775390625,0.047027587890625,0.35840364836314004,0.5532216940423749,1,1.0,Unilateral,1.0,"Unilateral pulmonary infection, one infected areas, middle left lung."
Validation,Jun_coronacases_case9_124.png,Jun_coronacases_case9_124.png,512,512,5378,0.02051544189453125,0.04566192626953125,0.35863585718142843,0.5520177515266589,1,1.0,Unilateral,1.0,"Unilateral pulmonary infection, one infected areas, middle left lung."
Validation,Jun_coronacases_case9_125.png,Jun_coronacases_case9_125.png,512,512,4841,0.018466949462890625,0.0419158935546875,0.3583032407061179,0.5532084676266932,1,1.0,Unilateral,1.0,"Unilateral pulmonary infection, one infected areas, middle left lung."
Validation,Jun_coronacases_case9_126.png,Jun_coronacases_case9_126.png,512,512,4983,0.019008636474609375,0.0419158935546875,0.35870413417360714,0.5529057111203531,1,1.0,Unilateral,1.0,"Unilateral pulmonary infection, one infected areas, middle left lung."
Validation,Jun_coronacases_case9_127.png,Jun_coronacases_case9_127.png,512,512,5075,0.019359588623046875,0.043376922607421875,0.36021054052230245,0.5521263243133815,1,1.0,Unilateral,1.0,"Unilateral pulmonary infection, one infected areas, middle left lung."
Validation,Jun_coronacases_case9_128.png,Jun_coronacases_case9_128.png,512,512,4456,0.016998291015625,0.03973388671875,0.36144366135327993,0.5574572159352416,1,1.0,Unilateral,1.0,"Unilateral pulmonary infection, one infected areas, middle left lung."
Validation,Jun_coronacases_case9_129.png,Jun_coronacases_case9_129.png,512,512,4401,0.016788482666015625,0.037288665771484375,0.36832315729702064,0.5572706078630946,1,1.0,Unilateral,1.0,"Unilateral pulmonary infection, one infected areas, middle left lung."
Validation,Jun_coronacases_case9_130.png,Jun_coronacases_case9_130.png,512,512,4244,0.0161895751953125,0.0368499755859375,0.36847691964343354,0.5583911717889743,1,1.0,Unilateral,1.0,"Unilateral pulmonary infection, one infected areas, middle left lung."
Validation,Jun_coronacases_case9_131.png,Jun_coronacases_case9_131.png,512,512,3854,0.01470184326171875,0.03460693359375,0.37575670485438667,0.5607933201786945,1,1.0,Unilateral,1.0,"Unilateral pulmonary infection, one infected areas, middle left lung."
Validation,Jun_coronacases_case9_132.png,Jun_coronacases_case9_132.png,512,512,3672,0.014007568359375,0.0341949462890625,0.3793652925401515,0.5593127662023714,1,1.0,Unilateral,1.0,"Unilateral pulmonary infection, one infected areas, middle left lung."
Validation,Jun_coronacases_case9_133.png,Jun_coronacases_case9_133.png,512,512,3522,0.01343536376953125,0.036174774169921875,0.3805706595723165,0.5614682548943126,1,1.0,Unilateral,1.0,"Unilateral pulmonary infection, one infected areas, middle left lung."
Validation,Jun_coronacases_case9_134.png,Jun_coronacases_case9_134.png,512,512,2964,0.0113067626953125,0.032135009765625,0.38218042471827623,0.5577273003372499,1,1.0,Unilateral,1.0,"Unilateral pulmonary infection, one infected areas, middle left lung."
Validation,Jun_coronacases_case9_135.png,Jun_coronacases_case9_135.png,512,512,2877,0.010974884033203125,0.030437469482421875,0.3849547018087307,0.5604575596862083,1,1.0,Unilateral,1.0,"Unilateral pulmonary infection, one infected areas, middle left lung."
Validation,Jun_coronacases_case9_136.png,Jun_coronacases_case9_136.png,512,512,2883,0.010997772216796875,0.03034210205078125,0.38995786759959356,0.5575649956930872,1,1.0,Unilateral,1.0,"Unilateral pulmonary infection, one infected areas, middle left lung."
Validation,Jun_coronacases_case9_137.png,Jun_coronacases_case9_137.png,512,512,2650,0.01010894775390625,0.0291290283203125,0.3946172875973858,0.5572499353838201,1,1.0,Unilateral,1.0,"Unilateral pulmonary infection, one infected areas, middle left lung."
Validation,Jun_coronacases_case9_138.png,Jun_coronacases_case9_138.png,512,512,2471,0.009426116943359375,0.029506683349609375,0.39660056657223797,0.5583746013442825,1,1.0,Unilateral,1.0,"Unilateral pulmonary infection, one infected areas, middle left lung."
Validation,Jun_coronacases_case9_139.png,Jun_coronacases_case9_139.png,512,512,2270,0.00865936279296875,0.027545928955078125,0.3998318922041087,0.5559652404803572,1,1.0,Unilateral,1.0,"Unilateral pulmonary infection, one infected areas, middle left lung."
Validation,Jun_coronacases_case9_140.png,Jun_coronacases_case9_140.png,512,512,1921,0.007328033447265625,0.0265960693359375,0.4016906556537029,0.5579122908710096,1,1.0,Unilateral,1.0,"Unilateral pulmonary infection, one infected areas, middle left lung."
Validation,Jun_coronacases_case9_141.png,Jun_coronacases_case9_141.png,512,512,1948,0.0074310302734375,0.02471160888671875,0.4007160738898243,0.5601771298376176,1,1.0,Unilateral,1.0,"Unilateral pulmonary infection, one infected areas, middle left lung."
Validation,Jun_coronacases_case9_142.png,Jun_coronacases_case9_142.png,512,512,1906,0.00727081298828125,0.023204803466796875,0.4020078729647647,0.561896411168357,1,1.0,Unilateral,1.0,"Unilateral pulmonary infection, one infected areas, middle left lung."
Validation,Jun_coronacases_case9_143.png,Jun_coronacases_case9_143.png,512,512,1604,0.0061187744140625,0.02291107177734375,0.40376065706575054,0.56269429166809,1,1.0,Unilateral,1.0,"Unilateral pulmonary infection, one infected areas, middle left lung."
Validation,Jun_coronacases_case9_144.png,Jun_coronacases_case9_144.png,512,512,1491,0.005687713623046875,0.02291107177734375,0.4068940715394782,0.5617252110182295,2,0.9852448021462106,Unilateral,1.0,"Unilateral pulmonary infection, one infected areas, middle left lung."
Validation,Jun_coronacases_case9_145.png,Jun_coronacases_case9_145.png,512,512,1389,0.005298614501953125,0.022029876708984375,0.40860605906909053,0.5634528494080552,1,1.0,Unilateral,1.0,"Unilateral pulmonary infection, one infected areas, middle left lung."
Validation,Jun_coronacases_case9_146.png,Jun_coronacases_case9_146.png,512,512,1310,0.00499725341796875,0.0208282470703125,0.4114010845371297,0.5632168626103584,1,1.0,Unilateral,1.0,"Unilateral pulmonary infection, one infected areas, middle left lung."
Validation,Jun_coronacases_case9_147.png,Jun_coronacases_case9_147.png,512,512,1282,0.00489044189453125,0.0194549560546875,0.41564061779692324,0.5590381345195099,1,1.0,Unilateral,1.0,"Unilateral pulmonary infection, one infected areas, middle left lung."
Validation,Jun_coronacases_case9_148.png,Jun_coronacases_case9_148.png,512,512,1112,0.004241943359375,0.01778411865234375,0.41812323135620666,0.5546977290965662,1,1.0,Unilateral,1.0,"Unilateral pulmonary infection, one infected areas, middle left lung."
Validation,Jun_coronacases_case9_149.png,Jun_coronacases_case9_149.png,512,512,884,0.0033721923828125,0.0164794921875,0.4173920358448964,0.5579291779936421,1,1.0,Unilateral,1.0,"Unilateral pulmonary infection, one infected areas, middle left lung."
Validation,Jun_coronacases_case9_150.png,Jun_coronacases_case9_150.png,512,512,930,0.00354766845703125,0.01468658447265625,0.4178524083075564,0.5576668139637648,1,1.0,Unilateral,1.0,"Unilateral pulmonary infection, one infected areas, middle left lung."
Validation,Jun_coronacases_case9_151.png,Jun_coronacases_case9_151.png,512,512,831,0.003170013427734375,0.01468658447265625,0.42790969312901955,0.5461813626098281,1,1.0,Unilateral,1.0,"Unilateral pulmonary infection, one infected areas, middle left lung."
Validation,Jun_coronacases_case9_152.png,Jun_coronacases_case9_152.png,512,512,908,0.0034637451171875,0.0137481689453125,0.43045078752036686,0.5421950567687096,1,1.0,Unilateral,1.0,"Unilateral pulmonary infection, one infected areas, middle left lung."
Validation,Jun_coronacases_case9_153.png,Jun_coronacases_case9_153.png,512,512,775,0.002956390380859375,0.01584625244140625,0.42853355217473643,0.5457205984470678,1,1.0,Unilateral,1.0,"Unilateral pulmonary infection, one infected areas, middle left lung."
Validation,Jun_coronacases_case9_156.png,Jun_coronacases_case9_156.png,512,512,185,0.000705718994140625,0.0010986328125,0.24192098164700906,0.40795472576294495,1,1.0,Unilateral,1.0,"Unilateral pulmonary infection, one infected areas, middle left lung."
Validation,Jun_coronacases_case9_157.png,Jun_coronacases_case9_157.png,512,512,293,0.001117706298828125,0.020771026611328125,0.2753885508572497,0.35161598418412665,2,0.6075085324232082,Unilateral,2.0,"Unilateral pulmonary infection, two infected areas, upper left lung."
Validation,Jun_coronacases_case9_158.png,Jun_coronacases_case9_158.png,512,512,413,0.001575469970703125,0.02190399169921875,0.26722042427372616,0.3560222324360438,2,0.6658595641646489,Unilateral,2.0,"Unilateral pulmonary infection, two infected areas, upper left lung."
Validation,Jun_coronacases_case9_159.png,Jun_coronacases_case9_159.png,512,512,699,0.002666473388671875,0.023181915283203125,0.2753528244150856,0.3689391330640081,3,0.4220314735336195,Unilateral,3.0,"Unilateral pulmonary infection, three infected areas, upper left lung."
Validation,Jun_coronacases_case9_160.png,Jun_coronacases_case9_160.png,512,512,696,0.002655029296875,0.009521484375,0.27972816429358704,0.3893396990350226,2,0.6839080459770115,Unilateral,2.0,"Unilateral pulmonary infection, two infected areas, middle left lung."
Validation,Jun_coronacases_case9_161.png,Jun_coronacases_case9_161.png,512,512,1085,0.004138946533203125,0.03460693359375,0.29186649471984993,0.3521909691848458,4,0.6221198156682027,Unilateral,4.0,"Unilateral pulmonary infection, four infected areas, upper left lung."
Validation,Jun_coronacases_case9_162.png,Jun_coronacases_case9_162.png,512,512,1075,0.004100799560546875,0.03275299072265625,0.29376052427979793,0.3402157192918582,4,0.5702325581395349,Unilateral,4.0,"Unilateral pulmonary infection, four infected areas, upper left lung."
Validation,Jun_coronacases_case9_163.png,Jun_coronacases_case9_163.png,512,512,930,0.00354766845703125,0.03073883056640625,0.2945058182353808,0.34111693285356565,6,0.3010752688172043,Unilateral,6.0,"Unilateral pulmonary infection, six infected areas, upper left lung."
Validation,Jun_coronacases_case9_164.png,Jun_coronacases_case9_164.png,512,512,1454,0.00554656982421875,0.031826019287109375,0.3036996261073441,0.33242260368186016,5,0.48762035763411277,Unilateral,5.0,"Unilateral pulmonary infection, five infected areas, upper left lung."
Validation,Jun_coronacases_case9_165.png,Jun_coronacases_case9_165.png,512,512,1413,0.005390167236328125,0.0225830078125,0.3114939137973777,0.311207227270398,2,0.5406935598018401,Unilateral,2.0,"Unilateral pulmonary infection, two infected areas, upper left lung."
Validation,Jun_coronacases_case9_166.png,Jun_coronacases_case9_166.png,512,512,1216,0.004638671875,0.01988983154296875,0.31198340457307655,0.3126866824595736,4,0.5230263157894737,Unilateral,4.0,"Unilateral pulmonary infection, four infected areas, upper left lung."
Validation,Jun_coronacases_case9_167.png,Jun_coronacases_case9_167.png,512,512,1158,0.00441741943359375,0.0184478759765625,0.31116980825973656,0.31375203214936337,4,0.5474956822107081,Unilateral,4.0,"Unilateral pulmonary infection, four infected areas, upper left lung."
Validation,Jun_coronacases_case9_168.png,Jun_coronacases_case9_168.png,512,512,980,0.0037384033203125,0.0165252685546875,0.31474499780342663,0.31437557410439715,5,0.45408163265306123,Unilateral,4.0,"Unilateral pulmonary infection, four infected areas, upper left lung."
Validation,Jun_coronacases_case9_169.png,Jun_coronacases_case9_169.png,512,512,788,0.0030059814453125,0.0171051025390625,0.3124261177943119,0.3174401740391588,3,0.4302030456852792,Unilateral,3.0,"Unilateral pulmonary infection, three infected areas, upper left lung."
Validation,Jun_coronacases_case9_170.png,Jun_coronacases_case9_170.png,512,512,906,0.00345611572265625,0.015872955322265625,0.3235291576487258,0.3069642263146754,3,0.5838852097130243,Unilateral,3.0,"Unilateral pulmonary infection, three infected areas, upper left lung."
Validation,Jun_coronacases_case9_171.png,Jun_coronacases_case9_171.png,512,512,1069,0.004077911376953125,0.01522064208984375,0.3133678346718315,0.324075209744828,3,0.3938260056127222,Unilateral,3.0,"Unilateral pulmonary infection, three infected areas, upper left lung."
Validation,Jun_coronacases_case9_172.png,Jun_coronacases_case9_172.png,512,512,642,0.00244903564453125,0.006275177001953125,0.31495570959147967,0.327096707329712,3,0.7492211838006231,Unilateral,3.0,"Unilateral pulmonary infection, three infected areas, upper left lung."
Validation,Jun_coronacases_case9_173.png,Jun_coronacases_case9_173.png,512,512,1354,0.00516510009765625,0.01613616943359375,0.3246537764455249,0.3395635747672331,2,0.7429837518463811,Unilateral,2.0,"Unilateral pulmonary infection, two infected areas, upper left lung."
Validation,Jun_coronacases_case9_174.png,Jun_coronacases_case9_174.png,512,512,1414,0.00539398193359375,0.014926910400390625,0.3236574705835135,0.3415592467829394,1,1.0,Unilateral,1.0,"Unilateral pulmonary infection, one infected areas, upper left lung."
Validation,Jun_coronacases_case9_175.png,Jun_coronacases_case9_175.png,512,512,1836,0.0070037841796875,0.0184478759765625,0.3247477073020989,0.34712256287598753,1,1.0,Unilateral,1.0,"Unilateral pulmonary infection, one infected areas, upper left lung."
Validation,Jun_coronacases_case9_176.png,Jun_coronacases_case9_176.png,512,512,1703,0.006496429443359375,0.020351409912109375,0.31949834124883797,0.34848483107397676,2,0.6089254257193188,Unilateral,2.0,"Unilateral pulmonary infection, two infected areas, upper left lung."
Validation,Jun_coronacases_case9_177.png,Jun_coronacases_case9_177.png,512,512,2080,0.0079345703125,0.0201416015625,0.32173810778262835,0.35793786692759294,1,1.0,Unilateral,1.0,"Unilateral pulmonary infection, one infected areas, upper left lung."
Validation,Jun_coronacases_case9_178.png,Jun_coronacases_case9_178.png,512,512,2671,0.010189056396484375,0.0226593017578125,0.31880801329932795,0.3604783127613323,1,1.0,Unilateral,1.0,"Unilateral pulmonary infection, one infected areas, upper left lung."
Validation,Jun_coronacases_case9_179.png,Jun_coronacases_case9_179.png,512,512,2434,0.00928497314453125,0.0196533203125,0.32468358399516306,0.353173486501567,1,1.0,Unilateral,1.0,"Unilateral pulmonary infection, one infected areas, upper left lung."
Validation,Jun_coronacases_case9_180.png,Jun_coronacases_case9_180.png,512,512,2425,0.009250640869140625,0.037384033203125,0.3414909112917869,0.3427022010611899,2,0.828041237113402,Unilateral,2.0,"Unilateral pulmonary infection, two infected areas, upper left lung."
Validation,Jun_coronacases_case9_181.png,Jun_coronacases_case9_181.png,512,512,2707,0.010326385498046875,0.03774261474609375,0.34560684519441875,0.33862125951635136,2,0.8330254894717399,Unilateral,2.0,"Unilateral pulmonary infection, two infected areas, upper left lung."
Validation,Jun_coronacases_case9_182.png,Jun_coronacases_case9_182.png,512,512,3037,0.011585235595703125,0.04007720947265625,0.35155650435238706,0.3382606045336479,2,0.7658873888705959,Unilateral,2.0,"Unilateral pulmonary infection, two infected areas, upper left lung."
Validation,Jun_coronacases_case9_183.png,Jun_coronacases_case9_183.png,512,512,2784,0.0106201171875,0.0340423583984375,0.3535670704276042,0.33245467530422657,2,0.7654454022988506,Unilateral,2.0,"Unilateral pulmonary infection, two infected areas, upper left lung."
Validation,Jun_coronacases_case9_184.png,Jun_coronacases_case9_184.png,512,512,2295,0.008754730224609375,0.03263092041015625,0.3555905162673898,0.33479145082690615,2,0.74640522875817,Unilateral,2.0,"Unilateral pulmonary infection, two infected areas, upper left lung."
Validation,Jun_coronacases_case9_185.png,Jun_coronacases_case9_185.png,512,512,2991,0.011409759521484375,0.031585693359375,0.36281643364535876,0.3264856539612314,1,1.0,Unilateral,1.0,"Unilateral pulmonary infection, one infected areas, upper left lung."
Validation,Jun_coronacases_case9_186.png,Jun_coronacases_case9_186.png,512,512,3005,0.011463165283203125,0.02985382080078125,0.36045599148190716,0.33273116234846684,1,1.0,Unilateral,1.0,"Unilateral pulmonary infection, one infected areas, upper left lung."
Validation,Jun_coronacases_case9_187.png,Jun_coronacases_case9_187.png,512,512,2970,0.01132965087890625,0.031345367431640625,0.3590615878287111,0.3365725091752489,1,1.0,Unilateral,1.0,"Unilateral pulmonary infection, one infected areas, upper left lung."
Validation,Jun_coronacases_case9_188.png,Jun_coronacases_case9_188.png,512,512,2916,0.0111236572265625,0.032611846923828125,0.3542168318931383,0.3434032894966431,1,1.0,Unilateral,1.0,"Unilateral pulmonary infection, one infected areas, upper left lung."
Validation,Jun_coronacases_case9_189.png,Jun_coronacases_case9_189.png,512,512,2329,0.008884429931640625,0.0292816162109375,0.3467560806944516,0.35339827361801635,1,1.0,Unilateral,1.0,"Unilateral pulmonary infection, one infected areas, upper left lung."
Validation,Jun_coronacases_case9_190.png,Jun_coronacases_case9_190.png,512,512,1485,0.005664825439453125,0.024791717529296875,0.34368604505590805,0.36849644520877395,2,0.6646464646464646,Unilateral,2.0,"Unilateral pulmonary infection, two infected areas, upper left lung."
Validation,Jun_coronacases_case9_191.png,Jun_coronacases_case9_191.png,512,512,1861,0.007099151611328125,0.024791717529296875,0.3474848339223804,0.353546007186339,1,1.0,Unilateral,1.0,"Unilateral pulmonary infection, one infected areas, upper left lung."
Validation,Jun_coronacases_case9_192.png,Jun_coronacases_case9_192.png,512,512,1377,0.005252838134765625,0.01869964599609375,0.34187170555690566,0.35760118354800063,1,1.0,Unilateral,1.0,"Unilateral pulmonary infection, one infected areas, upper left lung."
Validation,Jun_coronacases_case9_193.png,Jun_coronacases_case9_193.png,512,512,1264,0.00482177734375,0.017612457275390625,0.34503269835765066,0.3566133666922639,1,1.0,Unilateral,1.0,"Unilateral pulmonary infection, one infected areas, upper left lung."
Validation,Jun_coronacases_case9_194.png,Jun_coronacases_case9_194.png,512,512,969,0.003696441650390625,0.016155242919921875,0.34358660551459225,0.3633782280035302,1,1.0,Unilateral,1.0,"Unilateral pulmonary infection, one infected areas, upper left lung."
Validation,Jun_coronacases_case9_195.png,Jun_coronacases_case9_195.png,512,512,569,0.002170562744140625,0.01029205322265625,0.33271541035703106,0.38216185913419704,2,0.7240773286467487,Unilateral,2.0,"Unilateral pulmonary infection, two infected areas, upper left lung."
Validation,Jun_coronacases_case9_196.png,Jun_coronacases_case9_196.png,512,512,391,0.001491546630859375,0.009857177734375,0.33350683930510855,0.38577384497575085,3,0.4424552429667519,Unilateral,3.0,"Unilateral pulmonary infection, three infected areas, upper left lung."
Validation,Jun_coronacases_case9_197.png,Jun_coronacases_case9_197.png,512,512,108,0.0004119873046875,0.00054931640625,0.3141987388562731,0.42857142857142855,1,1.0,Unilateral,1.0,"Unilateral pulmonary infection, one infected areas, middle left lung."
Validation,Jun_coronacases_case9_85.png,Jun_coronacases_case9_85.png,512,512,133,0.000507354736328125,0.000843048095703125,0.7983020172741051,0.3030619601842179,1,1.0,Unilateral,1.0,"Unilateral pulmonary infection, one infected areas, left lung and upper right lung."
Validation,Jun_coronacases_case9_86.png,Jun_coronacases_case9_86.png,512,512,130,0.00049591064453125,0.00090789794921875,0.791931356314918,0.297094686135782,1,1.0,Unilateral,1.0,"Unilateral pulmonary infection, one infected areas, left lung and upper right lung."
Validation,Jun_coronacases_case9_87.png,Jun_coronacases_case9_87.png,512,512,410,0.00156402587890625,0.002483367919921875,0.786287050737435,0.28828695527659776,1,1.0,Unilateral,1.0,"Unilateral pulmonary infection, one infected areas, left lung and upper right lung."
Validation,Jun_coronacases_case9_88.png,Jun_coronacases_case9_88.png,512,512,487,0.001857757568359375,0.02895355224609375,0.6539177117782502,0.28259201067279605,3,0.704312114989733,Bilateral,2.0,"Bilateral pulmonary infection, two infected areas, upper left lung and upper right lung."
Validation,Jun_coronacases_case9_89.png,Jun_coronacases_case9_89.png,512,512,617,0.002353668212890625,0.02918243408203125,0.6101393333692794,0.2804143526374383,3,0.6110210696920584,Bilateral,3.0,"Bilateral pulmonary infection, three infected areas, upper left lung and upper right lung."
Validation,Jun_coronacases_case9_90.png,Jun_coronacases_case9_90.png,512,512,534,0.00203704833984375,0.018192291259765625,0.604297221428205,0.2795246157567229,3,0.6067415730337079,Bilateral,3.0,"Bilateral pulmonary infection, three infected areas, upper left lung and upper right lung."
Validation,Jun_coronacases_case9_91.png,Jun_coronacases_case9_91.png,512,512,831,0.003170013427734375,0.17713546752929688,0.4740898782736476,0.4492335879013096,4,0.5728038507821901,Bilateral,3.0,"Bilateral pulmonary infection, three infected areas, upper left lung and upper right lung."
Validation,Jun_coronacases_case9_92.png,Jun_coronacases_case9_92.png,512,512,920,0.003509521484375,0.17426300048828125,0.4562281970560708,0.45697694205734707,4,0.6097826086956522,Bilateral,4.0,"Bilateral pulmonary infection, four infected areas, upper left lung and upper right lung."
Validation,Jun_coronacases_case9_93.png,Jun_coronacases_case9_93.png,512,512,760,0.002899169921875,0.15673446655273438,0.46835410443918013,0.48481048511690183,3,0.6973684210526315,Bilateral,3.0,"Bilateral pulmonary infection, three infected areas, upper left lung and upper right lung."
Validation,Jun_coronacases_case9_94.png,Jun_coronacases_case9_94.png,512,512,750,0.00286102294921875,0.16390228271484375,0.4573646444879322,0.4943144161774298,3,0.7053333333333334,Bilateral,3.0,"Bilateral pulmonary infection, three infected areas, upper left lung and upper right lung."
Validation,Jun_coronacases_case9_95.png,Jun_coronacases_case9_95.png,512,512,1082,0.00412750244140625,0.16242599487304688,0.4497813355712224,0.544633587869098,2,0.8345656192236599,Bilateral,2.0,"Bilateral pulmonary infection, two infected areas, middle left lung and upper right lung."
Validation,Jun_coronacases_case9_96.png,Jun_coronacases_case9_96.png,512,512,1071,0.004085540771484375,0.16222000122070312,0.45922113137492443,0.5373564951094593,2,0.8123249299719888,Bilateral,2.0,"Bilateral pulmonary infection, two infected areas, middle left lung and upper right lung."
Validation,Jun_coronacases_case9_97.png,Jun_coronacases_case9_97.png,512,512,1199,0.004573822021484375,0.16609954833984375,0.4675749034175577,0.5325426113411535,2,0.7889908256880734,Bilateral,2.0,"Bilateral pulmonary infection, two infected areas, middle left lung and upper right lung."
Validation,Jun_coronacases_case9_98.png,Jun_coronacases_case9_98.png,512,512,1226,0.00467681884765625,0.16677474975585938,0.47128906312351754,0.5293589960509891,2,0.7789559543230016,Bilateral,2.0,"Bilateral pulmonary infection, two infected areas, middle left lung and upper right lung."
Validation,Jun_coronacases_case9_99.png,Jun_coronacases_case9_99.png,512,512,1428,0.0054473876953125,0.16812515258789062,0.45407341018599223,0.5412151161834597,2,0.8144257703081232,Bilateral,2.0,"Bilateral pulmonary infection, two infected areas, middle left lung and upper right lung."
Validation,Jun_radiopaedia_4_85506_1_case19_28.png,Jun_radiopaedia_4_85506_1_case19_28.png,512,512,2279,0.008693695068359375,0.166015625,0.5918859251791865,0.540411087707126,6,0.6046511627906976,Bilateral,6.0,"Bilateral pulmonary infection, six infected areas, middle left lung and middle right lung."
Validation,Jun_radiopaedia_4_85506_1_case19_29.png,Jun_radiopaedia_4_85506_1_case19_29.png,512,512,305,0.001163482666015625,0.00159454345703125,0.6927913766000449,0.6126142889223958,1,1.0,Unilateral,1.0,"Unilateral pulmonary infection, one infected areas, left lung and middle right lung."
Validation,Jun_radiopaedia_4_85506_1_case19_30.png,Jun_radiopaedia_4_85506_1_case19_30.png,512,512,325,0.001239776611328125,0.00226593017578125,0.6847990365798585,0.6131868131868132,1,1.0,Unilateral,1.0,"Unilateral pulmonary infection, one infected areas, left lung and middle right lung."
Validation,Jun_radiopaedia_4_85506_1_case19_5.png,Jun_radiopaedia_4_85506_1_case19_5.png,512,512,354,0.00135040283203125,0.00453948974609375,0.3887746415027585,0.3363959003615377,1,1.0,Unilateral,1.0,"Unilateral pulmonary infection, one infected areas, upper left lung."
Validation,Jun_radiopaedia_4_85506_1_case19_6.png,Jun_radiopaedia_4_85506_1_case19_6.png,512,512,1162,0.00443267822265625,0.09743881225585938,0.6692035124001738,0.352999922530491,2,0.6015490533562823,Bilateral,2.0,"Bilateral pulmonary infection, two infected areas, upper left lung and upper right lung."
Validation,Jun_radiopaedia_4_85506_1_case19_7.png,Jun_radiopaedia_4_85506_1_case19_7.png,512,512,3420,0.0130462646484375,0.17645263671875,0.6573763175060939,0.37583685240498504,4,0.5076023391812865,Bilateral,4.0,"Bilateral pulmonary infection, four infected areas, upper left lung and upper right lung."
Validation,Jun_radiopaedia_4_85506_1_case19_8.png,Jun_radiopaedia_4_85506_1_case19_8.png,512,512,6002,0.02289581298828125,0.20243453979492188,0.6143532716752602,0.3811762680541581,4,0.44068643785404865,Bilateral,4.0,"Bilateral pulmonary infection, four infected areas, upper left lung and upper right lung."
Validation,Jun_radiopaedia_4_85506_1_case19_9.png,Jun_radiopaedia_4_85506_1_case19_9.png,512,512,10421,0.039752960205078125,0.4164695739746094,0.5944280056208946,0.41242647363980345,4,0.44832549659341714,Bilateral,4.0,"Bilateral pulmonary infection, four infected areas, upper left lung and all right lung.."
Validation,Jun_radiopaedia_7_85703_0_case20_10.png,Jun_radiopaedia_7_85703_0_case20_10.png,512,512,2456,0.009368896484375,0.14706802368164062,0.6205227662436176,0.47364655111966697,3,0.7202768729641694,Bilateral,3.0,"Bilateral pulmonary infection, three infected areas, upper left lung and middle right lung."
Validation,Jun_radiopaedia_7_85703_0_case20_11.png,Jun_radiopaedia_7_85703_0_case20_11.png,512,512,3074,0.01172637939453125,0.1552734375,0.6299409096175613,0.4890368942471865,3,0.7485361093038386,Bilateral,3.0,"Bilateral pulmonary infection, three infected areas, upper left lung and middle right lung."
Validation,Jun_radiopaedia_7_85703_0_case20_12.png,Jun_radiopaedia_7_85703_0_case20_12.png,512,512,4065,0.015506744384765625,0.09980392456054688,0.6489005711974928,0.5077818136302694,2,0.7970479704797048,Bilateral,2.0,"Bilateral pulmonary infection, two infected areas, middle left lung and middle right lung."
Validation,Jun_radiopaedia_7_85703_0_case20_13.png,Jun_radiopaedia_7_85703_0_case20_13.png,512,512,4223,0.016109466552734375,0.10347366333007812,0.6611381248803844,0.5213352654112485,2,0.8541321335543453,Bilateral,2.0,"Bilateral pulmonary infection, two infected areas, middle left lung and middle right lung."
Validation,Jun_radiopaedia_7_85703_0_case20_14.png,Jun_radiopaedia_7_85703_0_case20_14.png,512,512,3978,0.01517486572265625,0.11266708374023438,0.6848321344695236,0.5268108648447085,2,0.9291101055806938,Bilateral,2.0,"Bilateral pulmonary infection, two infected areas, middle left lung and middle right lung."
Validation,Jun_radiopaedia_7_85703_0_case20_15.png,Jun_radiopaedia_7_85703_0_case20_15.png,512,512,4381,0.016712188720703125,0.11812973022460938,0.6845817488880779,0.5207837973172715,3,0.899566309061858,Bilateral,3.0,"Bilateral pulmonary infection, three infected areas, middle left lung and middle right lung."
Validation,Jun_radiopaedia_7_85703_0_case20_16.png,Jun_radiopaedia_7_85703_0_case20_16.png,512,512,3531,0.013469696044921875,0.11785507202148438,0.6694904122890296,0.5215161657358559,4,0.5607476635514018,Bilateral,4.0,"Bilateral pulmonary infection, four infected areas, middle left lung and middle right lung."
Validation,Jun_radiopaedia_7_85703_0_case20_17.png,Jun_radiopaedia_7_85703_0_case20_17.png,512,512,4952,0.018890380859375,0.11478424072265625,0.6861715917030499,0.5141230568842493,2,0.8867124394184168,Bilateral,2.0,"Bilateral pulmonary infection, two infected areas, middle left lung and middle right lung."
Validation,Jun_radiopaedia_7_85703_0_case20_18.png,Jun_radiopaedia_7_85703_0_case20_18.png,512,512,5263,0.020076751708984375,0.11524200439453125,0.6977139451169836,0.5205717423968903,2,0.9393881816454493,Bilateral,2.0,"Bilateral pulmonary infection, two infected areas, upper left lung and middle right lung."
Validation,Jun_radiopaedia_7_85703_0_case20_19.png,Jun_radiopaedia_7_85703_0_case20_19.png,512,512,5278,0.02013397216796875,0.12700271606445312,0.6932034832028084,0.5135295570210207,2,0.9033724895793861,Bilateral,2.0,"Bilateral pulmonary infection, two infected areas, upper left lung and middle right lung."
Validation,Jun_radiopaedia_7_85703_0_case20_20.png,Jun_radiopaedia_7_85703_0_case20_20.png,512,512,4829,0.018421173095703125,0.124114990234375,0.6993304071657739,0.5085331244410097,2,0.907641333609443,Bilateral,2.0,"Bilateral pulmonary infection, two infected areas, upper left lung and middle right lung."
Validation,Jun_radiopaedia_7_85703_0_case20_21.png,Jun_radiopaedia_7_85703_0_case20_21.png,512,512,3242,0.01236724853515625,0.11316680908203125,0.6709564171810545,0.4529493644448898,2,0.7510795805058605,Bilateral,2.0,"Bilateral pulmonary infection, two infected areas, upper left lung and middle right lung."
Validation,Jun_radiopaedia_7_85703_0_case20_22.png,Jun_radiopaedia_7_85703_0_case20_22.png,512,512,3506,0.01337432861328125,0.160125732421875,0.610208610790783,0.416734856544498,3,0.5741585852823731,Bilateral,3.0,"Bilateral pulmonary infection, three infected areas, upper left lung and middle right lung."
Validation,Jun_radiopaedia_7_85703_0_case20_23.png,Jun_radiopaedia_7_85703_0_case20_23.png,512,512,3561,0.013584136962890625,0.1911773681640625,0.5738125188564306,0.3853784557757968,4,0.4959281100814378,Bilateral,4.0,"Bilateral pulmonary infection, four infected areas, upper left lung and middle right lung."
Validation,Jun_radiopaedia_7_85703_0_case20_24.png,Jun_radiopaedia_7_85703_0_case20_24.png,512,512,5114,0.01950836181640625,0.2137298583984375,0.5424769272332501,0.392277979867246,3,0.4524833789597184,Bilateral,3.0,"Bilateral pulmonary infection, three infected areas, upper left lung and middle right lung."
Validation,Jun_radiopaedia_7_85703_0_case20_25.png,Jun_radiopaedia_7_85703_0_case20_25.png,512,512,4397,0.016773223876953125,0.21192169189453125,0.5338664905399385,0.3915652328330961,3,0.43939049351830795,Bilateral,3.0,"Bilateral pulmonary infection, three infected areas, upper left lung and middle right lung."
Validation,Jun_radiopaedia_7_85703_0_case20_26.png,Jun_radiopaedia_7_85703_0_case20_26.png,512,512,4940,0.0188446044921875,0.21828460693359375,0.4951955758732976,0.3744654048186853,3,0.43785425101214576,Bilateral,3.0,"Bilateral pulmonary infection, three infected areas, upper left lung and middle right lung."
Validation,Jun_radiopaedia_7_85703_0_case20_27.png,Jun_radiopaedia_7_85703_0_case20_27.png,512,512,4466,0.01703643798828125,0.19178009033203125,0.44204132462449486,0.3492567895024201,3,0.5709807433945365,Bilateral,3.0,"Bilateral pulmonary infection, three infected areas, upper left lung and middle right lung."
Validation,Jun_radiopaedia_7_85703_0_case20_28.png,Jun_radiopaedia_7_85703_0_case20_28.png,512,512,5362,0.02045440673828125,0.20621490478515625,0.42797543925471043,0.36077244303064765,3,0.48806415516598284,Bilateral,3.0,"Bilateral pulmonary infection, three infected areas, upper left lung and middle right lung."
Validation,Jun_radiopaedia_7_85703_0_case20_29.png,Jun_radiopaedia_7_85703_0_case20_29.png,512,512,6246,0.02382659912109375,0.2124481201171875,0.4024261633120344,0.3694726268647551,3,0.4657380723663144,Bilateral,3.0,"Bilateral pulmonary infection, three infected areas, upper left lung and middle right lung."
Validation,Jun_radiopaedia_7_85703_0_case20_30.png,Jun_radiopaedia_7_85703_0_case20_30.png,512,512,8225,0.031375885009765625,0.21660614013671875,0.35597380426959474,0.38897114543864764,4,0.5953799392097264,Bilateral,4.0,"Bilateral pulmonary infection, four infected areas, upper left lung and middle right lung."
Validation,Jun_radiopaedia_7_85703_0_case20_31.png,Jun_radiopaedia_7_85703_0_case20_31.png,512,512,11818,0.04508209228515625,0.2484283447265625,0.35425098667030525,0.4088181516205172,4,0.6259096293789135,Bilateral,4.0,"Bilateral pulmonary infection, four infected areas, upper left lung and middle right lung."
Validation,Jun_radiopaedia_7_85703_0_case20_32.png,Jun_radiopaedia_7_85703_0_case20_32.png,512,512,13805,0.052661895751953125,0.2459869384765625,0.33755190942332786,0.40689914244463177,2,0.9419775443679826,Bilateral,2.0,"Bilateral pulmonary infection, two infected areas, upper left lung and middle right lung."
Validation,Jun_radiopaedia_7_85703_0_case20_33.png,Jun_radiopaedia_7_85703_0_case20_33.png,512,512,15526,0.05922698974609375,0.23825836181640625,0.3295073751674169,0.40105669600868993,2,0.9683756279788741,Bilateral,2.0,"Bilateral pulmonary infection, two infected areas, upper left lung and middle right lung."
Validation,Jun_radiopaedia_7_85703_0_case20_34.png,Jun_radiopaedia_7_85703_0_case20_34.png,512,512,15172,0.0578765869140625,0.258636474609375,0.3308116506717751,0.40253030740012885,2,0.956301080938571,Bilateral,2.0,"Bilateral pulmonary infection, two infected areas, upper left lung and middle right lung."
Validation,Jun_radiopaedia_7_85703_0_case20_35.png,Jun_radiopaedia_7_85703_0_case20_35.png,512,512,18044,0.0688323974609375,0.25087738037109375,0.32786055482553844,0.37609468223143167,2,0.9869208601197074,Bilateral,2.0,"Bilateral pulmonary infection, two infected areas, upper left lung and middle right lung."
Validation,Jun_radiopaedia_7_85703_0_case20_36.png,Jun_radiopaedia_7_85703_0_case20_36.png,512,512,16679,0.06362533569335938,0.304290771484375,0.34341260656937744,0.3748301794832294,2,0.9615084837220457,Bilateral,2.0,"Bilateral pulmonary infection, two infected areas, upper left lung and middle right lung."
Validation,Jun_radiopaedia_7_85703_0_case20_37.png,Jun_radiopaedia_7_85703_0_case20_37.png,512,512,14870,0.05672454833984375,0.3033905029296875,0.34322510682931134,0.36164317759789016,2,0.9705447209145931,Bilateral,2.0,"Bilateral pulmonary infection, two infected areas, upper left lung and middle right lung."
Validation,Jun_radiopaedia_7_85703_0_case20_38.png,Jun_radiopaedia_7_85703_0_case20_38.png,512,512,14219,0.054241180419921875,0.2892494201660156,0.3363038265411802,0.3557593413294881,2,0.9867782544482734,Bilateral,2.0,"Bilateral pulmonary infection, two infected areas, upper left lung and middle right lung."
Validation,Jun_radiopaedia_7_85703_0_case20_39.png,Jun_radiopaedia_7_85703_0_case20_39.png,512,512,11740,0.0447845458984375,0.10465621948242188,0.33755021553089276,0.33660608020482935,1,1.0,Bilateral,1.0,"Bilateral pulmonary infection, one infected areas, upper left lung and middle right lung."
Validation,Jun_radiopaedia_7_85703_0_case20_4.png,Jun_radiopaedia_7_85703_0_case20_4.png,512,512,392,0.001495361328125,0.002197265625,0.3671572347138464,0.4585846080115021,1,1.0,Unilateral,1.0,"Unilateral pulmonary infection, one infected areas, middle left lung."
Validation,Jun_radiopaedia_7_85703_0_case20_40.png,Jun_radiopaedia_7_85703_0_case20_40.png,512,512,9018,0.03440093994140625,0.0859375,0.3429752801420425,0.3240342537364931,1,1.0,Unilateral,1.0,"Unilateral pulmonary infection, one infected areas, upper left lung."
Validation,Jun_radiopaedia_7_85703_0_case20_41.png,Jun_radiopaedia_7_85703_0_case20_41.png,512,512,6868,0.0261993408203125,0.07610321044921875,0.34782769746987363,0.31161135280098745,1,1.0,Unilateral,1.0,"Unilateral pulmonary infection, one infected areas, upper left lung."
Validation,Jun_radiopaedia_7_85703_0_case20_42.png,Jun_radiopaedia_7_85703_0_case20_42.png,512,512,3511,0.013393402099609375,0.0376129150390625,0.3300947929376001,0.27749020272322766,2,0.9994303617203076,Unilateral,1.0,"Unilateral pulmonary infection, one infected areas, upper left lung."
Validation,Jun_radiopaedia_7_85703_0_case20_43.png,Jun_radiopaedia_7_85703_0_case20_43.png,512,512,898,0.00342559814453125,0.007411956787109375,0.2955033799833507,0.2578441328632011,1,1.0,Unilateral,1.0,"Unilateral pulmonary infection, one infected areas, upper left lung."
Validation,Jun_radiopaedia_7_85703_0_case20_44.png,Jun_radiopaedia_7_85703_0_case20_44.png,512,512,126,0.00048065185546875,0.000720977783203125,0.2907619668872115,0.24902929208212965,1,1.0,Unilateral,1.0,"Unilateral pulmonary infection, one infected areas, upper left lung."
Validation,Jun_radiopaedia_7_85703_0_case20_5.png,Jun_radiopaedia_7_85703_0_case20_5.png,512,512,788,0.0030059814453125,0.004474639892578125,0.36333654524322767,0.46268886526865804,1,1.0,Unilateral,1.0,"Unilateral pulmonary infection, one infected areas, middle left lung."
Validation,Jun_radiopaedia_7_85703_0_case20_6.png,Jun_radiopaedia_7_85703_0_case20_6.png,512,512,2057,0.007846832275390625,0.05933380126953125,0.413286881604221,0.45673738758494453,2,0.8901312591152163,Bilateral,2.0,"Bilateral pulmonary infection, two infected areas, middle left lung and middle right lung."
Validation,Jun_radiopaedia_7_85703_0_case20_7.png,Jun_radiopaedia_7_85703_0_case20_7.png,512,512,2383,0.009090423583984375,0.0889739990234375,0.47379226467977265,0.45082215595957337,4,0.6412085606378515,Bilateral,4.0,"Bilateral pulmonary infection, four infected areas, upper left lung and middle right lung."
Validation,Jun_radiopaedia_7_85703_0_case20_8.png,Jun_radiopaedia_7_85703_0_case20_8.png,512,512,2287,0.008724212646484375,0.06290435791015625,0.5195955699576522,0.4563674371522183,2,0.6038478355924792,Bilateral,2.0,"Bilateral pulmonary infection, two infected areas, middle left lung and middle right lung."
Validation,Jun_radiopaedia_7_85703_0_case20_9.png,Jun_radiopaedia_7_85703_0_case20_9.png,512,512,2147,0.008190155029296875,0.1157379150390625,0.567950364455204,0.4457564690001158,4,0.5328365160689333,Bilateral,4.0,"Bilateral pulmonary infection, four infected areas, upper left lung and middle right lung."
Validation,Morozov_study_0299_11.png,Morozov_study_0299_11.png,512,512,3397,0.012958526611328125,0.105743408203125,0.6530189236848215,0.6365723871702151,13,0.770974389166912,Bilateral,2.0,"Bilateral pulmonary infection, two infected areas, middle left lung and middle right lung."
Validation,Morozov_study_0299_12.png,Morozov_study_0299_12.png,512,512,2749,0.010486602783203125,0.11295318603515625,0.5758649827476848,0.6095118025483737,24,0.5594761731538741,Bilateral,2.0,"Bilateral pulmonary infection, two infected areas, middle left lung and middle right lung."
Validation,Morozov_study_0299_13.png,Morozov_study_0299_13.png,512,512,3371,0.012859344482421875,0.18953704833984375,0.5679361376910578,0.5688057629800863,13,0.5200237318303174,Bilateral,3.0,"Bilateral pulmonary infection, three infected areas, middle left lung and middle right lung."
Validation,Morozov_study_0299_14.png,Morozov_study_0299_14.png,512,512,3582,0.01366424560546875,0.10076141357421875,0.48641883039900524,0.585399819274673,18,0.7138470128419877,Bilateral,2.0,"Bilateral pulmonary infection, two infected areas, middle left lung and middle right lung."
Validation,Morozov_study_0299_15.png,Morozov_study_0299_15.png,512,512,2027,0.007732391357421875,0.038055419921875,0.3620178471264157,0.6103107076000414,7,0.8154908732116428,Unilateral,2.0,"Unilateral pulmonary infection, two infected areas, middle left lung."
Validation,Morozov_study_0299_16.png,Morozov_study_0299_16.png,512,512,1134,0.00432586669921875,0.0508575439453125,0.33086902949916647,0.6479738521486728,10,0.791005291005291,Unilateral,2.0,"Unilateral pulmonary infection, two infected areas, middle left lung."
Validation,Morozov_study_0299_17.png,Morozov_study_0299_17.png,512,512,765,0.002918243408203125,0.035247802734375,0.31114692452323395,0.6554212552600949,5,0.8366013071895425,Unilateral,2.0,"Unilateral pulmonary infection, two infected areas, middle left lung."
Validation,Morozov_study_0299_18.png,Morozov_study_0299_18.png,512,512,525,0.002002716064453125,0.004657745361328125,0.2914472090205945,0.6756089833193551,5,0.9828571428571429,Unilateral,1.0,"Unilateral pulmonary infection, one infected areas, middle left lung."
Validation,Morozov_study_0299_24.png,Morozov_study_0299_24.png,512,512,700,0.0026702880859375,0.034114837646484375,0.48551299972043616,0.3622393066815767,12,0.5814285714285714,Bilateral,2.0,"Bilateral pulmonary infection, two infected areas, middle left lung and middle right lung."
Validation,Morozov_study_0299_26.png,Morozov_study_0299_26.png,512,512,3,1.1444091796875e-05,0.000762939453125,0.41226353555120676,0.29223744292237447,3,0.3333333333333333,Unknown,,"No pulmonary infection, zero infected areas."
Validation,Morozov_study_0299_27.png,Morozov_study_0299_27.png,512,512,289,0.001102447509765625,0.002765655517578125,0.40921187169468914,0.2679866467134799,1,1.0,Unilateral,1.0,"Unilateral pulmonary infection, one infected areas, upper left lung."
Validation,Morozov_study_0299_28.png,Morozov_study_0299_28.png,512,512,619,0.002361297607421875,0.0098876953125,0.38228757322744533,0.3075252363985849,9,0.8449111470113085,Unilateral,2.0,"Unilateral pulmonary infection, two infected areas, upper left lung."
Validation,Morozov_study_0299_29.png,Morozov_study_0299_29.png,512,512,461,0.001758575439453125,0.003429412841796875,0.299429895870035,0.38058165054272386,3,0.9956616052060737,Unilateral,1.0,"Unilateral pulmonary infection, one infected areas, middle left lung."
Validation,Morozov_study_0299_30.png,Morozov_study_0299_30.png,512,512,75,0.000286102294921875,0.00054931640625,0.29257664709719505,0.38183953033268103,2,0.9866666666666667,Unilateral,1.0,"Unilateral pulmonary infection, one infected areas, middle left lung."
Validation,Morozov_study_0299_9.png,Morozov_study_0299_9.png,512,512,938,0.00357818603515625,0.0106353759765625,0.6696764986918914,0.6705694340709091,6,0.8017057569296375,Unilateral,1.0,"Unilateral pulmonary infection, one infected areas, left lung and middle right lung."
Validation,Morozov_study_0300_20.png,Morozov_study_0300_20.png,512,512,300,0.0011444091796875,0.0035247802734375,0.44002609262883235,0.594337899543379,8,0.94,Unilateral,1.0,"Unilateral pulmonary infection, one infected areas, middle left lung."
Validation,Morozov_study_0300_21.png,Morozov_study_0300_21.png,512,512,925,0.003528594970703125,0.0891265869140625,0.4552493785370498,0.5891511080552176,6,0.8897297297297297,Bilateral,2.0,"Bilateral pulmonary infection, two infected areas, middle left lung and middle right lung."
Validation,Morozov_study_0300_22.png,Morozov_study_0300_22.png,512,512,520,0.001983642578125,0.01824951171875,0.43343368959807316,0.5503462291133524,8,0.7596153846153846,Unilateral,2.0,"Unilateral pulmonary infection, two infected areas, middle left lung."
Validation,Morozov_study_0300_30.png,Morozov_study_0300_30.png,512,512,160,0.0006103515625,0.00308990478515625,0.4509784735812133,0.5379647749510763,5,0.53125,Unilateral,2.0,"Unilateral pulmonary infection, two infected areas, middle left lung."
Validation,Morozov_study_0300_31.png,Morozov_study_0300_31.png,512,512,205,0.000782012939453125,0.00164794921875,0.45824065677055986,0.5289866832132117,2,0.9121951219512195,Unilateral,1.0,"Unilateral pulmonary infection, one infected areas, middle left lung."
Validation,Morozov_study_0300_32.png,Morozov_study_0300_32.png,512,512,153,0.000583648681640625,0.00226593017578125,0.45967793510098104,0.5311768543033651,9,0.9150326797385621,Unilateral,1.0,"Unilateral pulmonary infection, one infected areas, middle left lung."
Validation,Morozov_study_0301_11.png,Morozov_study_0301_11.png,512,512,163,0.000621795654296875,0.00130462646484375,0.30726471612260337,0.661208024683947,1,1.0,Unilateral,1.0,"Unilateral pulmonary infection, one infected areas, middle left lung."
Validation,Morozov_study_0301_22.png,Morozov_study_0301_22.png,512,512,300,0.0011444091796875,0.09462738037109375,0.6187736464448793,0.46038486627527725,2,0.6066666666666667,Bilateral,2.0,"Bilateral pulmonary infection, two infected areas, upper left lung and middle right lung."
Validation,Morozov_study_0301_27.png,Morozov_study_0301_27.png,512,512,306,0.00116729736328125,0.00286102294921875,0.7729365718890296,0.5290024685673356,7,0.9771241830065359,Unilateral,1.0,"Unilateral pulmonary infection, one infected areas, left lung and middle right lung."
Validation,Morozov_study_0301_28.png,Morozov_study_0301_28.png,512,512,315,0.001201629638671875,0.0025634765625,0.7576181157394465,0.5398813406641195,1,1.0,Unilateral,1.0,"Unilateral pulmonary infection, one infected areas, left lung and middle right lung."
Validation,Morozov_study_0302_17.png,Morozov_study_0302_17.png,512,512,224,0.0008544921875,0.00331878662109375,0.46749196253844005,0.5946149007548225,10,0.7678571428571429,Unilateral,1.0,"Unilateral pulmonary infection, one infected areas, middle left lung."
Validation,Morozov_study_0302_19.png,Morozov_study_0302_19.png,512,512,1171,0.004467010498046875,0.0399169921875,0.37883388677113744,0.6883407060050369,6,0.627668659265585,Unilateral,2.0,"Unilateral pulmonary infection, two infected areas, middle left lung."
Validation,Morozov_study_0302_20.png,Morozov_study_0302_20.png,512,512,389,0.001483917236328125,0.005126953125,0.3301455385126196,0.7449378455470648,3,0.7634961439588689,Unilateral,2.0,"Unilateral pulmonary infection, two infected areas, lower left lung."
Validation,Morozov_study_0302_21.png,Morozov_study_0302_21.png,512,512,798,0.00304412841796875,0.0350189208984375,0.3745616487402459,0.6871753748363081,6,0.6077694235588973,Unilateral,2.0,"Unilateral pulmonary infection, two infected areas, middle left lung."
Validation,Morozov_study_0302_22.png,Morozov_study_0302_22.png,512,512,808,0.003082275390625,0.0303497314453125,0.40510986030109863,0.6642842611071283,5,0.5321782178217822,Unilateral,2.0,"Unilateral pulmonary infection, two infected areas, middle left lung."
Validation,Morozov_study_0302_23.png,Morozov_study_0302_23.png,512,512,545,0.002079010009765625,0.0286102294921875,0.4238639831953895,0.6466399755830446,7,0.6220183486238532,Unilateral,2.0,"Unilateral pulmonary infection, two infected areas, middle left lung."
Validation,Morozov_study_0302_24.png,Morozov_study_0302_24.png,512,512,360,0.001373291015625,0.00217437744140625,0.4664492280930637,0.5962220047836486,1,1.0,Unilateral,1.0,"Unilateral pulmonary infection, one infected areas, middle left lung."
Validation,Morozov_study_0302_25.png,Morozov_study_0302_25.png,512,512,619,0.002361297607421875,0.0042724609375,0.45756839040305525,0.5885194540781326,2,0.9709208400646203,Unilateral,1.0,"Unilateral pulmonary infection, one infected areas, middle left lung."
Validation,Morozov_study_0302_26.png,Morozov_study_0302_26.png,512,512,408,0.001556396484375,0.002193450927734375,0.4594413107708837,0.5874630674187483,4,0.9926470588235294,Unilateral,1.0,"Unilateral pulmonary infection, one infected areas, middle left lung."
Validation,Morozov_study_0302_27.png,Morozov_study_0302_27.png,512,512,298,0.00113677978515625,0.0026702880859375,0.45489827814917455,0.5833015931388644,3,0.9362416107382551,Unilateral,1.0,"Unilateral pulmonary infection, one infected areas, middle left lung."
Validation,Morozov_study_0303_10.png,Morozov_study_0303_10.png,512,512,1326,0.00505828857421875,0.0361175537109375,0.5878073041650802,0.7092014888147039,10,0.7164404223227753,Bilateral,4.0,"Bilateral pulmonary infection, four infected areas, lower left lung and lower right lung."
Validation,Morozov_study_0303_11.png,Morozov_study_0303_11.png,512,512,1363,0.005199432373046875,0.0988616943359375,0.5981409719839251,0.6913163520667114,6,0.7285399853264857,Bilateral,4.0,"Bilateral pulmonary infection, four infected areas, middle left lung and lower right lung."
Validation,Morozov_study_0303_12.png,Morozov_study_0303_12.png,512,512,960,0.003662109375,0.11976242065429688,0.4582110241356817,0.6596318493150685,9,0.5114583333333333,Bilateral,3.0,"Bilateral pulmonary infection, three infected areas, middle left lung and lower right lung."
Validation,Morozov_study_0303_13.png,Morozov_study_0303_13.png,512,512,1816,0.006927490234375,0.13580322265625,0.5101446589135926,0.6741424347181393,17,0.5192731277533039,Bilateral,7.0,"Bilateral pulmonary infection, seven infected areas, middle left lung and lower right lung."
Validation,Morozov_study_0303_14.png,Morozov_study_0303_14.png,512,512,2551,0.009731292724609375,0.15167236328125,0.5767946417543943,0.6865233004055813,18,0.7161897295178361,Bilateral,5.0,"Bilateral pulmonary infection, five infected areas, middle left lung and lower right lung."
Validation,Morozov_study_0303_15.png,Morozov_study_0303_15.png,512,512,3260,0.0124359130859375,0.045166015625,0.5682626391173328,0.7106341469271128,5,0.661963190184049,Bilateral,2.0,"Bilateral pulmonary infection, two infected areas, lower left lung and lower right lung."
Validation,Morozov_study_0303_16.png,Morozov_study_0303_16.png,512,512,2432,0.00927734375,0.09212493896484375,0.4720652229889793,0.6996086105675147,10,0.41570723684210525,Bilateral,5.0,"Bilateral pulmonary infection, five infected areas, middle left lung and lower right lung."
Validation,Morozov_study_0303_17.png,Morozov_study_0303_17.png,512,512,2099,0.008007049560546875,0.1421356201171875,0.48593077124602246,0.6830426193071157,10,0.5302525011910434,Bilateral,3.0,"Bilateral pulmonary infection, three infected areas, middle left lung and lower right lung."
Validation,Morozov_study_0303_18.png,Morozov_study_0303_18.png,512,512,2349,0.008960723876953125,0.142547607421875,0.46369567263914613,0.672942393773759,4,0.5048957002979991,Bilateral,3.0,"Bilateral pulmonary infection, three infected areas, middle left lung and lower right lung."
Validation,Morozov_study_0303_19.png,Morozov_study_0303_19.png,512,512,2295,0.008754730224609375,0.09495925903320312,0.5637090757155221,0.692857356032215,7,0.6845315904139434,Bilateral,2.0,"Bilateral pulmonary infection, two infected areas, middle left lung and lower right lung."
Validation,Morozov_study_0303_20.png,Morozov_study_0303_20.png,512,512,2091,0.007976531982421875,0.08664321899414062,0.6415099283950132,0.7017485243345584,2,0.836441893830703,Bilateral,2.0,"Bilateral pulmonary infection, two infected areas, middle left lung and lower right lung."
Validation,Morozov_study_0303_21.png,Morozov_study_0303_21.png,512,512,2077,0.007923126220703125,0.14939117431640625,0.667530034946158,0.6825496279727554,4,0.719306692344728,Bilateral,3.0,"Bilateral pulmonary infection, three infected areas, middle left lung and middle right lung."
Validation,Morozov_study_0303_22.png,Morozov_study_0303_22.png,512,512,1722,0.00656890869140625,0.14653396606445312,0.6088264908368961,0.6820006318598271,3,0.7009291521486644,Bilateral,3.0,"Bilateral pulmonary infection, three infected areas, middle left lung and middle right lung."
Validation,Morozov_study_0303_23.png,Morozov_study_0303_23.png,512,512,880,0.00335693359375,0.1380157470703125,0.6256626934709126,0.6928438000355809,8,0.8079545454545455,Bilateral,3.0,"Bilateral pulmonary infection, three infected areas, middle left lung and lower right lung."
Validation,Morozov_study_0303_24.png,Morozov_study_0303_24.png,512,512,372,0.0014190673828125,0.003021240234375,0.7368169097068787,0.7165740799191971,3,0.9946236559139785,Unilateral,1.0,"Unilateral pulmonary infection, one infected areas, left lung and lower right lung."
Validation,Morozov_study_0303_28.png,Morozov_study_0303_28.png,512,512,89,0.000339508056640625,0.000762939453125,0.32060951208249966,0.5940763869038458,2,0.9887640449438202,Unilateral,1.0,"Unilateral pulmonary infection, one infected areas, middle left lung."
Validation,Morozov_study_0303_32.png,Morozov_study_0303_32.png,512,512,260,0.0009918212890625,0.02286529541015625,0.4889281950925786,0.6471323197350595,2,0.7307692307692307,Bilateral,2.0,"Bilateral pulmonary infection, two infected areas, middle left lung and middle right lung."
Validation,Morozov_study_0303_33.png,Morozov_study_0303_33.png,512,512,187,0.000713348388671875,0.00335693359375,0.36310265077388365,0.6730014546291742,4,0.6203208556149733,Unilateral,2.0,"Unilateral pulmonary infection, two infected areas, middle left lung."
Validation,Morozov_study_0303_34.png,Morozov_study_0303_34.png,512,512,202,0.00077056884765625,0.04553985595703125,0.35330646567592183,0.608978706089787,3,0.7574257425742574,Unilateral,1.0,"Unilateral pulmonary infection, one infected areas, middle left lung."
Validation,Morozov_study_0303_39.png,Morozov_study_0303_39.png,512,512,322,0.00122833251953125,0.0016021728515625,0.3132148630744734,0.5391936405294696,1,1.0,Unilateral,1.0,"Unilateral pulmonary infection, one infected areas, middle left lung."
Validation,Morozov_study_0303_8.png,Morozov_study_0303_8.png,512,512,858,0.00327301025390625,0.03076171875,0.6178912411789125,0.699786514855008,11,0.5710955710955711,Bilateral,4.0,"Bilateral pulmonary infection, four infected areas, lower left lung and lower right lung."
Validation,Morozov_study_0303_9.png,Morozov_study_0303_9.png,512,512,1379,0.005260467529296875,0.03125,0.5212262778694677,0.7051949213034773,8,0.4626540971718637,Bilateral,3.0,"Bilateral pulmonary infection, three infected areas, lower left lung and lower right lung."
Validation,Morozov_study_0304_10.png,Morozov_study_0304_10.png,512,512,51,0.000194549560546875,0.000457763671875,0.33152987222286173,0.6508959748282875,2,0.9411764705882353,Unknown,,"No pulmonary infection, zero infected areas."
Validation,Morozov_study_0304_12.png,Morozov_study_0304_12.png,512,512,161,0.000614166259765625,0.0048065185546875,0.2328645573774477,0.6452091259374506,2,0.5093167701863354,Unilateral,2.0,"Unilateral pulmonary infection, two infected areas, middle left lung."
Validation,Morozov_study_0304_13.png,Morozov_study_0304_13.png,512,512,174,0.00066375732421875,0.010242462158203125,0.4255910205366984,0.7001147175922802,4,0.5689655172413793,Bilateral,2.0,"Bilateral pulmonary infection, two infected areas, lower left lung and lower right lung."
Validation,Morozov_study_0304_14.png,Morozov_study_0304_14.png,512,512,190,0.00072479248046875,0.0325469970703125,0.2503038417962715,0.5367906066536203,3,0.4263157894736842,Unilateral,2.0,"Unilateral pulmonary infection, two infected areas, middle left lung."
Validation,Morozov_study_0304_15.png,Morozov_study_0304_15.png,512,512,57,0.000217437744140625,0.00034332275390625,0.20702441034092078,0.5883887801696022,1,1.0,Unilateral,1.0,"Unilateral pulmonary infection, one infected areas, middle left lung."
Validation,Morozov_study_0304_16.png,Morozov_study_0304_16.png,512,512,579,0.002208709716796875,0.18597412109375,0.3880061784100396,0.5618128293264925,14,0.27461139896373055,Bilateral,4.0,"Bilateral pulmonary infection, four infected areas, middle left lung and middle right lung."
Validation,Morozov_study_0304_17.png,Morozov_study_0304_17.png,512,512,141,0.000537872314453125,0.03231048583984375,0.3470736006439883,0.6223091976516634,7,0.5886524822695035,Unilateral,1.0,"Unilateral pulmonary infection, one infected areas, middle left lung."
Validation,Morozov_study_0304_18.png,Morozov_study_0304_18.png,512,512,318,0.00121307373046875,0.0391387939453125,0.3577705571760883,0.652352644340238,5,0.4716981132075472,Bilateral,3.0,"Bilateral pulmonary infection, three infected areas, middle left lung and middle right lung."
Validation,Morozov_study_0304_19.png,Morozov_study_0304_19.png,512,512,304,0.00115966796875,0.0453948974609375,0.7051125244618396,0.6259784735812133,5,0.3519736842105263,Unilateral,3.0,"Unilateral pulmonary infection, three infected areas, left lung and middle right lung."
Validation,Morozov_study_0304_20.png,Morozov_study_0304_20.png,512,512,100,0.0003814697265625,0.0005950927734375,0.5710567514677104,0.716320939334638,2,0.99,Unilateral,1.0,"Unilateral pulmonary infection, one infected areas, left lung and lower right lung."
Validation,Morozov_study_0304_21.png,Morozov_study_0304_21.png,512,512,378,0.00144195556640625,0.10784912109375,0.5117054432122925,0.636080307313184,17,0.42063492063492064,Bilateral,2.0,"Bilateral pulmonary infection, two infected areas, middle left lung and lower right lung."
Validation,Morozov_study_0304_22.png,Morozov_study_0304_22.png,512,512,41,0.000156402587890625,0.000274658203125,0.6975800677771944,0.5859863491002816,1,1.0,Unknown,,"No pulmonary infection, zero infected areas."
Validation,Morozov_study_0304_23.png,Morozov_study_0304_23.png,512,512,552,0.002105712890625,0.06351470947265625,0.49013017952863097,0.7018704444255367,4,0.6829710144927537,Bilateral,3.0,"Bilateral pulmonary infection, three infected areas, middle left lung and lower right lung."
Validation,Morozov_study_0304_24.png,Morozov_study_0304_24.png,512,512,57,0.000217437744140625,0.0003662109375,0.7343358395989975,0.6539636763140728,1,1.0,Unilateral,1.0,"Unilateral pulmonary infection, one infected areas, left lung and middle right lung."
Validation,Morozov_study_0304_25.png,Morozov_study_0304_25.png,512,512,155,0.000591278076171875,0.007762908935546875,0.6711950003156367,0.6410580140142668,3,0.7096774193548387,Unilateral,1.0,"Unilateral pulmonary infection, one infected areas, left lung and middle right lung."
Validation,Morozov_study_0304_30.png,Morozov_study_0304_30.png,512,512,33,0.000125885009765625,0.0002288818359375,0.33677281622487104,0.6661329538041867,1,1.0,Unknown,,"No pulmonary infection, zero infected areas."
Validation,Morozov_study_0304_31.png,Morozov_study_0304_31.png,512,512,350,0.00133514404296875,0.00347900390625,0.30484204640760415,0.45978194017332963,2,0.9885714285714285,Unilateral,1.0,"Unilateral pulmonary infection, one infected areas, middle left lung."
Validation,Morozov_study_0304_32.png,Morozov_study_0304_32.png,512,512,322,0.00122833251953125,0.00307464599609375,0.319426043198697,0.4807647895370179,6,0.5527950310559007,Unilateral,2.0,"Unilateral pulmonary infection, two infected areas, middle left lung."
Validation,Morozov_study_0304_33.png,Morozov_study_0304_33.png,512,512,208,0.00079345703125,0.002140045166015625,0.3191987806713834,0.4911278789703447,5,0.8557692307692307,Unilateral,1.0,"Unilateral pulmonary infection, one infected areas, middle left lung."
Validation,Morozov_study_0304_34.png,Morozov_study_0304_34.png,512,512,247,0.000942230224609375,0.002105712890625,0.35216333774372705,0.5035534040580905,3,0.9919028340080972,Unilateral,1.0,"Unilateral pulmonary infection, one infected areas, middle left lung."
Validation,Morozov_study_0304_35.png,Morozov_study_0304_35.png,512,512,542,0.00206756591796875,0.00384521484375,0.39384825355102865,0.5181071771578774,3,0.9907749077490775,Unilateral,1.0,"Unilateral pulmonary infection, one infected areas, middle left lung."
Validation,Morozov_study_0304_36.png,Morozov_study_0304_36.png,512,512,393,0.001499176025390625,0.00350189208984375,0.39693162635753876,0.5181826782788824,5,0.7633587786259542,Unilateral,1.0,"Unilateral pulmonary infection, one infected areas, middle left lung."
Test,bjorke_81.png,bjorke_81.png,512,512,21090,0.08045196533203125,0.4063568115234375,0.39247721302515826,0.5084037379639398,8,0.5668089141773353,Bilateral,9.0,"Bilateral pulmonary infection, nine infected areas, all left lung and all right lung.."
Test,bjorke_82.png,bjorke_82.png,512,512,4149,0.015827178955078125,0.0687408447265625,0.2643123870651877,0.4528849287711796,6,0.5668835864063629,Unilateral,7.0,"Unilateral pulmonary infection, seven infected areas, middle left lung."
Test,bjorke_83.png,bjorke_83.png,512,512,9797,0.037372589111328125,0.2750396728515625,0.23727100452293096,0.6461690916605127,3,0.9239563131570889,Bilateral,3.0,"Bilateral pulmonary infection, three infected areas, middle left lung and middle right lung."
Test,bjorke_84.png,bjorke_84.png,512,512,5885,0.022449493408203125,0.5633544921875,0.5196088765926175,0.5125957898202169,13,0.15853865760407818,Bilateral,9.0,"Bilateral pulmonary infection, nine infected areas, upper left lung and all right lung.."
Test,bjorke_85.png,bjorke_85.png,512,512,16134,0.06154632568359375,0.23613739013671875,0.452772729952208,0.5458315472885232,9,0.6268749225238627,Bilateral,9.0,"Bilateral pulmonary infection, nine infected areas, middle left lung and middle right lung."
Test,bjorke_86.png,bjorke_86.png,512,512,25376,0.0968017578125,0.3900146484375,0.45474112402306877,0.5858762490036351,7,0.5596232660781841,Bilateral,8.0,"Bilateral pulmonary infection, eight infected areas, all left lung and middle right lung."
Test,bjorke_87.png,bjorke_87.png,512,512,8351,0.031856536865234375,0.2838592529296875,0.4429831457896344,0.48420768713966317,6,0.2854747934379116,Bilateral,6.0,"Bilateral pulmonary infection, six infected areas, upper left lung and middle right lung."
Test,bjorke_88.png,bjorke_88.png,512,512,44229,0.16872024536132812,0.46855926513671875,0.5581708506151868,0.6440251211682093,3,0.5573944696918312,Bilateral,3.0,"Bilateral pulmonary infection, three infected areas, middle left lung and all right lung.."
Test,bjorke_89.png,bjorke_89.png,512,512,18446,0.07036590576171875,0.3320808410644531,0.45985436307130584,0.6037653038339232,12,0.2864035563265749,Bilateral,9.0,"Bilateral pulmonary infection, nine infected areas, all left lung and middle right lung."
Test,bjorke_9.png,bjorke_9.png,512,512,55669,0.21236038208007812,0.553436279296875,0.5572790303491855,0.6033237975412329,4,0.5577251252941493,Bilateral,5.0,"Bilateral pulmonary infection, five infected areas, middle left lung and all right lung.."
Test,Jun_coronacases_case8_157.png,Jun_coronacases_case8_157.png,512,512,4423,0.016872406005859375,0.1613616943359375,0.4497567200096631,0.5340417219542217,3,0.6597332127515261,Bilateral,3.0,"Bilateral pulmonary infection, three infected areas, upper left lung and middle right lung."
Test,Jun_coronacases_case8_158.png,Jun_coronacases_case8_158.png,512,512,3749,0.014301300048828125,0.162353515625,0.45386558398612753,0.5408121878815434,3,0.6716457722059216,Bilateral,2.0,"Bilateral pulmonary infection, two infected areas, middle left lung and middle right lung."
Test,Jun_coronacases_case8_159.png,Jun_coronacases_case8_159.png,512,512,3842,0.01465606689453125,0.16050338745117188,0.43987761185211144,0.5407510561504272,3,0.7051015096304009,Bilateral,3.0,"Bilateral pulmonary infection, three infected areas, upper left lung and middle right lung."
Test,Jun_coronacases_case8_160.png,Jun_coronacases_case8_160.png,512,512,3296,0.0125732421875,0.0511932373046875,0.4441569452624779,0.5475628408032983,2,0.7111650485436893,Bilateral,2.0,"Bilateral pulmonary infection, two infected areas, middle left lung and middle right lung."
Test,Jun_coronacases_case8_161.png,Jun_coronacases_case8_161.png,512,512,3001,0.011447906494140625,0.048614501953125,0.4376532023572051,0.5495995790053022,3,0.7077640786404532,Bilateral,3.0,"Bilateral pulmonary infection, three infected areas, middle left lung and middle right lung."
Test,Jun_coronacases_case8_162.png,Jun_coronacases_case8_162.png,512,512,2309,0.008808135986328125,0.048065185546875,0.4465043194375112,0.5496894225692198,4,0.35643135556517974,Bilateral,4.0,"Bilateral pulmonary infection, four infected areas, middle left lung and middle right lung."
Test,Jun_coronacases_case8_163.png,Jun_coronacases_case8_163.png,512,512,2016,0.0076904296875,0.048248291015625,0.4340763131736713,0.5494905724847017,4,0.38392857142857145,Bilateral,4.0,"Bilateral pulmonary infection, four infected areas, middle left lung and middle right lung."
Test,Jun_coronacases_case8_164.png,Jun_coronacases_case8_164.png,512,512,1655,0.006313323974609375,0.0438079833984375,0.41314997546425763,0.5458865680113042,4,0.40845921450151057,Bilateral,4.0,"Bilateral pulmonary infection, four infected areas, middle left lung and middle right lung."
Test,Jun_coronacases_case8_165.png,Jun_coronacases_case8_165.png,512,512,1375,0.005245208740234375,0.031280517578125,0.3930475004447607,0.5462842910514143,3,0.5352727272727272,Bilateral,3.0,"Bilateral pulmonary infection, three infected areas, middle left lung and middle right lung."
Test,Jun_coronacases_case8_166.png,Jun_coronacases_case8_166.png,512,512,1305,0.004978179931640625,0.040271759033203125,0.37389687413305744,0.5436294246875258,3,0.6758620689655173,Bilateral,3.0,"Bilateral pulmonary infection, three infected areas, middle left lung and middle right lung."
Test,Jun_coronacases_case8_167.png,Jun_coronacases_case8_167.png,512,512,1046,0.00399017333984375,0.0150604248046875,0.33558650417394753,0.5373952771344007,2,0.7447418738049714,Unilateral,2.0,"Unilateral pulmonary infection, two infected areas, middle left lung."
Test,Jun_coronacases_case8_168.png,Jun_coronacases_case8_168.png,512,512,952,0.003631591796875,0.00965118408203125,0.30372765544573993,0.5240651054942524,1,1.0,Unilateral,1.0,"Unilateral pulmonary infection, one infected areas, middle left lung."
Test,Jun_coronacases_case8_169.png,Jun_coronacases_case8_169.png,512,512,1144,0.004364013671875,0.010280609130859375,0.3029692909829896,0.5149011946957153,1,1.0,Unilateral,1.0,"Unilateral pulmonary infection, one infected areas, middle left lung."
Test,Jun_coronacases_case8_170.png,Jun_coronacases_case8_170.png,512,512,1244,0.0047454833984375,0.044300079345703125,0.30966643804154265,0.48014107638386366,2,0.9019292604501608,Unilateral,2.0,"Unilateral pulmonary infection, two infected areas, upper left lung."
Test,Jun_coronacases_case8_171.png,Jun_coronacases_case8_171.png,512,512,1303,0.004970550537109375,0.04364013671875,0.3085413309343334,0.4822996156693946,2,0.9232540291634689,Unilateral,2.0,"Unilateral pulmonary infection, two infected areas, upper left lung."
Test,Jun_coronacases_case8_172.png,Jun_coronacases_case8_172.png,512,512,922,0.00351715087890625,0.040828704833984375,0.3128271306739794,0.47175161628553597,2,0.8774403470715835,Unilateral,2.0,"Unilateral pulmonary infection, two infected areas, upper left lung."
Test,Jun_coronacases_case8_173.png,Jun_coronacases_case8_173.png,512,512,1270,0.00484466552734375,0.042949676513671875,0.31423178267100177,0.46423101221936297,2,0.8677165354330708,Unilateral,2.0,"Unilateral pulmonary infection, two infected areas, upper left lung."
Test,Jun_coronacases_case8_174.png,Jun_coronacases_case8_174.png,512,512,1180,0.0045013427734375,0.043792724609375,0.31722445188895154,0.4609257355136157,2,0.8398305084745763,Unilateral,2.0,"Unilateral pulmonary infection, two infected areas, upper left lung."
Test,Jun_coronacases_case8_175.png,Jun_coronacases_case8_175.png,512,512,1317,0.005023956298828125,0.042331695556640625,0.31364796051038135,0.4655216222601625,2,0.8724373576309795,Unilateral,2.0,"Unilateral pulmonary infection, two infected areas, upper left lung."
Test,Jun_coronacases_case8_176.png,Jun_coronacases_case8_176.png,512,512,1090,0.00415802001953125,0.044643402099609375,0.3079301244187508,0.4600872547083431,3,0.8532110091743119,Unilateral,3.0,"Unilateral pulmonary infection, three infected areas, upper left lung."
Test,Jun_coronacases_case8_177.png,Jun_coronacases_case8_177.png,512,512,1145,0.004367828369140625,0.031284332275390625,0.3017031422247669,0.47194729061092644,2,0.9179039301310044,Unilateral,2.0,"Unilateral pulmonary infection, two infected areas, upper left lung."
Test,Jun_coronacases_case8_178.png,Jun_coronacases_case8_178.png,512,512,1133,0.004322052001953125,0.0304412841796875,0.2985976651357686,0.4698659499829868,2,0.9037952338923213,Unilateral,2.0,"Unilateral pulmonary infection, two infected areas, upper left lung."
Test,Jun_coronacases_case8_179.png,Jun_coronacases_case8_179.png,512,512,1023,0.003902435302734375,0.0242767333984375,0.29589308908796313,0.46708866328839815,2,0.9178885630498533,Unilateral,2.0,"Unilateral pulmonary infection, two infected areas, upper left lung."
Test,Jun_coronacases_case8_180.png,Jun_coronacases_case8_180.png,512,512,973,0.003711700439453125,0.03954315185546875,0.29279992276796396,0.45910422905734677,3,0.869475847893114,Unilateral,2.0,"Unilateral pulmonary infection, two infected areas, upper left lung."
Test,Jun_coronacases_case8_181.png,Jun_coronacases_case8_181.png,512,512,844,0.0032196044921875,0.038188934326171875,0.28896504391537825,0.45831748917186815,4,0.8566350710900474,Unilateral,2.0,"Unilateral pulmonary infection, two infected areas, upper left lung."
Test,Jun_coronacases_case8_182.png,Jun_coronacases_case8_182.png,512,512,841,0.003208160400390625,0.037059783935546875,0.2877526753864447,0.46268885936274723,3,0.8573127229488704,Unilateral,3.0,"Unilateral pulmonary infection, three infected areas, upper left lung."
Test,Jun_coronacases_case8_183.png,Jun_coronacases_case8_183.png,512,512,917,0.003498077392578125,0.037872314453125,0.2935506106656821,0.46892252665993717,3,0.8865866957470011,Unilateral,2.0,"Unilateral pulmonary infection, two infected areas, middle left lung."
Test,Jun_coronacases_case8_184.png,Jun_coronacases_case8_184.png,512,512,1003,0.003826141357421875,0.037353515625,0.29238117350492554,0.46826058029434203,3,0.8963110667996012,Unilateral,2.0,"Unilateral pulmonary infection, two infected areas, middle left lung."
Test,Jun_coronacases_case8_185.png,Jun_coronacases_case8_185.png,512,512,906,0.00345611572265625,0.01073455810546875,0.29237568201552594,0.4784951810716122,2,0.9514348785871964,Unilateral,1.0,"Unilateral pulmonary infection, one infected areas, middle left lung."
Test,Jun_coronacases_case8_186.png,Jun_coronacases_case8_186.png,512,512,974,0.00371551513671875,0.0093841552734375,0.3036904728418328,0.4833418388873931,2,0.9548254620123203,Unilateral,1.0,"Unilateral pulmonary infection, one infected areas, middle left lung."
Test,Jun_coronacases_case8_187.png,Jun_coronacases_case8_187.png,512,512,1017,0.003879547119140625,0.008892059326171875,0.3091880304875819,0.4836507359237387,2,0.8918387413962635,Unilateral,2.0,"Unilateral pulmonary infection, two infected areas, middle left lung."
Test,Jun_coronacases_case8_188.png,Jun_coronacases_case8_188.png,512,512,911,0.003475189208984375,0.00942230224609375,0.3064501923651135,0.4856558565564174,2,0.8397365532381997,Unilateral,2.0,"Unilateral pulmonary infection, two infected areas, middle left lung."
Test,Jun_coronacases_case8_189.png,Jun_coronacases_case8_189.png,512,512,705,0.002689361572265625,0.008514404296875,0.3092864776338982,0.4849981263271849,3,0.64822695035461,Unilateral,3.0,"Unilateral pulmonary infection, three infected areas, middle left lung."
Test,Jun_coronacases_case8_190.png,Jun_coronacases_case8_190.png,512,512,821,0.003131866455078125,0.0092010498046875,0.3222455551556381,0.48829764665781555,3,0.5054811205846529,Unilateral,3.0,"Unilateral pulmonary infection, three infected areas, middle left lung."
Test,Jun_coronacases_case8_191.png,Jun_coronacases_case8_191.png,512,512,826,0.00315093994140625,0.009857177734375,0.31512298441549824,0.48552664622849373,2,0.662227602905569,Unilateral,2.0,"Unilateral pulmonary infection, two infected areas, middle left lung."
Test,Jun_coronacases_case8_192.png,Jun_coronacases_case8_192.png,512,512,911,0.003475189208984375,0.036529541015625,0.3306467377411545,0.4690228797411932,3,0.5345773874862788,Unilateral,3.0,"Unilateral pulmonary infection, three infected areas, upper left lung."
Test,Jun_coronacases_case8_193.png,Jun_coronacases_case8_193.png,512,512,896,0.00341796875,0.037044525146484375,0.34127105465473856,0.4554707156835337,3,0.4453125,Unilateral,3.0,"Unilateral pulmonary infection, three infected areas, upper left lung."
Test,Jun_coronacases_case8_194.png,Jun_coronacases_case8_194.png,512,512,781,0.002979278564453125,0.03736114501953125,0.345164386067338,0.4500001252847095,3,0.4379001280409731,Unilateral,3.0,"Unilateral pulmonary infection, three infected areas, upper left lung."
Test,Jun_coronacases_case8_195.png,Jun_coronacases_case8_195.png,512,512,874,0.00333404541015625,0.03916168212890625,0.35897441638640976,0.44849467325251785,4,0.3890160183066362,Unilateral,4.0,"Unilateral pulmonary infection, four infected areas, upper left lung."
Test,Jun_coronacases_case8_196.png,Jun_coronacases_case8_196.png,512,512,863,0.003292083740234375,0.03936767578125,0.35469270487286647,0.45358769867095394,4,0.34762456546929316,Unilateral,4.0,"Unilateral pulmonary infection, four infected areas, upper left lung."
Test,Jun_coronacases_case8_197.png,Jun_coronacases_case8_197.png,512,512,749,0.002857208251953125,0.11564254760742188,0.382921520932019,0.4518745150089225,5,0.31241655540720964,Unilateral,4.0,"Unilateral pulmonary infection, four infected areas, upper left lung."
Test,Jun_coronacases_case8_198.png,Jun_coronacases_case8_198.png,512,512,939,0.003582000732421875,0.12830352783203125,0.40997938849048304,0.46360682659864244,6,0.29818956336528224,Bilateral,6.0,"Bilateral pulmonary infection, six infected areas, upper left lung and middle right lung."
Test,Jun_coronacases_case8_199.png,Jun_coronacases_case8_199.png,512,512,868,0.0033111572265625,0.12969970703125,0.45128148475475033,0.4639903685734126,6,0.2891705069124424,Bilateral,5.0,"Bilateral pulmonary infection, five infected areas, upper left lung and middle right lung."
Test,Jun_coronacases_case8_200.png,Jun_coronacases_case8_200.png,512,512,873,0.003330230712890625,0.1277923583984375,0.425112586106796,0.46912484336576976,6,0.3218785796105384,Bilateral,5.0,"Bilateral pulmonary infection, five infected areas, upper left lung and middle right lung."
Test,Jun_coronacases_case8_201.png,Jun_coronacases_case8_201.png,512,512,869,0.003314971923828125,0.12728118896484375,0.43288391857838715,0.47981687118153216,7,0.35443037974683544,Bilateral,4.0,"Bilateral pulmonary infection, four infected areas, upper left lung and middle right lung."
Test,Jun_coronacases_case8_202.png,Jun_coronacases_case8_202.png,512,512,767,0.002925872802734375,0.041172027587890625,0.48230455404822714,0.5111459239622694,6,0.29465449804432853,Bilateral,4.0,"Bilateral pulmonary infection, four infected areas, middle left lung and middle right lung."
Test,Jun_coronacases_case8_203.png,Jun_coronacases_case8_203.png,512,512,746,0.00284576416015625,0.037342071533203125,0.5033105460039978,0.5124630777060172,4,0.42761394101876676,Bilateral,4.0,"Bilateral pulmonary infection, four infected areas, middle left lung and middle right lung."
Test,Jun_coronacases_case8_204.png,Jun_coronacases_case8_204.png,512,512,602,0.00229644775390625,0.035003662109375,0.48220543394165566,0.510288600945316,4,0.4019933554817276,Bilateral,4.0,"Bilateral pulmonary infection, four infected areas, middle left lung and middle right lung."
Test,Jun_coronacases_case8_205.png,Jun_coronacases_case8_205.png,512,512,636,0.0024261474609375,0.034862518310546875,0.5225972011963225,0.5133786261984763,4,0.5125786163522013,Bilateral,4.0,"Bilateral pulmonary infection, four infected areas, middle left lung and middle right lung."
Test,Jun_coronacases_case8_206.png,Jun_coronacases_case8_206.png,512,512,452,0.0017242431640625,0.0330963134765625,0.5496596990111355,0.5162270751433075,4,0.49557522123893805,Bilateral,3.0,"Bilateral pulmonary infection, three infected areas, middle left lung and middle right lung."
Test,Jun_coronacases_case8_207.png,Jun_coronacases_case8_207.png,512,512,545,0.002079010009765625,0.014423370361328125,0.6184635271728397,0.5226808380760876,3,0.5651376146788991,Bilateral,3.0,"Bilateral pulmonary infection, three infected areas, middle left lung and middle right lung."
Test,Jun_coronacases_case8_208.png,Jun_coronacases_case8_208.png,512,512,656,0.00250244140625,0.022235870361328125,0.62917641162713,0.5229762302515393,3,0.4679878048780488,Bilateral,3.0,"Bilateral pulmonary infection, three infected areas, middle left lung and middle right lung."
Test,Jun_coronacases_case8_209.png,Jun_coronacases_case8_209.png,512,512,805,0.003070831298828125,0.0381317138671875,0.6329909688711697,0.5130215993484947,5,0.4422360248447205,Bilateral,5.0,"Bilateral pulmonary infection, five infected areas, middle left lung and middle right lung."
Test,Jun_coronacases_case8_210.png,Jun_coronacases_case8_210.png,512,512,708,0.0027008056640625,0.03621673583984375,0.6423375015202273,0.5149313962873285,5,0.4858757062146893,Bilateral,3.0,"Bilateral pulmonary infection, three infected areas, middle left lung and middle right lung."
Test,Jun_coronacases_case8_211.png,Jun_coronacases_case8_211.png,512,512,737,0.002811431884765625,0.031280517578125,0.675749521384361,0.5108853526355059,4,0.6132971506105834,Bilateral,3.0,"Bilateral pulmonary infection, three infected areas, middle left lung and middle right lung."
Test,Jun_coronacases_case8_212.png,Jun_coronacases_case8_212.png,512,512,685,0.002613067626953125,0.032550811767578125,0.6788006913594354,0.5119030954047453,3,0.6262773722627737,Unilateral,2.0,"Unilateral pulmonary infection, two infected areas, left lung and middle right lung."
Test,Jun_coronacases_case8_213.png,Jun_coronacases_case8_213.png,512,512,908,0.0034637451171875,0.04103851318359375,0.6646831383570264,0.5065497383553024,5,0.5418502202643172,Bilateral,4.0,"Bilateral pulmonary infection, four infected areas, middle left lung and middle right lung."
Test,Jun_coronacases_case8_214.png,Jun_coronacases_case8_214.png,512,512,974,0.00371551513671875,0.03902435302734375,0.6551855081432308,0.5011110798571067,4,0.6519507186858317,Bilateral,3.0,"Bilateral pulmonary infection, three infected areas, middle left lung and middle right lung."
Test,Jun_coronacases_case8_215.png,Jun_coronacases_case8_215.png,512,512,1084,0.0041351318359375,0.037464141845703125,0.6519666957922026,0.4991154021129252,4,0.6374538745387454,Bilateral,4.0,"Bilateral pulmonary infection, four infected areas, middle left lung and middle right lung."
Test,Jun_coronacases_case8_216.png,Jun_coronacases_case8_216.png,512,512,1033,0.003940582275390625,0.03862762451171875,0.6619861592875425,0.4930237580584356,4,0.7831558567279767,Bilateral,2.0,"Bilateral pulmonary infection, two infected areas, middle left lung and middle right lung."
Test,Jun_coronacases_case8_217.png,Jun_coronacases_case8_217.png,512,512,1081,0.004123687744140625,0.03902435302734375,0.6436238099462157,0.49038814897418675,4,0.6910268270120259,Bilateral,4.0,"Bilateral pulmonary infection, four infected areas, middle left lung and middle right lung."
Test,Jun_coronacases_case8_218.png,Jun_coronacases_case8_218.png,512,512,1104,0.00421142578125,0.038787841796875,0.642507941234862,0.4899848265691029,4,0.6865942028985508,Bilateral,4.0,"Bilateral pulmonary infection, four infected areas, middle left lung and middle right lung."
Test,Jun_coronacases_case8_219.png,Jun_coronacases_case8_219.png,512,512,1354,0.00516510009765625,0.0897216796875,0.622387244288865,0.4668258432650088,4,0.6262924667651403,Bilateral,4.0,"Bilateral pulmonary infection, four infected areas, upper left lung and middle right lung."
Test,Jun_coronacases_case8_220.png,Jun_coronacases_case8_220.png,512,512,1391,0.005306243896484375,0.09067153930664062,0.6089538422146283,0.4628369965714736,4,0.5808770668583753,Bilateral,4.0,"Bilateral pulmonary infection, four infected areas, upper left lung and middle right lung."
Test,Jun_coronacases_case8_221.png,Jun_coronacases_case8_221.png,512,512,1350,0.00514984130859375,0.08445358276367188,0.6147307385663551,0.45967529173008626,3,0.6318518518518519,Bilateral,3.0,"Bilateral pulmonary infection, three infected areas, upper left lung and middle right lung."
Test,Jun_coronacases_case8_222.png,Jun_coronacases_case8_222.png,512,512,1336,0.005096435546875,0.0868988037109375,0.6129243470007149,0.4552362984403014,3,0.624251497005988,Bilateral,3.0,"Bilateral pulmonary infection, three infected areas, upper left lung and middle right lung."
Test,Jun_coronacases_case8_223.png,Jun_coronacases_case8_223.png,512,512,1291,0.004924774169921875,0.0843048095703125,0.6210010292541621,0.45871993524339055,3,0.6545313710302091,Bilateral,3.0,"Bilateral pulmonary infection, three infected areas, upper left lung and middle right lung."
Test,Jun_coronacases_case8_224.png,Jun_coronacases_case8_224.png,512,512,1330,0.00507354736328125,0.0817108154296875,0.617812633344614,0.45752247546459107,3,0.6428571428571429,Bilateral,3.0,"Bilateral pulmonary infection, three infected areas, upper left lung and middle right lung."
Test,Jun_coronacases_case8_225.png,Jun_coronacases_case8_225.png,512,512,1144,0.004364013671875,0.078521728515625,0.6253147537394113,0.4642959779946081,3,0.6791958041958042,Bilateral,3.0,"Bilateral pulmonary infection, three infected areas, upper left lung and middle right lung."
Test,Jun_coronacases_case8_226.png,Jun_coronacases_case8_226.png,512,512,1067,0.004070281982421875,0.10378265380859375,0.617999145325794,0.4725541370083101,4,0.6729147141518276,Bilateral,3.0,"Bilateral pulmonary infection, three infected areas, upper left lung and middle right lung."
Test,Jun_coronacases_case8_227.png,Jun_coronacases_case8_227.png,512,512,1162,0.00443267822265625,0.10744857788085938,0.6157209211461445,0.4712200774021442,4,0.6746987951807228,Bilateral,4.0,"Bilateral pulmonary infection, four infected areas, upper left lung and middle right lung."
Test,Jun_coronacases_case8_228.png,Jun_coronacases_case8_228.png,512,512,978,0.00373077392578125,0.106903076171875,0.6541406040523614,0.478889782654805,3,0.8415132924335378,Bilateral,3.0,"Bilateral pulmonary infection, three infected areas, upper left lung and middle right lung."
Test,Jun_coronacases_case8_229.png,Jun_coronacases_case8_229.png,512,512,1141,0.004352569580078125,0.11006927490234375,0.6396250070748528,0.4683741216463054,3,0.7887817703768624,Bilateral,3.0,"Bilateral pulmonary infection, three infected areas, upper left lung and middle right lung."
Test,Jun_coronacases_case8_230.png,Jun_coronacases_case8_230.png,512,512,1101,0.004199981689453125,0.1064300537109375,0.6347511868769007,0.4666670221520731,3,0.7774750227066304,Bilateral,3.0,"Bilateral pulmonary infection, three infected areas, upper left lung and middle right lung."
Test,Jun_coronacases_case8_231.png,Jun_coronacases_case8_231.png,512,512,836,0.0031890869140625,0.10728836059570312,0.6047224224945926,0.4580497008398955,3,0.6889952153110048,Bilateral,3.0,"Bilateral pulmonary infection, three infected areas, upper left lung and middle right lung."
Test,Jun_coronacases_case8_232.png,Jun_coronacases_case8_232.png,512,512,793,0.003025054931640625,0.10471343994140625,0.6298235786221414,0.4629253522134726,3,0.7578814627994955,Bilateral,3.0,"Bilateral pulmonary infection, three infected areas, upper left lung and middle right lung."
Test,Jun_coronacases_case8_233.png,Jun_coronacases_case8_233.png,512,512,692,0.0026397705078125,0.09947967529296875,0.6223912084431524,0.4626709500808796,3,0.7427745664739884,Bilateral,3.0,"Bilateral pulmonary infection, three infected areas, upper left lung and middle right lung."
Test,Jun_coronacases_case8_234.png,Jun_coronacases_case8_234.png,512,512,581,0.002216339111328125,0.0254058837890625,0.6074249472028455,0.48483786979059657,2,0.7383820998278829,Bilateral,2.0,"Bilateral pulmonary infection, two infected areas, middle left lung and middle right lung."
Test,Jun_coronacases_case8_235.png,Jun_coronacases_case8_235.png,512,512,385,0.001468658447265625,0.02577972412109375,0.6494218110656467,0.4890233054616617,2,0.8337662337662337,Bilateral,2.0,"Bilateral pulmonary infection, two infected areas, middle left lung and middle right lung."
Test,Jun_coronacases_case8_236.png,Jun_coronacases_case8_236.png,512,512,208,0.00079345703125,0.001087188720703125,0.7192533493903357,0.4906574589793768,1,1.0,Unilateral,1.0,"Unilateral pulmonary infection, one infected areas, left lung and middle right lung."
Test,Jun_coronacases_case8_237.png,Jun_coronacases_case8_237.png,512,512,262,0.00099945068359375,0.01421356201171875,0.5163950344333069,0.4976322433187434,2,0.5343511450381679,Bilateral,2.0,"Bilateral pulmonary infection, two infected areas, middle left lung and middle right lung."
Test,Jun_coronacases_case8_238.png,Jun_coronacases_case8_238.png,512,512,205,0.000782012939453125,0.01084136962890625,0.5625411674860388,0.4975514295260369,2,0.5853658536585366,Bilateral,2.0,"Bilateral pulmonary infection, two infected areas, middle left lung and middle right lung."
Test,Jun_coronacases_case8_239.png,Jun_coronacases_case8_239.png,512,512,187,0.000713348388671875,0.013294219970703125,0.4758521092123026,0.49617505781889343,2,0.6417112299465241,Bilateral,2.0,"Bilateral pulmonary infection, two infected areas, middle left lung and middle right lung."
Test,Jun_coronacases_case8_240.png,Jun_coronacases_case8_240.png,512,512,139,0.000530242919921875,0.0007781982421875,0.33869264666544646,0.49658590153317655,1,1.0,Unilateral,1.0,"Unilateral pulmonary infection, one infected areas, middle left lung."
Test,Jun_coronacases_case8_241.png,Jun_coronacases_case8_241.png,512,512,217,0.000827789306640625,0.00186920166015625,0.357066202530504,0.49594632373497344,2,0.5529953917050692,Unilateral,2.0,"Unilateral pulmonary infection, two infected areas, middle left lung."
Test,Jun_coronacases_case8_242.png,Jun_coronacases_case8_242.png,512,512,208,0.00079345703125,0.001922607421875,0.3552329519795273,0.4985134728285413,2,0.5480769230769231,Unilateral,2.0,"Unilateral pulmonary infection, two infected areas, middle left lung."
Test,Jun_coronacases_case8_243.png,Jun_coronacases_case8_243.png,512,512,267,0.001018524169921875,0.0023345947265625,0.35784281389945544,0.49567199513328497,2,0.5205992509363296,Unilateral,2.0,"Unilateral pulmonary infection, two infected areas, middle left lung."
Test,Jun_coronacases_case8_244.png,Jun_coronacases_case8_244.png,512,512,276,0.0010528564453125,0.0023193359375,0.3568379704472617,0.49664624634845006,2,0.5036231884057971,Unilateral,2.0,"Unilateral pulmonary infection, two infected areas, middle left lung."
Test,Jun_coronacases_case8_245.png,Jun_coronacases_case8_245.png,512,512,370,0.00141143798828125,0.00432586669921875,0.3706775268419104,0.49440418892473686,3,0.4540540540540541,Unilateral,3.0,"Unilateral pulmonary infection, three infected areas, middle left lung."
Test,Jun_coronacases_case8_246.png,Jun_coronacases_case8_246.png,512,512,349,0.001331329345703125,0.00511932373046875,0.3791711291416908,0.4920796909257089,3,0.4326647564469914,Unilateral,3.0,"Unilateral pulmonary infection, three infected areas, middle left lung."
Test,Jun_coronacases_case8_247.png,Jun_coronacases_case8_247.png,512,512,438,0.00167083740234375,0.006008148193359375,0.37589916807406015,0.4932847224083854,3,0.4885844748858447,Unilateral,3.0,"Unilateral pulmonary infection, three infected areas, middle left lung."
Test,Jun_coronacases_case8_248.png,Jun_coronacases_case8_248.png,512,512,347,0.001323699951171875,0.00567626953125,0.384678288037808,0.4924231743149275,3,0.41210374639769454,Unilateral,3.0,"Unilateral pulmonary infection, three infected areas, middle left lung."
Test,Jun_coronacases_case8_249.png,Jun_coronacases_case8_249.png,512,512,325,0.001239776611328125,0.00511932373046875,0.3868734005720307,0.4904109589041096,3,0.4338461538461538,Unilateral,3.0,"Unilateral pulmonary infection, three infected areas, middle left lung."
Test,Jun_coronacases_case8_250.png,Jun_coronacases_case8_250.png,512,512,216,0.000823974609375,0.002899169921875,0.3975592520113068,0.4864735087337827,2,0.5509259259259259,Unilateral,2.0,"Unilateral pulmonary infection, two infected areas, middle left lung."
Test,Jun_coronacases_case8_251.png,Jun_coronacases_case8_251.png,512,512,175,0.000667572021484375,0.00225830078125,0.4021135029354207,0.4798210791165782,2,0.5142857142857142,Unilateral,2.0,"Unilateral pulmonary infection, two infected areas, middle left lung."
Test,Jun_coronacases_case8_252.png,Jun_coronacases_case8_252.png,512,512,177,0.000675201416015625,0.001636505126953125,0.3920196358088162,0.48103309120258275,2,0.6892655367231638,Unilateral,2.0,"Unilateral pulmonary infection, two infected areas, middle left lung."
Test,Jun_coronacases_case8_253.png,Jun_coronacases_case8_253.png,512,512,81,0.000308990478515625,0.00048065185546875,0.42144427532555384,0.47534488173757583,1,1.0,Unilateral,1.0,"Unilateral pulmonary infection, one infected areas, middle left lung."
Test,Jun_coronacases_case8_254.png,Jun_coronacases_case8_254.png,512,512,100,0.0003814697265625,0.0005950927734375,0.41880626223091977,0.4764970645792564,1,1.0,Unilateral,1.0,"Unilateral pulmonary infection, one infected areas, middle left lung."
Test,Jun_coronacases_case8_255.png,Jun_coronacases_case8_255.png,512,512,65,0.000247955322265625,0.00034332275390625,0.4181845551708565,0.4731296101159115,1,1.0,Unilateral,1.0,"Unilateral pulmonary infection, one infected areas, middle left lung."
Test,Jun_coronacases_case8_261.png,Jun_coronacases_case8_261.png,512,512,197,0.000751495361328125,0.001087188720703125,0.6610905261903106,0.4720911520160529,1,1.0,Unilateral,1.0,"Unilateral pulmonary infection, one infected areas, left lung and middle right lung."
Test,Jun_coronacases_case8_262.png,Jun_coronacases_case8_262.png,512,512,193,0.000736236572265625,0.00090789794921875,0.6590754692110359,0.4738448434949251,1,1.0,Unilateral,1.0,"Unilateral pulmonary infection, one infected areas, left lung and middle right lung."
Test,Jun_coronacases_case8_263.png,Jun_coronacases_case8_263.png,512,512,212,0.0008087158203125,0.00115966796875,0.661263523243363,0.4724642764834029,1,1.0,Unilateral,1.0,"Unilateral pulmonary infection, one infected areas, left lung and middle right lung."
Test,Jun_coronacases_case8_264.png,Jun_coronacases_case8_264.png,512,512,281,0.001071929931640625,0.01336669921875,0.58504363086823,0.46558628326287854,2,0.708185053380783,Bilateral,2.0,"Bilateral pulmonary infection, two infected areas, middle left lung and middle right lung."
Test,Jun_coronacases_case8_265.png,Jun_coronacases_case8_265.png,512,512,273,0.001041412353515625,0.014019012451171875,0.5612997569944732,0.4649792477581127,2,0.6263736263736264,Bilateral,2.0,"Bilateral pulmonary infection, two infected areas, middle left lung and middle right lung."
Test,Jun_coronacases_case8_266.png,Jun_coronacases_case8_266.png,512,512,216,0.000823974609375,0.010986328125,0.5455080814669856,0.46074327752409944,2,0.5648148148148148,Bilateral,2.0,"Bilateral pulmonary infection, two infected areas, middle left lung and middle right lung."
Test,Jun_coronacases_case8_267.png,Jun_coronacases_case8_267.png,512,512,158,0.00060272216796875,0.010219573974609375,0.5024647625653348,0.4585573088260794,2,0.5886075949367089,Bilateral,2.0,"Bilateral pulmonary infection, two infected areas, middle left lung and middle right lung."
Test,Jun_coronacases_case8_268.png,Jun_coronacases_case8_268.png,512,512,171,0.000652313232421875,0.010219573974609375,0.4601801306920269,0.455762694407251,2,0.7426900584795322,Unilateral,1.0,"Unilateral pulmonary infection, one infected areas, middle left lung."
Test,Jun_coronacases_case8_269.png,Jun_coronacases_case8_269.png,512,512,192,0.000732421875,0.00968170166015625,0.45230960534898895,0.4563254240052185,2,0.7708333333333334,Unilateral,1.0,"Unilateral pulmonary infection, one infected areas, middle left lung."
Test,Jun_coronacases_case8_49.png,Jun_coronacases_case8_49.png,512,512,66,0.00025177001953125,0.000335693359375,0.6545988258317026,0.5636007827788649,1,1.0,Unilateral,1.0,"Unilateral pulmonary infection, one infected areas, left lung and middle right lung."
Test,Jun_coronacases_case8_50.png,Jun_coronacases_case8_50.png,512,512,97,0.000370025634765625,0.0005340576171875,0.6528133637299008,0.5642060241693062,1,1.0,Unilateral,1.0,"Unilateral pulmonary infection, one infected areas, left lung and middle right lung."
Test,Jun_coronacases_case8_51.png,Jun_coronacases_case8_51.png,512,512,128,0.00048828125,0.0008544921875,0.6522137964774951,0.56323385518591,1,1.0,Unilateral,1.0,"Unilateral pulmonary infection, one infected areas, left lung and middle right lung."
Test,Jun_coronacases_case8_52.png,Jun_coronacases_case8_52.png,512,512,129,0.000492095947265625,0.00079345703125,0.6498429891230145,0.5628726163928458,1,1.0,Unilateral,1.0,"Unilateral pulmonary infection, one infected areas, left lung and middle right lung."
Test,Jun_coronacases_case8_53.png,Jun_coronacases_case8_53.png,512,512,113,0.000431060791015625,0.0006866455078125,0.6542091682108654,0.5638778726425714,1,1.0,Unilateral,1.0,"Unilateral pulmonary infection, one infected areas, left lung and middle right lung."
Test,Jun_coronacases_case8_54.png,Jun_coronacases_case8_54.png,512,512,156,0.0005950927734375,0.00075531005859375,0.6528927693311255,0.5634502483817552,1,1.0,Unilateral,1.0,"Unilateral pulmonary infection, one infected areas, left lung and middle right lung."
Test,Jun_coronacases_case8_55.png,Jun_coronacases_case8_55.png,512,512,138,0.00052642822265625,0.00089263916015625,0.65255679401004,0.5617289202756743,1,1.0,Unilateral,1.0,"Unilateral pulmonary infection, one infected areas, left lung and middle right lung."
Test,Jun_coronacases_case8_56.png,Jun_coronacases_case8_56.png,512,512,314,0.00119781494140625,0.01165771484375,0.4775387338427213,0.5597741408752664,2,0.5095541401273885,Bilateral,2.0,"Bilateral pulmonary infection, two infected areas, middle left lung and middle right lung."
Test,Jun_coronacases_case8_57.png,Jun_coronacases_case8_57.png,512,512,631,0.002407073974609375,0.017635345458984375,0.40378239739983435,0.5530779274347866,2,0.7258320126782885,Bilateral,2.0,"Bilateral pulmonary infection, two infected areas, middle left lung and middle right lung."
Test,Jun_coronacases_case8_58.png,Jun_coronacases_case8_58.png,512,512,859,0.003276824951171875,0.018161773681640625,0.444286238264582,0.5534150892244885,2,0.6332945285215367,Bilateral,2.0,"Bilateral pulmonary infection, two infected areas, middle left lung and middle right lung."
Test,Jun_coronacases_case8_59.png,Jun_coronacases_case8_59.png,512,512,945,0.003604888916015625,0.019039154052734375,0.43276074508951223,0.5550192070740015,2,0.6550264550264551,Bilateral,2.0,"Bilateral pulmonary infection, two infected areas, middle left lung and middle right lung."
Test,Jun_coronacases_case8_60.png,Jun_coronacases_case8_60.png,512,512,878,0.00334930419921875,0.01609039306640625,0.4827864431259445,0.5528554043391626,2,0.5148063781321185,Bilateral,2.0,"Bilateral pulmonary infection, two infected areas, middle left lung and middle right lung."
Test,Jun_coronacases_case8_61.png,Jun_coronacases_case8_61.png,512,512,777,0.002964019775390625,0.0196533203125,0.5391704256674902,0.55063506335522,2,0.6357786357786358,Bilateral,2.0,"Bilateral pulmonary infection, two infected areas, middle left lung and middle right lung."
Test,Jun_coronacases_case8_62.png,Jun_coronacases_case8_62.png,512,512,973,0.003711700439453125,0.021881103515625,0.5443772463158911,0.5498880738853145,2,0.6289825282631039,Bilateral,2.0,"Bilateral pulmonary infection, two infected areas, middle left lung and middle right lung."
Test,Jun_coronacases_case8_63.png,Jun_coronacases_case8_63.png,512,512,1192,0.004547119140625,0.031597137451171875,0.5425586755801889,0.5474888033727788,2,0.6090604026845637,Bilateral,2.0,"Bilateral pulmonary infection, two infected areas, middle left lung and middle right lung."
Test,Jun_coronacases_case8_64.png,Jun_coronacases_case8_64.png,512,512,1272,0.004852294921875,0.0347137451171875,0.5348419672857512,0.5474175066770053,2,0.5786163522012578,Bilateral,2.0,"Bilateral pulmonary infection, two infected areas, middle left lung and middle right lung."
Test,Jun_coronacases_case8_65.png,Jun_coronacases_case8_65.png,512,512,1677,0.006397247314453125,0.03680419921875,0.5146514311853592,0.5469089686993478,2,0.528324388789505,Bilateral,2.0,"Bilateral pulmonary infection, two infected areas, middle left lung and middle right lung."
Test,Jun_coronacases_case8_66.png,Jun_coronacases_case8_66.png,512,512,1647,0.006282806396484375,0.03498077392578125,0.5133712840876551,0.5476624165148755,2,0.5349119611414693,Bilateral,2.0,"Bilateral pulmonary infection, two infected areas, middle left lung and middle right lung."
Test,Jun_coronacases_case8_67.png,Jun_coronacases_case8_67.png,512,512,1630,0.00621795654296875,0.035427093505859375,0.5264199872738405,0.5479331996686396,4,0.5533742331288344,Bilateral,2.0,"Bilateral pulmonary infection, two infected areas, middle left lung and middle right lung."
Test,Jun_coronacases_case8_68.png,Jun_coronacases_case8_68.png,512,512,1473,0.005619049072265625,0.03875732421875,0.5393641316694633,0.5464040929822255,3,0.571622539035981,Bilateral,2.0,"Bilateral pulmonary infection, two infected areas, middle left lung and middle right lung."
Test,Jun_coronacases_case8_69.png,Jun_coronacases_case8_69.png,512,512,1806,0.00688934326171875,0.040283203125,0.5346279958303806,0.5461735506563249,3,0.5609080841638981,Bilateral,2.0,"Bilateral pulmonary infection, two infected areas, middle left lung and middle right lung."
Test,Jun_coronacases_case8_70.png,Jun_coronacases_case8_70.png,512,512,2010,0.00766754150390625,0.03754425048828125,0.5455326109180128,0.545834428639581,3,0.5925373134328358,Bilateral,2.0,"Bilateral pulmonary infection, two infected areas, middle left lung and middle right lung."
Test,Jun_coronacases_case8_71.png,Jun_coronacases_case8_71.png,512,512,2478,0.00945281982421875,0.0419158935546875,0.504784964833391,0.54326527453331,2,0.5314769975786925,Bilateral,2.0,"Bilateral pulmonary infection, two infected areas, middle left lung and middle right lung."
Test,Jun_coronacases_case8_72.png,Jun_coronacases_case8_72.png,512,512,2500,0.0095367431640625,0.04297637939453125,0.5006904109589041,0.5448853228962818,2,0.5348,Bilateral,2.0,"Bilateral pulmonary infection, two infected areas, middle left lung and middle right lung."
Test,Jun_coronacases_case8_73.png,Jun_coronacases_case8_73.png,512,512,2573,0.009815216064453125,0.04232025146484375,0.5020257787668571,0.545979131474449,2,0.5289545277885737,Bilateral,2.0,"Bilateral pulmonary infection, two infected areas, middle left lung and middle right lung."
Test,Jun_coronacases_case8_74.png,Jun_coronacases_case8_74.png,512,512,3166,0.01207733154296875,0.0446319580078125,0.5207649030241819,0.5436221200549379,2,0.511054958938724,Bilateral,2.0,"Bilateral pulmonary infection, two infected areas, middle left lung and middle right lung."
Test,Jun_coronacases_case8_75.png,Jun_coronacases_case8_75.png,512,512,3160,0.012054443359375,0.04474639892578125,0.5099451311650028,0.5440195447001411,2,0.5164556962025316,Bilateral,2.0,"Bilateral pulmonary infection, two infected areas, middle left lung and middle right lung."
Test,Jun_radiopaedia_40_86625_0_case18_52.png,Jun_radiopaedia_40_86625_0_case18_52.png,512,512,20854,0.07955169677734375,0.22805404663085938,0.5244944959805353,0.3739364366595304,7,0.5299702694926632,Bilateral,6.0,"Bilateral pulmonary infection, six infected areas, upper left lung and upper right lung."
Test,Jun_radiopaedia_40_86625_0_case18_53.png,Jun_radiopaedia_40_86625_0_case18_53.png,512,512,21052,0.0803070068359375,0.229705810546875,0.5216765455996948,0.38634879692183327,6,0.48237697130913926,Bilateral,6.0,"Bilateral pulmonary infection, six infected areas, upper left lung and upper right lung."
Test,Jun_radiopaedia_40_86625_0_case18_54.png,Jun_radiopaedia_40_86625_0_case18_54.png,512,512,20114,0.07672882080078125,0.22659683227539062,0.5268194383987786,0.38506287157332364,6,0.4512280003977329,Bilateral,6.0,"Bilateral pulmonary infection, six infected areas, upper left lung and upper right lung."
Test,Jun_radiopaedia_40_86625_0_case18_55.png,Jun_radiopaedia_40_86625_0_case18_55.png,512,512,20354,0.07764434814453125,0.224945068359375,0.52112481869347,0.3913336680481505,5,0.5165078117323376,Bilateral,5.0,"Bilateral pulmonary infection, five infected areas, upper left lung and upper right lung."
Test,Jun_radiopaedia_40_86625_0_case18_56.png,Jun_radiopaedia_40_86625_0_case18_56.png,512,512,20780,0.0792694091796875,0.22042465209960938,0.5260738253137425,0.3963942448048609,4,0.5379692011549567,Bilateral,4.0,"Bilateral pulmonary infection, four infected areas, upper left lung and upper right lung."
Test,Jun_radiopaedia_40_86625_0_case18_57.png,Jun_radiopaedia_40_86625_0_case18_57.png,512,512,20986,0.08005523681640625,0.216888427734375,0.5443293385600652,0.38794356054721413,4,0.5584198989802726,Bilateral,4.0,"Bilateral pulmonary infection, four infected areas, upper left lung and upper right lung."
Test,Jun_radiopaedia_40_86625_0_case18_58.png,Jun_radiopaedia_40_86625_0_case18_58.png,512,512,20431,0.07793807983398438,0.21314239501953125,0.5276935656945084,0.39865439887834003,8,0.47966325681562333,Bilateral,7.0,"Bilateral pulmonary infection, seven infected areas, upper left lung and upper right lung."
Test,Jun_radiopaedia_40_86625_0_case18_59.png,Jun_radiopaedia_40_86625_0_case18_59.png,512,512,19265,0.07349014282226562,0.21221923828125,0.5148588311240435,0.402185401570332,6,0.4652997664157799,Bilateral,6.0,"Bilateral pulmonary infection, six infected areas, upper left lung and upper right lung."
Test,Jun_radiopaedia_40_86625_0_case18_60.png,Jun_radiopaedia_40_86625_0_case18_60.png,512,512,17295,0.06597518920898438,0.2071380615234375,0.5244030009917688,0.3981872072570548,8,0.5385949696444059,Bilateral,7.0,"Bilateral pulmonary infection, seven infected areas, upper left lung and upper right lung."
Test,Jun_radiopaedia_40_86625_0_case18_61.png,Jun_radiopaedia_40_86625_0_case18_61.png,512,512,16371,0.062450408935546875,0.20553207397460938,0.5335588765442592,0.3967105213612778,10,0.5611752489157656,Bilateral,9.0,"Bilateral pulmonary infection, nine infected areas, upper left lung and upper right lung."
Test,Jun_radiopaedia_40_86625_0_case18_62.png,Jun_radiopaedia_40_86625_0_case18_62.png,512,512,15844,0.0604400634765625,0.20121002197265625,0.5556840644424035,0.3993259129743967,4,0.6334259025498612,Bilateral,4.0,"Bilateral pulmonary infection, four infected areas, upper left lung and upper right lung."
Test,Jun_radiopaedia_40_86625_0_case18_63.png,Jun_radiopaedia_40_86625_0_case18_63.png,512,512,15336,0.058502197265625,0.19211578369140625,0.5537325934296801,0.3936186882839401,4,0.6419535732916014,Bilateral,4.0,"Bilateral pulmonary infection, four infected areas, upper left lung and upper right lung."
Test,Jun_radiopaedia_40_86625_0_case18_64.png,Jun_radiopaedia_40_86625_0_case18_64.png,512,512,13892,0.0529937744140625,0.172210693359375,0.5519543270057018,0.38964843694973184,5,0.6448315577310683,Bilateral,5.0,"Bilateral pulmonary infection, five infected areas, upper left lung and upper right lung."
Test,Jun_radiopaedia_40_86625_0_case18_65.png,Jun_radiopaedia_40_86625_0_case18_65.png,512,512,11402,0.04349517822265625,0.15983200073242188,0.5435733971895617,0.3911721464734274,6,0.6194527275916506,Bilateral,6.0,"Bilateral pulmonary infection, six infected areas, upper left lung and upper right lung."
Test,Jun_radiopaedia_40_86625_0_case18_66.png,Jun_radiopaedia_40_86625_0_case18_66.png,512,512,11968,0.045654296875,0.15652084350585938,0.5506304483188045,0.38526318061471165,6,0.6592580213903744,Bilateral,6.0,"Bilateral pulmonary infection, six infected areas, upper left lung and upper right lung."
Test,Jun_radiopaedia_40_86625_0_case18_67.png,Jun_radiopaedia_40_86625_0_case18_67.png,512,512,11138,0.04248809814453125,0.1526641845703125,0.5318213875454667,0.3733311569953745,5,0.6151912372059616,Bilateral,5.0,"Bilateral pulmonary infection, five infected areas, upper left lung and upper right lung."
Test,Jun_radiopaedia_40_86625_0_case18_68.png,Jun_radiopaedia_40_86625_0_case18_68.png,512,512,11096,0.042327880859375,0.14837646484375,0.5295353343952864,0.37187904316994397,8,0.5981434751261716,Bilateral,8.0,"Bilateral pulmonary infection, eight infected areas, upper left lung and upper right lung."
Test,Jun_radiopaedia_40_86625_0_case18_69.png,Jun_radiopaedia_40_86625_0_case18_69.png,512,512,13126,0.05007171630859375,0.15869522094726562,0.5077410186322958,0.37683622203940553,8,0.36362943775712325,Bilateral,8.0,"Bilateral pulmonary infection, eight infected areas, upper left lung and upper right lung."
Test,Jun_radiopaedia_40_86625_0_case18_70.png,Jun_radiopaedia_40_86625_0_case18_70.png,512,512,12746,0.04862213134765625,0.14952850341796875,0.5147025903986455,0.3735189705346338,8,0.37282284638317903,Bilateral,7.0,"Bilateral pulmonary infection, seven infected areas, upper left lung and upper right lung."
Test,Jun_radiopaedia_40_86625_0_case18_71.png,Jun_radiopaedia_40_86625_0_case18_71.png,512,512,11823,0.045101165771484375,0.1421051025390625,0.5193280601858495,0.3675391079081819,7,0.5798866615918126,Bilateral,7.0,"Bilateral pulmonary infection, seven infected areas, upper left lung and upper right lung."
Test,Jun_radiopaedia_40_86625_0_case18_72.png,Jun_radiopaedia_40_86625_0_case18_72.png,512,512,10138,0.03867340087890625,0.136962890625,0.5017818681452318,0.3598173001232695,9,0.5429078713750246,Bilateral,8.0,"Bilateral pulmonary infection, eight infected areas, upper left lung and upper right lung."
Test,Jun_radiopaedia_40_86625_0_case18_73.png,Jun_radiopaedia_40_86625_0_case18_73.png,512,512,8662,0.03304290771484375,0.125885009765625,0.48880889197751065,0.3510770438937239,7,0.5309397367813438,Bilateral,7.0,"Bilateral pulmonary infection, seven infected areas, upper left lung and upper right lung."
Test,Jun_radiopaedia_40_86625_0_case18_74.png,Jun_radiopaedia_40_86625_0_case18_74.png,512,512,7540,0.0287628173828125,0.11757278442382812,0.4750476259687407,0.3525723213961287,5,0.49588859416445624,Bilateral,5.0,"Bilateral pulmonary infection, five infected areas, upper left lung and upper right lung."
Test,Jun_radiopaedia_40_86625_0_case18_75.png,Jun_radiopaedia_40_86625_0_case18_75.png,512,512,6332,0.0241546630859375,0.10686111450195312,0.47970300885262074,0.3501649744780959,5,0.5320593809222994,Bilateral,5.0,"Bilateral pulmonary infection, five infected areas, upper left lung and upper right lung."
Test,Jun_radiopaedia_40_86625_0_case18_76.png,Jun_radiopaedia_40_86625_0_case18_76.png,512,512,5716,0.0218048095703125,0.0940093994140625,0.4869898619455259,0.3429015815803204,4,0.5456613016095171,Bilateral,4.0,"Bilateral pulmonary infection, four infected areas, upper left lung and upper right lung."
Test,Jun_radiopaedia_40_86625_0_case18_77.png,Jun_radiopaedia_40_86625_0_case18_77.png,512,512,3818,0.01456451416015625,0.054218292236328125,0.5428370505761667,0.328690239559446,2,0.7451545311681509,Bilateral,2.0,"Bilateral pulmonary infection, two infected areas, upper left lung and upper right lung."
Test,Jun_radiopaedia_40_86625_0_case18_78.png,Jun_radiopaedia_40_86625_0_case18_78.png,512,512,3647,0.013912200927734375,0.05035400390625,0.5531200885160417,0.3311866118413816,3,0.7957225116534138,Bilateral,2.0,"Bilateral pulmonary infection, two infected areas, upper left lung and upper right lung."
Test,Jun_radiopaedia_40_86625_0_case18_79.png,Jun_radiopaedia_40_86625_0_case18_79.png,512,512,3252,0.0124053955078125,0.04566192626953125,0.5314140568020161,0.332516735147782,3,0.7349323493234933,Bilateral,3.0,"Bilateral pulmonary infection, three infected areas, upper left lung and upper right lung."
Test,Jun_radiopaedia_40_86625_0_case18_80.png,Jun_radiopaedia_40_86625_0_case18_80.png,512,512,3257,0.012424468994140625,0.042510986328125,0.537426839797708,0.33841426594653573,3,0.7405587964384402,Bilateral,3.0,"Bilateral pulmonary infection, three infected areas, upper left lung and upper right lung."
Test,Jun_radiopaedia_40_86625_0_case18_81.png,Jun_radiopaedia_40_86625_0_case18_81.png,512,512,2596,0.0099029541015625,0.03424072265625,0.5105453520243397,0.34246123043429755,2,0.6363636363636364,Bilateral,2.0,"Bilateral pulmonary infection, two infected areas, upper left lung and upper right lung."
Test,Jun_radiopaedia_40_86625_0_case18_82.png,Jun_radiopaedia_40_86625_0_case18_82.png,512,512,2236,0.0085296630859375,0.03452301025390625,0.4989970208192572,0.35292701882380123,2,0.5760286225402504,Bilateral,2.0,"Bilateral pulmonary infection, two infected areas, upper left lung and upper right lung."
Test,Jun_radiopaedia_40_86625_0_case18_83.png,Jun_radiopaedia_40_86625_0_case18_83.png,512,512,1552,0.00592041015625,0.02342987060546875,0.4934293481550225,0.35674188472168983,2,0.5399484536082474,Bilateral,2.0,"Bilateral pulmonary infection, two infected areas, middle left lung and upper right lung."
Test,Jun_radiopaedia_4_85506_1_case19_10.png,Jun_radiopaedia_4_85506_1_case19_10.png,512,512,14710,0.05611419677734375,0.4685783386230469,0.6217525785539344,0.4309683229987189,4,0.5295717199184229,Bilateral,3.0,"Bilateral pulmonary infection, three infected areas, upper left lung and all right lung.."
Test,Jun_radiopaedia_4_85506_1_case19_11.png,Jun_radiopaedia_4_85506_1_case19_11.png,512,512,18588,0.0709075927734375,0.41192626953125,0.6227869589074785,0.43274662819309384,3,0.5422315472347751,Bilateral,3.0,"Bilateral pulmonary infection, three infected areas, upper left lung and all right lung.."
Test,Jun_radiopaedia_4_85506_1_case19_12.png,Jun_radiopaedia_4_85506_1_case19_12.png,512,512,24419,0.09315109252929688,0.4632720947265625,0.6387535963983004,0.47396628768028876,3,0.6300831319873869,Bilateral,3.0,"Bilateral pulmonary infection, three infected areas, upper left lung and all right lung.."
Test,Jun_radiopaedia_4_85506_1_case19_13.png,Jun_radiopaedia_4_85506_1_case19_13.png,512,512,24996,0.0953521728515625,0.45902252197265625,0.6187959153699426,0.49458731400938044,6,0.5877740438470155,Bilateral,6.0,"Bilateral pulmonary infection, six infected areas, all left lung and all right lung.."
Test,Jun_radiopaedia_4_85506_1_case19_14.png,Jun_radiopaedia_4_85506_1_case19_14.png,512,512,25782,0.09835052490234375,0.4764060974121094,0.5646644961267142,0.5324567679539769,7,0.47366379644713363,Bilateral,7.0,"Bilateral pulmonary infection, seven infected areas, all left lung and all right lung.."
Test,Jun_radiopaedia_4_85506_1_case19_15.png,Jun_radiopaedia_4_85506_1_case19_15.png,512,512,20605,0.07860183715820312,0.4564666748046875,0.5514314301575007,0.5758235110034946,7,0.4513952924047561,Bilateral,7.0,"Bilateral pulmonary infection, seven infected areas, middle left lung and all right lung.."
Test,Jun_radiopaedia_4_85506_1_case19_16.png,Jun_radiopaedia_4_85506_1_case19_16.png,512,512,21738,0.08292388916015625,0.4461936950683594,0.507478404532613,0.6011113673801449,6,0.5189989879473733,Bilateral,6.0,"Bilateral pulmonary infection, six infected areas, middle left lung and all right lung.."
Test,Jun_radiopaedia_4_85506_1_case19_17.png,Jun_radiopaedia_4_85506_1_case19_17.png,512,512,19513,0.07443618774414062,0.4383544921875,0.5107346269128825,0.5533235256981069,6,0.4522625941679906,Bilateral,6.0,"Bilateral pulmonary infection, six infected areas, all left lung and all right lung.."
Test,Jun_radiopaedia_4_85506_1_case19_18.png,Jun_radiopaedia_4_85506_1_case19_18.png,512,512,15014,0.05727386474609375,0.4203300476074219,0.5907515672912718,0.5073078564377097,8,0.5825895830558145,Bilateral,8.0,"Bilateral pulmonary infection, eight infected areas, all left lung and all right lung.."
Test,Jun_radiopaedia_4_85506_1_case19_19.png,Jun_radiopaedia_4_85506_1_case19_19.png,512,512,16376,0.062469482421875,0.413787841796875,0.6290235961748232,0.49689847296936857,10,0.677638006839277,Bilateral,9.0,"Bilateral pulmonary infection, nine infected areas, all left lung and all right lung.."
Test,Jun_radiopaedia_4_85506_1_case19_20.png,Jun_radiopaedia_4_85506_1_case19_20.png,512,512,14001,0.053409576416015625,0.3696441650390625,0.5979282161981442,0.5423757123303046,10,0.4548246553817584,Bilateral,9.0,"Bilateral pulmonary infection, nine infected areas, all left lung and middle right lung."
Test,Jun_radiopaedia_4_85506_1_case19_21.png,Jun_radiopaedia_4_85506_1_case19_21.png,512,512,10500,0.0400543212890625,0.35797119140625,0.5935500885285621,0.5311514304351879,11,0.43457142857142855,Bilateral,7.0,"Bilateral pulmonary infection, seven infected areas, all left lung and middle right lung."
Test,Jun_radiopaedia_4_85506_1_case19_22.png,Jun_radiopaedia_4_85506_1_case19_22.png,512,512,8318,0.03173065185546875,0.20653533935546875,0.6131763854494227,0.5745166801631244,5,0.5586679490262082,Bilateral,5.0,"Bilateral pulmonary infection, five infected areas, all left lung and middle right lung."
Test,Jun_radiopaedia_4_85506_1_case19_23.png,Jun_radiopaedia_4_85506_1_case19_23.png,512,512,6741,0.025714874267578125,0.2263641357421875,0.6036123833735261,0.5946994339920068,4,0.57543391188251,Bilateral,4.0,"Bilateral pulmonary infection, four infected areas, all left lung and middle right lung."
Test,Jun_radiopaedia_4_85506_1_case19_24.png,Jun_radiopaedia_4_85506_1_case19_24.png,512,512,5229,0.019947052001953125,0.220367431640625,0.6144361248928245,0.585449804062022,6,0.5584241728820042,Bilateral,6.0,"Bilateral pulmonary infection, six infected areas, all left lung and middle right lung."
Test,Jun_radiopaedia_4_85506_1_case19_25.png,Jun_radiopaedia_4_85506_1_case19_25.png,512,512,3906,0.01490020751953125,0.20841598510742188,0.67764330654931,0.6199985370492284,5,0.5929339477726574,Bilateral,4.0,"Bilateral pulmonary infection, four infected areas, middle left lung and middle right lung."
Test,Jun_radiopaedia_4_85506_1_case19_26.png,Jun_radiopaedia_4_85506_1_case19_26.png,512,512,3444,0.0131378173828125,0.029521942138671875,0.7547764511751911,0.6361129483534141,2,0.5403600464576074,Unilateral,2.0,"Unilateral pulmonary infection, two infected areas, left lung and middle right lung."
Test,Jun_radiopaedia_4_85506_1_case19_27.png,Jun_radiopaedia_4_85506_1_case19_27.png,512,512,2558,0.00975799560546875,0.17126846313476562,0.7135466951461896,0.5566489536682431,4,0.8358092259577795,Bilateral,4.0,"Bilateral pulmonary infection, four infected areas, middle left lung and middle right lung."
Test,Morozov_study_0295_12.png,Morozov_study_0295_12.png,512,512,1866,0.00711822509765625,0.015003204345703125,0.3220352669984877,0.7138945346010491,19,0.9640943193997856,Unilateral,1.0,"Unilateral pulmonary infection, one infected areas, lower left lung."
Test,Morozov_study_0295_13.png,Morozov_study_0295_13.png,512,512,1347,0.005138397216796875,0.010654449462890625,0.3376118852214895,0.714821804488339,12,0.9450631031922792,Unilateral,1.0,"Unilateral pulmonary infection, one infected areas, lower left lung."
Test,Morozov_study_0295_15.png,Morozov_study_0295_15.png,512,512,1294,0.00493621826171875,0.03604888916015625,0.2093646122250217,0.7037780876361469,11,0.5471406491499228,Unilateral,2.0,"Unilateral pulmonary infection, two infected areas, middle left lung."
Test,Morozov_study_0295_16.png,Morozov_study_0295_16.png,512,512,2426,0.00925445556640625,0.0383148193359375,0.2501641544713742,0.703374886866513,21,0.5634789777411376,Unilateral,2.0,"Unilateral pulmonary infection, two infected areas, middle left lung."
Test,Morozov_study_0295_17.png,Morozov_study_0295_17.png,512,512,2216,0.008453369140625,0.03665924072265625,0.30036048097098494,0.7051588871540901,12,0.7671480144404332,Unilateral,2.0,"Unilateral pulmonary infection, two infected areas, lower left lung."
Test,Morozov_study_0295_18.png,Morozov_study_0295_18.png,512,512,1880,0.007171630859375,0.045238494873046875,0.6002050630803181,0.7163353041595536,17,0.7563829787234042,Bilateral,2.0,"Bilateral pulmonary infection, two infected areas, lower left lung and lower right lung."
Test,Morozov_study_0295_19.png,Morozov_study_0295_19.png,512,512,1726,0.00658416748046875,0.06282806396484375,0.48888304349502143,0.7409777479461125,20,0.6170336037079953,Bilateral,3.0,"Bilateral pulmonary infection, three infected areas, lower left lung and lower right lung."
Test,Morozov_study_0295_20.png,Morozov_study_0295_20.png,512,512,668,0.0025482177734375,0.261474609375,0.3734429379987579,0.694892016358672,13,0.6482035928143712,Bilateral,2.0,"Bilateral pulmonary infection, two infected areas, lower left lung and middle right lung."
Test,Morozov_study_0295_21.png,Morozov_study_0295_21.png,512,512,482,0.00183868408203125,0.216461181640625,0.3572443585516967,0.6816915818791565,9,0.6929460580912863,Bilateral,2.0,"Bilateral pulmonary infection, two infected areas, lower left lung and middle right lung."
Test,Morozov_study_0295_22.png,Morozov_study_0295_22.png,512,512,832,0.003173828125,0.00875091552734375,0.2230849202167695,0.757526719855487,16,0.8798076923076923,Unilateral,1.0,"Unilateral pulmonary infection, one infected areas, lower left lung."
Test,Morozov_study_0295_23.png,Morozov_study_0295_23.png,512,512,588,0.0022430419921875,0.0067291259765625,0.2303340122741856,0.7591657015056512,12,0.7431972789115646,Unilateral,1.0,"Unilateral pulmonary infection, one infected areas, lower left lung."
Test,Morozov_study_0295_24.png,Morozov_study_0295_24.png,512,512,204,0.0007781982421875,0.001361846923828125,0.651174168297456,0.606730363378228,2,0.9950980392156863,Unilateral,1.0,"Unilateral pulmonary infection, one infected areas, left lung and middle right lung."
Test,Morozov_study_0295_28.png,Morozov_study_0295_28.png,512,512,73,0.000278472900390625,0.00080108642578125,0.7737983540197839,0.6112377020614964,2,0.9863013698630136,Unilateral,1.0,"Unilateral pulmonary infection, one infected areas, left lung and middle right lung."
Test,Morozov_study_0295_7.png,Morozov_study_0295_7.png,512,512,198,0.00075531005859375,0.001201629638671875,0.1015536974441084,0.6298305955840202,1,1.0,Unilateral,1.0,"Unilateral pulmonary infection, one infected areas, middle left lung."
Test,Morozov_study_0295_8.png,Morozov_study_0295_8.png,512,512,228,0.0008697509765625,0.001491546630859375,0.11152882205513784,0.6287379407422666,2,0.9868421052631579,Unilateral,1.0,"Unilateral pulmonary infection, one infected areas, middle left lung."
Test,Morozov_study_0295_9.png,Morozov_study_0295_9.png,512,512,397,0.001514434814453125,0.002349853515625,0.6335678055080423,0.698635066324242,1,1.0,Unilateral,1.0,"Unilateral pulmonary infection, one infected areas, left lung and lower right lung."
Test,Morozov_study_0296_11.png,Morozov_study_0296_11.png,512,512,213,0.000812530517578125,0.00116729736328125,0.35689019964536073,0.25033304851942706,1,1.0,Unilateral,1.0,"Unilateral pulmonary infection, one infected areas, upper left lung."
Test,Morozov_study_0296_12.png,Morozov_study_0296_12.png,512,512,608,0.0023193359375,0.09375,0.4349089762076424,0.3026347976104645,4,0.7828947368421053,Bilateral,2.0,"Bilateral pulmonary infection, two infected areas, upper left lung and middle right lung."
Test,Morozov_study_0296_13.png,Morozov_study_0296_13.png,512,512,614,0.00234222412109375,0.00920867919921875,0.33541564410334207,0.2900680150691306,7,0.41368078175895767,Unilateral,4.0,"Unilateral pulmonary infection, four infected areas, upper left lung."
Test,Morozov_study_0296_14.png,Morozov_study_0296_14.png,512,512,318,0.00121307373046875,0.002956390380859375,0.3309579194820859,0.37148764907875786,2,0.7389937106918238,Unilateral,2.0,"Unilateral pulmonary infection, two infected areas, middle left lung."
Test,Morozov_study_0296_15.png,Morozov_study_0296_15.png,512,512,1340,0.0051116943359375,0.020816802978515625,0.287081227911324,0.3894850600227824,10,0.6365671641791045,Unilateral,3.0,"Unilateral pulmonary infection, three infected areas, middle left lung."
Test,Morozov_study_0296_16.png,Morozov_study_0296_16.png,512,512,2222,0.00847625732421875,0.035247802734375,0.22959076729590766,0.44608707446087076,11,0.536003600360036,Unilateral,4.0,"Unilateral pulmonary infection, four infected areas, middle left lung."
Test,Morozov_study_0296_17.png,Morozov_study_0296_17.png,512,512,827,0.003154754638671875,0.0243377685546875,0.23861977250193447,0.44521376157426584,14,0.4026602176541717,Unilateral,5.0,"Unilateral pulmonary infection, five infected areas, middle left lung."
Test,Morozov_study_0297_10.png,Morozov_study_0297_10.png,512,512,5789,0.022083282470703125,0.19025802612304688,0.5115849987441599,0.6152197010390514,58,0.5370530316116773,Bilateral,4.0,"Bilateral pulmonary infection, four infected areas, middle left lung and middle right lung."
Test,Morozov_study_0297_11.png,Morozov_study_0297_11.png,512,512,6194,0.02362823486328125,0.27317047119140625,0.4728188443206512,0.5899939781380504,54,0.40135615111398126,Bilateral,8.0,"Bilateral pulmonary infection, eight infected areas, middle left lung and middle right lung."
Test,Morozov_study_0297_12.png,Morozov_study_0297_12.png,512,512,6199,0.023647308349609375,0.2790565490722656,0.5169386893725993,0.5823895590760331,36,0.258428778835296,Bilateral,8.0,"Bilateral pulmonary infection, eight infected areas, middle left lung and middle right lung."
Test,Morozov_study_0297_13.png,Morozov_study_0297_13.png,512,512,5375,0.020503997802734375,0.2499847412109375,0.4934466845674237,0.5833734128248305,37,0.21265116279069768,Bilateral,9.0,"Bilateral pulmonary infection, nine infected areas, middle left lung and middle right lung."
Test,Morozov_study_0297_14.png,Morozov_study_0297_14.png,512,512,5313,0.020267486572265625,0.31378173828125,0.5093141918633283,0.5443922763755998,42,0.23150762281197063,Bilateral,8.0,"Bilateral pulmonary infection, eight infected areas, middle left lung and middle right lung."
Test,Morozov_study_0297_15.png,Morozov_study_0297_15.png,512,512,4966,0.01894378662109375,0.2643585205078125,0.5096854303983329,0.5659454939380351,33,0.24748288360853807,Bilateral,8.0,"Bilateral pulmonary infection, eight infected areas, middle left lung and middle right lung."
Test,Morozov_study_0297_16.png,Morozov_study_0297_16.png,512,512,5302,0.02022552490234375,0.27392578125,0.554401433273712,0.5432624841196432,49,0.2014334213504338,Bilateral,8.0,"Bilateral pulmonary infection, eight infected areas, middle left lung and middle right lung."
Test,Morozov_study_0297_17.png,Morozov_study_0297_17.png,512,512,6689,0.025516510009765625,0.2591552734375,0.5423353292887614,0.5411580598341934,48,0.37957841231873224,Bilateral,5.0,"Bilateral pulmonary infection, five infected areas, middle left lung and middle right lung."
Test,Morozov_study_0297_18.png,Morozov_study_0297_18.png,512,512,3297,0.012577056884765625,0.29560089111328125,0.630460473169287,0.5400960488898464,52,0.27327873824689114,Bilateral,9.0,"Bilateral pulmonary infection, nine infected areas, middle left lung and middle right lung."
Test,Morozov_study_0297_19.png,Morozov_study_0297_19.png,512,512,2194,0.00836944580078125,0.3790283203125,0.6462724348739759,0.5200092049656865,51,0.23701002734731086,Bilateral,9.0,"Bilateral pulmonary infection, nine infected areas, upper left lung and middle right lung."
Test,Morozov_study_0297_20.png,Morozov_study_0297_20.png,512,512,2539,0.009685516357421875,0.33586883544921875,0.6661073553928577,0.4804178109168209,25,0.44308782985427336,Bilateral,5.0,"Bilateral pulmonary infection, five infected areas, upper left lung and middle right lung."
Test,Morozov_study_0297_21.png,Morozov_study_0297_21.png,512,512,2260,0.0086212158203125,0.10210037231445312,0.6614775816982145,0.6413184282077481,36,0.636283185840708,Bilateral,6.0,"Bilateral pulmonary infection, six infected areas, middle left lung and middle right lung."
Test,Morozov_study_0297_22.png,Morozov_study_0297_22.png,512,512,1230,0.00469207763671875,0.0515594482421875,0.7515393059997136,0.6252191621720523,27,0.1975609756097561,Unilateral,7.0,"Unilateral pulmonary infection, seven infected areas, left lung and middle right lung."
Test,Morozov_study_0297_23.png,Morozov_study_0297_23.png,512,512,1505,0.005741119384765625,0.047473907470703125,0.7564192417967506,0.6310758008204875,19,0.7634551495016612,Unilateral,4.0,"Unilateral pulmonary infection, four infected areas, left lung and middle right lung."
Test,Morozov_study_0297_24.png,Morozov_study_0297_24.png,512,512,2020,0.0077056884765625,0.1513671875,0.7010085059386565,0.5979519869795199,18,0.6366336633663366,Bilateral,6.0,"Bilateral pulmonary infection, six infected areas, middle left lung and middle right lung."
Test,Morozov_study_0297_25.png,Morozov_study_0297_25.png,512,512,2525,0.009632110595703125,0.17612457275390625,0.529945166728023,0.5668039758966112,29,0.3928712871287129,Bilateral,5.0,"Bilateral pulmonary infection, five infected areas, middle left lung and middle right lung."
Test,Morozov_study_0297_26.png,Morozov_study_0297_26.png,512,512,2574,0.00981903076171875,0.16423416137695312,0.3788684679095638,0.5497113236839264,19,0.6596736596736597,Bilateral,7.0,"Bilateral pulmonary infection, seven infected areas, middle left lung and middle right lung."
Test,Morozov_study_0297_27.png,Morozov_study_0297_27.png,512,512,1697,0.006473541259765625,0.248992919921875,0.3708305320659112,0.5143795831714076,27,0.36652916912197997,Bilateral,4.0,"Bilateral pulmonary infection, four infected areas, middle left lung and all right lung.."
Test,Morozov_study_0297_28.png,Morozov_study_0297_28.png,512,512,1359,0.005184173583984375,0.14737701416015625,0.45542437241611694,0.5989655107862492,14,0.5033112582781457,Bilateral,3.0,"Bilateral pulmonary infection, three infected areas, middle left lung and middle right lung."
Test,Morozov_study_0297_29.png,Morozov_study_0297_29.png,512,512,1530,0.00583648681640625,0.14792633056640625,0.32313802233222055,0.5403399716050804,19,0.5562091503267974,Bilateral,4.0,"Bilateral pulmonary infection, four infected areas, middle left lung and middle right lung."
Test,Morozov_study_0297_3.png,Morozov_study_0297_3.png,512,512,891,0.003398895263671875,0.01561737060546875,0.26617995567767255,0.6357332841351105,5,0.500561167227834,Unilateral,3.0,"Unilateral pulmonary infection, three infected areas, middle left lung."
Test,Morozov_study_0297_30.png,Morozov_study_0297_30.png,512,512,2512,0.00958251953125,0.17298126220703125,0.3278797973250901,0.5363554352026125,39,0.5417993630573248,Bilateral,5.0,"Bilateral pulmonary infection, five infected areas, middle left lung and middle right lung."
Test,Morozov_study_0297_31.png,Morozov_study_0297_31.png,512,512,4188,0.0159759521484375,0.229034423828125,0.382274768839121,0.4897194855490573,37,0.6986628462273161,Bilateral,4.0,"Bilateral pulmonary infection, four infected areas, middle left lung and middle right lung."
Test,Morozov_study_0297_32.png,Morozov_study_0297_32.png,512,512,3695,0.014095306396484375,0.2255859375,0.34942337585301975,0.4802205339102664,25,0.6503382949932341,Bilateral,4.0,"Bilateral pulmonary infection, four infected areas, upper left lung and middle right lung."
Test,Morozov_study_0297_33.png,Morozov_study_0297_33.png,512,512,4149,0.015827178955078125,0.209869384765625,0.3813429213839281,0.48965515940228443,41,0.48590021691973967,Bilateral,7.0,"Bilateral pulmonary infection, seven infected areas, upper left lung and middle right lung."
Test,Morozov_study_0297_34.png,Morozov_study_0297_34.png,512,512,2913,0.011112213134765625,0.160125732421875,0.4012326147111639,0.5216073704286676,25,0.4593202883625129,Bilateral,5.0,"Bilateral pulmonary infection, five infected areas, middle left lung and middle right lung."
Test,Morozov_study_0297_35.png,Morozov_study_0297_35.png,512,512,2615,0.009975433349609375,0.16828155517578125,0.41251024310297735,0.4715322185344973,12,0.39694072657743784,Bilateral,4.0,"Bilateral pulmonary infection, four infected areas, upper left lung and middle right lung."
Test,Morozov_study_0297_36.png,Morozov_study_0297_36.png,512,512,1651,0.006298065185546875,0.1259307861328125,0.4403415589911114,0.4992775534248946,25,0.29376135675348275,Bilateral,5.0,"Bilateral pulmonary infection, five infected areas, middle left lung and middle right lung."
Test,Morozov_study_0297_37.png,Morozov_study_0297_37.png,512,512,770,0.00293731689453125,0.101898193359375,0.4553765217170305,0.4937479350395202,22,0.474025974025974,Bilateral,3.0,"Bilateral pulmonary infection, three infected areas, middle left lung and middle right lung."
Test,Morozov_study_0297_38.png,Morozov_study_0297_38.png,512,512,657,0.002506256103515625,0.0652313232421875,0.538765127618571,0.5192433137638617,15,0.5996955859969558,Bilateral,2.0,"Bilateral pulmonary infection, two infected areas, middle left lung and middle right lung."
Test,Morozov_study_0297_4.png,Morozov_study_0297_4.png,512,512,1140,0.0043487548828125,0.011318206787109375,0.2730267449445532,0.6444484498918529,3,0.9973684210526316,Unilateral,1.0,"Unilateral pulmonary infection, one infected areas, middle left lung."
Test,Morozov_study_0297_5.png,Morozov_study_0297_5.png,512,512,1167,0.004451751708984375,0.0460205078125,0.24422096901584173,0.6050655921064767,17,0.5449871465295629,Unilateral,2.0,"Unilateral pulmonary infection, two infected areas, middle left lung."
Test,Morozov_study_0297_6.png,Morozov_study_0297_6.png,512,512,856,0.003265380859375,0.03289794921875,0.25241646396108053,0.6207454688443038,12,0.48014018691588783,Unilateral,3.0,"Unilateral pulmonary infection, three infected areas, middle left lung."
Test,Morozov_study_0297_7.png,Morozov_study_0297_7.png,512,512,2633,0.010044097900390625,0.21071624755859375,0.46176297675967304,0.6166873410863026,14,0.2875047474363844,Bilateral,5.0,"Bilateral pulmonary infection, five infected areas, middle left lung and middle right lung."
Test,Morozov_study_0297_8.png,Morozov_study_0297_8.png,512,512,4023,0.015346527099609375,0.253143310546875,0.5218973291051989,0.6143023991695501,20,0.5398956002982849,Bilateral,4.0,"Bilateral pulmonary infection, four infected areas, middle left lung and middle right lung."
Test,Morozov_study_0297_9.png,Morozov_study_0297_9.png,512,512,5037,0.019214630126953125,0.21245956420898438,0.5254385647966302,0.6129654257127394,23,0.5376216001588247,Bilateral,5.0,"Bilateral pulmonary infection, five infected areas, middle left lung and middle right lung."
Test,Morozov_study_0298_10.png,Morozov_study_0298_10.png,512,512,3257,0.012424468994140625,0.039592742919921875,0.8393554872329777,0.6055751063342721,16,0.9745164261590421,Unilateral,1.0,"Unilateral pulmonary infection, one infected areas, left lung and middle right lung."
Test,Morozov_study_0298_11.png,Morozov_study_0298_11.png,512,512,4164,0.0158843994140625,0.160675048828125,0.8392041748206132,0.5942398829967422,16,0.9764649375600384,Unilateral,1.0,"Unilateral pulmonary infection, one infected areas, left lung and middle right lung."
Test,Morozov_study_0298_12.png,Morozov_study_0298_12.png,512,512,3607,0.013759613037109375,0.14192962646484375,0.8391852762919676,0.5960425938474709,12,0.9880787357915165,Unilateral,1.0,"Unilateral pulmonary infection, one infected areas, left lung and middle right lung."
Test,Morozov_study_0298_13.png,Morozov_study_0298_13.png,512,512,3497,0.013339996337890625,0.041759490966796875,0.8381939901520286,0.6028376573266322,12,0.9756934515298827,Unilateral,1.0,"Unilateral pulmonary infection, one infected areas, left lung and middle right lung."
Test,Morozov_study_0298_14.png,Morozov_study_0298_14.png,512,512,2730,0.01041412353515625,0.11246109008789062,0.8270209242811983,0.6195329132706824,17,0.9622710622710623,Unilateral,1.0,"Unilateral pulmonary infection, one infected areas, left lung and middle right lung."
Test,Morozov_study_0298_15.png,Morozov_study_0298_15.png,512,512,2543,0.009700775146484375,0.13918685913085938,0.8183055746444905,0.6223823042110147,28,0.913094769956744,Unilateral,1.0,"Unilateral pulmonary infection, one infected areas, left lung and middle right lung."
Test,Morozov_study_0298_16.png,Morozov_study_0298_16.png,512,512,2707,0.010326385498046875,0.14699935913085938,0.7901222965465341,0.6314172794024624,52,0.87033616549686,Unilateral,2.0,"Unilateral pulmonary infection, two infected areas, left lung and middle right lung."
Test,Morozov_study_0298_17.png,Morozov_study_0298_17.png,512,512,2325,0.008869171142578125,0.1802825927734375,0.7762043642025966,0.6470180754581992,18,0.9380645161290323,Unilateral,2.0,"Unilateral pulmonary infection, two infected areas, left lung and middle right lung."
Test,Morozov_study_0298_18.png,Morozov_study_0298_18.png,512,512,2068,0.0078887939453125,0.11480712890625,0.7963317649997917,0.6270075741804101,19,0.875725338491296,Unilateral,1.0,"Unilateral pulmonary infection, one infected areas, left lung and middle right lung."
Test,Morozov_study_0298_19.png,Morozov_study_0298_19.png,512,512,2070,0.00789642333984375,0.16374969482421875,0.7768891157813136,0.6223574122918971,39,0.5458937198067633,Unilateral,4.0,"Unilateral pulmonary infection, four infected areas, left lung and middle right lung."
Test,Morozov_study_0298_20.png,Morozov_study_0298_20.png,512,512,1293,0.004932403564453125,0.21512603759765625,0.748266671509846,0.6309361108966995,14,0.8994586233565351,Unilateral,1.0,"Unilateral pulmonary infection, one infected areas, left lung and middle right lung."
Test,Morozov_study_0298_21.png,Morozov_study_0298_21.png,512,512,1856,0.007080078125,0.0243988037109375,0.7692468283959781,0.633319134219583,15,0.9132543103448276,Unilateral,1.0,"Unilateral pulmonary infection, one infected areas, left lung and middle right lung."
Test,Morozov_study_0298_22.png,Morozov_study_0298_22.png,512,512,960,0.003662109375,0.0253143310546875,0.7654680365296803,0.6336268754076974,17,0.46770833333333334,Unilateral,2.0,"Unilateral pulmonary infection, two infected areas, left lung and middle right lung."
Test,Morozov_study_0298_23.png,Morozov_study_0298_23.png,512,512,776,0.002960205078125,0.0165557861328125,0.7687675267819315,0.6367643795267013,14,0.865979381443299,Unilateral,1.0,"Unilateral pulmonary infection, one infected areas, left lung and middle right lung."
Test,Morozov_study_0298_24.png,Morozov_study_0298_24.png,512,512,1309,0.004993438720703125,0.019779205322265625,0.743426137578319,0.6444769688697397,16,0.9022154316271963,Unilateral,1.0,"Unilateral pulmonary infection, one infected areas, left lung and middle right lung."
Test,Morozov_study_0298_7.png,Morozov_study_0298_7.png,512,512,1041,0.003971099853515625,0.02625274658203125,0.8163082689947007,0.6462080153999147,1,1.0,Unilateral,1.0,"Unilateral pulmonary infection, one infected areas, left lung and middle right lung."
Test,Morozov_study_0298_8.png,Morozov_study_0298_8.png,512,512,1598,0.00609588623046875,0.029296875,0.8462743301925841,0.6168094168591366,6,0.9924906132665833,Unilateral,1.0,"Unilateral pulmonary infection, one infected areas, left lung and middle right lung."
Test,Morozov_study_0298_9.png,Morozov_study_0298_9.png,512,512,2347,0.008953094482421875,0.0383148193359375,0.8427271522041295,0.6138935744261109,13,0.9586706433745207,Unilateral,1.0,"Unilateral pulmonary infection, one infected areas, left lung and middle right lung."
Test,Morozov_study_0299_10.png,Morozov_study_0299_10.png,512,512,1784,0.006805419921875,0.02286529541015625,0.6901134678332295,0.6529643800514247,4,0.9792600896860987,Unilateral,1.0,"Unilateral pulmonary infection, one infected areas, left lung and middle right lung."
